<?xml version="1.0" encoding="utf-8"?>
<COLLADA xmlns="http://www.collada.org/2005/11/COLLADASchema" version="1.4.1" xmlns:xsi="http://www.w3.org/2001/XMLSchema-instance">
  <asset>
    <contributor>
      <author>Blender User</author>
      <authoring_tool>Blender 3.6.23 commit date:2025-06-16, commit time:11:52, hash:e467db79ca8c</authoring_tool>
    </contributor>
    <created>2026-04-18T17:07:03</created>
    <modified>2026-04-18T17:07:03</modified>
    <unit name="meter" meter="1"/>
    <up_axis>Z_UP</up_axis>
  </asset>
  <library_effects>
    <effect id="法兰盘-effect">
      <profile_COMMON>
        <technique sid="common">
          <lambert>
            <emission>
              <color sid="emission">0 0 0 1</color>
            </emission>
            <diffuse>
              <color sid="diffuse">0.06301002 0.06301002 0.06301002 1</color>
            </diffuse>
            <index_of_refraction>
              <float sid="ior">1.5</float>
            </index_of_refraction>
          </lambert>
        </technique>
      </profile_COMMON>
    </effect>
    <effect id="金属-effect">
      <profile_COMMON>
        <technique sid="common">
          <lambert>
            <emission>
              <color sid="emission">0 0 0 1</color>
            </emission>
            <diffuse>
              <color sid="diffuse">0.4 0.4 0.4 1</color>
            </diffuse>
            <reflectivity>
              <float sid="specular">1</float>
            </reflectivity>
            <index_of_refraction>
              <float sid="ior">1.5</float>
            </index_of_refraction>
          </lambert>
        </technique>
      </profile_COMMON>
    </effect>
  </library_effects>
  <library_images/>
  <library_materials>
    <material id="法兰盘-material" name="法兰盘">
      <instance_effect url="#法兰盘-effect"/>
    </material>
    <material id="金属-material" name="金属">
      <instance_effect url="#金属-effect"/>
    </material>
  </library_materials>
  <library_geometries>
    <geometry id="切除-拉伸2_007-mesh" name="切除-拉伸2.007">
      <mesh>
        <source id="切除-拉伸2_007-mesh-positions">
          <float_array id="切除-拉伸2_007-mesh-positions-array" count="2670">1.46322e-4 0.004310011 -0.01284939 1.41636e-4 0.006309926 -0.01306354 0.01314973 0.006309926 2.71777e-4 0.0131421 0.004310011 -1.8531e-4 1.37872e-4 0.004310011 0.01305109 1.49653e-4 0.006309926 0.01304191 -0.01286131 0.004310011 4.15807e-5 -0.01285111 0.006309926 5.17562e-5 -1.49216e-5 -0.001999974 -0.008137285 -1.06319e-5 -0.000999987 0.008094251 -0.008145809 -0.001999974 -0.003013134 -2.75733e-4 -0.001999974 0.009326696 -0.008879125 -0.000999987 0.00165975 -5.1357e-5 -0.000999987 -0.008606433 1.13742e-4 0.001099944 -0.01109308 2.92559e-5 -0.001999974 -0.01026237 0.01071023 0.001099944 0.001891374 0.009018182 -0.001999974 -0.005206644 3.72318e-5 0.001099944 0.0103774 0 -0.001999974 0.009899973 0.007618188 -0.001999974 0.007618188 3.87576e-5 0.001099944 0.01153427 8.45879e-6 0.001099944 -0.01117986 2.3496e-4 0.004309952 -0.0127142 0.01111346 0.001099944 0.004214763 0.00808382 0.001099944 -0.00808382 0.01161819 0.004309952 0 1.4081e-4 0.004309952 0.01252257 -4.54834e-5 0.006309986 0.008378207 -2.96031e-6 0.001399993 0.007939755 -1.68801e-6 0.006309986 -0.007922649 -4.84215e-6 0.001399993 -0.007963776 -0.009264171 0.006309986 -0.002015292 -0.006958067 0.001399993 -0.004959523 -0.006337225 0.001399993 0.005491256 7.64524e-5 0.006309986 -0.01592856 0 0.004309952 -0.01499998 0.0127328 0.006309986 -0.008507788 0.009944736 0.004309952 -0.0125252 0.01521402 0.004309952 0.003026247 0.01448476 0.006309986 0.007140159 1.42677e-4 0.004309952 0.01672571 2.83426e-5 0.006309986 0.01543784 -0.004815399 0.001399993 0 -0.004892289 -0.000999987 0 1.84584e-4 0.001399993 -0.004999995 1.07701e-4 -0.000999987 -0.004999995 0.005184531 0.001399993 0 0.0051077 -0.000999987 0 1.84584e-4 0.001399993 0.004999995 1.07701e-4 -0.000999987 0.004999995 -2.07739e-4 0.001399993 0.004080295 -4.39288e-4 -0.000999987 -0.004187285 -6.98483e-5 0.001399993 -0.004097819 -1.23813e-4 -0.000999987 0.004281342 2.07739e-4 0.001399993 -0.004080295 4.39288e-4 -0.000999987 0.004187285 6.98483e-5 0.001399993 0.004097819 1.23813e-4 -0.000999987 -0.004281342 -1.84584e-4 0.001399993 0.004999995 -1.07701e-4 -0.000999987 0.004999995 0.004815399 0.001399993 0 0.004892289 -0.000999987 0 -1.84584e-4 0.001399993 -0.004999995 -1.07701e-4 -0.000999987 -0.004999995 -0.005184531 0.001399993 0 -0.0051077 -0.000999987 0 1.98601e-4 0.006309986 -0.01200151 -0.00104767 0.006309986 -0.01256603 -4.0085e-4 0.006309986 -0.01396769 0.01195251 0.006309986 0 0.01323062 0.006309986 -0.001159369 4.67108e-4 0.006309986 0.01412767 -0.001066207 0.006309986 0.01278787 4.33973e-4 0.006309986 0.01195228 -0.01323062 0.006309986 0.001159369 -0.01396769 0.006309986 -4.0085e-4 -0.01256603 0.006309986 -0.00104767 -0.001169443 0.006309986 0.008133769 -0.006404101 0.006309986 0.004794001 -0.008133769 0.006309986 -0.001169443 -0.003413617 0.006309986 -0.00747478 0.0057953 0.006309986 0.01399111 0.0106405 0.006309986 0.0106405 0.01399111 0.006309986 0.0057953 0.01504796 0.006309986 0 0.01399111 0.006309986 -0.0057953 0.0106405 0.006309986 -0.0106405 0.0057953 0.006309986 -0.01399111 0 0.006309986 -0.01504796 -0.0057953 0.006309986 -0.01399111 -0.0106405 0.006309986 -0.0106405 -0.01399111 0.006309986 -0.0057953 -0.01504796 0.006309986 0 -0.01399111 0.006309986 0.0057953 -0.009060382 0.006309986 0.0122165 -0.001484334 0.006309986 0.01507091 0.003897249 0.006309986 -0.007137238 0.007495284 0.006309986 -0.002795577 0.007732868 0.006309986 0.002270579 0.004794001 0.006309986 0.006404101 -0.01200151 0.006309986 1.98601e-4 0.01346707 0.006309986 0.00112766 0.001159369 0.006309986 -0.01323062 6.0398e-4 0.004309952 -0.01209604 -0.00104767 0.004309952 -0.01256603 4.67108e-4 0.004309952 -0.01412767 0.01209604 0.004309952 -6.0398e-4 0.01380187 0.004309952 -8.01878e-4 4.67108e-4 0.004309952 0.01412767 -0.001066207 0.004309952 0.01278787 4.33973e-4 0.004309952 0.01195228 -0.01278787 0.004309952 0.001066207 -0.01412767 0.004309952 -4.67108e-4 0.003317177 0.004309952 -0.01064527 0.007884323 0.004309952 -0.007884323 0.01064527 0.004309952 -0.003317177 0.01088434 0.004309952 0.002682745 0.007884323 0.004309952 0.007884323 0.002682745 0.004309952 0.01088434 0.0057953 0.004309952 0.01399111 0.0106405 0.004309952 0.0106405 0.01399111 0.004309952 0.0057953 0.01507091 0.004309952 -0.001484334 0.0122165 0.004309952 -0.009060382 0.0057953 0.004309952 -0.01399111 -0.001484334 0.004309952 -0.01507091 -0.009060382 0.004309952 -0.0122165 -0.01399111 0.004309952 -0.0057953 -0.01507091 0.004309952 0.001484334 -0.0122165 0.004309952 0.009060382 -0.007093548 0.004309952 0.01327115 -0.001484334 0.004309952 0.01507091 -0.003317177 0.004309952 0.01064527 -0.007884323 0.004309952 0.007884323 -0.01088434 0.004309952 0.002682745 -0.01064527 0.004309952 -0.003317177 -0.007884323 0.004309952 -0.007884323 -0.002682745 0.004309952 -0.01088434 -0.01195228 0.004309952 -4.33973e-4 0.01299995 0.004309952 0.001220583 0 0.004309952 0.01499998 -3.42602e-4 0.006309986 0.01727747 -0.009944736 0.004309952 0.0125252 -0.01560974 0.006309986 7.66859e-4 -0.01521402 0.004309952 -0.003026247 -0.009795784 0.006309986 -0.01193618 -2.45143e-4 0.004309952 -0.0169171 -6.18845e-6 0.006309986 -0.01511698 4.54834e-5 0.006309986 -0.008378207 2.96031e-6 0.001399993 -0.007939755 2.96032e-6 0.001399993 0.007939755 0.008633911 0.006309986 -0.001241326 1.22711e-4 0.006309986 0.008885562 0.006958067 0.001399993 0.004959523 0.006337225 0.001399993 -0.005491256 0.002605795 0.001099944 0.009725034 0.007040023 0.001099944 0.007040023 0.009725034 0.001099944 0.002605795 0.008863925 0.001099944 -0.005117595 0.003216028 0.001099944 -0.009474158 -0.002605795 0.001099944 -0.009725034 0.002682745 0.001099944 -0.01088434 0.007884323 0.001099944 -0.007884323 0.01064527 0.001099944 -0.003317177 0.01088434 0.001099944 0.002682745 0.007884323 0.001099944 0.007884323 0.002682745 0.001099944 0.01088434 -0.003317177 0.001099944 0.01064527 -0.007884323 0.001099944 0.007884323 -0.01064527 0.001099944 0.003317177 -0.01088434 0.001099944 -0.002682745 -0.007884323 0.001099944 -0.007884323 -0.003317177 0.001099944 -0.01064527 -0.007040023 0.001099944 -0.007040023 -0.009725034 0.001099944 -0.002605795 -0.009474158 0.001099944 0.003216028 -0.005117595 0.001099944 0.008863925 -9.18589e-6 0.001099944 -0.01118659 -2.51583e-6 0.001099944 0.01108998 -2.3496e-4 0.004309952 0.0127142 -0.0107997 0.001099944 -0.005668103 -0.007652223 0.001099944 0.008637547 -0.01161819 0.004309952 0 -1.4081e-4 0.004309952 -0.01252257 -3.72318e-5 0.001099944 0.0103774 -4.4044e-5 -0.001999974 0.01040679 -0.01138019 0.001099944 -2.46955e-4 -0.01029658 -0.001999974 0.002997398 -3.11994e-5 0.001099944 -0.01030719 -3.0136e-4 -0.001999974 -0.01170635 0.001115739 -0.001999974 -0.007998466 -0.004895269 -0.001999974 -0.006482422 -0.007785439 -0.001999974 -0.001831114 -0.007663011 -0.001999974 0.002180278 -0.005655348 -0.001999974 0.005655348 -0.001831114 -0.001999974 0.007785439 0.003216028 -0.001999974 -0.009474158 0.008863925 -0.001999974 -0.005117595 0.009725034 -0.001999974 0.002605795 0.007040023 -0.001999974 0.007040023 0.002605795 -0.001999974 0.009725034 -0.003216028 -0.001999974 0.009474158 -0.008863925 -0.001999974 0.005117595 -0.009725034 -0.001999974 -0.002605795 -0.007040023 -0.001999974 -0.007040023 -0.002605795 -0.001999974 -0.009725034 0.002180278 -0.001999974 0.007663011 0.006482422 -0.001999974 0.004895269 0.007998466 -0.001999974 -0.001115739 0.005655348 -0.001999974 -0.005655348 1.49216e-5 -0.001999974 0.008137285 1.06319e-5 -0.000999987 -0.008094251 0.008145809 -0.001999974 0.003013134 2.75733e-4 -0.001999974 -0.009326696 0.008879125 -0.000999987 -0.00165975 5.1357e-5 -0.000999987 0.008606433 -0.01315289 0.004310011 6.51276e-5 -0.01313537 0.006309866 -1.4785e-4 -1.58719e-4 0.006309926 0.01302969 -8.82712e-5 0.004310011 0.0127393 0.01285451 0.004310011 -2.93458e-5 0.01285779 0.006309866 -6.26102e-5 -1.41637e-4 0.004310011 -0.01293641 -1.46322e-4 0.006309926 -0.01315057 -0.001115739 -0.000999987 0.007998466 -0.005655348 -0.000999987 0.005655348 -0.007785439 -0.000999987 0.001831114 -0.007663011 -0.000999987 -0.002180278 -0.004895269 -0.000999987 -0.006482422 0.001115739 -0.000999987 -0.007998466 -0.005461573 -0.000999987 -0.001268267 -0.006348073 -0.000999987 7.7832e-4 -9.27926e-4 -0.000999987 -0.00610584 -8.21731e-4 -0.000999987 -0.003732144 7.95337e-4 -0.000999987 -0.003708064 0.003678321 -0.000999987 -6.60255e-4 0.004739344 -0.000999987 0.001477956 3.29928e-4 -0.000999987 0.003642857 -8.21731e-4 -0.000999987 0.003732144 -5.32402e-4 -0.000999987 0.006462752 -0.0031448 -0.000999987 -0.001815617 -0.003678321 -0.000999987 -6.60255e-4 -0.003781557 -0.000999987 8.18722e-4 0.002774178 -0.000999987 0.002497851 0.002774178 -0.000999987 -0.002497851 0.001391947 -0.000999987 0.004999995 0.006348073 -0.000999987 -7.7832e-4 0.001066267 -0.000999987 -0.00589472 0.005655348 -0.000999987 -0.005655348 0.007663011 -0.000999987 -0.002180278 0.007785439 -0.000999987 0.001831114 0.004895269 -0.000999987 0.006482422 -0.003413617 0.001399993 -0.00747478 -0.008133769 0.001399993 -0.001169443 -0.006404101 0.001399993 0.004794001 -0.002270579 0.001399993 0.007732868 -0.006348073 0.001399993 7.7832e-4 -0.004739344 0.001399993 -0.001477956 -7.88285e-4 0.001399993 -0.003726124 -9.27926e-4 0.001399993 -0.00610584 0.003678321 0.001399993 -6.60255e-4 0.006348073 0.001399993 -7.7832e-4 -9.27926e-4 0.001399993 0.00610584 -0.001066267 0.001399993 0.00410521 7.88285e-4 0.001399993 0.003726124 -0.002774178 0.001399993 0.002497851 -0.003678321 0.001399993 6.60255e-4 -0.002774178 0.001399993 -0.002497851 0.002774178 0.001399993 -0.002497851 0.002774178 0.001399993 0.002497851 0.001066267 0.001399993 0.00589472 0.004739344 0.001399993 0.001477956 0.001066267 0.001399993 -0.00589472 0.001066267 0.001399993 -0.00410521 0.002795577 0.001399993 0.007495284 0.006404101 0.001399993 0.004794001 0.008133769 0.001399993 -0.001169443 0.003897249 0.001399993 -0.007137238 0.01301217 0.002819895 -1.68752e-4 0.01311713 0.004300355 -1.46891e-4 -1.78058e-4 0.002815306 0.01291924 1.44539e-4 0.004304587 0.01281505 -0.01309776 0.002815306 -9.90562e-5 -0.01287686 0.004304587 -1.80448e-4 3.58843e-4 0.002819061 -0.01312768 -7.27893e-5 0.004299879 -0.01317465 -6.84404e-5 0.01686483 -0.01799428 3.58844e-4 0.01681768 -0.01650905 0.00505352 0.02185857 -0.01799446 0.00503683 0.02183932 -0.01650965 -0.00494647 0.02185857 -0.01799446 -0.004963099 0.02183932 -0.01650965 -5.35276e-5 0.01685857 0.01799452 -3.68851e-5 0.01683932 0.01650965 0.004822313 0.02186912 0.01799464 0.005294322 0.02180171 0.01650983 -0.005015909 0.02186447 0.01798999 -0.005158185 0.02181208 0.01650929 0.01099509 0.004309952 5.36096e-6 0.01092779 0.002809941 1.46709e-6 -0.01147717 0.004309952 4.49604e-5 -0.01092779 0.002810001 1.46804e-6 0.008026003 0.004309952 0.008167684 -0.00437951 0.004309952 0.01069325 -0.007266879 0.002809941 0.009388029 0.007896363 0.002809941 0.008589625 -0.01416224 0.004307627 0.006469428 -0.01434433 0.002814471 0.006537795 -0.01563841 0.004308164 8.99531e-6 -0.01557618 0.002812385 4.4778e-6 -0.009845733 0.0217089 0.01799911 -0.009511768 0.02169036 0.01650005 -0.007114112 0.02802646 0.01799982 -0.007461488 0.02827936 0.01649665 -0.009526848 0.02169108 -0.01799982 -0.009816527 0.02171087 -0.01649934 -0.007148206 0.02805411 -0.0164994 -0.00741297 0.0282666 -0.01799893 -0.004045307 0.02162533 -0.01799994 -0.004247605 0.02157598 -0.01649999 0.004152536 0.02125817 -0.01649999 0.004005849 0.02148973 -0.01799994 0.01406008 0.004309952 0 0.01274138 0.004309952 0.001132905 0.01247632 0.004309952 -0.001087367 9.43583e-4 0.004309952 0.01375246 -0.001080811 0.004309952 0.01324665 -0.01247632 0.004309952 0.001087367 -0.01406008 0.004309952 0 0.001080811 0.004309952 -0.01324665 0 0.004309952 -0.0118913 -9.43582e-4 0.004309952 -0.01375246 0.009931743 0.004309952 0.004871726 0.006694674 0.004309952 0.008648812 0.002226769 0.004309952 0.01083582 -0.003283858 0.004309952 0.01046651 -0.007586419 0.004309952 0.007980942 -0.01028674 0.004309952 0.003809809 -0.01095485 0.004309952 -0.001113951 -0.01557892 0.004309952 0 -0.01480603 0.004309952 0.004727065 0.00972855 0.004309952 -0.01599997 0.001621425 0.004309952 -0.01599997 -0.00972855 0.004309952 -0.01599997 -0.00972855 0.004309952 0.01599997 0.001621425 0.004309952 0.01599997 0.00972855 0.004309952 0.01599997 0.01480603 0.004309952 0.004727065 0.01557892 0.004309952 0 0.01480603 0.004309952 -0.004727065 -0.01480603 0.004309952 -0.004727065 -0.008439183 0.004309952 -0.007244765 -0.003283858 0.004309952 -0.01046651 0.002226769 0.004309952 -0.01083582 0.008439183 0.004309952 -0.007244765 0.01095485 0.004309952 -0.001113951 -0.01274138 0.004309952 -0.001132905 0 0.004309952 0.0118913 0.01406008 0.002809941 0 0.01274138 0.002809941 0.001132905 0.01247632 0.002809941 -0.001087367 9.43583e-4 0.002809941 0.01375246 -0.001080811 0.002809941 0.01324665 -0.01247632 0.002810001 0.001087367 -0.01406008 0.002810001 0 0.001080811 0.002810001 -0.01324665 0 0.002810001 -0.0118913 -9.43583e-4 0.002810001 -0.01375246 0.009931743 0.002809941 0.004871726 0.006694674 0.002809941 0.008648812 0.002226769 0.002809941 0.01083582 -0.003283858 0.002809941 0.01046651 -0.007586419 0.002810001 0.007980942 -0.01028674 0.002810001 0.003809809 -0.01095485 0.002810001 -0.001113951 -0.01557892 0.002810001 0 -0.01480603 0.002810001 0.004727065 0.009499967 0.002810001 -0.01649999 -0.002374947 0.002810001 -0.01649999 -0.009499967 0.002810001 -0.01649999 -0.009499967 0.002809941 0.01649999 -0.002374947 0.002809941 0.01649999 0.009499967 0.002809941 0.01649999 0.01480603 0.002809941 0.004727065 0.01557892 0.002809941 0 0.01480603 0.002810001 -0.004727065 -0.01480603 0.002810001 -0.004727065 -0.008439183 0.002810001 -0.007244765 -0.003283858 0.002810001 -0.01046651 0.002226769 0.002810001 -0.01083582 0.008439183 0.002810001 -0.007244765 0.01095485 0.002809941 -0.001113951 -0.01274138 0.002810001 -0.001132905 0 0.002809941 0.0118913 0.009499967 0.002809941 0.01649999 0.009544849 0.004418194 0.01640188 0.01409685 0.003559947 0.006444215 0.01425284 0.00280714 -0.006507635 0.01507717 0.002805411 0.006818413 0.01421356 0.00431329 -0.006491839 0.01478004 0.004314303 0.006683707 0.01409685 0.003559947 -0.006444215 0.009499967 0.002810001 -0.01649999 0.009544849 0.004418194 -0.01640188 -0.01409685 0.003559947 -0.006444215 -0.009544849 0.004418194 -0.01640188 -0.009499967 0.002810001 -0.01649999 -0.01563197 0.004307389 -8.48423e-6 -0.01557618 0.002812385 -4.47596e-6 -0.014171 0.004307448 -0.006472051 -0.0142939 0.002813696 -0.006520271 -0.009499967 0.002809941 0.01649999 -0.01409685 0.003559947 0.006444215 -0.009544849 0.004418194 0.01640188 -0.01246386 0.004309952 -2.19594e-4 -0.01092779 0.002810001 -1.46662e-6 0.01092779 0.002809941 -1.46758e-6 0 0.004309952 -0.01151967 0.01246386 0.004309952 -2.19595e-4 0.006273329 0.002810001 -0.01045173 -0.008663713 0.002810001 -0.007437527 -0.009499967 0.004309952 0.01799994 9.43584e-4 0.0159375 0.018 -0.001080811 0.01644325 0.018 0.006080865 0.02144324 0.018 0.004056394 0.0209375 0.018 -0.004056394 0.0209375 0.018 -0.006080806 0.02144324 0.018 -0.006593346 0.02867358 0.018 -0.009332835 0.02395814 0.018 0.003814935 0.02783495 0.018 0.003289163 0.01981461 0.018 -0.003814935 0.02783495 0.018 0.009499967 0.004309952 0.01799994 0.009332835 0.02395814 0.018 0.006593346 0.02867358 0.018 0 0.0178886 0.018 -0.003289163 0.01981461 0.018 -0.004999995 0.02279865 0.018 0.004999995 0.02279865 0.018 9.43584e-4 0.0159375 0.01649999 -0.001080811 0.01644325 0.01649999 0.006080865 0.02144324 0.01649999 0.004056394 0.0209375 0.01649999 -0.004056394 0.0209375 0.01649999 -0.006080806 0.02144324 0.01649999 -0.006593346 0.02867358 0.01649999 -0.009332835 0.02395814 0.01649999 0.003814935 0.02783495 0.01649999 0.003289163 0.01981461 0.01649999 0.009499967 0.004809975 0.01649999 0.009332835 0.02395814 0.01649999 -0.009499967 0.004809975 0.01649999 -0.003814935 0.02783495 0.01649999 0.006593346 0.02867358 0.01649999 0 0.0178886 0.01649999 -0.003289163 0.01981461 0.01649999 -0.004999995 0.02279865 0.01649999 0.004999995 0.02279865 0.01649999 0.009499967 0.002697288 0.01656234 0.009499967 0.02168995 0.01725 0.009499967 0.003742158 0.017928 0.007102429 0.02801692 0.01650005 0.009586632 0.02169364 0.018 0.009885489 0.02173572 0.01649653 0.007296621 0.02817296 0.01799923 -0.009499967 0.02168995 0.01725 -0.009499967 0.002697288 0.01656234 -0.009499967 0.003742158 0.017928 0.004169106 0.02159458 0.018 -0.004005849 0.02148973 0.018 -0.004169106 0.02159458 0.01649999 0.004005849 0.02148973 0.01649999 -0.004618763 0.02158665 0.01799529 -0.005309164 0.0215519 0.01650577 0.005307078 0.02157723 0.01799094 0.004750788 0.02154672 0.01651 -8.53093e-6 0.01651287 0.01798993 2.1662e-4 0.01657974 0.01650911 -0.009499967 0.02168995 -0.01725 -0.009499967 0.002765655 -0.01651048 -0.009499967 0.003520607 -0.01786524 0.00984466 0.02170884 -0.01799911 0.007114112 0.02802646 -0.01799982 0.007461905 0.02827972 -0.01649665 0.009511768 0.02169036 -0.01650005 0.009499967 0.002697288 -0.01656234 0.009499967 0.02168995 -0.01725 0.009499967 0.003742158 -0.017928 -0.009499967 0.004309952 -0.018 -0.001080811 0.01693665 -0.01799994 0 0.0155813 -0.01799994 0.001080811 0.01693665 -0.01799994 0.003815591 0.02145791 -0.01799994 0.005943536 0.0209375 -0.01799994 -0.005943536 0.0209375 -0.01799994 -0.003815591 0.02145791 -0.01799994 -0.009332835 0.02395814 -0.01799994 -0.007002413 0.02824616 -0.01799994 -9.23843e-4 0.01790797 -0.01799994 0.002083778 0.01867109 -0.01799994 0.00922507 0.02457755 -0.01799994 0.003729343 0.02757817 -0.01799994 -0.004079639 0.0283479 -0.01799994 -0.004999995 0.02279865 -0.01799994 0.004999995 0.02279865 -0.01799994 0.009499967 0.004309952 -0.018 0.006098091 0.02885866 -0.01799994 -0.009499967 0.004809975 -0.01649999 0.009499967 0.004809975 -0.01649999 -0.001080811 0.01693665 -0.01649999 0 0.0155813 -0.01649999 0.001080811 0.01693665 -0.01649999 0.003815591 0.02145791 -0.01649999 0.005943536 0.0209375 -0.01649999 -0.005943536 0.0209375 -0.01649999 -0.003815591 0.02145791 -0.01649999 -0.009332835 0.02395814 -0.01649999 -0.007002413 0.02824616 -0.01649999 -9.23843e-4 0.01790797 -0.01649999 0.002083778 0.01867109 -0.01649999 0.00922507 0.02457755 -0.01649999 0.003729343 0.02757817 -0.01649999 -0.004079639 0.0283479 -0.01649999 -0.004999995 0.02279865 -0.01649999 0.004999995 0.02279865 -0.01649999 0.006098091 0.02885866 -0.01649999 -0.005015909 0.02150845 -0.01798993 -0.005167186 0.0215978 -0.01650488 0.004950344 0.02152156 -0.01799011 0.004963099 0.02154064 -0.01650965 4.49283e-5 0.0165109 -0.01798987 -3.19341e-4 0.01658183 -0.01650893 0.009499788 0.004281103 -0.01821911 -0.009500086 0.004307091 -0.01802641 0.009499967 0.002762734 -0.01650565 -0.009498953 0.002546012 -0.01654654 0.009500086 0.002783536 0.01650285 -0.009499847 0.002573549 0.01653033 0.009499192 0.004250884 0.01831668 -0.009500026 0.004304289 0.01804739 0.009582579 0.004867255 -0.01595306 -0.009583711 0.004880189 -0.01593905 0.009582579 0.004874169 0.01594841 -0.009583711 0.004870355 0.01594579 0.003599941 0.02168995 -0.01725 0.003599941 0.02667897 -0.01725 -0.003599941 0.02168995 -0.01725 -0.003599941 0.02667897 -0.01725 0.003600001 0.02667897 0.01725 0.003600001 0.02168995 0.01725 -0.003599941 0.02168995 0.01725 -0.003599941 0.02667897 0.01725 0.007289052 0.02825027 -0.01650613 0.003574907 0.02668154 -0.01799935 0.003165125 0.02676868 -0.01650035 0.007302224 0.02861839 -0.01798588 -0.007292032 0.02832686 -0.01799517 -0.003555774 0.02668428 -0.01800137 -0.007123053 0.02804458 -0.01650071 -0.003195226 0.02681076 -0.01651757 0.003555774 0.02668428 0.01800137 0.007123053 0.02804458 0.01650071 0.007292032 0.02832686 0.01799517 0.003195285 0.02681076 0.01651757 -0.003460466 0.02705967 0.01650428 -0.007117092 0.0280376 0.01649874 -0.007389545 0.02840352 0.0179913 -0.003422796 0.026699 0.01799929 2.9308e-4 0.002820014 -0.0128681 -4.78551e-4 0.004301309 -0.01290035 -0.01354151 0.002818465 9.01543e-5 -0.01256716 0.004299879 1.17597e-4 1.62714e-4 0.002819716 0.01311951 -2.67865e-4 0.004300534 0.01315242 0.01268029 0.002814829 1.19715e-4 0.01324719 0.004304289 1.35387e-4 0.01022946 -0.002932667 -0.005913019 0.009361803 -0.001819789 -0.006478846 0.01153486 -0.002152383 -0.006444811 0.01024347 -0.002955973 0.006040811 0.007655858 -0.003418684 0.005995392 0.008998692 -0.003212451 0.003863751 0.01153486 -0.002152383 0.005555093 0.01023 -0.00544995 -0.005811929 0.01023 -0.004449963 -0.005911707 0.009947359 -0.00545001 0.006140887 0.01051259 -0.004449963 0.006140887 0.005409657 -0.003566563 0.007941484 0.003168284 -0.003750026 0.006068706 0.001185774 -0.003803849 0.008079528 0.005213677 -0.003699958 0.008034169 0.00276035 -0.003449976 0.01000487 -0.003841459 -0.003613591 0.007977008 -0.00769025 -0.003555893 0.007905185 -0.005737423 -0.003849983 0.00606209 -0.003814697 -0.003478527 -0.008024275 -0.00769025 -0.003449976 -0.008119046 -0.006008386 -0.003849983 -0.008395791 0.005126178 -0.003783285 -0.008089005 0.001251757 -0.003775 -0.008024632 0.003035008 -0.003449976 -0.01011174 0.001247704 -0.003615975 -0.007978975 0.001860618 -0.003682792 -0.006527364 0.01307767 0.00104922 0.006035029 0.01289272 -0.00344932 0.006008327 0.01043075 0.001049339 0.008693873 0.01049804 -0.00344944 0.008918941 0.01282995 0.001049935 -0.005999982 0.01260793 0.001049757 -0.004882097 0.01214325 -0.003441691 -0.005951821 0.01676136 0.001049995 9.43425e-5 0.0156911 -0.00544995 1.13603e-5 -0.01556456 0.001049935 3.46748e-6 0.005913436 0.001049876 0.0148068 -0.01100611 0.001049757 0.01252007 -0.01553958 -0.003149926 2.12355e-6 -0.01437455 -0.003150045 0.006159722 -0.01533275 -0.005449295 0.006665825 0.007493734 -0.005449891 0.01553857 0.01364278 -0.003450155 6.28781e-6 0.01354056 0.001049935 1.8217e-6 0.01265937 0.001050174 0.004918277 0.01261222 -0.003449916 0.004902601 0.003235101 -0.005436539 -0.007889866 0.003118991 -0.003862679 -0.007896542 -0.005810916 -0.005436778 -0.007893025 -0.005820035 -0.003864347 -0.007896602 -0.005938827 -0.005436241 0.008107721 -0.0056324 -0.003864049 0.008077323 0.003072798 -0.005438745 0.008063733 0.003190755 -0.003863334 0.00813806 0.003054857 -0.005437135 0.007869899 0.003560006 -0.003860235 0.008016765 -0.005866527 -0.00543487 0.007876753 -0.005563735 -0.003861546 0.007941007 -0.005650937 -0.005437314 -0.008117437 -0.005827486 -0.003864705 -0.008106231 0.003224492 -0.005436778 -0.008104741 0.003253221 -0.003864288 -0.008107006 -0.007999956 -0.004449963 0.006099998 -0.007999956 -0.004449963 0.01087427 -0.003679871 -0.005448698 0.006649374 0.003490388 -0.00545001 0.006215453 0.003214538 -0.003689944 0.006235063 0.002091407 -0.003480255 0.00689888 -0.003458738 -0.003448605 0.006151676 0.01050847 0.001049935 0.008684039 0.01050847 0.001049935 -0.008684039 0.01069712 -0.00344932 0.008861422 -0.008966028 -0.003448069 0.01246935 -0.01206421 -0.00544995 0.006111919 -0.008136153 -0.005449771 0.01103913 -0.01215112 -0.003149986 0.006159365 -0.01278614 -0.003150463 -0.006472885 -0.01204323 -0.00545001 -0.006099998 -0.00830698 -0.005449831 -0.01123917 0.01069712 -0.00344932 -0.008861422 -0.008966028 -0.003448069 -0.01246935 -5.21405e-4 0.001049637 0.0143699 -0.01055335 0.001049876 0.008598506 -0.01412659 0.001049757 -0.003444314 -5.214e-4 0.001049637 -0.0143699 0.0127176 -0.003450155 -0.004938304 0.01265561 0.001049995 -0.004917025 0.01354098 0.001049935 -1.84184e-6 0.01353156 -0.003449916 -1.32502e-6 0.01127308 0.001049935 0.008388936 0.01274919 0.001049935 -0.005274176 -0.01566898 0.001049935 0 -0.01281279 0.001049935 0.009308993 -0.004841983 0.001049935 0.01490211 0.004075407 0.001049935 0.01520973 0.01164436 0.001049935 0.01048457 0.0157507 0.001049935 0.001655459 0.01367139 0.001049935 0 0.01278412 0.001049935 0.005866765 0.005705416 0.001049935 0.012618 -0.003508806 0.001049935 0.01321649 -0.01121282 0.001049935 0.008126437 -0.01360905 0.001049935 0 -0.01221781 0.001049935 -0.005994141 -0.00648725 0.001049935 -0.01223444 0.004232704 0.001049935 -0.0131852 0.01158642 0.001049935 -0.008163809 0.01320594 0.001049935 -0.008576035 0.007084786 0.001049935 -0.01390475 8.16734e-4 0.001049935 -0.01558429 -0.006373167 0.001049935 -0.01431435 -0.01320594 0.001049935 -0.008576035 0.00943458 -0.00544995 -0.007560968 0.0115233 -0.00545001 -0.006939649 0.0112968 -0.00545001 -0.004531562 0.008768379 -0.00545001 0.005255281 0.0112968 -0.00545001 0.004531562 -0.01438844 -0.00545001 0.006183803 -0.008726775 -0.00545001 0.01310998 -9.50464e-4 -0.00545001 0.01557779 0.007068157 -0.00545001 0.01407366 0.01306301 -0.00545001 0.008539855 0.01558405 -0.00545001 0.001646637 0.002057492 -0.00545001 -0.007522583 0.0037238 -0.00545001 -0.009240448 -0.007065355 -0.00545001 -0.008253633 -0.004708766 -0.00545001 -0.008722424 -0.006303787 -0.00545001 0.006759524 -0.004637479 -0.00545001 0.00847733 0.002384543 -0.00545001 0.006799757 0.004204273 -0.00545001 0.007335603 0.003209948 -0.00545001 0.00934267 -0.006454348 -0.00545001 0.008994281 -0.005556643 -0.00545001 -0.006827116 0.003535389 -0.00545001 -0.006644606 -0.007999956 -0.00545001 0.006099998 -0.007999956 -0.00545001 0.01087427 -0.002600908 -0.00545001 0.006542563 -0.01213192 -0.00545001 0.006560623 -0.01213192 -0.00545001 -0.006560623 -0.007999956 -0.00545001 -0.01087427 0.006423771 -0.00545001 0.005891859 0.006423771 -0.00544995 -0.005891859 -0.007999956 -0.00545001 -0.006099998 -0.003401637 -0.00545001 -0.006176352 -0.01438844 -0.00545001 -0.006183803 0.01401454 -0.00545001 -0.007184743 0.007760167 -0.00544995 -0.01361447 -1.30099e-4 -0.00544995 -0.01567023 -0.008726775 -0.00544995 -0.01310998 7.3147e-4 -0.00545001 -0.007108628 0.0115233 -0.00545001 0.006939649 0.00943458 -0.00545001 0.007560968 0.008768379 -0.00545001 -0.005255281 -0.01586103 0.001049757 -2.25605e-5 0.01591491 0.001049876 -2.53863e-5 0.01609754 -0.00544995 -4.28749e-5 -0.01554137 -0.003149986 -2.22402e-6 -0.007428884 0.001049697 -0.01512092 0.01023089 0.001049935 -0.01222455 0.007887601 -0.005449891 -0.01431238 -0.008327305 -0.005449891 -0.01373529 -0.01427233 -0.00544995 -0.006111443 -0.01437056 -0.003149986 -0.006157815 -0.007999956 -0.004449963 -0.01087427 -0.007999956 -0.004449963 -0.006099998 0.01280498 -0.003449976 -0.006005883 0.0127232 -0.003449976 -0.006644129 0.01248288 -0.003449976 -0.007247507 0.01209914 -0.003449976 -0.00777179 0.01159626 -0.003449976 -0.008183658 0.01100581 -0.003449976 -0.008456766 0.01043528 -0.003449976 -0.008563458 0.008016049 -0.003449976 -0.007698774 0.01280498 -0.003449976 0.006005883 0.01273727 -0.003449976 0.005410134 0.01258009 -0.003449976 0.004943966 0.01093322 -0.003449976 0.003375411 0.008123338 -0.003449976 0.004383504 0.008016049 -0.003449976 0.007698774 0.003966808 -0.003449976 0.006236433 0.003367245 -0.003449976 0.009897649 0.005016505 -0.003449976 0.008337378 -0.004771709 -0.003449976 0.006194591 -0.007320761 -0.003449976 0.006763875 -0.005199491 -0.003449976 -0.009719967 -0.007528007 -0.003449976 -0.008940517 0.005050241 -0.003449976 -0.008001267 0.003950536 -0.003449976 -0.009688317 0.001710295 -0.003449976 -0.009172558 0.001725375 -0.003449976 -0.006870329 0.002016186 -0.003449976 -0.006707072 0.0127232 -0.003449976 0.006644129 0.01248288 -0.003449976 0.007247507 0.01209914 -0.003449976 0.00777179 0.01159626 -0.003449976 0.008183658 0.01100581 -0.003449976 0.008456766 0.01043528 -0.003449976 0.008563458 0.01273727 -0.003449976 -0.005410134 0.01258009 -0.003449976 -0.004943966 0.01367139 -0.003449976 0 -0.007999956 -0.003449976 0.01087427 0.001364707 -0.003449976 0.007210075 0.00598222 -0.003449976 0.01245117 -0.003469884 -0.003449976 0.01328325 -0.007999956 -0.003449976 -0.01087427 -0.004837751 -0.003449976 -0.0127086 0.002422094 -0.003449976 -0.01351362 0.008355438 -0.003449976 -0.01067024 -0.006994903 -0.003449976 -0.006457865 0.003795981 -0.003449976 -0.006212472 0.006423771 -0.003449976 -0.005891859 0.006423771 -0.003449976 0.005891859 -0.005070745 -0.003449976 -0.006083607 -0.001113533 -0.003449976 -0.006955921 -0.003924071 -0.003449976 -0.008154571 -0.006980895 -0.003449976 0.009530127 -0.004673004 -0.003449976 0.009435057 -0.003974974 -0.003449976 0.007540345 0.001357376 -0.003449976 0.008376538 0.008123338 -0.003449976 -0.004383504 0.01093322 -0.003449976 -0.003375411 0.003552734 -0.005450665 -0.006350636 0.003210783 -0.003689944 -0.00622791 -0.003512144 -0.005450248 -0.006262362 -0.00346893 -0.003450572 -0.006173014 0.002097725 -0.003489851 -0.006923973 0.01042383 0.001050353 -0.008653819 0.01305615 0.00105071 -0.006028413 0.01294505 -0.00344932 -0.006013095 0.01046472 -0.003448545 -0.008850514 0.01213979 -0.003441691 0.005951285 0.01260787 0.001049757 0.004882097 0.01282995 0.001049935 0.005999982 0.003433644 -0.004449963 0.006099998 0.005631923 -0.004449963 0.006099998 0.003433644 -0.004449963 -0.006099998 0.005631923 -0.004449963 -0.006099998 -0.003433644 -0.004449963 -0.006099998 -0.007999956 -0.004449963 -0.006099998 -0.007999956 -0.004449963 0.006099998 -0.003433644 -0.004449963 0.006099998 -0.01204323 -0.00545001 -0.006099998 -0.01204323 -0.003149986 -0.006099998 -0.0142492 -0.00545001 -0.006099998 -0.0142492 -0.003149986 -0.006099998 -0.0142492 -0.00545001 0.006099998 -0.0142492 -0.003149986 0.006099998 -0.01204323 -0.00545001 0.006099998 -0.01204323 -0.003149986 0.006099998 -0.01210147 -0.003149986 -0.00608927 -0.01241219 -0.003149986 0.005904436 -0.01565766 -0.003149986 0 -0.01430958 -0.003149986 0.006088972 -0.01351743 -0.003149986 -0.001413404 -0.01430958 -0.003149986 -0.006088972 0.00663191 -0.004449963 -0.005099952 0.00663191 -0.004449963 0.005099952 0.005512773 -0.005449533 0.005021214 0.005515754 -0.003457367 0.004950165 0.005487322 -0.0054425 -0.005010426 0.005592823 -0.003463685 -0.004967212 0.003162026 -0.003700077 -0.006051659 0.005160868 -0.003607332 -0.007976472 0.00425148 -0.003849983 -0.009594082 0.001710295 -0.003849983 -0.009172558 0.00180763 -0.003849983 -0.007253944 0.0037238 -0.003849983 -0.009240448 0.003874361 -0.003849983 -0.007005631 0.003690659 -0.003849983 -0.006206214 0.004971325 -0.003849983 -0.007595062 -0.003944575 -0.003849983 -0.008809447 -0.006681084 -0.003849983 -0.009646594 -0.00678426 -0.003849983 -0.008664369 -0.004708766 -0.003849983 -0.008722424 -0.004993855 -0.003849983 -0.006636381 -0.00752741 -0.003849983 -0.008089303 -0.006530582 -0.003849983 -0.006311595 -0.007608652 -0.003616631 -0.007993519 -0.004464983 -0.003485262 -0.007905721 -0.005555629 -0.003849983 -0.005881488 -0.005947232 -0.003849983 0.006102263 -0.007694125 -0.003849983 0.007999956 -0.006303787 -0.003849983 0.006759524 -0.004637479 -0.003849983 0.00847733 -0.006326198 -0.003849983 0.009510338 -0.004673004 -0.003849983 0.009435057 -0.003974974 -0.003849983 0.007540345 -0.003793001 -0.003699958 0.008031785 -0.007787704 -0.003803849 0.008083283 -0.006291031 -0.003449976 0.009978711 0.001887083 -0.003615975 0.00655055 0.001212775 -0.003682792 0.007974684 0.003970563 -0.003849983 0.0062384 0.001993179 -0.003849983 0.008945286 0.003367245 -0.003849983 0.009897649 0.004910886 -0.003849983 0.00826466 0.002327919 -0.003849983 0.007117927 0.004204273 -0.003849983 0.007335603 0.001508593 -0.003849983 0.007264375 0.01023 -0.00545001 0.005911707 0.01023 -0.004449963 0.005811929 0.009947359 -0.00544995 -0.006140887 0.01051259 -0.004449963 -0.006140887 0.01023048 -0.002932667 0.005913019 0.01109814 -0.001819849 0.006478846 0.00892508 -0.002152383 0.006444811 0.01024442 -0.002955973 -0.006040751 0.01279735 -0.003414213 -0.005986213 0.007655858 -0.003418684 -0.005995392 0.01023036 -0.002166569 -0.004479825</float_array>
          <technique_common>
            <accessor source="#切除-拉伸2_007-mesh-positions-array" count="890" stride="3">
              <param name="X" type="float"/>
              <param name="Y" type="float"/>
              <param name="Z" type="float"/>
            </accessor>
          </technique_common>
        </source>
        <source id="切除-拉伸2_007-mesh-normals">
          <float_array id="切除-拉伸2_007-mesh-normals-array" count="2070">0.4922112 0.3843411 0.7810314 0.5442391 0.1789965 0.8196123 0.5215958 -0.7975335 0.303114 0.4793063 0.8606348 -0.1719686 0.5070553 -0.573137 -0.6437461 0.9715166 -0.205102 0.1186963 0.7257622 0.4842991 -0.4885936 0.5535441 0.008687317 -0.8327746 0.3723719 0.08832025 0.9238716 0.6364364 0.3695422 0.677043 0.2837079 -0.1492863 0.9472188 0.8126478 0.354945 0.4621879 0.5818027 -0.1001833 0.8071363 0.531722 -0.2646066 0.8045217 0.9965119 -0.009095132 -0.08295363 0.6716259 0.4394325 -0.5965046 0.3237879 -0.4265317 -0.8445308 0.4633373 -0.1312906 -0.8764026 0.7467503 -0.2097902 -0.6311513 0.9815498 0.05893963 0.181896 0.5237691 -0.1818355 -0.8322271 0.7028229 -0.09281659 0.7052838 0.4984086 -0.1029681 0.8608057 0.5377055 -0.007410764 0.8431002 0.8644888 -0.3261116 -0.3825052 0.4997422 0.5259022 -0.6882476 0.2711331 -0.2458157 -0.9306243 0.9804545 0.1949992 0.02616167 0.631902 -0.6181014 0.467601 0.2194063 -0.4177461 -0.8816741 0.4792684 0.3723322 0.794777 0.429317 0.5061922 0.7479683 0.999608 9.84873e-6 -0.0279985 0.9928653 -0.1190504 0.006751954 0.988128 -0.1527268 0.01666051 -0.999608 9.84873e-6 0.0279985 -0.9928653 -0.1190504 -0.006751954 -0.988128 -0.1527268 -0.01666051 0 1 0 0 1 0 0 1 0 0 1 0 0 1 0 0 1 0 0 1 4.26543e-7 0 1 1.7495e-7 0 1 0 0 1 0 0 1 -1.61113e-7 0 1 0 0 1 0 0 1 2.97134e-7 0 1 0 0 1 0 0 1 0 0 1 0 0 1 0 0 1 0 0 1 0 0 1 0 0 1 5.63051e-7 0 1 0 0 1 0 0 1 0 0 1 0 0 1 -1.51266e-7 0 1 -4.62672e-7 0 1 1.28124e-7 0 1 -6.06973e-7 0 1 0 0 -1 -1.25999e-7 0 -1 0 0 -1 0 0 -1 0 0 -1 -1.8485e-7 0 -1 -2.21894e-7 0 -1 0 0 -1 0 0 -1 0 0 -1 0 0 -1 0 0 -1 0 0 -1 1.32199e-7 0 -1 1.59594e-7 0 -1 0 0 -1 0 0 -1 0 0 -1 0 0 -1 0 0 -1 0 0 -1 0 0 -1 0 0 -1 0 0 -1 0 0 -1 0 0 -1 0 0 -1 0 0 -1 0 0 -1 1.6654e-7 0 -1 -1.57069e-7 0 -1 0 0 -1 0 0 -1 0 0 -1 0 0 -1 0 0 -1 0 -0.9193785 -0.3419382 0.1944777 -0.4413862 0.7864914 0.4319834 -0.2982336 -0.5000371 0.8130311 -0.1587397 -0.7535918 0.637888 -0.9265614 0.2108232 -0.3115087 -0.4822024 -0.7032582 -0.5224068 -0.2304975 0.6660456 -0.7094042 -0.337612 0.4486352 -0.827493 -0.7444496 -0.06106966 0.66488 -0.9933022 -0.03038746 0.1114783 -0.47658 -0.09693998 0.87377 -0.802437 -0.1787065 -0.5693496 -0.5458742 -0.09421366 -0.8325535 0 -1 2.09479e-7 0 -1 0 0 -1 0 0 -1 0 0 -1 0 0 -1 0 0 -1 0 0 -1 0 0 -1 0 0 -1 0 0 -1 0 0 -1 0 0 -1 0 0 -1 0 0 -1 0 -0.7508518 0.4524056 -0.4811971 -0.5090795 -0.1272987 -0.851254 -0.4243193 -0.3627118 -0.8296948 -0.9870871 -0.1251235 0.1000166 -0.6679046 0.4257597 0.6104361 -0.2726198 -0.450034 0.850381 -0.4352069 -0.126449 0.8914067 -0.8900471 0.09009456 0.4468771 -0.5990325 0.08772158 0.7959052 -0.9145752 -0.3636152 -0.17702 -0.6774917 0.1976789 -0.7084687 -0.6168368 0.3678264 -0.6958564 0 -1 0 0 -1 0 0 -1 0 0 -1 0 0 -1 0 0 -1 0 0 -1 0 0 -1 0 0 -1 0 0 -1 0 0 -1 0 0 -1 0 0 -1 0 0 -1 0 0 -1 0 0 -1 0 -0.4922112 0.3843411 -0.7810314 -0.5442391 0.1789965 -0.8196123 -0.5215958 -0.7975335 -0.303114 -0.4793063 0.8606348 0.1719686 -0.5070553 -0.573137 0.6437461 0 -1 0 0 -1 0 0 -1 0 0 -1 0 0 -1 0 0 -1 0 0 -1 0 0 -1 0 0 -1 0 0 -1 0 0 -1 0 0 -1 0 0 -1 0 0 -1 0 0 -1 0 0 -1 0 0 -1 0 0 -1 0 0 -1 0 0 -1 0 0 -1 0 0 -1 0 0 -1 0 0 1 0 0 1 0 0 1 0 0 1 0 0 1 0 0 1 0 0 1 0 0 1 0 0 1 0 0 1 0 0 1 0 0 1 0 0 1 0 0 1 0 0 1 0 0 1 0 0 1 0 0 1 0 0 1 0 0 1 0 0 1 0 -0.5901339 -0.1122575 -0.7994626 -0.705069 -0.1349129 -0.696187 -0.9419992 0.03708058 -0.3335604 0.1178092 0.4614338 -0.8793179 0.6052107 -0.5234724 -0.5997473 0.9057059 0.1937679 -0.377029 -0.966856 0.1279966 0.2209219 -0.9815194 -0.01736164 0.1905738 -0.970785 0.104044 0.2162208 -0.9818401 -0.04137307 0.1851441 -0.9403143 0.3082418 -0.1442083 -0.9047164 0.374666 0.202765 -0.9332709 0.2902986 -0.2114996 -0.8841452 0.3822627 0.2686311 -0.9149571 0.371501 0.157609 -0.940189 0.3150756 -0.1295071 -0.9006676 0.378871 0.2127315 -0.9356513 0.3008165 -0.1845706 0.01944166 0.9985831 0.04953753 0.03520047 0.9899811 0.1367425 0.01682984 0.9992411 0.03512865 -1.26765e-7 1 -1.44962e-7 0 1 0 0 1 0 0 1 0 0 1 0 0 1 0 -3.06585e-7 1 -4.94247e-7 0 1 0 0 1 2.80278e-7 0 1 0 0 1 0 0 1 0 2.48882e-7 1 1.22909e-7 0 1 0 1.19259e-7 1 0 0 1 1.21719e-7 0 1 0 0 1 0 0 1 1.70936e-7 1.50437e-7 1 0 1.77869e-7 1 0 1.98857e-7 1 1.36932e-7 0 1 0 0 1 0 0 1 1.28358e-7 0 1 0 0 1 0 0 1 0 -1.26765e-7 1 -1.60807e-7 0 1 0 0 1 0 -3.06585e-7 1 -7.75576e-7 0 1 1.34967e-7 0 1 0 2.82529e-7 1 0 0 1 0 1.51786e-7 -1 0 -2.12351e-7 -1 0 0 -1 -1.76427e-7 0 -1 0 -1.65873e-7 -1 0 0 -1 0 3.06585e-7 -1 1.29263e-7 -2.67141e-7 -1 0 0 -1 0 -1.3711e-7 -1 0 0 -1 0 0 -1 0 -1.34615e-7 -1 0 0 -1 -1.49616e-7 -1.6184e-7 -1 2.09248e-7 0 -1 0 0 -1 0 0 -1 0 0 -1 0 0 -1 0 0 -1 0 -1.47175e-7 -1 -4.01281e-7 0 -1 -1.72657e-7 0 -1 0 0 -1 0 0 -1 0 0 -1 0 0 -1 0 1.44821e-7 -1 0 0 -1 0 -1.50871e-7 -1 -1.49505e-7 3.06585e-7 -1 0 0 -1 0 0 -1 0 -1.48095e-7 -1 0 0 -1 0 0.9094765 -6.57693e-6 0.4157555 0.9094765 -6.57693e-6 0.4157555 0.9094765 -6.57693e-6 0.4157555 0.980994 0.1893955 -0.04219251 0.9832141 0.177139 -0.04372507 0.9974343 0.03850054 -0.06035381 0.9977377 0.02666139 -0.06171476 0.9094762 -7.39904e-6 -0.4157559 0.9094763 -7.39904e-6 -0.415756 0.9094762 -7.39904e-6 -0.4157559 -0.9094765 -5.75481e-6 -0.4157557 -0.9094763 -5.75481e-6 -0.4157557 -0.973907 0.06947559 -0.2160518 -0.9805048 -0.03708505 -0.1929644 -0.9802224 -0.01952558 -0.1969342 -0.9094762 -7.39904e-6 0.4157561 -0.9094762 -7.39904e-6 0.4157561 -0.9094762 -7.39904e-6 0.4157561 0.8237739 0.4541556 0.339322 0.4372518 -0.7647768 0.4732096 0.1025409 0.5890026 0.8015992 -0.3449706 -0.8014153 0.488599 -0.772245 0.4982644 0.3941706 0 -1.35811e-7 1 0 -1.88389e-7 1 1.78884e-7 -1.40821e-7 1 3.06811e-7 0 1 0 -3.8629e-7 1 -1.32909e-7 -3.12677e-7 1 0 -8.15422e-7 1 -2.57316e-5 -1.02415e-5 1 -3.94788e-7 0 1 1.34046e-7 0 1 -2.77674e-7 0 1 0 -1.34396e-7 1 0 -3.23376e-6 1 -1.84191e-7 -1.9059e-7 1 -3.57749e-7 -1.35811e-7 1 -3.17693e-7 0 1 3.11722e-7 0 1 5.20025e-7 0 1 1.36286e-7 0 1 -7.1987e-7 0 -1 0 1.33715e-7 -1 0 0 -1 0 0 -1 2.60981e-7 0 -1 -5.18077e-5 0 -1 0 0 -1 0 0 -1 0 0 -1 0 0 -1 0 0 -1 1.63465e-5 0 -1 1.18796e-6 0 -1 -1.96423e-7 1.34276e-7 -1 0 0 -1 0 0 -1 0 0 -1 0 0 -1 0 0 -1 1 0 0 1 0 0 0.9130989 0.3927753 -0.1094446 0.9292505 0.3399555 0.1446503 0.9026718 0.4000495 -0.1585698 0.9251 0.326987 0.1930533 -1 0 6.62786e-7 -1 0 6.62786e-7 -0.009977281 0.9985294 -0.05328768 0.009977281 0.9985292 0.05329161 -0.01279371 0.9975807 -0.06833052 -1 0 0 -1 0 0 0.9404278 0.3081871 0.1435836 0.9047015 0.3745082 -0.203123 0.93343 0.2902727 0.2108324 0.8841251 0.382095 -0.2689353 1 0 0 1 0 0 1 0 0 0 0 -1 0 0 -1 1.6911e-7 0 -1 1.30074e-7 2.18959e-7 -1 4.853e-7 3.29646e-7 -1 8.86131e-7 0 -1 0 6.10233e-7 -1 -5.55357e-7 0 -1 -2.3661e-7 0 -1 -8.37746e-7 0 -1 -1.49073e-7 0 -1 0 0 -1 0 2.65557e-7 -1 0 2.18161e-7 -1 0 0 1 0 0 1 0 0 1 0 -1.37241e-7 1 -1.09548e-6 0 1 -1.77226e-6 0 1 -3.78087e-7 0 1 0 -1.3689e-7 1 0 0 1 -9.89247e-7 0 1 -5.90186e-7 0 1 1.83407e-7 0 1 1.63539e-7 0 1 5.52931e-7 0 1 0 0 1 -0.008643984 -0.6433159 -0.7655522 0.008541464 -0.7408958 -0.6715658 -0.007224857 -0.651865 -0.7583007 0.009966135 -0.7484025 -0.66317 0.009500324 -0.7774167 0.6289143 0.007813334 -0.7691157 0.639062 -0.01080507 -0.6690586 0.7431312 -0.01251035 -0.6591188 0.7519348 -0.4309167 0.8987467 -0.08102715 -0.3291412 0.917038 0.2251828 -0.3619895 0.9216865 0.1394912 0.376246 0.9213443 -0.09779495 0.396151 0.9017161 -0.1731259 0.3237507 0.943512 0.07050418 0.2971078 0.9438177 0.1446899 -0.3762459 0.9213447 0.09779173 -0.396151 0.901717 0.1731215 -0.3237506 0.9435119 -0.07050418 -0.2971079 0.9438178 -0.1446884 0.2938401 0.9521475 -0.08410322 0.3636727 0.9228421 0.1269045 0.2541117 0.949064 -0.1862926 -0.02723425 0.9868866 -0.1591016 -0.02723425 0.9868865 -0.1591016 -0.02723425 0.9868866 -0.1591016 0.004747211 0.9874569 0.1578174 0.004747211 0.9874569 0.1578174 0.004747211 0.9874569 0.1578174 -0.7449334 -5.18817e-4 -0.6671386 -0.7376939 -0.00975126 -0.675065 -0.7717459 0.03549718 -0.6349395 -0.9702973 0.1462766 -0.1926819 -0.9702973 0.1462766 -0.1926818 0.3261815 0.1836984 0.9272868 0.4296495 0.06005388 0.9009967 0.8662356 -0.05517089 0.4965804 -0.9658759 0.0849635 0.2446734 -0.9234718 0.2843705 0.2575524 -0.523003 -0.2785692 0.8055229 -0.7620047 -0.07237768 0.6435141 -0.9813445 -0.004654586 -0.1922019 -0.9840657 -0.02252632 -0.1763728 -0.9817155 -0.006888628 -0.1902294 -0.9785019 0.01096844 -0.2059465 0.1276784 -0.2527741 -0.9590639 -0.1606529 0.1409324 -0.9768975 0.08776855 -0.1321794 -0.9873325 -0.230032 0.1691452 -0.9583712 -0.5173575 -0.07155805 -0.8527724 -0.4575212 -0.05416941 -0.8875473 -0.3954055 0.1277031 -0.9095859 -0.08448147 0.3748835 -0.9232147 0.8211067 -0.1641619 -0.5466579 0.8215847 0.09271514 -0.5624968 0.8955395 -0.01931512 -0.4445626 0.9856145 0.04413324 0.1631449 0.7861152 0.05285918 -0.6158157 0.9148407 0.2109234 -0.3443513 -0.06018751 0.3309247 0.9417359 0.7303834 -0.05438286 0.680869 -0.3954055 0.127703 0.909586 -0.4575211 -0.05416953 0.8875473 0.8497483 0.3357737 0.4064283 0.8079934 -0.02824801 0.5885142 0.7618228 0.3359426 0.5538669 -0.9853419 -0.006706416 0.1704594 -0.9866777 0.002078115 0.1626744 -0.9855168 -0.005606472 0.1694859 -1.23529e-7 1 1.70914e-7 -1.62487e-7 1 3.83648e-7 2.9713e-7 1 0 -1.87765e-7 1 0 -2.18835e-7 1 0 0 1 -1.6431e-7 0 1 0 0 1 -3.6411e-7 -2.54285e-7 1 0 0 1 1.20169e-7 4.49491e-7 1 1.50029e-7 -3.11058e-7 1 -3.27856e-7 0 1 -2.21066e-7 -2.33731e-7 1 -5.26425e-7 -3.49958e-7 1 -5.06621e-7 -3.40206e-7 1 0 -3.30714e-7 1 0 0 1 1.22511e-7 0 1 0 0 1 -1.53757e-7 0 1 -1.88206e-7 0 1 0 0 1 0 0 -1 -1.3049e-7 0 -1 -6.57901e-7 0 -1 0 0 -1 0 3.66693e-7 -1 -2.81771e-7 0 -1 0 1.70266e-7 -1 0 4.15368e-6 -1 0 2.31623e-7 -1 -2.01251e-7 1.62677e-6 -1 -1.73351e-6 0 -1 0 0 -1 -9.53612e-7 0 -1 -3.91405e-7 0 -1 0 0 -1 0 -1.60084e-7 -1 -1.29528e-7 2.27071e-6 -1 0 -4.14093e-7 -1 0 0 -1 -2.21034e-7 0 -1 0 0 -1 0 0 -1 0 0 -1 -8.31737e-7 0 -1 -3.43835e-7 0 -1 -1.86197e-7 0 -1 0 0 -1 0 0 -1 -5.75467e-7 -3.67206e-7 -1 -1.62762e-7 -2.6221e-7 -1 -3.05801e-7 -2.6499e-7 -1 -2.69569e-7 -2.388e-7 -1 1.77718e-7 1.31716e-7 -1 -1.78738e-7 1.24546e-7 -1 -1.48593e-7 0 -1 -6.84399e-7 0 -1 -1.94503e-7 1.34836e-7 -1 -2.70014e-7 -3.06461e-7 -1 -5.68174e-7 2.58783e-7 -1 -1.46174e-7 -3.41194e-7 -1 -3.17554e-7 4.60533e-7 -1 -5.11252e-7 4.77971e-7 -1 -5.39137e-7 -0.9470168 0.1065409 -0.3029989 -0.8486959 0.1476575 -0.5078511 -0.9795864 -0.075468 -0.1863202 -0.3960156 -0.01640427 -0.9180973 -0.5046486 -0.1127196 -0.8559347 -0.7823397 -0.03803569 -0.6216895 0.6751175 0.02779746 -0.7371864 0.8954468 -0.02480548 -0.4444769 0.444543 0.04698014 -0.8945247 0 1 0 -1.33114e-6 1 -3.47068e-7 -7.34483e-5 1 1.62715e-5 2.52289e-7 1 0 0 1 0 -1.08558e-4 1 2.4196e-5 0 1 0 3.2822e-7 1 1.65475e-7 0 1 1.28081e-7 5.22225e-7 1 -6.91169e-7 -1.55152e-7 1 2.52812e-7 0 1 -5.56725e-7 3.47718e-7 1 -3.52391e-7 0 1 0 2.92189e-7 1 -1.24761e-7 5.954e-7 1 -1.38825e-7 -4.70748e-7 1 3.5613e-7 0 1 3.28001e-7 3.64746e-7 1 5.69897e-7 0 1 4.88372e-7 4.26987e-7 1 5.9896e-7 0 1 -2.29511e-7 -1.10513e-6 1 2.01621e-6 -1.45556e-7 1 0 0 1 0 -5.17652e-7 1 0 -3.09098e-7 1 0 0 1 1.78238e-7 -5.50904e-7 1 0 1.42281e-7 1 0 2.40092e-7 1 0 0 1 0 0 1 2.20445e-7 1.81812e-7 1 3.73169e-7 -2.76328e-7 1 0 0 1 0 0 1 0 1.40327e-7 1 0 0 1 3.29311e-7 1.96573e-7 1 0 -4.09717e-7 1 -5.48897e-7 -0.2001891 0.135194 0.970385 -0.5440607 -0.1630482 0.8230513 -0.1250766 0.1407374 0.9821145 0.107432 0.02797859 0.9938188 0.133216 -0.04710632 0.9899669 -0.7056752 -0.03734654 0.7075506 -0.7327556 -0.004767298 0.6804754 -0.7272874 -0.01152998 0.6862363 -0.9701837 0.1469807 0.1927184 -0.9701837 0.1469807 0.1927184 -0.9701837 0.1469807 0.1927184 1.71442e-7 -1 0 1.24898e-7 -1 0 0 -1 0 1.75717e-7 -1 0 0 -1 -1.93663e-7 1.24949e-7 -1 -1.68306e-7 -5.99502e-7 1 0 1.44896e-7 1 -3.27061e-7 -2.66736e-7 1 -5.99837e-7 -8.74075e-7 1 -9.4967e-7 -3.85973e-7 1 -1.48535e-6 -4.61764e-7 1 0 -2.66555e-7 1 -5.17167e-7 8.95882e-7 1 1.19627e-6 -8.71845e-7 1 1.84927e-6 -1.13505e-6 1 7.40354e-7 0 1 -5.46942e-7 2.11002e-6 1 1.12787e-6 1.74698e-6 1 2.16071e-7 6.40828e-7 1 -5.95308e-7 0 1 1.28285e-7 -1.16347e-6 1 0 0 1 5.07801e-7 -1.697e-7 1 0 0 1 6.04429e-7 -2.67253e-7 1 3.75081e-7 -5.67896e-7 1 2.25373e-7 -0.02773201 0.9863615 -0.1622405 -0.02773201 0.9863615 -0.1622405 -0.02773201 0.9863615 -0.1622405 0 1 -2.27624e-7 2.73212e-7 1 0 0 1 1.78853e-7 0 1 -2.38715e-6 0 1 0 0 1 2.44887e-7 0 1 -7.63549e-7 0.3847253 -0.755519 -0.5302618 0.4759277 -0.2397202 -0.8461838 0.3592095 0.08609849 -0.929277 0.9988012 0.03181022 -0.03720718 -0.9988012 0.03181022 0.03720718 -0.3592095 0.08609849 0.929277 -0.3871727 0.1835001 -0.9035625 -0.5857123 0.008966445 0.8104695 -0.3847253 -0.755519 0.5302618 -0.9421026 0.04314923 -0.3325372 0.8788645 0.3318229 -0.3427693 0.03739118 0.9881448 0.1489021 -0.9716914 0.08705651 -0.2196292 0.6690514 0.7147544 0.2037072 -0.6476776 0.7051938 0.2884712 0.01279371 0.9975805 0.0683344 -0.4534938 0.873956 -0.1747694 0.3858816 0.8989925 0.2071426 0.06137239 0.490003 0.8695577 0.06137239 0.490003 0.8695577 0.06137239 0.490003 0.8695577 -0.4740414 0.8640833 0.1692479 -0.2742916 0.9606551 0.04365724 -0.3702 0.9232349 0.1029045 -0.1757526 0.9843128 -0.01547271 -0.01745927 -0.9900692 0.1394932 -0.01745927 -0.9900692 0.1394932 -0.01745927 -0.9900692 0.1394932 -0.02358335 -0.6339606 0.7730057 -0.02358335 -0.6339606 0.7730058 -0.7079539 -0.0458464 -0.7047691 0.8743417 -0.1498571 0.4615945 -0.98255 -0.005901157 0.1859054 -0.984059 -0.01439964 0.1772583 0.9061164 0.02658879 -0.422192 -0.7527291 0.02083295 0.6580008 0.04553276 -0.9871276 -0.1533166 0.04553276 -0.9871276 -0.1533166 0.04553276 -0.9871276 -0.1533166 -0.06137168 0.4900026 -0.869558 -0.06137168 0.4900026 -0.8695579 0.001907706 0.8923763 -0.4512882 -0.1650447 0.8795323 -0.4462994 -7.31984e-5 0.8923707 -0.4513034 0.1675021 0.8803712 -0.4437224</float_array>
          <technique_common>
            <accessor source="#切除-拉伸2_007-mesh-normals-array" count="690" stride="3">
              <param name="X" type="float"/>
              <param name="Y" type="float"/>
              <param name="Z" type="float"/>
            </accessor>
          </technique_common>
        </source>
        <source id="切除-拉伸2_007-mesh-map-0">
          <float_array id="切除-拉伸2_007-mesh-map-0-array" count="3984">0.4932672 0.4999337 0.4841175 0.4990107 0.4932672 0.6026426 0.4932672 0.6026426 0.4841174 0.6471733 0.4932672 0.765748 0.5803071 0.6837207 0.5488666 0.6101517 0.5803071 0.4988442 0.580307 0.8302475 0.5488665 0.7483461 0.5803071 0.6837207 0.580307 0.8302475 0.5488666 0.83 0.5488665 0.7483461 0.7225796 0.06147068 0.5791934 0.09554362 0.581609 0.06147068 0.7654088 0.09554362 0.7225796 0.06147068 0.8568963 0.06147068 0.9486579 0.06147068 0.9513259 0.09554362 0.8568963 0.06147068 0.07131236 0.7268528 0.1512417 0.6747351 -1.89022e-4 0.6747351 0.1825031 0.7268528 0.1512417 0.6747351 0.07131236 0.7268528 0.1512417 0.6747351 0.2618656 0.7268528 0.2618678 0.6747351 0.5803071 0.1557356 0.5596514 0.1056032 0.5803071 -0.001146316 0.5596513 0.2802469 0.5803071 0.1557356 0.5803071 0.3209682 0.5803071 -0.001146316 0.5596514 0.1056032 0.5596513 0 0.5596513 0.5012225 0.5803071 0.3209682 0.5803071 0.4986554 0.5581865 -6.90743e-4 0.5331066 0.1180593 0.5581865 0.1201918 0.5316419 -6.90743e-4 0.5065619 0.1180593 0.5316417 0.1201918 0.04700434 0.04698669 0.08606272 0.1256723 0.01355081 0.09883308 0.1476587 0.07957726 0.04700434 0.04698669 0.09883308 0.01355081 0.01193559 0.155318 5.10918e-4 0.1592068 0.02483206 0.1509194 0.02483206 0.1509194 5.10918e-4 0.1592068 0.01355081 0.09883308 0.01355081 0.09883308 0.08606272 0.1256723 0.02483206 0.1509194 0.1509193 0.02483206 0.09883308 0.01355081 0.1592317 5.10918e-4 0.155318 0.01193559 0.1509193 0.02483206 0.1592317 5.10918e-4 0.08606272 0.1256723 0.04700434 0.04698669 0.1476587 0.07957726 0.09883308 0.01355081 0.1509193 0.02483206 0.1476587 0.07957726 0.1675295 0.01986426 0.155318 0.01193559 0.1592317 5.10918e-4 0.02483206 0.1509194 0.08606272 0.1256723 0.03143984 0.1612502 0.03143984 0.1612502 0.08770918 0.1980879 0.01986426 0.1675295 0.08770918 0.1980879 0.03143984 0.1612502 0.08606272 0.1256723 0.01986426 0.1675295 0.01355081 0.2196055 5.10918e-4 0.1592068 0.08770918 0.1980879 0.04698669 0.2714343 0.01355081 0.2196055 0.1302869 0.2367898 0.09883308 0.3048877 0.04698669 0.2714343 0.01986426 0.1675295 0.08770918 0.1980879 0.01355081 0.2196055 0.01193559 0.155318 0.01986426 0.1675295 5.10918e-4 0.1592068 0.04698669 0.2714343 0.08770918 0.1980879 0.1302869 0.2367898 0.1591714 0.2871302 0.1302869 0.2367898 0.1823204 0.2380635 0.1302869 0.2367898 0.1591714 0.2871302 0.150909 0.2985743 0.150909 0.2985743 0.1592068 0.3179277 0.09883308 0.3048877 0.1302869 0.2367898 0.150909 0.2985743 0.09883308 0.3048877 0.1509193 0.02483206 0.1612502 0.03143984 0.1476587 0.07957726 0.1675295 0.01986426 0.2196055 0.01355081 0.1476587 0.07957726 0.1592317 5.10918e-4 0.2196055 0.01355081 0.1675295 0.01986426 0.1476587 0.07957726 0.1612502 0.03143984 0.1675295 0.01986426 0.2088338 0.09294205 0.1476587 0.07957726 0.2196055 0.01355081 0.2388613 0.1476587 0.2088338 0.09294205 0.285308 0.06569015 0.2196055 0.01355081 0.285308 0.06569015 0.2088338 0.09294205 0.285308 0.06569015 0.2953329 0.1497859 0.2388613 0.1476587 0.285308 0.06569015 0.3161532 0.1438075 0.2953329 0.1497859 0.288868 0.1627807 0.2388613 0.1476587 0.2953329 0.1497859 0.3041901 0.1622849 0.2953329 0.1497859 0.3161532 0.1438075 0.1663598 0.2999625 0.1591714 0.2871302 0.1823204 0.2380635 0.1823204 0.2380635 0.2254965 0.2088338 0.2714519 0.2714343 0.150909 0.2985743 0.1663598 0.2999625 0.1592068 0.3179277 0.1592068 0.3179277 0.1663598 0.2999625 0.2196055 0.3048877 0.2196055 0.3048877 0.1663598 0.2999625 0.1823204 0.2380635 0.288868 0.1627807 0.3048877 0.2196055 0.2388613 0.1476587 0.3041901 0.1622849 0.3048877 0.2196055 0.288868 0.1627807 0.3041901 0.1622849 0.3161532 0.1438075 0.3048877 0.2196055 0.2196055 0.3048877 0.1823204 0.2380635 0.2714519 0.2714343 0.2254965 0.2088338 0.2388613 0.1476587 0.3048877 0.2196055 0.3048877 0.2196055 0.2714519 0.2714343 0.2254965 0.2088338 0.7564179 0.4277928 0.7686139 0.4724872 0.8345203 0.4586381 0.8231739 0.5025441 0.8345203 0.4586381 0.7686139 0.4724872 0.7379255 0.439756 0.7492911 0.4503396 0.7564179 0.4277928 0.7492911 0.4503396 0.7686139 0.4724872 0.7564179 0.4277928 0.8979251 0.6001385 0.8866598 0.5243405 0.885962 0.5816611 0.8519526 0.5501498 0.885962 0.5816611 0.8866598 0.5243405 0.8231739 0.5025441 0.8519526 0.5501498 0.8866598 0.5243405 0.8231739 0.5025441 0.8866598 0.5243405 0.8345203 0.4586381 0.8706399 0.5811654 0.8519526 0.5501498 0.8532307 0.6123495 0.885962 0.5816611 0.8519526 0.5501498 0.8706399 0.5811654 0.7492911 0.4503396 0.7355517 0.4547027 0.7686139 0.4724872 0.7064142 0.4737654 0.7686139 0.4724872 0.7355517 0.4547027 0.7064142 0.4737654 0.7355517 0.4547027 0.7379255 0.439756 0.6806051 0.4390583 0.7379255 0.439756 0.7564179 0.4277928 0.6148937 0.4912065 0.6588085 0.5025441 0.6806051 0.4390583 0.7064142 0.4737654 0.6806051 0.4390583 0.6588085 0.5025441 0.6806051 0.4390583 0.7064142 0.4737654 0.7379255 0.439756 0.6148937 0.4912065 0.6300298 0.5501498 0.6588085 0.5025441 0.5840573 0.5693001 0.6300298 0.5501498 0.6148937 0.4912065 0.5965188 0.5783832 0.6300298 0.5501498 0.5840573 0.5693001 0.5965188 0.5783832 0.6109672 0.5792873 0.6300298 0.5501498 0.6287516 0.6123495 0.6300298 0.5501498 0.6109672 0.5792873 0.8771049 0.5941601 0.8979251 0.6001385 0.885962 0.5816611 0.8771049 0.5941601 0.8532307 0.6123495 0.8979251 0.6001385 0.8979251 0.6001385 0.8532307 0.6123495 0.8670887 0.6782471 0.8532307 0.6123495 0.8771049 0.5941601 0.8706399 0.5811654 0.8670887 0.6782471 0.8532307 0.6123495 0.8231739 0.6669095 0.8158168 0.7246892 0.8670887 0.6782471 0.8231739 0.6669095 0.756403 0.7416607 0.8158168 0.7246892 0.7755683 0.6956881 0.7755683 0.6956881 0.8158168 0.7246892 0.8231739 0.6669095 0.7504246 0.7208404 0.756403 0.7416607 0.7755683 0.6956881 0.7374299 0.7143755 0.7504246 0.7208404 0.7755683 0.6956881 0.7755683 0.6956881 0.7133685 0.6969662 0.7374299 0.7143755 0.7379255 0.7296976 0.756403 0.7416607 0.7504246 0.7208404 0.6588085 0.6669095 0.6287516 0.6123495 0.5953228 0.645113 0.5840573 0.5693001 0.6028403 0.5923493 0.5965188 0.5783832 0.6028403 0.5923493 0.5840573 0.5693001 0.5953228 0.645113 0.5953228 0.645113 0.6287516 0.6123495 0.6028403 0.5923493 0.6287516 0.6123495 0.6109672 0.5792873 0.6028403 0.5923493 0.7379255 0.7296976 0.7374299 0.7143755 0.7133685 0.6969662 0.680605 0.7303952 0.7379255 0.7296976 0.7133685 0.6969662 0.7379255 0.7296976 0.680605 0.7303952 0.756403 0.7416607 0.7133685 0.6969662 0.6588085 0.6669095 0.680605 0.7303952 0.6588085 0.6669095 0.5953228 0.645113 0.6287763 0.6969594 0.6588085 0.6669095 0.6287763 0.6969594 0.680605 0.7303952 0.5144965 0.7411286 0.494732 0.6056032 0.5144965 0.4969761 0.5144965 0.4969761 0.494732 0.6056032 0.494732 0.5 0.494732 0.780247 0.5144965 0.7411286 0.5144965 0.8893203 0.5144965 0.998548 0.494732 1.000644 0.5144965 0.8893203 0.07131236 0.6677247 0.1191478 0.615607 -1.89022e-4 0.615607 0.1825031 0.6677247 0.1191478 0.615607 0.07131236 0.6677247 0.1191478 0.615607 0.1825031 0.6677247 0.2631036 0.6156069 0.16796 0.7631831 0.1518685 0.7401934 0.1994742 0.768972 0.09060114 0.7513666 0.1518685 0.7401934 0.16796 0.7631831 0.2157369 0.8177371 0.2282529 0.8165777 0.2170796 0.8778451 0.2295311 0.8787775 0.2170796 0.8778451 0.2282529 0.8165777 0.2157369 0.8177371 0.16796 0.7631831 0.1994742 0.768972 0.1994742 0.768972 0.2282529 0.8165777 0.2157369 0.8177371 0.09060114 0.7513666 0.08966881 0.7389152 0.1518685 0.7401934 0.08966881 0.7389152 0.09060114 0.7513666 0.0351088 0.768972 0.09060114 0.7513666 0.04342263 0.7772584 0.0351088 0.768972 0.01750338 0.8244643 0.0351088 0.768972 0.04342263 0.7772584 0.00505197 0.823532 0.0351088 0.768972 0.01750338 0.8244643 0.1994743 0.9333375 0.1911879 0.9250236 0.2170796 0.8778451 0.2170796 0.8778451 0.2295311 0.8787775 0.1994743 0.9333375 0.1994743 0.9333375 0.1439819 0.9509429 0.1911879 0.9250236 0.1994743 0.9333375 0.1518685 0.9621161 0.1439819 0.9509429 0.1518685 0.9621161 0.08966881 0.9633943 0.1439819 0.9509429 0.006330132 0.8857318 0.02931994 0.9018233 0.0351088 0.9333375 0.006330132 0.8857318 0.00505197 0.823532 0.01750338 0.8244643 0.02931994 0.9018233 0.006330132 0.8857318 0.01750338 0.8244643 0.08966881 0.9633943 0.0838738 0.9496001 0.1439819 0.9509429 0.0351088 0.9333375 0.0838738 0.9496001 0.08966881 0.9633943 0.0838738 0.9496001 0.0351088 0.9333375 0.02931994 0.9018233 0.7078023 0 0.579187 0.03407287 0.5817597 0 0.765405 0.03407287 0.7078023 0 0.8641245 0 0.9486394 0 0.9495723 0.03407287 0.8641245 0 0.5159613 0.6353901 0.5474017 0.4997525 0.5474017 0.6692327 0.5159613 0.8330677 0.5474017 0.6692327 0.5474017 0.8301927 0.3173703 0.5171132 0.3095031 0.5465554 0.2699264 0.5716671 0.3095031 0.5465554 0.2876313 0.586124 0.2699264 0.5716671 0.268593 0.6317751 0.2699264 0.5716671 0.2876313 0.586124 0.3450788 0.5251204 0.3173703 0.5171132 0.39419 0.5052967 0.39419 0.5052967 0.3865143 0.5244685 0.3450788 0.5251204 0.3450788 0.5251204 0.3095031 0.5465554 0.3173703 0.5171132 0.268593 0.6317751 0.2876313 0.586124 0.2882785 0.6278502 0.2943043 0.6789536 0.268593 0.6317751 0.3189715 0.6701522 0.2882785 0.6278502 0.3189715 0.6701522 0.268593 0.6317751 0.3411813 0.7048729 0.2943043 0.6789536 0.3189715 0.6701522 0.3189715 0.6701522 0.3790197 0.6862763 0.3411813 0.7048729 0.4410397 0.5311884 0.4322996 0.5560287 0.39419 0.5052967 0.4322996 0.5560287 0.3865143 0.5244685 0.39419 0.5052967 0.4410397 0.5311884 0.4667783 0.5783944 0.4322996 0.5560287 0.4483113 0.6164983 0.4322996 0.5560287 0.4667783 0.5783944 0.4179894 0.693068 0.3790197 0.6862763 0.4258071 0.6636756 0.4179894 0.693068 0.3411813 0.7048729 0.3790197 0.6862763 0.4667783 0.5783944 0.4654449 0.6385025 0.4483113 0.6164983 0.4258071 0.6636756 0.4654449 0.6385025 0.4179894 0.693068 0.4258071 0.6636756 0.4483113 0.6164983 0.4654449 0.6385025 0.4826526 0.4999337 0.4735028 0.4990107 0.4826526 0.6026426 0.4826526 0.6026426 0.4735028 0.6471733 0.4826526 0.765748 0.352628 0.08003753 0.3344731 0.07244193 0.3571351 0.02526462 0.352628 0.08003753 0.3571351 0.02526462 0.3734141 0.07273125 0.3571351 0.02526462 0.3967038 0.003239214 0.4104862 0.02145332 0.3571351 0.02526462 0.4104862 0.02145332 0.4045763 0.04069179 0.3734141 0.07273125 0.3571351 0.02526462 0.4045763 0.04069179 0.352628 0.08003753 0.3625915 0.09662532 0.3505971 0.1329115 0.3913832 0.1109212 0.3625915 0.09662532 0.3780155 0.08786982 0.352628 0.08003753 0.3505971 0.1329115 0.3344731 0.07244193 0.3625915 0.09662532 0.3913832 0.1109212 0.3505971 0.1329115 0.3913832 0.1109212 0.4043735 0.1348982 0.3505971 0.1329115 0.4043735 0.1348982 0.3913832 0.1109212 0.4156646 0.1224772 0.3967038 0.1644717 0.3505971 0.1329115 0.4043735 0.1348982 0.4043735 0.1348982 0.4208429 0.1462576 0.3967038 0.1644717 0.3967038 0.003239214 0.4384301 0.00389105 0.4104862 0.02145332 0.4104862 0.02145332 0.4384301 0.00389105 0.4281278 0.02629381 0.480732 0.03479945 0.4344129 0.05143892 0.4281278 0.02629381 0.4210774 0.04207652 0.4281278 0.02629381 0.4344129 0.05143892 0.457915 0.07273125 0.4344129 0.05143892 0.480732 0.03479945 0.480732 0.03479945 0.4281278 0.02629381 0.4384301 0.00389105 0.4968561 0.09526902 0.4781401 0.07609194 0.480732 0.03479945 0.480732 0.03479945 0.4781401 0.07609194 0.457915 0.07273125 0.4399459 0.1109211 0.4741939 0.1424463 0.4208429 0.1462576 0.4384301 0.1638199 0.3967038 0.1644717 0.4208429 0.1462576 0.4208429 0.1462576 0.4210774 0.1256344 0.4399459 0.1109211 0.4741939 0.1424463 0.4564676 0.09043234 0.4769459 0.0936377 0.4741939 0.1424463 0.4399459 0.1109211 0.4564676 0.09043234 0.4781401 0.07609194 0.4968561 0.09526902 0.4769459 0.0936377 0.4741939 0.1424463 0.4384301 0.1638199 0.4208429 0.1462576 0.4741939 0.1424463 0.4769459 0.0936377 0.4968561 0.09526902 0.673391 0.1443214 0.6991743 0.1336403 0.6722953 0.1635794 0.6991743 0.1336403 0.692693 0.1825155 0.6722953 0.1635794 0.6991743 0.1336403 0.7452694 0.1952363 0.7166702 0.1955057 0.6991743 0.1336403 0.7166702 0.1955057 0.692693 0.1825155 0.7280296 0.2119752 0.7166702 0.1955057 0.7452694 0.1952363 0.692693 0.1825155 0.7166702 0.1955057 0.7042492 0.2067968 0.6991743 0.1336403 0.6558452 0.1455155 0.6267588 0.1352868 0.673391 0.1443214 0.6558452 0.1455155 0.6991743 0.1336403 0.6558451 0.1619321 0.6385618 0.1825155 0.6267588 0.1352868 0.6032252 0.2016186 0.5859854 0.1952363 0.6267588 0.1352868 0.6558452 0.1455155 0.6558451 0.1619321 0.6267588 0.1352868 0.6385618 0.1825155 0.6032252 0.2016186 0.6267588 0.1352868 0.6032252 0.2016186 0.6385618 0.1825155 0.6238484 0.201384 0.6665996 0.1672089 0.6385618 0.1825155 0.6558451 0.1619321 0.7280296 0.2119752 0.7452694 0.1952363 0.7319046 0.2564114 0.7280296 0.2119752 0.6926931 0.2310782 0.7074064 0.2122097 0.7319046 0.2564114 0.6926931 0.2310782 0.7280296 0.2119752 0.6926931 0.2310782 0.7319046 0.2564114 0.6754097 0.2516617 0.6754097 0.2516617 0.6887286 0.2856411 0.673391 0.2692723 0.7319046 0.2564114 0.6887286 0.2856411 0.6754097 0.2516617 0.6646552 0.2463849 0.6926931 0.2310782 0.6754097 0.2516617 0.6385617 0.2310782 0.6145847 0.2180879 0.6270057 0.2067968 0.5993502 0.2564114 0.6145847 0.2180879 0.6385617 0.2310782 0.5859854 0.1952363 0.6032252 0.2016186 0.6145847 0.2180879 0.6145847 0.2180879 0.5993502 0.2564114 0.5859854 0.1952363 0.6558452 0.2680783 0.673391 0.2692723 0.6887286 0.2856411 0.6887286 0.2856411 0.6366951 0.2843675 0.6558452 0.2680783 0.6366951 0.2843675 0.6589595 0.2500144 0.6558452 0.2680783 0.6589595 0.2500144 0.5993502 0.2564114 0.6385617 0.2310782 0.6589595 0.2500144 0.6366951 0.2843675 0.5993502 0.2564114 0.6687501 0.1126602 0.6860352 0.1079122 0.6860352 -8.41409e-6 0.6687501 0.1126602 0.6860352 0.265522 0.6860352 0.1079122 0.6687499 0.3027982 0.6860352 0.4266696 0.6860352 0.265522 0.6405432 0.5089027 0.6405432 0.5889935 0.6217932 0.5088731 0.6217932 0.5889816 0.6217932 0.5088731 0.6405432 0.5889935 0.536583 0.6162219 0.518195 0.7028688 0.5181956 0.61649 0.5365759 0.7025097 0.518195 0.7028688 0.536583 0.6162219 0.4968858 0.6159885 0.4785044 0.7027914 0.4785022 0.6164724 0.4968854 0.7025096 0.4785044 0.7027914 0.4968858 0.6159885 0.5981315 0.6159744 0.6163903 0.7571749 0.6163904 0.6160313 0.200014 9.87516e-4 0.2587743 0.009647309 0.2082554 0.03515559 0.2977707 0.1008699 0.2470172 0.06679993 0.2587743 0.009647309 0.2977707 0.1008699 0.2587743 0.009647309 0.4 0.07214289 0.2587743 0.009647309 0.2470172 0.06679993 0.2082554 0.03515559 0.2082554 0.03515559 0.2000806 0.01956909 0.200014 9.87516e-4 0.2082554 0.03515559 0.2470172 0.06679993 0.1863846 0.05958288 0.3649432 0.1830455 0.329178 0.1532475 0.4 0.07214289 0.3649432 0.1830455 0.4 0.2140178 0.3679199 0.2011842 0.4 0.07214289 0.4 0.2140178 0.3649432 0.1830455 0.3515202 0.19375 0.329178 0.1532475 0.3649432 0.1830455 0.3515202 0.19375 0.3314614 0.2208431 0.329178 0.1532475 0.329178 0.1532475 0.2977707 0.1008699 0.4 0.07214289 0.200014 9.87516e-4 0.2000806 0.01956909 0.1900807 0.03326666 0.1900807 0.03326666 0.2082554 0.03515559 0.1863846 0.05958288 0.1412256 0.009647309 0.200014 9.87516e-4 0.1900807 0.03326666 0.1863846 0.05958288 0.1131113 0.09243774 0.1412256 0.009647309 0.1131113 0.09243774 0 0.07214289 0.1412256 0.009647309 0.1863846 0.05958288 0.1412256 0.009647309 0.1900807 0.03326666 0 0.07214289 0.1131113 0.09243774 0.07082194 0.1532475 0.03208011 0.1863158 0 0.07214289 0.07082194 0.1532475 0 0.2140178 0 0.07214289 0.03208011 0.1863158 0.07082194 0.1532475 0.04847973 0.19375 0.03208011 0.1863158 0.07082194 0.1532475 0.06853848 0.2208431 0.04847973 0.19375 0.3314614 0.2208431 0.3679199 0.2011842 0.4 0.2140178 0.3515202 0.19375 0.3679199 0.2011842 0.3314614 0.2208431 0.3314614 0.2208431 0.4 0.2140178 0.4 0.3153571 0.3073819 0.2768551 0.4 0.3153571 0.2591936 0.3142136 0.3073819 0.2768551 0.3314614 0.2208431 0.4 0.3153571 0.4 0.3153571 0.2587743 0.3778527 0.2591936 0.3142136 0.2591936 0.3142136 0.2587743 0.3778527 0.2099193 0.3542333 0.1999859 0.3865125 0.2099193 0.3542333 0.2587743 0.3778527 0.2099193 0.3542333 0.1863846 0.3279171 0.2591936 0.3142136 0.1917445 0.3523444 0.1863846 0.3279171 0.2099193 0.3542333 0.1999859 0.3865125 0.2000806 0.3679309 0.2099193 0.3542333 0 0.3153571 0.06853848 0.2208431 0.1131113 0.2950623 0.03505676 0.2044544 0 0.2140178 0.03208011 0.1863158 0 0.2140178 0.03505676 0.2044544 0.06853848 0.2208431 0.03505676 0.2044544 0.04847973 0.19375 0.06853848 0.2208431 0 0.3153571 0 0.2140178 0.06853848 0.2208431 0.1999859 0.3865125 0.1917445 0.3523444 0.2000806 0.3679309 0.1863846 0.3279171 0.1412256 0.3778527 0.1131113 0.2950623 0 0.3153571 0.1131113 0.2950623 0.1412256 0.3778527 0.1412256 0.3778527 0.1863846 0.3279171 0.1917445 0.3523444 0.1412256 0.3778527 0.1917445 0.3523444 0.1999859 0.3865125 0.2055315 0.452422 0.2137437 0.4865901 0.2640832 0.4610819 0.3029411 0.5523045 0.2640832 0.4610819 0.2523677 0.5182345 0.3029411 0.5523045 0.4110351 0.5264345 0.2640832 0.4610819 0.2640832 0.4610819 0.2137437 0.4865901 0.2523677 0.5182345 0.2137437 0.4865901 0.2055315 0.452422 0.2054372 0.4710036 0.2137437 0.4865901 0.1919646 0.5110174 0.2523677 0.5182345 0.3342369 0.6046821 0.3698751 0.63448 0.4110351 0.615497 0.3698751 0.63448 0.3728411 0.6526187 0.4110351 0.615497 0.3564998 0.6451845 0.3698751 0.63448 0.3342369 0.6046821 0.3564998 0.6451845 0.3342369 0.6046821 0.3365122 0.6722776 0.3342369 0.6046821 0.4110351 0.615497 0.3029411 0.5523045 0.4110351 0.615497 0.4110351 0.5264345 0.3029411 0.5523045 0.2055315 0.452422 0.1956334 0.4847012 0.2054372 0.4710036 0.1956334 0.4847012 0.1919646 0.5110174 0.2137437 0.4865901 0.1469519 0.4610818 0.1956334 0.4847012 0.2055315 0.452422 0.1919646 0.5110174 0.1956334 0.4847012 0.1469519 0.4610818 0.1189374 0.5438722 0.1919646 0.5110174 0.1469519 0.4610818 0.1469519 0.4610818 0 0.5264345 0.1189374 0.5438722 0 0.615497 0.07679826 0.6046821 0.1189374 0.5438722 0.07679826 0.6046821 0 0.615497 0.038194 0.6377503 0.1189374 0.5438722 0 0.5264345 0 0.615497 0.07679826 0.6046821 0.038194 0.6377503 0.05453538 0.6451845 0.07452291 0.6722777 0.07679826 0.6046821 0.05453538 0.6451845 0.4110351 0.7639345 0.3728411 0.6526187 0.3365122 0.6722776 0.3564998 0.6451845 0.3365122 0.6722776 0.3728411 0.6526187 0.3728411 0.6526187 0.4110351 0.7639345 0.4110351 0.615497 0.4110351 0.7639345 0.3125182 0.7282896 0.264501 0.7656481 0.3125182 0.7282896 0.4110351 0.7639345 0.3365122 0.6722776 0.2640832 0.8292872 0.4110351 0.7639345 0.264501 0.7656481 0.264501 0.7656481 0.2154017 0.8056678 0.2640832 0.8292872 0.2055035 0.837947 0.2640832 0.8292872 0.2154017 0.8056678 0.2154017 0.8056678 0.264501 0.7656481 0.1919506 0.7793516 0.1972914 0.8037789 0.2154017 0.8056678 0.1919506 0.7793516 0.2055035 0.837947 0.2154017 0.8056678 0.2055979 0.8193654 0 0.7639345 0.1189374 0.7464968 0.07452291 0.6722777 0.038194 0.6377503 0 0.615497 0.04116004 0.655889 0 0.615497 0 0.7639345 0.04116004 0.655889 0.05453538 0.6451845 0.04116004 0.655889 0.07452291 0.6722777 0.07452291 0.6722777 0.04116004 0.655889 0 0.7639345 0.2055035 0.837947 0.2055979 0.8193654 0.1972914 0.8037789 0.1919506 0.7793516 0.1189374 0.7464968 0.1469519 0.8292872 0.1469519 0.8292872 0.1189374 0.7464968 0 0.7639345 0.1469519 0.8292872 0.1972914 0.8037789 0.1919506 0.7793516 0.1469519 0.8292872 0.2055035 0.837947 0.1972914 0.8037789 0.5507084 0.7874053 0.4125 0.7967804 0.5482886 0.8085238 0.6694411 0.5888265 0.6506904 0.5894682 0.6694414 0.4278441 0.6694414 0.4278441 0.6506904 0.5894682 0.6506902 0.4278416 0.4125 0.7489175 0.4149198 0.7700359 0.5507084 0.7582924 0.5507084 0.8643811 0.4125 0.8737561 0.5482886 0.8854995 0.5928961 0.5890324 0.5928961 0.50891 0.611646 0.5088982 0.4125 0.8258932 0.4149199 0.8470116 0.5507084 0.8352683 0.6672852 -0.002558708 0.65 0.09611922 0.6672852 0.2136831 0.65 0.2877039 0.6672852 0.4289629 0.6672852 0.2136831 0.7693745 0.7106336 0.9841813 0.665369 0.7723512 0.7286604 0.7392179 0.669894 0.9841813 0.665369 0.7693745 0.7106336 0.7723512 0.7286604 0.9841813 0.665369 0.8318745 0.7727481 0.8318745 0.7727481 0.9841813 0.665369 0.8348512 0.790775 0.8139777 0.7833866 0.7880347 0.7463287 0.8318745 0.7727481 0.8318745 0.7727481 0.7880347 0.7463287 0.7723512 0.7286604 0.7392179 0.669894 0.7559515 0.7212721 0.6846826 0.7044537 0.7559515 0.7212721 0.691712 0.7333903 0.6846826 0.7044537 0.691712 0.7333903 0.7559515 0.7212721 0.7723512 0.7286604 0.691712 0.7333903 0.7723512 0.7286604 0.7880347 0.7463287 0.7693745 0.7106336 0.7559515 0.7212721 0.7392179 0.669894 0.7723513 0.8381128 0.7880347 0.8204445 0.8348512 0.790775 0.8139777 0.7833866 0.8348512 0.790775 0.7880347 0.8204445 0.8348512 0.790775 0.9841813 0.665369 0.9841813 0.9014042 0.7723513 0.8381128 0.8348512 0.790775 0.9841813 0.9014042 0.7693745 0.8561396 0.7723513 0.8381128 0.9841813 0.9014042 0.7392179 0.8968792 0.7693745 0.8561396 0.9841813 0.9014042 0.6917121 0.8333829 0.7723513 0.8381128 0.7559515 0.8455011 0.7559515 0.8455011 0.6846826 0.8623195 0.6917121 0.8333829 0.7392179 0.8968792 0.7559515 0.8455011 0.7693745 0.8561396 0.7880347 0.8204445 0.7723513 0.8381128 0.6917121 0.8333829 0.7559515 0.8455011 0.7392179 0.8968792 0.6846826 0.8623195 0.7723512 0.4911604 0.9779313 0.427869 0.7693745 0.4731336 0.7392179 0.432394 0.7693745 0.4731336 0.9779313 0.427869 0.9779313 0.427869 0.7723512 0.4911604 0.8318746 0.5352482 0.7723512 0.4911604 0.7880347 0.5088286 0.8318746 0.5352482 0.9779313 0.427869 0.8318746 0.5352482 0.8348512 0.5532749 0.8318746 0.5352482 0.7880347 0.5088286 0.8139777 0.5458866 0.7392179 0.432394 0.6846826 0.4669537 0.7559515 0.483772 0.7559515 0.483772 0.6846826 0.4669537 0.691712 0.4958904 0.691712 0.4958904 0.7723512 0.4911604 0.7559515 0.483772 0.691712 0.4958904 0.7880347 0.5088286 0.7723512 0.4911604 0.7693745 0.4731336 0.7392179 0.432394 0.7559515 0.483772 0.8348512 0.5532749 0.7880347 0.5829445 0.7723512 0.6006128 0.7880347 0.5829445 0.8348512 0.5532749 0.8139777 0.5458866 0.9779313 0.6639042 0.9779313 0.427869 0.8348512 0.5532749 0.9779313 0.6639042 0.7723512 0.6006128 0.7693745 0.6186396 0.7723512 0.6006128 0.9779313 0.6639042 0.8348512 0.5532749 0.9779313 0.6639042 0.7693745 0.6186396 0.7392179 0.6593792 0.6917121 0.5958828 0.7559515 0.6080011 0.7723512 0.6006128 0.7559515 0.6080011 0.6917121 0.5958828 0.6846826 0.6248194 0.7392179 0.6593792 0.7693745 0.6186396 0.7559515 0.6080011 0.7880347 0.5829445 0.6917121 0.5958828 0.7723512 0.6006128 0.7559515 0.6080011 0.6846826 0.6248194 0.7392179 0.6593792 0.7406784 0.01199662 0.7254107 1.19169e-4 0.7336426 0.236 0.516733 0.6161761 0.4983501 0.7026955 0.4983503 0.61649 0.4983501 0.7026955 0.516733 0.6161761 0.5167307 0.7025288 0.7523925 0.236 0.7606245 1.19169e-4 0.7453567 0.01199662 0.5784077 0.6163045 0.5966666 0.757933 0.5966666 0.6160585 0.723496 6.72866e-6 0.7148926 0.236 0.7093076 0.009795904 0.5564283 0.6162226 0.5380403 0.7028698 0.5380408 0.61649 0.5564212 0.7025097 0.5380403 0.7028698 0.5564283 0.6162226 0.7031784 0.01199668 0.6961426 0.236 0.6879106 1.19169e-4 0.417025 0.05963051 0.4453261 0.007420063 0.4684031 0.07636409 0.4610147 0.09276372 0.417025 0.05963051 0.4684031 0.07636409 0.4684031 0.07636409 0.4757611 0.00891298 0.4793993 0.09018516 0.4453261 0.007420063 0.4757611 0.00891298 0.4684031 0.07636409 0.4125 0.3045939 0.417025 0.05963051 0.4610147 0.09276372 0.4610147 0.09276372 0.5198791 0.1474006 0.4125 0.3045939 0.4610147 0.09276372 0.5207502 0.1303919 0.5198791 0.1474006 0.4125 0.3045939 0.5198791 0.1474006 0.5305176 0.1608236 0.4793993 0.09018516 0.5207502 0.1303919 0.4610147 0.09276372 0.5816359 0.09018516 0.5784963 0.01451331 0.5926321 0.07636409 0.6051447 0.003261148 0.5926321 0.07636409 0.5784963 0.01451331 0.6000204 0.09276378 0.5926321 0.07636409 0.6412502 0.05246323 0.6412502 0.05246323 0.5926321 0.07636409 0.6051447 0.003261148 0.5305176 0.1347381 0.5554735 0.1236335 0.5411561 0.1474006 0.5554735 0.1236335 0.6000204 0.09276378 0.5411561 0.1474006 0.6485351 0.3045939 0.4125 0.3045939 0.5305176 0.1608236 0.5411561 0.1474006 0.6485351 0.3045939 0.5305176 0.1608236 0.6000204 0.09276378 0.5554735 0.1236335 0.5816359 0.09018516 0.6000204 0.09276378 0.6485351 0.3045939 0.5411561 0.1474006 0.6485351 0.3045939 0.6000204 0.09276378 0.6412502 0.05246323 0.8184031 0.07636409 0.7953261 0.007420063 0.7670251 0.05963051 0.8110148 0.09276372 0.8184031 0.07636409 0.7670251 0.05963051 0.8257611 0.00891298 0.8184031 0.07636409 0.8293993 0.09018516 0.8257611 0.00891298 0.7953261 0.007420063 0.8184031 0.07636409 0.7670251 0.05963051 0.7625 0.2983439 0.8110148 0.09276372 0.8698791 0.1474006 0.8110148 0.09276372 0.7625 0.2983439 0.8707501 0.1303919 0.8110148 0.09276372 0.8698791 0.1474006 0.8805176 0.1608236 0.8698791 0.1474006 0.7625 0.2983439 0.9985352 0.2983439 0.8805176 0.1608236 0.7625 0.2983439 0.8293993 0.09018516 0.8110148 0.09276372 0.8707501 0.1303919 0.9316359 0.09018516 0.9426321 0.07636409 0.9284964 0.01451331 0.9551448 0.003261148 0.9284964 0.01451331 0.9426321 0.07636409 0.9500204 0.09276372 0.9912502 0.05246323 0.9426321 0.07636409 0.9912502 0.05246323 0.9551448 0.003261148 0.9426321 0.07636409 0.9054735 0.1236335 0.8805176 0.1347381 0.891156 0.1474006 0.8805176 0.1608236 0.9985352 0.2983439 0.891156 0.1474006 0.9500204 0.09276372 0.9054735 0.1236335 0.891156 0.1474006 0.9985352 0.2983439 0.9912502 0.05246323 0.9500204 0.09276372 0.9500204 0.09276372 0.891156 0.1474006 0.9985352 0.2983439 0.9500204 0.09276372 0.9316359 0.09018516 0.9054735 0.1236335 0.6178552 0.8539912 0.6174417 0.6164887 0.6476832 0.8539903 0.6174417 0.6164887 0.6471951 0.6164897 0.6476832 0.8539903 0.6487212 0.6164882 0.6786418 0.6164889 0.6482322 0.8539909 0.6482322 0.8539909 0.6786418 0.6164889 0.6780616 0.8539897 0.56224 0.4886976 0.5622426 0.4275023 0.5809965 0.4274258 0.5917232 0.4269184 0.6104769 0.4278786 0.6104784 0.4884547 0.5917232 0.4269184 0.6104784 0.4884547 0.5917271 0.4881856 0.6212049 0.4269184 0.6399584 0.4278786 0.63996 0.4884548 0.6212049 0.4269184 0.63996 0.4884548 0.6212087 0.4881855 0.5515208 0.4262331 0.5327771 0.4848068 0.532764 0.4278734 0.819175 0.5381577 0.8222073 0.5772042 0.822171 0.5092463 0.809438 0.5451329 0.8133556 0.5768771 0.8118938 0.5100333 0.8240433 0.7910979 0.877351 0.7431061 0.8240437 0.7432519 0.8031099 0.6459029 0.7911176 0.6459032 0.7933151 0.7006738 0.2245454 0.3407948 0.2115023 0.418443 -0.001848161 0.3407948 0.5924342 0.3407948 0.5159664 0.3909674 0.4311016 0.3407948 0.5159664 0.3909674 0.51793 0.4184429 0.4311016 0.3407948 0.8486846 0 0.7903798 0 0.7903475 0.05477052 0.7903475 0.05477052 0.8486761 0.05477052 0.8486846 0 0.7903803 0.2942438 0.8574202 0.2918192 0.7895157 0.2698985 0.8574202 0.2918192 0.8755202 0.2699004 0.7895157 0.2698985 0.8574202 0.2918192 0.8720681 0.2913953 0.8755202 0.2699004 0.9985351 -1.89977e-5 0.9447787 -1.3571e-4 0.9985352 0.1518886 0.9985352 0.2909288 0.9985352 0.1518886 0.9447787 0.2528917 0.9483624 0.3261773 0.9985352 0.4422585 0.9985352 0.2909288 0.9483624 0.3261773 0.9985352 0.2909288 0.920887 0.32634 0.9208869 0.2492211 0.9985352 0.2909288 0.9447787 0.2528917 0.9985352 0.6551279 0.9985352 0.4422585 0.9447786 0.5541247 0.9447786 0.8071522 0.9985351 0.8070355 0.9985352 0.6551279 0.9447786 0.5541247 0.9985352 0.4422585 0.9208869 0.5580881 0.9208869 0.5580881 0.9483624 0.4828152 0.9208869 0.4806759 0.9208869 0.5580881 0.9985352 0.4422585 0.9483624 0.4828152 0.3772754 0.6014708 0.4356039 0.6014708 0.4356054 0.5467002 0.2886274 0.452852 0.2858405 0.4686691 0.2519922 0.4546546 0.1878963 0.4463337 0.1686092 0.4250398 0.2886274 0.452852 0.2886274 0.452852 0.2519922 0.4546546 0.1878963 0.4463337 0.3397747 0.5597398 0.3542159 0.5235008 0.3743023 0.5987562 0.2858405 0.4686691 0.2886274 0.452852 0.3397747 0.5597398 0.3542159 0.5235008 0.3397747 0.5597398 0.2886274 0.452852 0.1878963 0.4463337 0.1170253 0.4544186 0.1686092 0.4250398 0.1686092 0.4250398 0.1170253 0.4544186 0.06350469 0.4699403 0.1170253 0.4544186 0.08775788 0.4720432 0.06350469 0.4699403 0.08775788 0.4720432 0.04267883 0.5425112 0.06350469 0.4699403 0.06350469 0.4699403 0.04267883 0.5425112 0.009287953 0.560529 0.3576941 0.6845145 0.3287376 0.6836638 0.3743023 0.5987562 0.3743023 0.5987562 0.3287376 0.6836638 0.3397747 0.5597398 0.3287376 0.6836638 0.2886275 0.764272 0.2594279 0.754881 0.3576941 0.6845145 0.2886275 0.764272 0.3287376 0.6836638 0.1879218 0.7715415 0.2594279 0.754881 0.1878579 0.7951539 0.1878579 0.7951539 0.2594279 0.754881 0.2886275 0.764272 0.0111624 0.6662635 0.0317589 0.6501084 0.09426224 0.7381088 0.0111624 0.6662635 0.09426224 0.7381088 0.07977783 0.7577968 0.009287953 0.560529 0.04267883 0.5425112 0.0317589 0.6501084 0.009287953 0.560529 0.0317589 0.6501084 0.0111624 0.6662635 0.09426224 0.7381088 0.1879218 0.7715415 0.1878579 0.7951539 0.09426224 0.7381088 0.1878579 0.7951539 0.07977783 0.7577968 0.649706 0.6380673 0.6486911 0.6638277 0.6524201 0.6858704 0.7267147 0.7105566 0.649706 0.6380673 0.6524201 0.6858704 0.6709864 0.759753 0.7267147 0.7105566 0.6524201 0.6858704 0.6486911 0.6638277 0.649706 0.6380673 0.6257138 0.6693586 0.6257138 0.6693586 0.649706 0.6380673 0.5457599 0.6177224 0.6299536 0.6942335 0.6257138 0.6693586 0.6348651 0.7266826 0.6524201 0.6858704 0.6348651 0.7266826 0.6709864 0.759753 0.6460898 0.7587066 0.6709864 0.759753 0.6348651 0.7266826 0.6709864 0.759753 0.7510625 0.8041234 0.7267147 0.7105566 0.6348651 0.7266826 0.6524201 0.6858704 0.6299536 0.6942335 0.657689 0.7740306 0.6460898 0.7587066 0.6478775 0.7939705 0.6257138 0.6693586 0.4955824 0.7266826 0.6348651 0.7266826 0.5047338 0.6693586 0.5457599 0.6177224 0.4631058 0.6463366 0.6257138 0.6693586 0.5457599 0.6177224 0.5047338 0.6693586 0.4955824 0.7266826 0.5047338 0.6693586 0.5004939 0.6942335 0.5047338 0.6693586 0.4631058 0.6463366 0.4817565 0.6638277 0.3999239 0.7196717 0.4780274 0.6858704 0.4631058 0.6463366 0.4586548 0.7638062 0.4780274 0.6858704 0.3999239 0.7196717 0.4817565 0.6638277 0.4631058 0.6463366 0.4780274 0.6858704 0.5004939 0.6942335 0.4780274 0.6858704 0.4955824 0.7266826 0.4803965 0.7746418 0.4955824 0.7266826 0.4749457 0.7535579 0.4586548 0.7638062 0.4749457 0.7535579 0.4780274 0.6858704 0.4749457 0.7535579 0.4955824 0.7266826 0.4780274 0.6858704 0.657689 0.7740306 0.6478775 0.7939705 0.6709864 0.759753 0.7191429 0.9049567 0.7510625 0.8041234 0.668084 0.863921 0.6478775 0.7939705 0.668084 0.863921 0.7510625 0.8041234 0.6478775 0.7939705 0.7510625 0.8041234 0.6709864 0.759753 0.6503634 0.870345 0.668084 0.863921 0.6394896 0.8434589 0.6394896 0.8434589 0.668084 0.863921 0.6478775 0.7939705 0.7191429 0.9049567 0.668084 0.863921 0.6970634 0.8994918 0.6970634 0.8994918 0.668084 0.863921 0.6646268 0.8830031 0.7191429 0.9049567 0.6970634 0.8994918 0.6425658 0.946143 0.7191429 0.9049567 0.6425658 0.946143 0.6392964 0.9751823 0.6394896 0.8434589 0.6391801 0.8994918 0.6503634 0.870345 0.6503634 0.870345 0.6391801 0.8994918 0.6646268 0.8830031 0.6646268 0.8830031 0.6391801 0.8994918 0.6970634 0.8994918 0.4872893 0.8335389 0.4803965 0.7746418 0.4586548 0.7638062 0.4872893 0.8335389 0.4640589 0.8621292 0.4772033 0.8761608 0.3999239 0.7196717 0.3789476 0.8138793 0.4586548 0.7638062 0.3789476 0.8138793 0.4872893 0.8335389 0.4586548 0.7638062 0.3789476 0.8138793 0.4113825 0.9050773 0.4640589 0.8621292 0.3789476 0.8138793 0.4640589 0.8621292 0.4872893 0.8335389 0.4772033 0.8761608 0.4333841 0.8994918 0.4912675 0.8994918 0.4772033 0.8761608 0.4912675 0.8994918 0.4872893 0.8335389 0.4113825 0.9050773 0.4333841 0.8994918 0.458184 0.8794149 0.4640589 0.8621292 0.4113825 0.9050773 0.458184 0.8794149 0.4113825 0.9050773 0.4878817 0.9461429 0.4333841 0.8994918 0.4772033 0.8761608 0.458184 0.8794149 0.4333841 0.8994918 0.4878817 0.9461429 0.4113825 0.9050773 0.4911511 0.9751823 -2.9333e-4 0.2616817 0.07645618 0.3118544 1.56115e-6 0.3118544 0.2110143 0.2616817 0.1936339 0.3393299 0.07627832 0.3393299 0.07645618 0.3118544 0.2110143 0.2616817 0.07627832 0.3393299 0.4276482 0.2616817 0.5926512 0.3393298 0.3905067 0.3393299 0.3167333 0.03912043 0.2966467 0 0.2703838 0.01052409 0.2703838 0.01052409 0.2809981 0.03341257 0.3167333 0.03912043 0.2809981 0.03341257 0.2632984 0.04637271 0.3167333 0.03912043 0.2966467 0 0.2429698 0.01373195 0.2703838 0.01052409 0.3167333 0.03912043 0.2632984 0.04637271 0.2478839 0.0835182 0.2478839 0.0835182 0.2736976 0.1205099 0.3232824 0.1251444 0.3167333 0.03912043 0.2478839 0.0835182 0.3232824 0.1251444 0.2736976 0.1205099 0.2800937 0.143815 0.3232824 0.1251444 0.2478839 0.0835182 0.2632984 0.04637271 0.2449213 0.03632634 0.2736976 0.1205099 0.2478839 0.0835182 0.252737 0.1140258 0.03193968 0 0.008047461 0.0560981 0.05184698 0.01524841 0.07952594 0.01070678 0.03193968 0 0.05184698 0.01524841 0.008047461 0.0560981 0.05073714 0.03919857 0.05184698 0.01524841 0.07166469 0.04587322 0.08165514 0.1132575 0.08795982 0.03894722 0.008047461 0.0560981 0.06305706 0.1165536 0.08165514 0.1132575 0.05073714 0.03919857 0.008047461 0.0560981 0.07166469 0.04587322 0.07166469 0.04587322 0.008047461 0.0560981 0.08165514 0.1132575 0.01958364 0.1658423 0.04756754 0.1372131 0.06305706 0.1165536 0.008047461 0.0560981 0.01958364 0.1658423 0.06305706 0.1165536 0.2800937 0.143815 0.2617025 0.155758 0.3232824 0.1251444 0.2931677 0.1971544 0.3232824 0.1251444 0.2617025 0.155758 0.2617025 0.155758 0.234206 0.1725398 0.2546226 0.1986459 0.234206 0.1725398 0.2617025 0.155758 0.2424571 0.141883 0.2546226 0.1986459 0.234206 0.1725398 0.2192266 0.1971911 0.2546226 0.1986459 0.2931677 0.1971544 0.2617025 0.155758 0.2689345 0.2230255 0.2931677 0.1971544 0.2546226 0.1986459 0.2093965 0.2282376 0.2192266 0.1971911 0.1191899 0.2282376 0.1093598 0.1971911 0.234206 0.1725398 0.09438037 0.1725398 0.2241635 0.2491626 0.2093965 0.2282376 0.1642676 0.2581451 0.07419514 0.1985173 0.1093598 0.1971911 0.09438037 0.1725398 0.06324493 0.1554711 0.04756754 0.1372131 0.01958364 0.1658423 0.06324493 0.1554711 0.09438037 0.1725398 0.08532631 0.1431752 0.01958364 0.1658423 0.07419514 0.1985173 0.06324493 0.1554711 0.06324493 0.1554711 0.07419514 0.1985173 0.09438037 0.1725398 0.1191899 0.2282376 0.2192266 0.1971911 0.1093598 0.1971911 0.1191899 0.2282376 0.1044229 0.2491626 0.1642676 0.2581451 0.2093965 0.2282376 0.1191899 0.2282376 0.1642676 0.2581451 0.01958364 0.1658423 0.05965191 0.2230255 0.07419514 0.1985173 0.7899618 0.3898578 0.7937883 0.4113536 0.8084574 0.4117797 0.8084574 0.4117797 0.8755286 0.3898562 0.7899618 0.3898578 0.8084574 0.4117797 0.8754883 0.4142001 0.8755286 0.3898562 0.8773493 0.5098199 0.8240421 0.5093187 0.8773497 0.5573269 0.4597804 0.4199078 0.4463223 0.4199076 0.4573006 0.4746784 0.6217456 0.4479017 0.5948964 0.4199078 0.5948964 0.4479017 0.5712735 0.4479017 0.5444242 0.4199078 0.5444242 0.4479017 0.8939991 0.05727219 0.9048559 3.57121e-4 0.8789727 3.71336e-4 0.8939991 0.05727219 0.9175655 0.07418668 0.9048559 3.57121e-4 0.8939991 0.05727219 0.8800262 0.1449581 0.9048558 0.148132 0.9048558 0.148132 0.9175655 0.07418668 0.8939991 0.05727219 0.5948297 0.58662 0.6043086 0.5658523 0.6110089 0.5732825 0.6110089 0.5732825 0.6080147 0.5919991 0.5948297 0.58662 0.6080147 0.5919991 0.6096907 0.6015742 0.5948297 0.58662 0.6301268 0.5700763 0.6110089 0.5732825 0.6043086 0.5658523 0.6292672 0.5903521 0.6110089 0.5732825 0.6301268 0.5700763 0.6080147 0.5919991 0.6292672 0.5903521 0.6096907 0.6015742 0.7279005 0.5697034 0.7097431 0.581287 0.7018707 0.5802376 0.7018707 0.5802376 0.7097431 0.581287 0.7097018 0.6030001 0.728647 0.5804383 0.7097431 0.581287 0.7279005 0.5697034 0.739397 0.5885959 0.728647 0.5804383 0.7279005 0.5697034 0.7266942 0.6056175 0.7097018 0.6030001 0.739397 0.5885959 0.6993269 0.5337632 0.7220326 0.5294982 0.707944 0.5426939 0.6993269 0.5337632 0.7200756 0.5191566 0.7220326 0.5294982 0.707944 0.5426939 0.7060392 0.5546908 0.6993269 0.5337632 0.707944 0.5426939 0.7252728 0.5552651 0.7060392 0.5546908 0.7200756 0.5191566 0.7379763 0.5384417 0.7220326 0.5294982 0.7252728 0.5552651 0.7220326 0.5294982 0.7379763 0.5384417 0.5447619 0.6132137 0.5726124 0.6144922 0.6114282 0.6115797 0.6073628 0.520546 0.6047886 0.5317202 0.5955978 0.5423657 0.6073628 0.520546 0.6228768 0.5302941 0.6047886 0.5317202 0.5955978 0.5423657 0.6288474 0.5493339 0.6133297 0.5576275 0.6331481 0.5306013 0.6228768 0.5302941 0.6073628 0.520546 0.6288474 0.5493339 0.6228768 0.5302941 0.6331481 0.5306013 0.4841175 0.4990107 0.4841174 0.6471733 0.4932672 0.6026426 0.4932672 0.765748 0.4841174 0.6471733 0.4841175 0.7634044 0.5803071 0.4988442 0.5488666 0.6101517 0.5488665 0.4999055 0.5488665 0.7483461 0.5488666 0.6101517 0.5803071 0.6837207 0.7654088 0.09554362 0.5791934 0.09554362 0.7225796 0.06147068 0.8568963 0.06147068 0.9513259 0.09554362 0.7654088 0.09554362 1.2113e-6 0.7268528 0.07131236 0.7268528 -1.89022e-4 0.6747351 0.1512417 0.6747351 0.1825031 0.7268528 0.2618656 0.7268528 0.5596513 0.2802469 0.5596514 0.1056032 0.5803071 0.1557356 0.5803071 0.3209682 0.5596513 0.5012225 0.5596513 0.2802469 0.5331066 -0.00130999 0.5331066 0.1180593 0.5581865 -6.90743e-4 0.5065619 -0.00130999 0.5065619 0.1180593 0.5316419 -6.90743e-4 0.494732 0.780247 0.494732 0.6056032 0.5144965 0.7411286 0.5144965 0.8893203 0.494732 1.000644 0.494732 0.780247 1.2113e-6 0.6677247 0.07131236 0.6677247 -1.89022e-4 0.615607 0.2631036 0.6156069 0.1825031 0.6677247 0.2618672 0.6677247 0.765405 0.03407287 0.579187 0.03407287 0.7078023 0 0.8641245 0 0.9495723 0.03407287 0.765405 0.03407287 0.5159613 0.6353901 0.5159613 0.4998148 0.5474017 0.4997525 0.5159613 0.8330677 0.5159613 0.6353901 0.5474017 0.6692327 0.4735028 0.4990107 0.4735028 0.6471733 0.4826526 0.6026426 0.4826526 0.765748 0.4735028 0.6471733 0.4735028 0.7634044 0.6687499 7.05503e-7 0.6687501 0.1126602 0.6860352 -8.41409e-6 0.6687501 0.1126602 0.6687499 0.3027982 0.6860352 0.265522 0.6860352 0.4266696 0.6687499 0.3027982 0.6687499 0.4264035 0.5981315 0.6159744 0.5981315 0.7562375 0.6163903 0.7571749 0.5928961 0.5890324 0.611646 0.5088982 0.611646 0.58898 0.6499999 7.05503e-7 0.65 0.09611922 0.6672852 -0.002558708 0.6672852 0.2136831 0.65 0.09611922 0.65 0.2877039 0.6672852 0.4289629 0.65 0.2877039 0.6499999 0.4264035 0.5784077 0.6163045 0.5784077 0.7580639 0.5966666 0.757933 0.5809965 0.4274258 0.5809956 0.4881917 0.56224 0.4886976 0.5515164 0.4884732 0.5327771 0.4848068 0.5515208 0.4262331 0.6740899 0.529567 0.6740899 0.5949807 0.6913027 0.5755155 0.6509196 0.5295671 0.6509196 0.5811105 0.6681323 0.5671108 0.6509196 0.5811105 0.6509197 0.6131434 0.6681323 0.5671108 0.819175 0.5427929 0.8163614 0.5093967 0.8163428 0.5750126 0.58673 0.6046226 0.5439268 0.609168 0.6105324 0.6094909 0.8240433 0.7910979 0.87735 0.7907006 0.877351 0.7431061 -0.001848161 0.3407948 0.2115023 0.418443 -1.93619e-5 0.418443 0.4311016 0.3407948 0.51793 0.4184429 0.2115023 0.418443 0.5924342 0.3407948 0.5924338 0.3909674 0.5159664 0.3909674 0.2115023 0.418443 0.2245454 0.3407948 0.4311016 0.3407948 0.9985352 0.1518886 0.9447787 -1.3571e-4 0.9447787 0.2528917 0.9985352 0.2909288 0.9208869 0.2492211 0.920887 0.32634 0.9483624 0.3261773 0.9483624 0.4828152 0.9985352 0.4422585 0.9447786 0.5541247 0.9447786 0.8071522 0.9985352 0.6551279 0.4356054 0.5467002 0.3773016 0.5467002 0.3772754 0.6014708 0.6257138 0.6693586 0.5047338 0.6693586 0.4955824 0.7266826 -2.9333e-4 0.2616817 0.2110143 0.2616817 0.07645618 0.3118544 0.3905067 0.3393299 0.1936339 0.3393299 0.2110143 0.2616817 0.2110143 0.2616817 0.4276482 0.2616817 0.3905067 0.3393299 0.4276482 0.2616817 0.592615 0.2616817 0.5926512 0.3393298 0.1093598 0.1971911 0.2192266 0.1971911 0.234206 0.1725398 0.8240421 0.5093187 0.8240424 0.5572652 0.8773497 0.5573269 0.6217456 0.4479017 0.6217456 0.4199078 0.5948964 0.4199078 0.5712735 0.4479017 0.5712735 0.4199078 0.5444242 0.4199078 0.8066093 0.5097883 0.806676 0.5726436 0.809438 0.5460591 0.7546039 0.01247709 0.7546039 0.07889014 0.7710275 0.0591275 0.7889159 0.06298649 0.7724923 1.68278e-5 0.7724923 0.04918617 0.7724923 0.04918617 0.7724922 0.09720867 0.7889159 0.06298649</float_array>
          <technique_common>
            <accessor source="#切除-拉伸2_007-mesh-map-0-array" count="1992" stride="2">
              <param name="S" type="float"/>
              <param name="T" type="float"/>
            </accessor>
          </technique_common>
        </source>
        <vertices id="切除-拉伸2_007-mesh-vertices">
          <input semantic="POSITION" source="#切除-拉伸2_007-mesh-positions"/>
        </vertices>
        <lines count="89">
          <input semantic="VERTEX" source="#切除-拉伸2_007-mesh-vertices" offset="0"/>
          <p>0 1 4 5 219 220 223 224 235 234 218 217 222 221 3 2 6 7 44 43 47 48 239 238 65 66 243 242 287 288 475 474 577 576 545 544 289 290 297 298 477 476 282 281 284 283 291 292 532 533 550 551 296 295 478 479 553 552 573 572 279 280 293 294 543 542 547 546 571 570 528 529 549 548 633 634 770 769 746 745 777 745 776 775 816 815 818 817 880 879 626 625 635 636 792 788 747 746 590 589 748 747 842 841 629 630 642 641 763 762 749 748 778 777 840 839 638 637 744 743 750 749 772 771 836 835 604 603 639 640 751 750 754 753 771 753 773 772 814 813 838 837 881 882 627 628 631 632 755 754 774 773 820 819 871 870 775 774 45 46 49 50 59 60 61 62 63 64 286 285 531 530 575 574 585 586 587 588</p>
        </lines>
        <triangles material="法兰盘-material" count="443">
          <input semantic="VERTEX" source="#切除-拉伸2_007-mesh-vertices" offset="0"/>
          <input semantic="NORMAL" source="#切除-拉伸2_007-mesh-normals" offset="1"/>
          <input semantic="TEXCOORD" source="#切除-拉伸2_007-mesh-map-0" offset="2" set="0"/>
          <p>8 0 0 13 1 1 10 2 2 10 2 3 12 3 4 11 4 5 16 5 6 17 6 7 14 7 8 18 8 9 20 9 10 16 5 11 18 8 12 19 10 13 20 9 14 24 11 15 27 12 16 21 13 17 26 14 18 24 11 19 25 15 20 22 16 21 23 17 22 25 15 23 34 18 24 32 19 25 28 20 26 33 21 27 32 19 28 34 18 29 32 19 30 31 22 31 30 23 32 37 24 33 38 25 34 35 26 35 39 27 36 37 24 37 40 28 38 35 26 39 38 25 40 36 29 41 41 30 42 40 28 43 42 31 44 51 32 45 52 33 46 53 34 47 55 35 48 56 36 49 57 37 50 91 38 51 81 39 52 90 40 53 80 41 54 91 38 55 92 42 56 69 43 57 89 44 58 68 45 59 68 45 60 89 44 61 90 40 62 90 40 63 81 39 64 68 45 65 77 46 66 92 42 67 93 47 68 76 48 69 77 46 70 93 47 71 81 39 72 91 38 73 80 41 74 92 42 75 77 46 76 80 41 77 75 49 78 76 48 79 93 47 80 68 45 81 81 39 82 67 43 83 67 43 84 97 50 85 103 51 86 97 50 87 67 43 88 81 39 89 103 51 90 88 52 91 89 44 92 97 50 93 87 53 94 88 52 95 98 54 96 86 55 97 87 53 98 103 51 99 97 50 100 88 52 101 69 43 102 103 51 103 89 44 104 87 53 105 97 50 106 98 54 107 70 56 108 98 54 109 99 57 110 98 54 111 70 56 112 71 58 113 71 58 114 85 59 115 86 55 116 98 54 117 71 58 118 86 55 119 77 46 120 101 60 121 80 41 122 75 49 123 94 61 124 80 41 125 93 47 126 94 61 127 75 49 128 80 41 129 101 60 130 75 49 131 79 62 132 80 41 133 94 61 134 78 63 135 79 62 136 95 64 137 94 61 138 95 64 139 79 62 140 95 64 141 73 65 142 78 63 143 95 64 144 96 66 145 73 65 146 74 67 147 78 63 148 73 65 149 72 68 150 73 65 151 96 66 152 102 43 153 70 56 154 99 57 155 99 57 156 100 43 157 83 43 158 71 58 159 102 43 160 85 59 161 85 59 162 102 43 163 84 43 164 84 43 165 102 43 166 99 57 167 74 67 168 82 69 169 78 63 170 72 68 171 82 69 172 74 67 173 72 68 174 96 66 175 82 69 176 84 43 177 99 57 178 83 43 179 100 43 180 78 63 181 82 69 182 82 69 183 83 43 184 100 43 185 126 70 186 138 71 187 127 72 188 137 73 189 127 72 190 138 71 191 106 74 192 105 75 193 126 70 194 105 75 195 138 71 196 126 70 197 129 76 198 128 77 199 113 78 200 136 79 201 113 78 202 128 77 203 137 73 204 136 79 205 128 77 206 137 73 207 128 77 208 127 72 209 139 80 210 136 79 211 135 81 212 113 78 213 136 79 214 139 80 215 105 75 216 104 82 217 138 71 218 114 83 219 138 71 220 104 82 221 114 83 222 104 82 223 106 74 224 125 84 225 106 74 226 126 70 227 124 85 228 115 86 229 125 84 230 114 83 231 125 84 232 115 86 233 125 84 234 114 83 235 106 74 236 124 85 237 116 87 238 115 86 239 123 88 240 116 87 241 124 85 242 108 89 243 116 87 244 123 88 245 108 89 246 107 90 247 116 87 248 117 91 249 116 87 250 107 90 251 112 92 252 129 76 253 113 78 254 112 92 255 135 81 256 129 76 257 129 76 258 135 81 259 130 93 260 135 81 261 112 92 262 139 80 263 130 93 264 135 81 265 134 94 266 131 95 267 130 93 268 134 94 269 132 96 270 131 95 271 133 97 272 133 97 273 131 95 274 134 94 275 110 98 276 132 96 277 133 97 278 111 99 279 110 98 280 133 97 281 133 97 282 119 100 283 111 99 284 109 101 285 132 96 286 110 98 287 118 102 288 117 91 289 122 103 290 123 88 291 140 104 292 108 89 293 140 104 294 123 88 295 122 103 296 122 103 297 117 91 298 140 104 299 117 91 300 107 90 301 140 104 302 109 101 303 111 99 304 119 100 305 120 105 306 109 101 307 119 100 308 109 101 309 120 105 310 132 96 311 119 100 312 118 102 313 120 105 314 118 102 315 122 103 316 121 73 317 118 102 318 121 73 319 120 105 320 144 106 321 143 107 322 142 108 323 142 108 324 143 107 325 141 109 326 145 110 327 144 106 328 146 111 329 148 112 330 147 113 331 146 111 332 155 114 333 152 115 334 149 116 335 154 117 336 152 115 337 155 114 338 152 115 339 154 117 340 153 118 341 177 119 342 168 120 343 169 121 344 156 122 345 168 120 346 177 119 347 176 73 348 170 123 349 175 124 350 171 125 351 175 124 352 170 123 353 176 73 354 177 119 355 169 121 356 169 121 357 170 123 358 176 73 359 156 122 360 167 73 361 168 120 362 167 73 363 156 122 364 166 73 365 156 122 366 157 73 367 166 73 368 158 126 369 166 73 370 157 73 371 165 127 372 166 73 373 158 126 374 172 73 375 174 73 376 175 124 377 175 124 378 171 125 379 172 73 380 172 73 381 161 128 382 174 73 383 172 73 384 173 129 385 161 128 386 173 129 387 162 130 388 161 128 389 164 131 390 159 73 391 163 132 392 164 131 393 165 127 394 158 126 395 159 73 396 164 131 397 158 126 398 162 130 399 160 133 400 161 128 401 163 132 402 160 133 403 162 130 404 160 133 405 163 132 406 159 73 407 181 134 408 184 135 409 178 136 410 183 137 411 181 134 412 182 138 413 179 139 414 180 140 415 182 138 416 188 141 417 185 142 418 187 143 419 190 144 420 187 143 421 189 145 422 203 146 423 195 147 424 202 148 425 195 147 426 196 149 427 202 148 428 201 150 429 202 148 430 196 149 431 194 151 432 203 146 433 204 152 434 204 152 435 193 153 436 194 151 437 194 151 438 195 147 439 203 146 440 201 150 441 196 149 442 207 73 443 200 154 444 201 150 445 208 155 446 207 73 447 208 155 448 201 150 449 199 156 450 200 154 451 208 155 452 208 155 453 209 157 454 199 156 455 205 73 456 192 158 457 204 152 458 192 158 459 193 153 460 204 152 461 205 73 462 206 159 463 192 158 464 191 160 465 192 158 466 206 159 467 198 73 468 209 157 469 210 73 470 198 73 471 199 156 472 209 157 473 206 159 474 197 161 475 191 160 476 210 73 477 197 161 478 198 73 479 210 73 480 191 160 481 197 161 482 211 162 483 216 163 484 213 164 485 213 164 486 215 165 487 214 166 488 240 167 489 225 168 490 226 169 491 240 167 492 226 169 493 239 73 494 226 169 495 227 170 496 232 171 497 226 169 498 232 171 499 243 73 500 239 73 501 226 169 502 243 73 503 240 167 504 246 172 505 252 173 506 244 174 507 246 172 508 238 73 509 240 167 510 252 173 511 225 168 512 246 172 513 244 174 514 252 173 515 244 174 516 237 175 517 252 173 518 237 175 519 244 174 520 236 176 521 251 177 522 252 173 523 237 175 524 237 175 525 247 178 526 251 177 527 227 170 528 228 179 529 232 171 530 232 171 531 228 179 532 231 180 533 229 181 534 241 182 535 231 180 536 242 73 537 231 180 538 241 182 539 234 183 540 241 182 541 229 181 542 229 181 543 231 180 544 228 179 545 230 184 546 233 185 547 229 181 548 229 181 549 233 185 550 234 183 551 245 186 552 249 187 553 247 178 554 250 73 555 251 177 556 247 178 557 247 178 558 236 176 559 245 186 560 249 187 561 235 188 562 248 189 563 249 187 564 245 186 565 235 188 566 233 185 567 230 184 568 248 189 569 249 187 570 250 73 571 247 178 572 249 187 573 248 189 574 230 184 575 260 190 576 253 191 577 259 192 578 253 191 579 268 193 580 259 192 581 253 191 582 254 43 583 258 194 584 253 191 585 258 194 586 268 193 587 257 195 588 258 194 589 254 43 590 268 193 591 258 194 592 267 196 593 253 191 594 273 43 595 278 197 596 260 190 597 273 43 598 253 191 599 274 198 600 269 199 601 278 197 602 262 200 603 277 201 604 278 197 605 273 43 606 274 198 607 278 197 608 269 199 609 262 200 610 278 197 611 262 200 612 269 199 613 261 202 614 259 192 615 269 199 616 274 198 617 257 195 618 254 43 619 255 203 620 257 195 621 266 204 622 267 196 623 255 203 624 266 204 625 257 195 626 266 204 627 255 203 628 264 205 629 264 205 630 256 206 631 263 207 632 255 203 633 256 206 634 264 205 635 265 208 636 266 204 637 264 205 638 270 43 639 272 43 640 261 202 641 276 43 642 272 43 643 270 43 644 277 201 645 262 200 646 272 43 647 272 43 648 276 43 649 277 201 650 271 209 651 263 207 652 256 206 653 256 206 654 275 210 655 271 209 656 275 210 657 265 208 658 271 209 659 265 208 660 276 43 661 270 43 662 265 208 663 275 210 664 276 43 665 593 436 1296 592 437 1297 591 438 1298 602 439 1299 601 440 1300 600 441 1301 608 442 1302 605 443 1303 606 444 1304 610 445 1305 609 446 1306 611 445 1307 615 447 1308 620 448 1309 612 449 1310 614 450 1311 618 451 1312 616 452 1313 618 451 1314 619 453 1315 616 452 1316 623 454 1317 622 455 1318 621 456 1319 621 456 1320 624 457 1321 623 454 1322 647 458 1323 646 459 1324 643 460 1325 646 459 1326 644 461 1327 643 460 1328 646 459 1329 645 462 1330 644 461 1331 648 463 1332 650 464 1333 660 465 1334 661 466 1335 660 465 1336 651 467 1337 654 468 1338 662 469 1339 661 466 1340 654 468 1341 661 466 1342 652 470 1343 653 471 1344 661 466 1345 651 467 1346 663 472 1347 662 469 1348 659 473 1349 658 474 1350 649 475 1351 663 472 1352 659 473 1353 662 469 1354 657 476 1355 657 476 1356 655 477 1357 656 478 1358 657 476 1359 662 469 1360 655 477 1361 664 479 1362 667 480 1363 666 481 1364 686 482 1365 685 483 1366 669 484 1367 676 485 1368 675 486 1369 686 482 1370 686 482 1371 669 484 1372 676 485 1373 684 487 1374 687 488 1375 688 489 1376 685 483 1377 686 482 1378 684 487 1379 687 488 1380 684 487 1381 686 482 1382 676 485 1383 677 490 1384 675 486 1385 675 486 1386 677 490 1387 674 491 1388 677 490 1389 668 492 1390 674 491 1391 668 492 1392 678 493 1393 674 491 1394 674 491 1395 678 493 1396 673 494 1397 689 495 1398 683 496 1399 688 489 1400 688 489 1401 683 496 1402 684 487 1403 683 496 1404 690 497 1405 682 498 1406 689 495 1407 690 497 1408 683 496 1409 681 499 1410 682 498 1411 670 500 1412 670 500 1413 682 498 1414 690 497 1415 672 501 1416 679 502 1417 680 503 1418 672 501 1419 680 503 1420 671 504 1421 673 494 1422 678 493 1423 679 502 1424 673 494 1425 679 502 1426 672 501 1427 680 503 1428 681 499 1429 670 500 1430 680 503 1431 670 500 1432 671 504 1433 725 505 1434 692 506 1435 691 507 1436 726 508 1437 725 505 1438 691 507 1439 703 509 1440 726 508 1441 691 507 1442 692 506 1443 725 505 1444 693 510 1445 693 510 1446 725 505 1447 701 511 1448 732 512 1449 693 510 1450 721 513 1451 691 507 1452 721 513 1453 703 509 1454 713 514 1455 703 509 1456 721 513 1457 703 509 1458 727 515 1459 726 508 1460 721 513 1461 691 507 1462 732 512 1463 702 516 1464 713 514 1465 729 517 1466 693 510 1467 720 518 1468 721 513 1469 695 519 1470 701 511 1471 700 520 1472 693 510 1473 701 511 1474 695 519 1475 720 518 1476 695 519 1477 694 521 1478 695 519 1479 700 520 1480 730 522 1481 699 523 1482 731 524 1483 700 520 1484 710 525 1485 731 524 1486 699 523 1487 730 522 1488 700 520 1489 731 524 1490 694 521 1491 731 524 1492 720 518 1493 708 526 1494 720 518 1495 709 527 1496 710 525 1497 709 527 1498 731 524 1499 709 527 1500 720 518 1501 731 524 1502 702 516 1503 729 517 1504 703 509 1505 728 528 1506 727 515 1507 705 529 1508 729 517 1509 705 529 1510 727 515 1511 729 517 1512 727 515 1513 703 509 1514 712 530 1515 705 529 1516 723 531 1517 723 531 1518 705 529 1519 729 517 1520 728 528 1521 705 529 1522 719 532 1523 719 532 1524 705 529 1525 704 533 1526 728 528 1527 719 532 1528 718 534 1529 728 528 1530 718 534 1531 724 535 1532 723 531 1533 722 536 1534 712 530 1535 712 530 1536 722 536 1537 704 533 1538 704 533 1539 722 536 1540 719 532 1541 716 537 1542 708 526 1543 710 525 1544 716 537 1545 707 538 1546 706 539 1547 699 523 1548 698 540 1549 710 525 1550 698 540 1551 716 537 1552 710 525 1553 698 540 1554 697 541 1555 707 538 1556 698 540 1557 707 538 1558 716 537 1559 706 539 1560 715 542 1561 714 543 1562 706 539 1563 714 543 1564 716 537 1565 697 541 1566 715 542 1567 711 544 1568 707 538 1569 697 541 1570 711 544 1571 697 541 1572 717 545 1573 715 542 1574 706 539 1575 711 544 1576 715 542 1577 717 545 1578 697 541 1579 696 546 1580 733 547 1581 742 548 1582 736 549 1583 737 550 1584 740 551 1585 741 552 1586 742 548 1587 737 550 1588 741 552 1589 738 553 1590 735 554 1591 739 555 1592 785 556 1593 784 557 1594 765 558 1595 765 558 1596 764 559 1597 785 556 1598 764 559 1599 794 560 1600 785 556 1601 784 557 1602 788 561 1603 765 558 1604 785 556 1605 794 560 1606 793 562 1607 793 562 1608 768 563 1609 786 564 1610 785 556 1611 793 562 1612 786 564 1613 768 563 1614 767 565 1615 786 564 1616 793 562 1617 794 560 1618 792 566 1619 768 563 1620 793 562 1621 769 567 1622 780 568 1623 783 569 1624 795 570 1625 763 571 1626 780 568 1627 795 570 1628 783 569 1629 796 572 1630 795 570 1631 797 573 1632 781 574 1633 762 575 1634 783 569 1635 798 576 1636 781 574 1637 796 572 1638 783 569 1639 797 573 1640 797 573 1641 783 569 1642 781 574 1643 782 577 1644 760 578 1645 798 576 1646 783 569 1647 782 577 1648 798 576 1649 767 565 1650 766 579 1651 786 564 1652 787 580 1653 786 564 1654 766 579 1655 766 579 1656 790 581 1657 752 582 1658 790 581 1659 766 579 1660 789 583 1661 752 582 1662 790 581 1663 799 584 1664 752 582 1665 787 580 1666 766 579 1667 751 585 1668 787 580 1669 752 582 1670 800 586 1671 799 584 1672 756 587 1673 757 588 1674 790 581 1675 791 589 1676 778 590 1677 800 586 1678 779 591 1679 758 592 1680 757 588 1681 791 589 1682 761 593 1683 760 578 1684 782 577 1685 761 593 1686 791 589 1687 759 594 1688 782 577 1689 758 592 1690 761 593 1691 761 593 1692 758 592 1693 791 589 1694 756 587 1695 799 584 1696 757 588 1697 756 587 1698 755 595 1699 779 591 1700 800 586 1701 756 587 1702 779 591 1703 782 577 1704 776 596 1705 758 592 1706 801 597 1707 802 598 1708 805 599 1709 805 599 1710 803 600 1711 801 597 1712 805 599 1713 804 601 1714 803 600 1715 806 602 1716 809 603 1717 807 604 1718 812 605 1719 811 606 1720 810 607 1721 824 399 1722 821 399 1723 822 399 1724 828 353 1725 825 353 1726 826 353 1727 833 608 1728 834 609 1729 829 610 1730 833 608 1731 831 611 1732 834 609 1733 833 608 1734 830 612 1735 832 613 1736 832 613 1737 831 611 1738 833 608 1739 849 614 1740 843 615 1741 846 616 1742 846 616 1743 847 617 1744 849 614 1745 847 617 1746 848 618 1747 849 614 1748 844 619 1749 846 616 1750 843 615 1751 845 620 1752 846 616 1753 844 619 1754 847 617 1755 845 620 1756 848 618 1757 851 621 1758 853 622 1759 850 623 1760 850 623 1761 853 622 1762 854 624 1763 852 625 1764 853 622 1765 851 621 1766 855 626 1767 852 625 1768 851 621 1769 856 627 1770 854 624 1771 855 626 1772 866 628 1773 862 629 1774 863 630 1775 866 628 1776 860 631 1777 862 629 1778 863 630 1779 865 632 1780 866 628 1781 863 630 1782 864 633 1783 865 632 1784 860 631 1785 861 634 1786 862 629 1787 864 633 1788 862 629 1789 861 634 1790 868 635 1791 869 636 1792 867 637 1793 872 638 1794 877 639 1795 875 640 1796 872 638 1797 876 641 1798 877 639 1799 875 640 1800 873 642 1801 874 643 1802 878 644 1803 876 641 1804 872 638 1805 873 642 1806 876 641 1807 878 644 1808 13 1 1809 12 3 1810 10 2 1811 11 4 1812 12 3 1813 9 645 1814 14 7 1815 17 6 1816 15 646 1817 20 9 1818 17 6 1819 16 5 1820 26 14 1821 27 12 1822 24 11 1823 25 15 1824 23 17 1825 26 14 1826 29 647 1827 34 18 1828 28 20 1829 32 19 1830 33 21 1831 31 22 1832 39 27 1833 38 25 1834 37 24 1835 40 28 1836 41 30 1837 39 27 1838 54 648 1839 52 33 1840 51 32 1841 58 649 1842 56 36 1843 55 35 1844 145 110 1845 143 107 1846 144 106 1847 146 111 1848 147 113 1849 145 110 1850 150 650 1851 155 114 1852 149 116 1853 153 118 1854 154 117 1855 151 651 1856 183 137 1857 184 135 1858 181 134 1859 182 138 1860 180 140 1861 183 137 1862 188 141 1863 186 652 1864 185 142 1865 190 144 1866 188 141 1867 187 143 1868 216 163 1869 215 165 1870 213 164 1871 214 166 1872 215 165 1873 212 653 1874 580 663 1908 579 664 1909 578 665 1910 584 666 1911 583 667 1912 581 668 1913 583 667 1914 582 669 1915 581 668 1916 596 670 1917 594 671 1918 595 672 1919 599 673 1920 597 673 1921 598 674 1922 608 442 1923 607 675 1924 605 443 1925 612 449 1926 620 448 1927 613 676 1928 616 452 1929 619 453 1930 620 448 1931 614 450 1932 617 677 1933 618 451 1934 620 448 1935 615 447 1936 616 452 1937 660 465 1938 650 464 1939 651 467 1940 661 466 1941 653 471 1942 652 470 1943 654 468 1944 655 477 1945 662 469 1946 659 473 1947 658 474 1948 663 472 1949 666 481 1950 665 678 1951 664 479 1952 693 510 1953 695 519 1954 720 518 1955 733 547 1956 737 550 1957 742 548 1958 739 555 1959 740 551 1960 737 550 1961 737 550 1962 738 553 1963 739 555 1964 738 553 1965 734 679 1966 735 554 1967 757 588 1968 799 584 1969 790 581 1970 809 603 1971 808 680 1972 807 604 1973 824 399 1974 823 399 1975 821 399 1976 828 353 1977 827 353 1978 825 353 1979 857 681 1980 858 682 1981 859 683 1982 885 684 1983 884 685 1984 883 685 1985 886 686 1986 888 687 1987 889 688 1988 889 688 1989 887 689 1990 886 686 1991</p>
        </triangles>
        <triangles material="金属-material" count="221">
          <input semantic="VERTEX" source="#切除-拉伸2_007-mesh-vertices" offset="0"/>
          <input semantic="NORMAL" source="#切除-拉伸2_007-mesh-normals" offset="1"/>
          <input semantic="TEXCOORD" source="#切除-拉伸2_007-mesh-map-0" offset="2" set="0"/>
          <p>306 211 666 303 212 667 299 213 668 306 211 669 304 214 670 303 212 671 305 215 672 301 216 673 304 214 674 307 217 675 309 218 676 308 219 677 310 220 678 308 219 679 309 218 680 311 221 681 314 222 682 312 223 683 313 224 684 314 222 685 311 221 686 318 225 687 316 226 688 317 227 689 315 228 690 316 226 691 318 225 692 320 229 693 322 230 694 319 231 695 340 232 696 341 233 697 328 234 698 337 235 699 338 236 700 341 233 701 337 235 702 341 233 703 345 237 704 341 233 705 338 236 706 328 234 707 328 234 708 329 238 709 340 232 710 328 234 711 338 236 712 339 239 713 327 240 714 336 241 715 345 237 716 327 240 717 346 242 718 326 243 719 345 237 720 346 242 721 327 240 722 358 244 723 336 241 724 327 240 725 358 244 726 335 245 727 336 241 728 336 241 729 337 235 730 345 237 731 340 232 732 329 238 733 357 246 734 357 246 735 328 234 736 339 239 737 351 247 738 340 232 739 357 246 740 339 239 741 352 248 742 351 247 743 352 248 744 344 249 745 351 247 746 339 239 747 351 247 748 357 246 749 344 249 750 352 248 751 353 250 752 332 251 753 344 249 754 353 250 755 343 252 756 344 249 757 332 251 758 353 250 759 331 253 760 332 251 761 353 250 762 354 254 763 331 253 764 335 245 765 326 243 766 346 242 767 358 244 768 326 243 769 335 245 770 335 245 771 346 242 772 347 255 773 334 256 774 347 255 775 333 257 776 334 256 777 335 245 778 347 255 779 347 255 780 348 258 781 333 257 782 333 257 783 348 258 784 324 259 785 349 260 786 324 259 787 348 258 788 324 259 789 356 261 790 333 257 791 325 262 792 356 261 793 324 259 794 349 260 795 323 263 796 324 259 797 342 264 798 354 254 799 355 265 800 330 266 801 343 252 802 332 251 803 343 252 804 330 266 805 354 254 806 330 266 807 331 253 808 354 254 809 342 264 810 343 252 811 354 254 812 349 260 813 325 262 814 323 263 815 356 261 816 350 267 817 355 265 818 342 264 819 355 265 820 350 267 821 350 267 822 356 261 823 325 262 824 350 267 825 325 262 826 349 260 827 376 268 828 364 269 829 377 270 830 373 271 831 377 270 832 374 272 833 373 271 834 381 273 835 377 270 836 377 270 837 364 269 838 374 272 839 364 269 840 376 268 841 365 274 842 364 269 843 375 275 844 374 272 845 372 276 846 363 277 847 382 278 848 363 277 849 362 279 850 382 278 851 394 280 852 363 277 853 372 276 854 394 280 855 372 276 856 371 281 857 372 276 858 382 278 859 373 271 860 382 278 861 381 273 862 373 271 863 376 268 864 393 282 865 365 274 866 393 282 867 375 275 868 364 269 869 387 283 870 393 282 871 376 268 872 375 275 873 393 282 874 387 283 875 388 284 876 375 275 877 387 283 878 387 283 879 380 285 880 388 284 881 379 286 882 389 287 883 388 284 884 389 287 885 379 286 886 368 288 887 388 284 888 380 285 889 379 286 890 389 287 891 368 288 892 367 289 893 390 290 894 389 287 895 367 289 896 383 291 897 362 279 898 371 281 899 394 280 900 371 281 901 362 279 902 362 279 903 383 291 904 382 278 905 383 291 906 370 292 907 369 293 908 370 292 909 383 291 910 371 281 911 384 294 912 383 291 913 369 293 914 369 293 915 360 295 916 384 294 917 385 296 918 384 294 919 360 295 920 360 295 921 369 293 922 392 297 923 361 298 924 360 295 925 392 297 926 385 296 927 360 295 928 359 299 929 378 300 930 391 301 931 390 290 932 368 288 933 379 286 934 366 302 935 379 286 936 378 300 937 366 302 938 367 289 939 366 302 940 390 290 941 390 290 942 366 302 943 378 300 944 385 296 945 359 299 946 361 298 947 392 297 948 391 301 949 386 303 950 386 303 951 391 301 952 378 300 953 386 303 954 361 298 955 392 297 956 386 303 957 385 296 958 361 298 959 395 304 960 397 305 961 396 306 962 401 307 963 399 308 964 400 309 965 400 309 966 399 308 967 398 310 968 403 311 969 404 312 970 402 313 971 407 314 972 405 315 973 406 314 974 411 316 975 409 317 976 408 318 977 412 319 978 414 320 979 413 321 980 415 322 981 421 323 982 418 324 983 420 325 984 419 326 985 418 324 986 428 327 987 422 328 988 427 329 989 430 330 990 422 328 991 428 327 992 427 329 993 422 328 994 424 331 995 424 331 996 422 328 997 423 332 998 437 333 999 438 334 1000 424 331 1001 424 331 1002 438 334 1003 427 329 1004 430 330 1005 439 335 1006 429 336 1007 439 335 1008 433 337 1009 429 336 1010 433 337 1011 439 335 1012 427 329 1013 433 337 1014 427 329 1015 438 334 1016 428 327 1017 439 335 1018 430 330 1019 426 338 1020 432 339 1021 423 332 1022 437 333 1023 423 332 1024 432 339 1025 423 332 1026 422 328 1027 434 340 1028 426 338 1029 423 332 1030 434 340 1031 425 341 1032 426 338 1033 434 340 1034 435 342 1035 425 341 1036 434 340 1037 431 343 1038 426 338 1039 440 344 1040 440 344 1041 436 345 1042 431 343 1043 435 342 1044 440 344 1045 425 341 1046 432 339 1047 426 338 1048 431 343 1049 440 344 1050 435 342 1051 436 345 1052 445 346 1053 453 347 1054 446 348 1055 448 349 1056 446 348 1057 453 347 1058 453 347 1059 445 346 1060 442 350 1061 445 346 1062 457 351 1063 442 350 1064 453 347 1065 442 350 1066 441 352 1067 442 350 1068 457 351 1069 456 353 1070 448 349 1071 447 354 1072 458 355 1073 458 355 1074 447 354 1075 454 356 1076 454 356 1077 445 346 1078 458 355 1079 454 356 1080 457 351 1081 445 346 1082 446 348 1083 448 349 1084 458 355 1085 441 352 1086 450 357 1087 444 358 1088 450 357 1089 441 352 1090 456 353 1091 451 359 1092 453 347 1093 441 352 1094 451 359 1095 444 358 1096 443 360 1097 444 358 1098 451 359 1099 441 352 1100 451 359 1101 443 360 1102 452 361 1103 449 362 1104 459 363 1105 444 358 1106 459 363 1107 449 362 1108 455 364 1109 452 361 1110 443 360 1111 459 363 1112 450 357 1113 449 362 1114 444 358 1115 459 363 1116 455 364 1117 452 361 1118 462 365 1119 460 366 1120 461 366 1121 466 367 1122 465 368 1123 463 369 1124 465 368 1125 466 367 1126 464 370 1127 467 371 1128 468 372 1129 469 371 1130 473 373 1131 471 374 1132 470 375 1133 481 376 1134 480 376 1135 482 377 1136 483 378 1137 485 379 1138 486 380 1139 484 381 1140 485 379 1141 483 378 1142 489 382 1143 488 383 1144 487 384 1145 498 385 1146 499 353 1147 505 386 1148 496 387 1149 498 385 1150 505 386 1151 505 386 1152 504 353 1153 497 353 1154 499 353 1155 504 353 1156 505 386 1157 490 388 1158 498 385 1159 496 387 1160 496 387 1161 491 389 1162 490 388 1163 496 387 1164 500 390 1165 491 389 1166 490 388 1167 491 389 1168 492 391 1169 497 353 1170 500 390 1171 496 387 1172 494 392 1173 503 393 1174 506 394 1175 508 353 1176 506 394 1177 503 393 1178 495 395 1179 506 394 1180 502 396 1181 502 396 1182 506 394 1183 508 353 1184 500 390 1185 501 353 1186 493 397 1187 501 353 1188 495 395 1189 493 397 1190 507 398 1191 490 388 1192 492 391 1193 493 397 1194 507 398 1195 492 391 1196 495 395 1197 501 353 1198 494 392 1199 495 395 1200 507 398 1201 493 397 1202 507 398 1203 495 395 1204 502 396 1205 525 399 1206 519 399 1207 518 400 1208 516 401 1209 525 399 1210 518 400 1211 524 399 1212 525 399 1213 517 399 1214 524 399 1215 519 399 1216 525 399 1217 518 400 1218 509 402 1219 516 401 1220 511 403 1221 516 401 1222 509 402 1223 520 404 1224 516 401 1225 511 403 1226 512 405 1227 511 403 1228 509 402 1229 510 406 1230 512 405 1231 509 402 1232 517 399 1233 516 401 1234 520 404 1235 514 399 1236 526 407 1237 523 408 1238 527 409 1239 523 408 1240 526 407 1241 515 410 1242 522 411 1243 526 407 1244 522 411 1245 527 409 1246 526 407 1247 521 412 1248 520 404 1249 513 413 1250 512 405 1251 510 406 1252 513 413 1253 515 410 1254 521 412 1255 513 413 1256 510 406 1257 522 411 1258 515 410 1259 515 410 1260 513 413 1261 510 406 1262 515 410 1263 514 399 1264 521 412 1265 535 414 1266 534 415 1267 537 416 1268 534 415 1269 536 417 1270 537 416 1271 538 418 1272 540 419 1273 539 420 1274 539 420 1275 540 419 1276 541 421 1277 556 422 1278 554 423 1279 557 424 1280 561 425 1281 559 426 1282 558 427 1283 561 425 1284 558 427 1285 560 428 1286 565 429 1287 562 430 1288 564 431 1289 565 429 1290 564 431 1291 563 432 1292 568 433 1293 566 434 1294 567 435 1295 300 654 1875 306 211 1876 299 213 1877 306 211 1878 305 215 1879 304 214 1880 301 216 1881 305 215 1882 302 655 1883 320 229 1884 321 656 1885 322 230 1886 411 316 1887 408 318 1888 410 657 1889 416 658 1890 421 323 1891 415 322 1892 418 324 1893 421 323 1894 420 325 1895 419 326 1896 420 325 1897 417 659 1898 473 373 1899 472 660 1900 471 374 1901 557 424 1902 555 661 1903 556 422 1904 569 662 1905 566 434 1906 568 433 1907</p>
        </triangles>
      </mesh>
    </geometry>
  </library_geometries>
  <library_visual_scenes>
    <visual_scene id="场景" name="场景">
      <node id="tmp_export_切除-拉伸2_007" name="tmp_export_切除-拉伸2.007" type="NODE">
        <matrix sid="transform">1 0 0 0 0 1 0 0 0 0 1 0 0 0 0 1</matrix>
        <instance_geometry url="#切除-拉伸2_007-mesh" name="tmp_export_切除-拉伸2.007">
          <bind_material>
            <technique_common>
              <instance_material symbol="法兰盘-material" target="#法兰盘-material">
                <bind_vertex_input semantic="RhinoUVMap" input_semantic="TEXCOORD" input_set="0"/>
              </instance_material>
              <instance_material symbol="金属-material" target="#金属-material">
                <bind_vertex_input semantic="RhinoUVMap" input_semantic="TEXCOORD" input_set="0"/>
              </instance_material>
            </technique_common>
          </bind_material>
        </instance_geometry>
      </node>
    </visual_scene>
  </library_visual_scenes>
  <scene>
    <instance_visual_scene url="#场景"/>
  </scene>
</COLLADA>