<?xml version="1.0" encoding="utf-8"?>
<COLLADA xmlns="http://www.collada.org/2005/11/COLLADASchema" version="1.4.1" xmlns:xsi="http://www.w3.org/2001/XMLSchema-instance">
  <asset>
    <contributor>
      <author>Blender User</author>
      <authoring_tool>Blender 3.6.23 commit date:2025-06-16, commit time:11:52, hash:e467db79ca8c</authoring_tool>
    </contributor>
    <created>2026-04-18T17:07:03</created>
    <modified>2026-04-18T17:07:03</modified>
    <unit name="meter" meter="1"/>
    <up_axis>Z_UP</up_axis>
  </asset>
  <library_effects>
    <effect id="夹子-effect">
      <profile_COMMON>
        <technique sid="common">
          <lambert>
            <emission>
              <color sid="emission">0 0 0 1</color>
            </emission>
            <diffuse>
              <color sid="diffuse">0.4072402 0.4072402 0.4072402 1</color>
            </diffuse>
            <reflectivity>
              <float sid="specular">1</float>
            </reflectivity>
            <index_of_refraction>
              <float sid="ior">1.5</float>
            </index_of_refraction>
          </lambert>
        </technique>
      </profile_COMMON>
    </effect>
  </library_effects>
  <library_images/>
  <library_materials>
    <material id="夹子-material" name="夹子">
      <instance_effect url="#夹子-effect"/>
    </material>
  </library_materials>
  <library_geometries>
    <geometry id="圆角9_010-mesh" name="圆角9.010">
      <mesh>
        <source id="圆角9_010-mesh-positions">
          <float_array id="圆角9_010-mesh-positions-array" count="7131">0.01489996 0.008449971 -0.03240269 0.0169 0.008449971 -0.03240269 0.01539999 0.008657813 -0.03238087 0.01589995 0.008657813 -0.03238087 0.01639997 0.008657813 -0.03238087 0.01539999 0.008842289 -0.03232252 0.01589995 0.008842289 -0.03232252 0.01639997 0.008842289 -0.03232252 0.01539999 0.009009897 -0.03223121 0.01589995 0.009009897 -0.03223121 0.01639997 0.009009897 -0.03223121 0.01489996 0.008708775 -0.0323686 0.01489996 0.008949995 -0.0322687 0.01656663 0.008449971 -0.03240269 0.01623332 0.008449971 -0.03240269 0.01589995 0.008449971 -0.03240269 0.01556664 0.008449971 -0.03240269 0.01523333 0.008449971 -0.03240269 0.0169 0.009157061 -0.03210979 0.0169 0.008949995 -0.0322687 0.0169 0.008708775 -0.0323686 0.01489996 0.009157061 -0.03210979 0.01523333 0.009157061 -0.03210979 0.01556664 0.009157061 -0.03210979 0.01589995 0.009157061 -0.03210979 0.01623332 0.009157061 -0.03210979 0.01656663 0.009157061 -0.03210979 0.01489996 -0.004449963 -0.03240269 0.01539999 -0.004067301 -0.03232657 0.01589995 -0.004067301 -0.03232657 0.01639997 -0.004067301 -0.03232657 0.01539999 -0.003742873 -0.03210979 0.01589995 -0.003742873 -0.03210979 0.01639997 -0.003742873 -0.03210979 0.01539999 -0.003526091 -0.03178536 0.01589995 -0.003526091 -0.03178536 0.01639997 -0.003526091 -0.03178536 0.0169 -0.003449976 -0.0314027 0.01489996 -0.004140973 -0.03235375 0.01489996 -0.003862202 -0.03221172 0.01489996 -0.003640949 -0.03199046 0.01489996 -0.003498911 -0.03171169 0.0169 -0.004449963 -0.03240269 0.01656663 -0.004449963 -0.03240269 0.01623332 -0.004449963 -0.03240269 0.01589995 -0.004449963 -0.03240269 0.01556664 -0.004449963 -0.03240269 0.01523333 -0.004449963 -0.03240269 0.0169 -0.003498911 -0.03171169 0.0169 -0.003640949 -0.03199046 0.0169 -0.003862202 -0.03221172 0.0169 -0.004140973 -0.03235375 0.01489996 -0.003449976 -0.0314027 0.01523333 -0.003449976 -0.0314027 0.01556664 -0.003449976 -0.0314027 0.01589995 -0.003449976 -0.0314027 0.01623332 -0.003449976 -0.0314027 0.01656663 -0.003449976 -0.0314027 0.02101659 -0.004599988 -0.001999974 0.02101659 -0.004599988 0 0.02051931 -0.004599988 -0.001999974 0.02051931 -0.004599988 0 0.01913654 -0.004599988 0 0.01763659 -0.004599988 -0.001999974 0.01763659 -0.004599988 0 0.01913654 -0.004599988 -0.001999974 0.02289658 -0.004599988 -0.001999974 0.02289658 -0.004599988 0 0.0223993 -0.004599988 -0.001999974 0.0223993 -0.004599988 0 0.02477657 -0.004599988 -0.001999974 0.02477657 -0.004599988 0 0.02427929 -0.004599988 -0.001999974 0.02427929 -0.004599988 0 0.02665656 -0.004599988 -0.001999974 0.02665656 -0.004599988 0 0.02615928 -0.004599988 -0.001999974 0.02615928 -0.004599988 0 0.02853655 -0.004599988 -0.001999974 0.02853655 -0.004599988 0 0.02803927 -0.004599988 -0.001999974 0.02803927 -0.004599988 0 0.03041654 -0.004599988 -0.001999974 0.03041654 -0.004599988 0 0.02991926 -0.004599988 -0.001999974 0.02991926 -0.004599988 0 0.03229659 -0.004599988 -0.001999974 0.03229659 -0.004599988 0 0.03179931 -0.004599988 -0.001999974 0.03179931 -0.004599988 0 0.03417658 -0.004599988 -0.001999974 0.03417658 -0.004599988 0 0.0336793 -0.004599988 -0.001999974 0.0336793 -0.004599988 0 0.03605657 -0.004599988 -0.001999974 0.03605657 -0.004599988 0 0.03555929 -0.004599988 -0.001999974 0.03555929 -0.004599988 0 0.03793656 -0.004599988 -0.001999974 0.03793656 -0.004599988 0 0.03743928 -0.004599988 -0.001999974 0.03743928 -0.004599988 0 0.03981655 -0.004599988 -0.001999974 0.03981655 -0.004599988 0 0.03931927 -0.004599988 -0.001999974 0.03931927 -0.004599988 0 0.04169654 -0.004599988 -0.001999974 0.04169654 -0.004599988 0 0.04119926 -0.004599988 -0.001999974 0.04119926 -0.004599988 0 0.04357659 -0.004599988 -0.001999974 0.04357659 -0.004599988 0 0.04307931 -0.004599988 -0.001999974 0.04307931 -0.004599988 0 0.04545658 -0.004599988 -0.001999974 0.04545658 -0.004599988 0 0.0449593 -0.004599988 -0.001999974 0.0449593 -0.004599988 0 0.0169 0.008449971 -0.03240269 0.0169 0.008708775 -0.0323686 0.0169 0.008949995 -0.0322687 0.0169 0.009157061 -0.03210979 0.0169 -0.004449963 -0.03240269 0.0169 -0.004140973 -0.03235375 0.0169 -0.003862202 -0.03221172 0.0169 -0.003640949 -0.03199046 0.0169 -0.003498911 -0.03171169 0.0169 -0.003449976 -0.0314027 0.0169 0.007449984 -0.02214533 0.0169 0.007449984 -0.0314027 0.0169 0.008949995 -0.02114534 0.0169 0.008449971 -0.02114534 0.0169 0.009949982 -0.03048849 0.0169 0.009949982 -0.02214533 0.0169 -0.003449976 -0.01814532 0.0169 -0.003449976 -0.008879303 0.0169 -0.004949986 -0.0191453 0.0169 -0.004449963 -0.0191453 0.0169 -0.005949974 -0.009745299 0.0169 -0.005949974 -0.01814532 0.0169 0.007449984 -0.008879303 0.0169 0.007449984 -0.01814532 0.0169 0.009949982 -0.01814532 0.0169 0.009949982 -0.009745299 0.0169 0.008449971 -0.0191453 0.0169 0.008949995 -0.0191453 0.0169 -0.005949974 -0.02214533 0.0169 -0.005949974 -0.03048849 0.0169 -0.004449963 -0.02114534 0.0169 -0.004949986 -0.02114534 0.0169 -0.003449976 -0.02214533 0.0169 0.00544995 -0.03364533 0.0169 0.00544995 -0.009245336 0.0169 5e-5 -0.03514534 0.0169 0.003949999 -0.03514534 0.0169 -0.001449942 -0.009245336 0.0169 -0.001449942 -0.03364533 0.0169 0.003949999 -0.007745325 0.0169 5e-5 -0.007745325 0.0169 -0.0126 -0.003206312 0.0169 -0.007949948 -0.03131687 0.0169 -0.007949948 -0.01390147 0.0169 0.006121516 -0.03714531 0.0169 -0.002121567 -0.03714531 0.0169 0.01194995 -0.007573723 0.0169 0.01194995 -0.03131687 0.0169 -0.004599988 -0.003745317 0.0169 0.00812155 -0.003745317 0.0169 -0.004599988 -0.002736568 0.0169 -0.0126 -0.002736568 0.0169 -0.01126664 -0.002736568 0.0169 -0.009933292 -0.002736568 0.0169 -0.008599996 -0.002736568 0.0169 -0.00726664 -0.002736568 0.0169 -0.005933284 -0.002736568 0.0169 0.008434414 -0.003769934 0.0169 0.00873959 -0.003843188 0.0169 0.009029507 -0.003963291 0.0169 0.009297132 -0.004127264 0.0169 0.009535729 -0.004331111 0.0169 -0.009033501 -0.009881258 0.0169 -0.0123291 -0.004211366 0.0169 -0.007364213 -0.03273111 0.0169 -0.007568001 -0.03249245 0.0169 -0.007731974 -0.03222489 0.0169 -0.007852077 -0.03193491 0.0169 -0.007925331 -0.0316298 0.0169 -0.003535747 -0.03655952 0.0169 -0.002434432 -0.03712069 0.0169 -0.002739548 -0.03704744 0.0169 -0.003029525 -0.03692734 0.0169 -0.00329709 -0.03676337 0.0169 0.007535755 -0.03655952 0.0169 0.007297098 -0.03676337 0.0169 0.007029533 -0.03692734 0.0169 0.006739556 -0.03704744 0.0169 0.00643444 -0.03712069 0.0169 0.01136416 -0.03273111 0.0169 0.01192533 -0.0316298 0.0169 0.01185208 -0.03193491 0.0169 0.01173198 -0.03222489 0.0169 0.011568 -0.03249245 0.0169 0.01136416 -0.006159543 0.0169 0.011568 -0.0063982 0.0169 0.01173198 -0.006665766 0.0169 0.01185208 -0.006955742 0.0169 0.01192533 -0.007260859 0.0169 -0.007980763 -0.01320034 0.0169 -0.008072853 -0.01250457 0.0169 -0.008225619 -0.0118196 0.0169 -0.008437752 -0.01115065 0.0169 -0.008707761 -0.01050287 0.0169 -0.01247805 -0.003893971 0.0169 -0.01256924 -0.003555536 0.0169 -0.005364179 -0.03190267 0.0169 -0.005157053 -0.03210979 0.0169 0.009364187 -0.03190267 0.0169 -0.005925357 -0.03080135 0.0169 -0.005852103 -0.03110653 0.0169 -0.005731999 -0.03139644 0.0169 -0.005568027 -0.03166407 0.0169 -0.004949986 -0.008013248 0.0169 -0.005235552 -0.008213222 0.0169 -0.005482077 -0.008459746 0.0169 -0.005682051 -0.008745312 0.0169 -0.005829334 -0.009061276 0.0169 -0.005919575 -0.009398043 0.0169 0.009919583 -0.009398043 0.0169 0.009829342 -0.009061276 0.0169 0.009681999 -0.008745312 0.0169 0.009482085 -0.008459746 0.0169 0.00923556 -0.008213222 0.0169 0.008949995 -0.008013248 0.0169 0.009567975 -0.03166407 0.0169 0.009732007 -0.03139644 0.0169 0.009852111 -0.03110653 0.0169 0.009925365 -0.03080135 0.0169 -0.004949986 -0.0322687 0.0169 -0.004708766 -0.0323686 0.0169 -0.003498911 -0.02183634 0.0169 -0.003640949 -0.02155756 0.0169 -0.003862202 -0.02133631 0.0169 -0.004140973 -0.02119427 0.0169 -0.005258977 -0.02119427 0.0169 -0.005537748 -0.02133631 0.0169 -0.005759 -0.02155756 0.0169 -0.005901038 -0.02183634 0.0169 -0.005901038 -0.01845437 0.0169 -0.005759 -0.01873314 0.0169 -0.005537748 -0.01895433 0.0169 -0.005258977 -0.01909637 0.0169 -0.004140973 -0.01909637 0.0169 -0.003862202 -0.01895433 0.0169 -0.003640949 -0.01873314 0.0169 -0.003498911 -0.01845437 0.0169 -0.003536403 -0.008472561 0.0169 -0.003780841 -0.008136153 0.0169 -0.004140973 -0.007928252 0.0169 -0.00455451 -0.0078848 0.0169 0.008554518 -0.0078848 0.0169 0.008140981 -0.007928252 0.0169 0.007780849 -0.008136153 0.0169 0.007536411 -0.008472561 0.0169 0.007498919 -0.01845437 0.0169 0.007640957 -0.01873314 0.0169 0.00786221 -0.01895433 0.0169 0.008140981 -0.01909637 0.0169 0.009258985 -0.01909637 0.0169 0.009537756 -0.01895433 0.0169 0.009759008 -0.01873314 0.0169 0.009901046 -0.01845437 0.0169 0.009901046 -0.02183634 0.0169 0.009759008 -0.02155756 0.0169 0.009537756 -0.02133631 0.0169 0.009258985 -0.02119427 0.0169 0.008140981 -0.02119427 0.0169 0.00786221 -0.02133631 0.0169 0.007640957 -0.02155756 0.0169 0.007498919 -0.02183634 0.0169 0.007498919 -0.03171169 0.0169 0.007640957 -0.03199046 0.0169 0.00786221 -0.03221172 0.0169 0.008140981 -0.03235375 0.0169 0.005376577 -0.00878179 0.0169 0.00516349 -0.008363664 0.0169 0.004831671 -0.008031785 0.0169 0.004413485 -0.007818758 0.0169 -4.13525e-4 -0.007818758 0.0169 -8.31678e-4 -0.008031785 0.0169 -0.001163482 -0.008363664 0.0169 -0.001376569 -0.00878179 0.0169 -0.001376569 -0.03410887 0.0169 -0.001163482 -0.034527 0.0169 -8.31678e-4 -0.03485888 0.0169 -4.13525e-4 -0.0350719 0.0169 0.004413485 -0.0350719 0.0169 0.004831671 -0.03485888 0.0169 0.00516349 -0.034527 0.0169 0.005376577 -0.03410887 0.01639997 0.008511722 -0.003783762 0.01589995 0.008511722 -0.003783762 0.01539999 0.008511722 -0.003783762 0.01639997 0.008886933 -0.003897547 0.01589995 0.008886933 -0.003897547 0.01539999 0.008886933 -0.003897547 0.01639997 0.009232699 -0.004082381 0.01589995 0.009232699 -0.004082381 0.01539999 0.009232699 -0.004082381 0.0169 0.009535729 -0.004331111 0.01489996 0.009535729 -0.004331111 0.01489996 0.009297132 -0.004127264 0.01489996 0.009029507 -0.003963291 0.01489996 0.00873959 -0.003843188 0.01489996 0.008434414 -0.003769934 0.01489996 0.00812155 -0.003745317 0.01523333 0.00812155 -0.003745317 0.01556664 0.00812155 -0.003745317 0.01589995 0.00812155 -0.003745317 0.01623332 0.00812155 -0.003745317 0.01656663 0.00812155 -0.003745317 0.0169 0.00812155 -0.003745317 0.0169 0.008434414 -0.003769934 0.0169 0.00873959 -0.003843188 0.0169 0.009029507 -0.003963291 0.0169 0.009297132 -0.004127264 0.01656663 0.009535729 -0.004331111 0.01623332 0.009535729 -0.004331111 0.01589995 0.009535729 -0.004331111 0.01556664 0.009535729 -0.004331111 0.01523333 0.009535729 -0.004331111 0.0169 -0.004599988 -0.003745317 0.01489996 0.00812155 -0.003745317 0.0169 0.00812155 -0.003745317 0.01656663 0.00812155 -0.003745317 0.01623332 0.00812155 -0.003745317 0.01589995 0.00812155 -0.003745317 0.01556664 0.00812155 -0.003745317 0.01523333 0.00812155 -0.003745317 0.01489996 -0.004599988 -0.003745317 0.01489996 -0.004599988 -0.002736568 0.0169 -0.004599988 -0.003745317 0.0169 -0.004599988 -0.002736568 0.01489996 -0.004599988 -0.003745317 0.0169 -0.0126 -0.002736568 0.0169 -0.0126 -0.003206312 0.01489996 -0.0126 -0.002736568 0.01489996 -0.0126 -0.003206312 0.01523333 -0.0126 -0.003206312 0.01556664 -0.0126 -0.003206312 0.01589995 -0.0126 -0.003206312 0.01623332 -0.0126 -0.003206312 0.01656663 -0.0126 -0.003206312 0.01489996 -0.009033501 -0.009881258 0.0169 -0.009033501 -0.009881258 0.0169 -0.0123291 -0.004211366 0.01656663 -0.0123291 -0.004211366 0.01623332 -0.0123291 -0.004211366 0.01589995 -0.0123291 -0.004211366 0.01556664 -0.0123291 -0.004211366 0.01523333 -0.0123291 -0.004211366 0.01489996 -0.0123291 -0.004211366 0.01556664 -0.009033501 -0.009881258 0.01623332 -0.009033501 -0.009881258 0.0169 -0.007949948 -0.01390147 0.0169 -0.007949948 -0.03131687 0.01623332 -0.007949948 -0.01390147 0.01556664 -0.007949948 -0.01390147 0.01489996 -0.007949948 -0.01390147 0.01489996 -0.007949948 -0.03131687 0.01523333 -0.007949948 -0.03131687 0.01556664 -0.007949948 -0.03131687 0.01589995 -0.007949948 -0.03131687 0.01623332 -0.007949948 -0.03131687 0.01656663 -0.007949948 -0.03131687 0.01489996 -0.007364213 -0.03273111 0.01639997 -0.007612884 -0.03242802 0.01589995 -0.007612884 -0.03242802 0.01539999 -0.007612884 -0.03242802 0.01639997 -0.007797718 -0.03208225 0.01589995 -0.007797718 -0.03208225 0.01539999 -0.007797718 -0.03208225 0.01639997 -0.007911562 -0.0317071 0.01589995 -0.007911562 -0.0317071 0.01539999 -0.007911562 -0.0317071 0.0169 -0.007949948 -0.03131687 0.01656663 -0.007949948 -0.03131687 0.01623332 -0.007949948 -0.03131687 0.01589995 -0.007949948 -0.03131687 0.01556664 -0.007949948 -0.03131687 0.01523333 -0.007949948 -0.03131687 0.01489996 -0.007949948 -0.03131687 0.01489996 -0.007925331 -0.0316298 0.01489996 -0.007852077 -0.03193491 0.01489996 -0.007731974 -0.03222489 0.01489996 -0.007568001 -0.03249245 0.01523333 -0.007364213 -0.03273111 0.01556664 -0.007364213 -0.03273111 0.01589995 -0.007364213 -0.03273111 0.01623332 -0.007364213 -0.03273111 0.01656663 -0.007364213 -0.03273111 0.0169 -0.007364213 -0.03273111 0.0169 -0.007568001 -0.03249245 0.0169 -0.007731974 -0.03222489 0.0169 -0.007852077 -0.03193491 0.0169 -0.007925331 -0.0316298 0.01489996 -0.007364213 -0.03273111 0.0169 -0.007364213 -0.03273111 0.01656663 -0.007364213 -0.03273111 0.01623332 -0.007364213 -0.03273111 0.01589995 -0.007364213 -0.03273111 0.01556664 -0.007364213 -0.03273111 0.01523333 -0.007364213 -0.03273111 0.01489996 -0.003535747 -0.03655952 0.01523333 -0.003535747 -0.03655952 0.01556664 -0.003535747 -0.03655952 0.01589995 -0.003535747 -0.03655952 0.01623332 -0.003535747 -0.03655952 0.01656663 -0.003535747 -0.03655952 0.0169 -0.003535747 -0.03655952 0.0169 -0.002121567 -0.03714531 0.01639997 -0.002511739 -0.03710693 0.01589995 -0.002511739 -0.03710693 0.01539999 -0.002511739 -0.03710693 0.01639997 -0.002886891 -0.03699308 0.01589995 -0.002886891 -0.03699308 0.01539999 -0.002886891 -0.03699308 0.01639997 -0.003232657 -0.03680825 0.01589995 -0.003232657 -0.03680825 0.01539999 -0.003232657 -0.03680825 0.0169 -0.003535747 -0.03655952 0.01656663 -0.003535747 -0.03655952 0.01623332 -0.003535747 -0.03655952 0.01589995 -0.003535747 -0.03655952 0.01556664 -0.003535747 -0.03655952 0.01523333 -0.003535747 -0.03655952 0.01489996 -0.003535747 -0.03655952 0.01489996 -0.00329709 -0.03676337 0.01489996 -0.003029525 -0.03692734 0.01489996 -0.002739548 -0.03704744 0.01489996 -0.002434432 -0.03712069 0.01489996 -0.002121567 -0.03714531 0.01523333 -0.002121567 -0.03714531 0.01556664 -0.002121567 -0.03714531 0.01589995 -0.002121567 -0.03714531 0.01623332 -0.002121567 -0.03714531 0.01656663 -0.002121567 -0.03714531 0.0169 -0.002434432 -0.03712069 0.0169 -0.002739548 -0.03704744 0.0169 -0.003029525 -0.03692734 0.0169 -0.00329709 -0.03676337 0.0169 0.006121516 -0.03714531 0.01489996 -0.002121567 -0.03714531 0.01489996 0.006121516 -0.03714531 0.0169 -0.002121567 -0.03714531 0.01656663 -0.002121567 -0.03714531 0.01623332 -0.002121567 -0.03714531 0.01589995 -0.002121567 -0.03714531 0.01556664 -0.002121567 -0.03714531 0.01523333 -0.002121567 -0.03714531 0.01523333 0.006121516 -0.03714531 0.01556664 0.006121516 -0.03714531 0.01589995 0.006121516 -0.03714531 0.01623332 0.006121516 -0.03714531 0.01656663 0.006121516 -0.03714531 0.01639997 0.007232666 -0.03680825 0.01589995 0.007232666 -0.03680825 0.01539999 0.007232666 -0.03680825 0.01639997 0.006886899 -0.03699308 0.01589995 0.006886899 -0.03699308 0.01539999 0.006886899 -0.03699308 0.01639997 0.006511747 -0.03710693 0.01589995 0.006511747 -0.03710693 0.01539999 0.006511747 -0.03710693 0.0169 0.006121516 -0.03714531 0.01656663 0.006121516 -0.03714531 0.01623332 0.006121516 -0.03714531 0.01589995 0.006121516 -0.03714531 0.01556664 0.006121516 -0.03714531 0.01523333 0.006121516 -0.03714531 0.01489996 0.006121516 -0.03714531 0.01489996 0.00643444 -0.03712069 0.01489996 0.006739556 -0.03704744 0.01489996 0.007029533 -0.03692734 0.01489996 0.007297098 -0.03676337 0.01489996 0.007535755 -0.03655952 0.01523333 0.007535755 -0.03655952 0.01556664 0.007535755 -0.03655952 0.01589995 0.007535755 -0.03655952 0.01623332 0.007535755 -0.03655952 0.01656663 0.007535755 -0.03655952 0.0169 0.007535755 -0.03655952 0.0169 0.007297098 -0.03676337 0.0169 0.007029533 -0.03692734 0.0169 0.006739556 -0.03704744 0.0169 0.00643444 -0.03712069 0.0169 0.007535755 -0.03655952 0.01656663 0.007535755 -0.03655952 0.01623332 0.007535755 -0.03655952 0.01589995 0.007535755 -0.03655952 0.01556664 0.007535755 -0.03655952 0.01523333 0.007535755 -0.03655952 0.01489996 0.007535755 -0.03655952 0.01489996 0.01136416 -0.03273111 0.01523333 0.01136416 -0.03273111 0.01556664 0.01136416 -0.03273111 0.01589995 0.01136416 -0.03273111 0.01623332 0.01136416 -0.03273111 0.01656663 0.01136416 -0.03273111 0.0169 0.01136416 -0.03273111 0.0169 0.01194995 -0.03131687 0.01639997 0.01191157 -0.0317071 0.01589995 0.01191157 -0.0317071 0.01539999 0.01191157 -0.0317071 0.01639997 0.01179772 -0.03208225 0.01589995 0.01179772 -0.03208225 0.01539999 0.01179772 -0.03208225 0.01639997 0.01161289 -0.03242802 0.01589995 0.01161289 -0.03242802 0.01539999 0.01161289 -0.03242802 0.01489996 0.01136416 -0.03273111 0.0169 0.01136416 -0.03273111 0.01656663 0.01136416 -0.03273111 0.01623332 0.01136416 -0.03273111 0.01589995 0.01136416 -0.03273111 0.01556664 0.01136416 -0.03273111 0.01523333 0.01136416 -0.03273111 0.01489996 0.011568 -0.03249245 0.01489996 0.01173198 -0.03222489 0.01489996 0.01185208 -0.03193491 0.01489996 0.01192533 -0.0316298 0.01489996 0.01194995 -0.03131687 0.01523333 0.01194995 -0.03131687 0.01556664 0.01194995 -0.03131687 0.01589995 0.01194995 -0.03131687 0.01623332 0.01194995 -0.03131687 0.01656663 0.01194995 -0.03131687 0.0169 0.01192533 -0.0316298 0.0169 0.01185208 -0.03193491 0.0169 0.01173198 -0.03222489 0.0169 0.011568 -0.03249245 0.0169 0.01194995 -0.007573723 0.01489996 0.01194995 -0.03131687 0.0169 0.01194995 -0.03131687 0.01656663 0.01194995 -0.03131687 0.01623332 0.01194995 -0.03131687 0.01589995 0.01194995 -0.03131687 0.01556664 0.01194995 -0.03131687 0.01523333 0.01194995 -0.03131687 0.01489996 0.01194995 -0.007573723 0.01523333 0.01194995 -0.007573723 0.01556664 0.01194995 -0.007573723 0.01589995 0.01194995 -0.007573723 0.01623332 0.01194995 -0.007573723 0.01656663 0.01194995 -0.007573723 0.01489996 0.01136416 -0.006159543 0.01639997 0.01161289 -0.006462633 0.01589995 0.01161289 -0.006462633 0.01539999 0.01161289 -0.006462633 0.01639997 0.01179772 -0.0068084 0.01589995 0.01179772 -0.0068084 0.01539999 0.01179772 -0.0068084 0.01639997 0.01191157 -0.007183551 0.01589995 0.01191157 -0.007183551 0.01539999 0.01191157 -0.007183551 0.0169 0.01194995 -0.007573723 0.01589995 0.01194995 -0.007573723 0.01489996 0.01194995 -0.007573723 0.01656663 0.01194995 -0.007573723 0.01623332 0.01194995 -0.007573723 0.01556664 0.01194995 -0.007573723 0.01523333 0.01194995 -0.007573723 0.01489996 0.01192533 -0.007260859 0.01489996 0.01185208 -0.006955742 0.01489996 0.01173198 -0.006665766 0.01489996 0.011568 -0.0063982 0.01523333 0.01136416 -0.006159543 0.01556664 0.01136416 -0.006159543 0.01589995 0.01136416 -0.006159543 0.01623332 0.01136416 -0.006159543 0.01656663 0.01136416 -0.006159543 0.0169 0.01136416 -0.006159543 0.0169 0.011568 -0.0063982 0.0169 0.01173198 -0.006665766 0.0169 0.01185208 -0.006955742 0.0169 0.01192533 -0.007260859 0.0169 0.009535729 -0.004331111 0.01489996 0.009535729 -0.004331111 0.01523333 0.009535729 -0.004331111 0.01556664 0.009535729 -0.004331111 0.01589995 0.009535729 -0.004331111 0.01623332 0.009535729 -0.004331111 0.01656663 0.009535729 -0.004331111 0.0169 0.01136416 -0.006159543 0.01656663 0.01136416 -0.006159543 0.01623332 0.01136416 -0.006159543 0.01589995 0.01136416 -0.006159543 0.01556664 0.01136416 -0.006159543 0.01523333 0.01136416 -0.006159543 0.01489996 0.01136416 -0.006159543 0.01489996 -0.0126 -0.002736568 0.01489996 0.008449971 -0.03240269 0.01489996 0.008708775 -0.0323686 0.01489996 0.008949995 -0.0322687 0.01489996 0.009157061 -0.03210979 0.01489996 -0.004449963 -0.03240269 0.01489996 -0.004140973 -0.03235375 0.01489996 -0.003862202 -0.03221172 0.01489996 -0.003640949 -0.03199046 0.01489996 -0.003498911 -0.03171169 0.01489996 -0.003449976 -0.0314027 0.01489996 0.00812155 -0.003745317 0.01489996 0.008434414 -0.003769934 0.01489996 0.00873959 -0.003843188 0.01489996 0.009029507 -0.003963291 0.01489996 0.009297132 -0.004127264 0.01489996 0.009535729 -0.004331111 0.01489996 -0.004599988 -0.003745317 0.01489996 -0.004599988 -0.002736568 0.01489996 -0.0126 -0.003206312 0.01489996 -0.009033501 -0.009881258 0.01489996 -0.0123291 -0.004211366 0.01489996 -0.007949948 -0.03131687 0.01489996 -0.007949948 -0.01390147 0.01489996 -0.007364213 -0.03273111 0.01489996 -0.007568001 -0.03249245 0.01489996 -0.007731974 -0.03222489 0.01489996 -0.007852077 -0.03193491 0.01489996 -0.007925331 -0.0316298 0.01489996 -0.003535747 -0.03655952 0.01489996 -0.002121567 -0.03714531 0.01489996 -0.002434432 -0.03712069 0.01489996 -0.002739548 -0.03704744 0.01489996 -0.003029525 -0.03692734 0.01489996 -0.00329709 -0.03676337 0.01489996 0.006121516 -0.03714531 0.01489996 0.007535755 -0.03655952 0.01489996 0.007297098 -0.03676337 0.01489996 0.007029533 -0.03692734 0.01489996 0.006739556 -0.03704744 0.01489996 0.00643444 -0.03712069 0.01489996 0.01136416 -0.03273111 0.01489996 0.01194995 -0.03131687 0.01489996 0.01192533 -0.0316298 0.01489996 0.01185208 -0.03193491 0.01489996 0.01173198 -0.03222489 0.01489996 0.011568 -0.03249245 0.01489996 0.01194995 -0.007573723 0.01489996 0.01136416 -0.006159543 0.01489996 0.011568 -0.0063982 0.01489996 0.01173198 -0.006665766 0.01489996 0.01185208 -0.006955742 0.01489996 0.01192533 -0.007260859 0.01489996 0.009949982 -0.03048849 0.01489996 0.009949982 -0.02214533 0.01489996 0.008949995 -0.02114534 0.01489996 0.008449971 -0.02114534 0.01489996 0.007449984 -0.02214533 0.01489996 0.007449984 -0.0314027 0.01489996 -0.004949986 -0.0191453 0.01489996 -0.004449963 -0.0191453 0.01489996 -0.003449976 -0.01814532 0.01489996 -0.003449976 -0.008879303 0.01489996 -0.005949974 -0.009745299 0.01489996 -0.005949974 -0.01814532 0.01489996 0.009949982 -0.01814532 0.01489996 0.009949982 -0.009745299 0.01489996 0.007449984 -0.008879303 0.01489996 0.007449984 -0.01814532 0.01489996 0.008449971 -0.0191453 0.01489996 0.008949995 -0.0191453 0.01489996 -0.003449976 -0.02214533 0.01489996 -0.004449963 -0.02114534 0.01489996 -0.004949986 -0.02114534 0.01489996 -0.005949974 -0.02214533 0.01489996 -0.005949974 -0.03048849 0.01489996 -0.001449942 -0.009245336 0.01489996 -0.001449942 -0.03364533 0.01489996 5e-5 -0.03514534 0.01489996 0.003949999 -0.03514534 0.01489996 0.00544995 -0.03364533 0.01489996 0.00544995 -0.009245336 0.01489996 0.003949999 -0.007745325 0.01489996 5e-5 -0.007745325 0.01489996 -0.009933292 -0.002736568 0.01489996 -0.00726664 -0.002736568 0.01489996 -0.007980763 -0.01320034 0.01489996 -0.008072853 -0.01250457 0.01489996 -0.008225619 -0.0118196 0.01489996 -0.008437752 -0.01115065 0.01489996 -0.008707761 -0.01050287 0.01489996 -0.01247805 -0.003893971 0.01489996 -0.01256924 -0.003555536 0.01489996 -0.005364179 -0.03190267 0.01489996 -0.005157053 -0.03210979 0.01489996 0.009364187 -0.03190267 0.01489996 -0.005925357 -0.03080135 0.01489996 -0.005852103 -0.03110653 0.01489996 -0.005731999 -0.03139644 0.01489996 -0.005568027 -0.03166407 0.01489996 -0.004949986 -0.008013248 0.01489996 -0.005235552 -0.008213222 0.01489996 -0.005482077 -0.008459746 0.01489996 -0.005682051 -0.008745312 0.01489996 -0.005829334 -0.009061276 0.01489996 -0.005919575 -0.009398043 0.01489996 0.009919583 -0.009398043 0.01489996 0.009829342 -0.009061276 0.01489996 0.009681999 -0.008745312 0.01489996 0.009482085 -0.008459746 0.01489996 0.00923556 -0.008213222 0.01489996 0.008949995 -0.008013248 0.01489996 0.009567975 -0.03166407 0.01489996 0.009732007 -0.03139644 0.01489996 0.009852111 -0.03110653 0.01489996 0.009925365 -0.03080135 0.01489996 -0.004949986 -0.0322687 0.01489996 -0.004708766 -0.0323686 0.01489996 -0.003498911 -0.02183634 0.01489996 -0.003640949 -0.02155756 0.01489996 -0.003862202 -0.02133631 0.01489996 -0.004140973 -0.02119427 0.01489996 -0.005258977 -0.02119427 0.01489996 -0.005537748 -0.02133631 0.01489996 -0.005759 -0.02155756 0.01489996 -0.005901038 -0.02183634 0.01489996 -0.005901038 -0.01845437 0.01489996 -0.005759 -0.01873314 0.01489996 -0.005537748 -0.01895433 0.01489996 -0.005258977 -0.01909637 0.01489996 -0.004140973 -0.01909637 0.01489996 -0.003862202 -0.01895433 0.01489996 -0.003640949 -0.01873314 0.01489996 -0.003498911 -0.01845437 0.01489996 -0.003536403 -0.008472561 0.01489996 -0.003780841 -0.008136153 0.01489996 -0.004140973 -0.007928252 0.01489996 -0.00455451 -0.0078848 0.01489996 0.008554518 -0.0078848 0.01489996 0.008140981 -0.007928252 0.01489996 0.007780849 -0.008136153 0.01489996 0.007536411 -0.008472561 0.01489996 0.007498919 -0.01845437 0.01489996 0.007640957 -0.01873314 0.01489996 0.00786221 -0.01895433 0.01489996 0.008140981 -0.01909637 0.01489996 0.009258985 -0.01909637 0.01489996 0.009537756 -0.01895433 0.01489996 0.009759008 -0.01873314 0.01489996 0.009901046 -0.01845437 0.01489996 0.009901046 -0.02183634 0.01489996 0.009759008 -0.02155756 0.01489996 0.009537756 -0.02133631 0.01489996 0.009258985 -0.02119427 0.01489996 0.008140981 -0.02119427 0.01489996 0.00786221 -0.02133631 0.01489996 0.007640957 -0.02155756 0.01489996 0.007498919 -0.02183634 0.01489996 0.007498919 -0.03171169 0.01489996 0.007640957 -0.03199046 0.01489996 0.00786221 -0.03221172 0.01489996 0.008140981 -0.03235375 0.01489996 0.005376577 -0.00878179 0.01489996 0.00516349 -0.008363664 0.01489996 0.004831671 -0.008031785 0.01489996 0.004413485 -0.007818758 0.01489996 -4.13525e-4 -0.007818758 0.01489996 -8.31678e-4 -0.008031785 0.01489996 -0.001163482 -0.008363664 0.01489996 -0.001376569 -0.00878179 0.01489996 -0.001376569 -0.03410887 0.01489996 -0.001163482 -0.034527 0.01489996 -8.31678e-4 -0.03485888 0.01489996 -4.13525e-4 -0.0350719 0.01489996 0.004413485 -0.0350719 0.01489996 0.004831671 -0.03485888 0.01489996 0.00516349 -0.034527 0.01489996 0.005376577 -0.03410887 0.04989999 -0.009771525 0 0.04989999 -0.007428407 0 0.04989999 -0.009771525 -0.001999974 0.04989999 -0.007428407 -0.001999974 0.04989999 -0.007428407 -0.001666665 0.04989999 -0.007428407 -0.001333296 0.04989999 -0.007428407 -0.000999987 0.04989999 -0.007428407 -6.66667e-4 0.04989999 -0.007428407 -3.33333e-4 0.04989999 -0.009771525 -3.33333e-4 0.04989999 -0.009771525 -6.66667e-4 0.04989999 -0.009771525 -0.000999987 0.04989999 -0.009771525 -0.001333296 0.04989999 -0.009771525 -0.001666665 0.01763659 -0.0126 -0.001999974 0.01763659 -0.004599988 -0.001999974 0.02101659 -0.004599988 -0.001999974 0.02051931 -0.004599988 -0.001999974 0.01913654 -0.004599988 -0.001999974 0.02289658 -0.004599988 -0.001999974 0.0223993 -0.004599988 -0.001999974 0.02477657 -0.004599988 -0.001999974 0.02427929 -0.004599988 -0.001999974 0.02665656 -0.004599988 -0.001999974 0.02615928 -0.004599988 -0.001999974 0.02853655 -0.004599988 -0.001999974 0.02803927 -0.004599988 -0.001999974 0.03041654 -0.004599988 -0.001999974 0.02991926 -0.004599988 -0.001999974 0.03229659 -0.004599988 -0.001999974 0.03179931 -0.004599988 -0.001999974 0.03417658 -0.004599988 -0.001999974 0.0336793 -0.004599988 -0.001999974 0.03605657 -0.004599988 -0.001999974 0.03555929 -0.004599988 -0.001999974 0.03793656 -0.004599988 -0.001999974 0.03743928 -0.004599988 -0.001999974 0.03981655 -0.004599988 -0.001999974 0.03931927 -0.004599988 -0.001999974 0.04169654 -0.004599988 -0.001999974 0.04119926 -0.004599988 -0.001999974 0.04357659 -0.004599988 -0.001999974 0.04307931 -0.004599988 -0.001999974 0.04545658 -0.004599988 -0.001999974 0.0449593 -0.004599988 -0.001999974 0.04989999 -0.009771525 -0.001999974 0.04989999 -0.007428407 -0.001999974 0.01989996 -0.007449984 -0.001999974 0.04789996 -0.007449984 -0.001999974 0.01989996 -0.01044994 -0.001999974 0.04789996 -0.01044994 -0.001999974 0.04707157 -0.0126 -0.001999974 0.01763659 -0.005933284 -0.001999974 0.01763659 -0.00726664 -0.001999974 0.01763659 -0.008599996 -0.001999974 0.01763659 -0.009933292 -0.001999974 0.01763659 -0.01126664 -0.001999974 0.02002793 -0.005949974 -0.001999974 0.01962792 -0.005949974 -0.001999974 0.02190792 -0.005949974 -0.001999974 0.02150791 -0.005949974 -0.001999974 0.02378791 -0.005949974 -0.001999974 0.0233879 -0.005949974 -0.001999974 0.02566796 -0.005949974 -0.001999974 0.02526795 -0.005949974 -0.001999974 0.02754795 -0.005949974 -0.001999974 0.02714794 -0.005949974 -0.001999974 0.02942794 -0.005949974 -0.001999974 0.02902793 -0.005949974 -0.001999974 0.03130793 -0.005949974 -0.001999974 0.03090792 -0.005949974 -0.001999974 0.03318792 -0.005949974 -0.001999974 0.03278791 -0.005949974 -0.001999974 0.03506791 -0.005949974 -0.001999974 0.0346679 -0.005949974 -0.001999974 0.0369479 -0.005949974 -0.001999974 0.03654795 -0.005949974 -0.001999974 0.03882795 -0.005949974 -0.001999974 0.03842794 -0.005949974 -0.001999974 0.04070794 -0.005949974 -0.001999974 0.04030793 -0.005949974 -0.001999974 0.04258793 -0.005949974 -0.001999974 0.04218792 -0.005949974 -0.001999974 0.04446792 -0.005949974 -0.001999974 0.04406791 -0.005949974 -0.001999974 0.04634791 -0.005949974 -0.001999974 0.0459479 -0.005949974 -0.001999974 0.04707157 -0.004599988 -0.001999974 0.04683929 -0.004599988 -0.001999974 0.0493142 -0.006014168 -0.001999974 0.04848575 -0.005185782 -0.001999974 0.04848575 -0.01201421 -0.001999974 0.0493142 -0.01118576 -0.001999974 0.04987537 -0.007115542 -0.001999974 0.04980206 -0.006810367 -0.001999974 0.04968196 -0.00652039 -0.001999974 0.04951798 -0.006252825 -0.001999974 0.04824709 -0.004981935 -0.001999974 0.04797953 -0.004817962 -0.001999974 0.04768955 -0.004697859 -0.001999974 0.04738444 -0.004624605 -0.001999974 0.04738444 -0.01257532 -0.001999974 0.04768955 -0.01250207 -0.001999974 0.04797953 -0.01238197 -0.001999974 0.04824709 -0.01221799 -0.001999974 0.04951798 -0.0109471 -0.001999974 0.04968196 -0.01067954 -0.001999974 0.04980206 -0.01038956 -0.001999974 0.04987537 -0.01008439 -0.001999974 0.04707157 -0.004599988 -0.001999974 0.04707157 -0.004599988 0 0.04683929 -0.004599988 -0.001999974 0.04683929 -0.004599988 0 0.04707157 -0.004599988 -3.33333e-4 0.04707157 -0.004599988 -6.66667e-4 0.04707157 -0.004599988 -0.000999987 0.04707157 -0.004599988 -0.001333296 0.04707157 -0.004599988 -0.001666665 0.02101659 -0.004599988 0 0.01913654 -0.004599988 0 0.02289658 -0.004599988 0 0.02477657 -0.004599988 0 0.02665656 -0.004599988 0 0.02853655 -0.004599988 0 0.03041654 -0.004599988 0 0.03229659 -0.004599988 0 0.03417658 -0.004599988 0 0.03605657 -0.004599988 0 0.03793656 -0.004599988 0 0.03981655 -0.004599988 0 0.04169654 -0.004599988 0 0.04357659 -0.004599988 0 0.04545658 -0.004599988 0 0.04989999 -0.009771525 0 0.04989999 -0.007428407 0 0.04707157 -0.004599988 0 0.04634791 -0.005949974 0 0.0459479 -0.005949974 0 0.04446792 -0.005949974 0 0.04406791 -0.005949974 0 0.04258793 -0.005949974 0 0.04218792 -0.005949974 0 0.04070794 -0.005949974 0 0.04030793 -0.005949974 0 0.03882795 -0.005949974 0 0.03842794 -0.005949974 0 0.0369479 -0.005949974 0 0.03654795 -0.005949974 0 0.03506791 -0.005949974 0 0.0346679 -0.005949974 0 0.03318792 -0.005949974 0 0.03278791 -0.005949974 0 0.03130793 -0.005949974 0 0.03090792 -0.005949974 0 0.02942794 -0.005949974 0 0.02902793 -0.005949974 0 0.02754795 -0.005949974 0 0.02714794 -0.005949974 0 0.02566796 -0.005949974 0 0.02526795 -0.005949974 0 0.02378791 -0.005949974 0 0.0233879 -0.005949974 0 0.02190792 -0.005949974 0 0.02150791 -0.005949974 0 0.02002793 -0.005949974 0 0.01962792 -0.005949974 0 0.01763659 -0.004599988 0 0.01763659 -0.00726664 0 0.01763659 -0.009933292 0 0.01763659 -0.0126 0 0.04707157 -0.0126 0 0.01989996 -0.01044994 0 0.01989996 -0.007449984 0 0.04789996 -0.007449984 0 0.04789996 -0.01044994 0 0.04683929 -0.004599988 0 0.0449593 -0.004599988 0 0.04307931 -0.004599988 0 0.04119926 -0.004599988 0 0.03931927 -0.004599988 0 0.03743928 -0.004599988 0 0.03555929 -0.004599988 0 0.0336793 -0.004599988 0 0.03179931 -0.004599988 0 0.02991926 -0.004599988 0 0.02803927 -0.004599988 0 0.02615928 -0.004599988 0 0.02427929 -0.004599988 0 0.0223993 -0.004599988 0 0.02051931 -0.004599988 0 0.0493142 -0.006014168 0 0.04848575 -0.005185782 0 0.04848575 -0.01201421 0 0.0493142 -0.01118576 0 0.04987537 -0.007115542 0 0.04980206 -0.006810367 0 0.04968196 -0.00652039 0 0.04951798 -0.006252825 0 0.04824709 -0.004981935 0 0.04797953 -0.004817962 0 0.04768955 -0.004697859 0 0.04738444 -0.004624605 0 0.04738444 -0.01257532 0 0.04768955 -0.01250207 0 0.04797953 -0.01238197 0 0.04824709 -0.01221799 0 0.04951798 -0.0109471 0 0.04968196 -0.01067954 0 0.04980206 -0.01038956 0 0.04987537 -0.01008439 0 0.04707157 -0.0126 0 0.01763659 -0.0126 -0.001999974 0.04707157 -0.0126 -0.001999974 0.01763659 -0.0126 0 0.04707157 -0.0126 -0.001666665 0.04707157 -0.0126 -0.001333296 0.04707157 -0.0126 -0.000999987 0.04707157 -0.0126 -6.66667e-4 0.04707157 -0.0126 -3.33333e-4 0.01763659 -0.004599988 0 0.01489996 -0.004599988 -0.002736568 0.01763659 -0.004599988 -0.001999974 0.0169 -0.004599988 -0.002736568 0.01695603 -0.004599988 -0.002454698 0.01711571 -0.004599988 -0.002215743 0.01735466 -0.004599988 -0.002056062 0.01692831 -0.004599988 -9.32474e-5 0.01626825 -0.004599988 -3.66635e-4 0.01570153 -0.004599988 -8.01531e-4 0.01526659 -0.004599988 -0.001368284 0.01499325 -0.004599988 -0.002028286 0.01489996 -0.0126 -0.002736568 0.01763659 -0.0126 0 0.0169 -0.0126 -0.002736568 0.01763659 -0.0126 -0.001999974 0.01735466 -0.0126 -0.002056062 0.01711571 -0.0126 -0.002215743 0.01695603 -0.0126 -0.002454698 0.01499325 -0.0126 -0.002028286 0.01526659 -0.0126 -0.001368284 0.01570153 -0.0126 -8.01531e-4 0.01626825 -0.0126 -3.66635e-4 0.01692831 -0.0126 -9.32474e-5 0.0169 -0.0126 -0.002736568 0.0169 -0.008599996 -0.002736568 0.0169 -0.004599988 -0.002736568 0.01695603 -0.01059997 -0.002454698 0.01695603 -0.008599996 -0.002454698 0.01695603 -0.006599962 -0.002454698 0.01711571 -0.01059997 -0.002215743 0.01711571 -0.008599996 -0.002215743 0.01711571 -0.006599962 -0.002215743 0.01711571 -0.004599988 -0.002215743 0.01735466 -0.01059997 -0.002056062 0.01735466 -0.008599996 -0.002056062 0.01735466 -0.006599962 -0.002056062 0.01763659 -0.0126 -0.001999974 0.01763659 -0.008599996 -0.001999974 0.01763659 -0.004599988 -0.001999974 0.0169 -0.005933284 -0.002736568 0.0169 -0.00726664 -0.002736568 0.0169 -0.009933292 -0.002736568 0.0169 -0.01126664 -0.002736568 0.01763659 -0.01126664 -0.001999974 0.01763659 -0.009933292 -0.001999974 0.01763659 -0.00726664 -0.001999974 0.01763659 -0.005933284 -0.001999974 0.01695603 -0.0126 -0.002454698 0.01711571 -0.0126 -0.002215743 0.01735466 -0.0126 -0.002056062 0.01735466 -0.004599988 -0.002056062 0.01695603 -0.004599988 -0.002454698 0.01489996 -0.0126 -0.002736568 0.01489996 -0.004599988 -0.002736568 0.01763659 -0.0126 0 0.01763659 -0.004599988 0 0.01489996 -0.00726664 -0.002736568 0.01489996 -0.009933292 -0.002736568 0.01763659 -0.009933292 0 0.01763659 -0.00726664 0 0.01692831 -0.004599988 -9.32474e-5 0.01626825 -0.004599988 -3.66635e-4 0.01570153 -0.004599988 -8.01531e-4 0.01526659 -0.004599988 -0.001368284 0.01499325 -0.004599988 -0.002028286 0.01499325 -0.0126 -0.002028286 0.01526659 -0.0126 -0.001368284 0.01570153 -0.0126 -8.01531e-4 0.01626825 -0.0126 -3.66635e-4 0.01692831 -0.0126 -9.32474e-5 0.01495254 -0.008599996 -0.002202689 0.01536118 -0.008599996 -0.001216173 0.01570153 -0.008599996 -8.01531e-4 0.0161162 -0.008599996 -4.612e-4 0.01658934 -0.008599996 -2.08311e-4 0.01710271 -0.008599996 -5.2583e-5 0.04545658 -0.004599988 -0.001999974 0.04545658 -0.004599988 0 0.0459479 -0.005949974 0 0.0459479 -0.005949974 -0.001999974 0.04634791 -0.005949974 -0.001999974 0.04634791 -0.005949974 0 0.04683929 -0.004599988 -0.001999974 0.04683929 -0.004599988 0 0.0459479 -0.005949974 0 0.04634791 -0.005949974 -0.001999974 0.04634791 -0.005949974 0 0.0459479 -0.005949974 -0.001999974 0.04357659 -0.004599988 -0.001999974 0.04357659 -0.004599988 0 0.04406791 -0.005949974 -0.001999974 0.04406791 -0.005949974 0 0.04446792 -0.005949974 -0.001999974 0.04446792 -0.005949974 0 0.0449593 -0.004599988 -0.001999974 0.0449593 -0.004599988 0 0.04406791 -0.005949974 -0.001999974 0.04406791 -0.005949974 0 0.04446792 -0.005949974 -0.001999974 0.04446792 -0.005949974 0 0.04169654 -0.004599988 -0.001999974 0.04169654 -0.004599988 0 0.04218792 -0.005949974 -0.001999974 0.04218792 -0.005949974 0 0.04258793 -0.005949974 -0.001999974 0.04258793 -0.005949974 0 0.04307931 -0.004599988 -0.001999974 0.04307931 -0.004599988 0 0.04218792 -0.005949974 -0.001999974 0.04218792 -0.005949974 0 0.04258793 -0.005949974 -0.001999974 0.04258793 -0.005949974 0 0.03981655 -0.004599988 -0.001999974 0.03981655 -0.004599988 0 0.04030793 -0.005949974 0 0.04030793 -0.005949974 -0.001999974 0.04070794 -0.005949974 -0.001999974 0.04070794 -0.005949974 0 0.04119926 -0.004599988 -0.001999974 0.04119926 -0.004599988 0 0.04030793 -0.005949974 0 0.04070794 -0.005949974 -0.001999974 0.04070794 -0.005949974 0 0.04030793 -0.005949974 -0.001999974 0.03793656 -0.004599988 -0.001999974 0.03793656 -0.004599988 0 0.03842794 -0.005949974 -0.001999974 0.03842794 -0.005949974 0 0.03882795 -0.005949974 -0.001999974 0.03882795 -0.005949974 0 0.03931927 -0.004599988 -0.001999974 0.03931927 -0.004599988 0 0.03842794 -0.005949974 -0.001999974 0.03842794 -0.005949974 0 0.03882795 -0.005949974 -0.001999974 0.03882795 -0.005949974 0 0.03605657 -0.004599988 -0.001999974 0.03605657 -0.004599988 0 0.03654795 -0.005949974 -0.001999974 0.03654795 -0.005949974 0 0.0369479 -0.005949974 -0.001999974 0.0369479 -0.005949974 0 0.03743928 -0.004599988 -0.001999974 0.03743928 -0.004599988 0 0.03654795 -0.005949974 -0.001999974 0.03654795 -0.005949974 0 0.0369479 -0.005949974 -0.001999974 0.0369479 -0.005949974 0 0.03417658 -0.004599988 -0.001999974 0.03417658 -0.004599988 0 0.0346679 -0.005949974 -0.001999974 0.0346679 -0.005949974 0 0.03506791 -0.005949974 -0.001999974 0.03506791 -0.005949974 0 0.03555929 -0.004599988 -0.001999974 0.03555929 -0.004599988 0 0.0346679 -0.005949974 -0.001999974 0.03506791 -0.005949974 -0.001999974 0.03506791 -0.005949974 0 0.0346679 -0.005949974 0 0.03229659 -0.004599988 -0.001999974 0.03229659 -0.004599988 0 0.03278791 -0.005949974 -0.001999974 0.03278791 -0.005949974 0 0.03318792 -0.005949974 -0.001999974 0.03318792 -0.005949974 0 0.0336793 -0.004599988 -0.001999974 0.0336793 -0.004599988 0 0.03278791 -0.005949974 -0.001999974 0.03278791 -0.005949974 0 0.03318792 -0.005949974 -0.001999974 0.03318792 -0.005949974 0 0.03041654 -0.004599988 -0.001999974 0.03041654 -0.004599988 0 0.03090792 -0.005949974 -0.001999974 0.03090792 -0.005949974 0 0.03130793 -0.005949974 -0.001999974 0.03130793 -0.005949974 0 0.03179931 -0.004599988 -0.001999974 0.03179931 -0.004599988 0 0.03090792 -0.005949974 -0.001999974 0.03090792 -0.005949974 0 0.03130793 -0.005949974 -0.001999974 0.03130793 -0.005949974 0 0.02853655 -0.004599988 -0.001999974 0.02853655 -0.004599988 0 0.02902793 -0.005949974 -0.001999974 0.02902793 -0.005949974 0 0.02942794 -0.005949974 -0.001999974 0.02942794 -0.005949974 0 0.02991926 -0.004599988 -0.001999974 0.02991926 -0.004599988 0 0.02902793 -0.005949974 -0.001999974 0.02942794 -0.005949974 -0.001999974 0.02942794 -0.005949974 0 0.02902793 -0.005949974 0 0.02665656 -0.004599988 -0.001999974 0.02665656 -0.004599988 0 0.02714794 -0.005949974 -0.001999974 0.02714794 -0.005949974 0 0.02754795 -0.005949974 -0.001999974 0.02754795 -0.005949974 0 0.02803927 -0.004599988 -0.001999974 0.02803927 -0.004599988 0 0.02714794 -0.005949974 -0.001999974 0.02714794 -0.005949974 0 0.02754795 -0.005949974 -0.001999974 0.02754795 -0.005949974 0 0.02477657 -0.004599988 -0.001999974 0.02477657 -0.004599988 0 0.02526795 -0.005949974 0 0.02526795 -0.005949974 -0.001999974 0.02566796 -0.005949974 -0.001999974 0.02566796 -0.005949974 0 0.02615928 -0.004599988 -0.001999974 0.02615928 -0.004599988 0 0.02526795 -0.005949974 0 0.02566796 -0.005949974 -0.001999974 0.02566796 -0.005949974 0 0.02526795 -0.005949974 -0.001999974 0.02289658 -0.004599988 -0.001999974 0.02289658 -0.004599988 0 0.0233879 -0.005949974 -0.001999974 0.0233879 -0.005949974 0 0.02378791 -0.005949974 -0.001999974 0.02378791 -0.005949974 0 0.02427929 -0.004599988 -0.001999974 0.02427929 -0.004599988 0 0.0233879 -0.005949974 -0.001999974 0.02378791 -0.005949974 -0.001999974 0.02378791 -0.005949974 0 0.0233879 -0.005949974 0 0.02101659 -0.004599988 -0.001999974 0.02101659 -0.004599988 0 0.02150791 -0.005949974 -0.001999974 0.02150791 -0.005949974 0 0.02190792 -0.005949974 -0.001999974 0.02190792 -0.005949974 0 0.0223993 -0.004599988 -0.001999974 0.0223993 -0.004599988 0 0.02150791 -0.005949974 -0.001999974 0.02150791 -0.005949974 0 0.02190792 -0.005949974 -0.001999974 0.02190792 -0.005949974 0 0.02002793 -0.005949974 -0.001999974 0.02002793 -0.005949974 0 0.02051931 -0.004599988 -0.001999974 0.02051931 -0.004599988 0 0.01962792 -0.005949974 -0.001999974 0.01962792 -0.005949974 0 0.02002793 -0.005949974 -0.001999974 0.02002793 -0.005949974 0 0.01913654 -0.004599988 -0.001999974 0.01962792 -0.005949974 -0.001999974 0.01962792 -0.005949974 0 0.01913654 -0.004599988 0 0.01989996 -0.007449984 -0.001999974 0.01989996 -0.01044994 0 0.01989996 -0.007449984 0 0.01989996 -0.01044994 -0.001999974 0.01989996 -0.007449984 -0.001999974 0.04789996 -0.007449984 -0.001999974 0.01989996 -0.007449984 0 0.04789996 -0.007449984 0 0.04789996 -0.007449984 0 0.04789996 -0.01044994 -0.001999974 0.04789996 -0.007449984 -0.001999974 0.04789996 -0.01044994 0 0.01989996 -0.01044994 0 0.04789996 -0.01044994 0 0.01989996 -0.01044994 -0.001999974 0.04789996 -0.01044994 -0.001999974 0.0169 -0.007949948 -0.01390147 0.01539999 -0.008019149 -0.01285147 0.01589995 -0.008019149 -0.01285147 0.01639997 -0.008019149 -0.01285147 0.01539999 -0.008225619 -0.0118196 0.01589995 -0.008225619 -0.0118196 0.01639997 -0.008225619 -0.0118196 0.0169 -0.008225619 -0.0118196 0.01539999 -0.008565664 -0.01082378 0.01589995 -0.008565664 -0.01082378 0.01639997 -0.008565664 -0.01082378 0.01489996 -0.009033501 -0.009881258 0.0169 -0.009033501 -0.009881258 0.01556664 -0.009033501 -0.009881258 0.01623332 -0.009033501 -0.009881258 0.01623332 -0.007949948 -0.01390147 0.01556664 -0.007949948 -0.01390147 0.0169 -0.008707761 -0.01050287 0.0169 -0.008437752 -0.01115065 0.0169 -0.008072853 -0.01250457 0.0169 -0.007980763 -0.01320034 0.01489996 -0.007949948 -0.01390147 0.01489996 -0.007980763 -0.01320034 0.01489996 -0.008072853 -0.01250457 0.01489996 -0.008225619 -0.0118196 0.01489996 -0.008437752 -0.01115065 0.01489996 -0.008707761 -0.01050287 0.0169 -0.0123291 -0.004211366 0.01489996 -0.0123291 -0.004211366 0.01639997 -0.01244145 -0.003986597 0.01589995 -0.01244145 -0.003986597 0.01539999 -0.01244145 -0.003986597 0.01639997 -0.01252812 -0.003737509 0.01589995 -0.01252812 -0.003737509 0.01539999 -0.01252812 -0.003737509 0.01639997 -0.01258194 -0.003474295 0.01589995 -0.01258194 -0.003474295 0.01539999 -0.01258194 -0.003474295 0.0169 -0.0126 -0.003206312 0.01656663 -0.0126 -0.003206312 0.01623332 -0.0126 -0.003206312 0.01589995 -0.0126 -0.003206312 0.01556664 -0.0126 -0.003206312 0.01523333 -0.0126 -0.003206312 0.01523333 -0.0123291 -0.004211366 0.01556664 -0.0123291 -0.004211366 0.01589995 -0.0123291 -0.004211366 0.01623332 -0.0123291 -0.004211366 0.01656663 -0.0123291 -0.004211366 0.0169 -0.01247805 -0.003893971 0.0169 -0.01256924 -0.003555536 0.01489996 -0.0126 -0.003206312 0.01489996 -0.01256924 -0.003555536 0.01489996 -0.01247805 -0.003893971 0.0169 -0.001449942 -0.03364533 0.01489996 -0.001449942 -0.009245336 0.0169 -0.001449942 -0.009245336 0.01639997 -0.001449942 -0.009245336 0.01589995 -0.001449942 -0.009245336 0.01539999 -0.001449942 -0.009245336 0.01489996 -0.001449942 -0.03364533 0.01539999 -0.001449942 -0.03364533 0.01589995 -0.001449942 -0.03364533 0.01639997 -0.001449942 -0.03364533 0.0169 0.003949999 -0.03514534 0.01489996 5e-5 -0.03514534 0.01489996 0.003949999 -0.03514534 0.01539999 0.003949999 -0.03514534 0.01589995 0.003949999 -0.03514534 0.01639997 0.003949999 -0.03514534 0.0169 5e-5 -0.03514534 0.01639997 5e-5 -0.03514534 0.01589995 5e-5 -0.03514534 0.01539999 5e-5 -0.03514534 0.0169 0.00544995 -0.009245336 0.01489996 0.00544995 -0.03364533 0.01489996 0.00544995 -0.009245336 0.01539999 0.00544995 -0.009245336 0.01589995 0.00544995 -0.009245336 0.01639997 0.00544995 -0.009245336 0.0169 0.00544995 -0.03364533 0.01639997 0.00544995 -0.03364533 0.01589995 0.00544995 -0.03364533 0.01539999 0.00544995 -0.03364533 0.01489996 0.003949999 -0.007745325 0.0169 5e-5 -0.007745325 0.0169 0.003949999 -0.007745325 0.01639997 0.003949999 -0.007745325 0.01589995 0.003949999 -0.007745325 0.01539999 0.003949999 -0.007745325 0.01489996 5e-5 -0.007745325 0.01539999 5e-5 -0.007745325 0.01589995 5e-5 -0.007745325 0.01639997 5e-5 -0.007745325 0.0169 -0.003449976 -0.0314027 0.01656663 -0.003449976 -0.0314027 0.01623332 -0.003449976 -0.0314027 0.01589995 -0.003449976 -0.0314027 0.01556664 -0.003449976 -0.0314027 0.01523333 -0.003449976 -0.0314027 0.0169 -0.003449976 -0.02214533 0.01489996 -0.003449976 -0.0314027 0.01489996 -0.003449976 -0.02214533 0.01523333 -0.003449976 -0.02214533 0.01556664 -0.003449976 -0.02214533 0.01589995 -0.003449976 -0.02214533 0.01623332 -0.003449976 -0.02214533 0.01656663 -0.003449976 -0.02214533 0.01489996 -0.004949986 -0.02114534 0.01489996 -0.004449963 -0.02114534 0.0169 -0.004949986 -0.02114534 0.0169 -0.004449963 -0.02114534 0.01656663 -0.004449963 -0.02114534 0.01623332 -0.004449963 -0.02114534 0.01589995 -0.004449963 -0.02114534 0.01556664 -0.004449963 -0.02114534 0.01523333 -0.004449963 -0.02114534 0.01523333 -0.004949986 -0.02114534 0.01556664 -0.004949986 -0.02114534 0.01589995 -0.004949986 -0.02114534 0.01623332 -0.004949986 -0.02114534 0.01656663 -0.004949986 -0.02114534 0.0169 -0.005949974 -0.03048849 0.01489996 -0.005949974 -0.02214533 0.0169 -0.005949974 -0.02214533 0.01656663 -0.005949974 -0.02214533 0.01623332 -0.005949974 -0.02214533 0.01589995 -0.005949974 -0.02214533 0.01556664 -0.005949974 -0.02214533 0.01523333 -0.005949974 -0.02214533 0.01489996 -0.005949974 -0.03048849 0.01523333 -0.005949974 -0.03048849 0.01556664 -0.005949974 -0.03048849 0.01589995 -0.005949974 -0.03048849 0.01623332 -0.005949974 -0.03048849 0.01656663 -0.005949974 -0.03048849 0.0169 -0.005157053 -0.03210979 0.01489996 -0.005157053 -0.03210979 0.01523333 -0.005157053 -0.03210979 0.01556664 -0.005157053 -0.03210979 0.01589995 -0.005157053 -0.03210979 0.01623332 -0.005157053 -0.03210979 0.01656663 -0.005157053 -0.03210979 0.01489996 -0.005364179 -0.03190267 0.0169 -0.005364179 -0.03190267 0.01656663 -0.005364179 -0.03190267 0.01623332 -0.005364179 -0.03190267 0.01589995 -0.005364179 -0.03190267 0.01556664 -0.005364179 -0.03190267 0.01523333 -0.005364179 -0.03190267 0.0169 0.009949982 -0.009745299 0.01489996 0.009949982 -0.01814532 0.01489996 0.009949982 -0.009745299 0.01523333 0.009949982 -0.009745299 0.01556664 0.009949982 -0.009745299 0.01589995 0.009949982 -0.009745299 0.01623332 0.009949982 -0.009745299 0.01656663 0.009949982 -0.009745299 0.0169 0.009949982 -0.01814532 0.01656663 0.009949982 -0.01814532 0.01623332 0.009949982 -0.01814532 0.01589995 0.009949982 -0.01814532 0.01556664 0.009949982 -0.01814532 0.01523333 0.009949982 -0.01814532 0.0169 0.007449984 -0.01814532 0.01489996 0.007449984 -0.008879303 0.0169 0.007449984 -0.008879303 0.01639997 0.007449984 -0.008879303 0.01589995 0.007449984 -0.008879303 0.01539999 0.007449984 -0.008879303 0.01489996 0.007449984 -0.01814532 0.01523333 0.007449984 -0.01814532 0.01556664 0.007449984 -0.01814532 0.01589995 0.007449984 -0.01814532 0.01623332 0.007449984 -0.01814532 0.01656663 0.007449984 -0.01814532 0.0169 0.008449971 -0.0191453 0.0169 0.008949995 -0.0191453 0.01489996 0.008449971 -0.0191453 0.01489996 0.008949995 -0.0191453 0.01656663 0.008449971 -0.0191453 0.01623332 0.008449971 -0.0191453 0.01589995 0.008449971 -0.0191453 0.01556664 0.008449971 -0.0191453 0.01523333 0.008449971 -0.0191453 0.01523333 0.008949995 -0.0191453 0.01556664 0.008949995 -0.0191453 0.01589995 0.008949995 -0.0191453 0.01623332 0.008949995 -0.0191453 0.01656663 0.008949995 -0.0191453 0.0169 -0.004449963 -0.0191453 0.01489996 -0.004949986 -0.0191453 0.01489996 -0.004449963 -0.0191453 0.0169 -0.004949986 -0.0191453 0.01656663 -0.004949986 -0.0191453 0.01623332 -0.004949986 -0.0191453 0.01589995 -0.004949986 -0.0191453 0.01556664 -0.004949986 -0.0191453 0.01523333 -0.004949986 -0.0191453 0.01523333 -0.004449963 -0.0191453 0.01556664 -0.004449963 -0.0191453 0.01589995 -0.004449963 -0.0191453 0.01623332 -0.004449963 -0.0191453 0.01656663 -0.004449963 -0.0191453 0.0169 -0.003449976 -0.008879303 0.01489996 -0.003449976 -0.01814532 0.0169 -0.003449976 -0.01814532 0.01656663 -0.003449976 -0.01814532 0.01623332 -0.003449976 -0.01814532 0.01589995 -0.003449976 -0.01814532 0.01556664 -0.003449976 -0.01814532 0.01523333 -0.003449976 -0.01814532 0.01489996 -0.003449976 -0.008879303 0.01539999 -0.003449976 -0.008879303 0.01589995 -0.003449976 -0.008879303 0.01639997 -0.003449976 -0.008879303 0.0169 -0.005949974 -0.01814532 0.01489996 -0.005949974 -0.009745299 0.01489996 -0.005949974 -0.01814532 0.01523333 -0.005949974 -0.01814532 0.01556664 -0.005949974 -0.01814532 0.01589995 -0.005949974 -0.01814532 0.01623332 -0.005949974 -0.01814532 0.01656663 -0.005949974 -0.01814532 0.0169 -0.005949974 -0.009745299 0.01656663 -0.005949974 -0.009745299 0.01623332 -0.005949974 -0.009745299 0.01589995 -0.005949974 -0.009745299 0.01556664 -0.005949974 -0.009745299 0.01523333 -0.005949974 -0.009745299 0.0169 0.009949982 -0.02214533 0.01489996 0.009949982 -0.03048849 0.0169 0.009949982 -0.03048849 0.01656663 0.009949982 -0.03048849 0.01623332 0.009949982 -0.03048849 0.01589995 0.009949982 -0.03048849 0.01556664 0.009949982 -0.03048849 0.01523333 0.009949982 -0.03048849 0.01489996 0.009949982 -0.02214533 0.01523333 0.009949982 -0.02214533 0.01556664 0.009949982 -0.02214533 0.01589995 0.009949982 -0.02214533 0.01623332 0.009949982 -0.02214533 0.01656663 0.009949982 -0.02214533 0.01489996 0.008449971 -0.02114534 0.01489996 0.008949995 -0.02114534 0.0169 0.008449971 -0.02114534 0.0169 0.008949995 -0.02114534 0.01656663 0.008949995 -0.02114534 0.01623332 0.008949995 -0.02114534 0.01589995 0.008949995 -0.02114534 0.01556664 0.008949995 -0.02114534 0.01523333 0.008949995 -0.02114534 0.01523333 0.008449971 -0.02114534 0.01556664 0.008449971 -0.02114534 0.01589995 0.008449971 -0.02114534 0.01623332 0.008449971 -0.02114534 0.01656663 0.008449971 -0.02114534 0.0169 0.007449984 -0.0314027 0.01489996 0.007449984 -0.02214533 0.0169 0.007449984 -0.02214533 0.01656663 0.007449984 -0.02214533 0.01623332 0.007449984 -0.02214533 0.01589995 0.007449984 -0.02214533 0.01556664 0.007449984 -0.02214533 0.01523333 0.007449984 -0.02214533 0.01489996 0.007449984 -0.0314027 0.01523333 0.007449984 -0.0314027 0.01556664 0.007449984 -0.0314027 0.01589995 0.007449984 -0.0314027 0.01623332 0.007449984 -0.0314027 0.01656663 0.007449984 -0.0314027 0.0169 0.009364187 -0.03190267 0.0169 0.009157061 -0.03210979 0.01656663 0.009157061 -0.03210979 0.01623332 0.009157061 -0.03210979 0.01589995 0.009157061 -0.03210979 0.01556664 0.009157061 -0.03210979 0.01523333 0.009157061 -0.03210979 0.01489996 0.009157061 -0.03210979 0.01489996 0.009364187 -0.03190267 0.01523333 0.009364187 -0.03190267 0.01556664 0.009364187 -0.03190267 0.01589995 0.009364187 -0.03190267 0.01623332 0.009364187 -0.03190267 0.01656663 0.009364187 -0.03190267 0.0169 -0.005949974 -0.03048849 0.01539999 -0.005911529 -0.03087866 0.01589995 -0.005911529 -0.03087866 0.01639997 -0.005911529 -0.03087866 0.01539999 -0.005797743 -0.03125381 0.01589995 -0.005797743 -0.03125381 0.01639997 -0.005797743 -0.03125381 0.01539999 -0.005612909 -0.03159964 0.01589995 -0.005612909 -0.03159964 0.01639997 -0.005612909 -0.03159964 0.0169 -0.005364179 -0.03190267 0.0169 -0.005568027 -0.03166407 0.0169 -0.005731999 -0.03139644 0.0169 -0.005852103 -0.03110653 0.0169 -0.005925357 -0.03080135 0.01489996 -0.005364179 -0.03190267 0.01523333 -0.005364179 -0.03190267 0.01556664 -0.005364179 -0.03190267 0.01589995 -0.005364179 -0.03190267 0.01623332 -0.005364179 -0.03190267 0.01656663 -0.005364179 -0.03190267 0.01489996 -0.005949974 -0.03048849 0.01489996 -0.005925357 -0.03080135 0.01489996 -0.005852103 -0.03110653 0.01489996 -0.005731999 -0.03139644 0.01489996 -0.005568027 -0.03166407 0.01656663 -0.005949974 -0.03048849 0.01623332 -0.005949974 -0.03048849 0.01589995 -0.005949974 -0.03048849 0.01556664 -0.005949974 -0.03048849 0.01523333 -0.005949974 -0.03048849 0.01489996 -0.004949986 -0.008013248 0.01539999 -0.005364179 -0.00833112 0.01589995 -0.005364179 -0.00833112 0.01639997 -0.005364179 -0.00833112 0.01539999 -0.005682051 -0.008745312 0.01589995 -0.005682051 -0.008745312 0.01639997 -0.005682051 -0.008745312 0.01539999 -0.005881845 -0.009227693 0.01589995 -0.005881845 -0.009227693 0.01639997 -0.005881845 -0.009227693 0.0169 -0.005949974 -0.009745299 0.01489996 -0.005949974 -0.009745299 0.01523333 -0.005949974 -0.009745299 0.01556664 -0.005949974 -0.009745299 0.01589995 -0.005949974 -0.009745299 0.01623332 -0.005949974 -0.009745299 0.01656663 -0.005949974 -0.009745299 0.01489996 -0.005235552 -0.008213222 0.01489996 -0.005482077 -0.008459746 0.01489996 -0.005682051 -0.008745312 0.01489996 -0.005829334 -0.009061276 0.01489996 -0.005919575 -0.009398043 0.0169 -0.004949986 -0.008013248 0.01656663 -0.004949986 -0.008013248 0.01623332 -0.004949986 -0.008013248 0.01589995 -0.004949986 -0.008013248 0.01556664 -0.004949986 -0.008013248 0.01523333 -0.004949986 -0.008013248 0.0169 -0.005919575 -0.009398043 0.0169 -0.005829334 -0.009061276 0.0169 -0.005682051 -0.008745312 0.0169 -0.005482077 -0.008459746 0.0169 -0.005235552 -0.008213222 0.0169 0.009949982 -0.009745299 0.01539999 0.009881794 -0.009227693 0.01589995 0.009881794 -0.009227693 0.01639997 0.009881794 -0.009227693 0.01539999 0.009681999 -0.008745312 0.01589995 0.009681999 -0.008745312 0.01639997 0.009681999 -0.008745312 0.01539999 0.009364187 -0.00833112 0.01589995 0.009364187 -0.00833112 0.01639997 0.009364187 -0.00833112 0.01489996 0.008949995 -0.008013248 0.01656663 0.009949982 -0.009745299 0.01623332 0.009949982 -0.009745299 0.01589995 0.009949982 -0.009745299 0.01556664 0.009949982 -0.009745299 0.01523333 0.009949982 -0.009745299 0.0169 0.008949995 -0.008013248 0.0169 0.00923556 -0.008213222 0.0169 0.009482085 -0.008459746 0.0169 0.009681999 -0.008745312 0.0169 0.009829342 -0.009061276 0.0169 0.009919583 -0.009398043 0.01523333 0.008949995 -0.008013248 0.01556664 0.008949995 -0.008013248 0.01589995 0.008949995 -0.008013248 0.01623332 0.008949995 -0.008013248 0.01656663 0.008949995 -0.008013248 0.01489996 0.009949982 -0.009745299 0.01489996 0.009919583 -0.009398043 0.01489996 0.009829342 -0.009061276 0.01489996 0.009681999 -0.008745312 0.01489996 0.009482085 -0.008459746 0.01489996 0.00923556 -0.008213222 0.01489996 0.009364187 -0.03190267 0.01589995 0.009364187 -0.03190267 0.0169 0.009364187 -0.03190267 0.01539999 0.009612917 -0.03159964 0.01589995 0.009612917 -0.03159964 0.01639997 0.009612917 -0.03159964 0.01539999 0.009797751 -0.03125381 0.01589995 0.009797751 -0.03125381 0.01639997 0.009797751 -0.03125381 0.01539999 0.009911537 -0.03087866 0.01589995 0.009911537 -0.03087866 0.01639997 0.009911537 -0.03087866 0.01656663 0.009364187 -0.03190267 0.01623332 0.009364187 -0.03190267 0.01556664 0.009364187 -0.03190267 0.01523333 0.009364187 -0.03190267 0.0169 0.009949982 -0.03048849 0.0169 0.009925365 -0.03080135 0.0169 0.009852111 -0.03110653 0.0169 0.009732007 -0.03139644 0.0169 0.009567975 -0.03166407 0.01489996 0.009949982 -0.03048849 0.01523333 0.009949982 -0.03048849 0.01556664 0.009949982 -0.03048849 0.01589995 0.009949982 -0.03048849 0.01623332 0.009949982 -0.03048849 0.01656663 0.009949982 -0.03048849 0.01489996 0.009567975 -0.03166407 0.01489996 0.009732007 -0.03139644 0.01489996 0.009852111 -0.03110653 0.01489996 0.009925365 -0.03080135 0.01539999 -0.005013227 -0.032229 0.01589995 -0.005013227 -0.032229 0.01639997 -0.005013227 -0.032229 0.01539999 -0.004840791 -0.03232312 0.01589995 -0.004840791 -0.03232312 0.01639997 -0.004840791 -0.03232312 0.01539999 -0.0046494 -0.0323826 0.01589995 -0.0046494 -0.0323826 0.01639997 -0.0046494 -0.0323826 0.01489996 -0.004449963 -0.03240269 0.0169 -0.004449963 -0.03240269 0.01523333 -0.004449963 -0.03240269 0.01556664 -0.004449963 -0.03240269 0.01589995 -0.004449963 -0.03240269 0.01623332 -0.004449963 -0.03240269 0.01656663 -0.004449963 -0.03240269 0.0169 -0.005157053 -0.03210979 0.01656663 -0.005157053 -0.03210979 0.01623332 -0.005157053 -0.03210979 0.01589995 -0.005157053 -0.03210979 0.01556664 -0.005157053 -0.03210979 0.01523333 -0.005157053 -0.03210979 0.01489996 -0.005157053 -0.03210979 0.01489996 -0.004949986 -0.0322687 0.01489996 -0.004708766 -0.0323686 0.0169 -0.004708766 -0.0323686 0.0169 -0.004949986 -0.0322687 0.01489996 -0.003449976 -0.02214533 0.01589995 -0.003449976 -0.02214533 0.0169 -0.003449976 -0.02214533 0.01539999 -0.003526091 -0.02176266 0.01589995 -0.003526091 -0.02176266 0.01639997 -0.003526091 -0.02176266 0.01539999 -0.003742873 -0.02143824 0.01589995 -0.003742873 -0.02143824 0.01639997 -0.003742873 -0.02143824 0.01539999 -0.004067301 -0.02122145 0.01589995 -0.004067301 -0.02122145 0.01639997 -0.004067301 -0.02122145 0.0169 -0.004449963 -0.02114534 0.01656663 -0.003449976 -0.02214533 0.01623332 -0.003449976 -0.02214533 0.01556664 -0.003449976 -0.02214533 0.01523333 -0.003449976 -0.02214533 0.01489996 -0.004449963 -0.02114534 0.01523333 -0.004449963 -0.02114534 0.01556664 -0.004449963 -0.02114534 0.01589995 -0.004449963 -0.02114534 0.01623332 -0.004449963 -0.02114534 0.01656663 -0.004449963 -0.02114534 0.0169 -0.004140973 -0.02119427 0.0169 -0.003862202 -0.02133631 0.0169 -0.003640949 -0.02155756 0.0169 -0.003498911 -0.02183634 0.01489996 -0.003498911 -0.02183634 0.01489996 -0.003640949 -0.02155756 0.01489996 -0.003862202 -0.02133631 0.01489996 -0.004140973 -0.02119427 0.0169 -0.004949986 -0.02114534 0.01539999 -0.005332648 -0.02122145 0.01589995 -0.005332648 -0.02122145 0.01639997 -0.005332648 -0.02122145 0.01539999 -0.005657076 -0.02143824 0.01589995 -0.005657076 -0.02143824 0.01639997 -0.005657076 -0.02143824 0.01539999 -0.005873858 -0.02176266 0.01589995 -0.005873858 -0.02176266 0.01639997 -0.005873858 -0.02176266 0.01489996 -0.005949974 -0.02214533 0.01589995 -0.005949974 -0.02214533 0.0169 -0.005949974 -0.02214533 0.01656663 -0.004949986 -0.02114534 0.01623332 -0.004949986 -0.02114534 0.01589995 -0.004949986 -0.02114534 0.01556664 -0.004949986 -0.02114534 0.01523333 -0.004949986 -0.02114534 0.01523333 -0.005949974 -0.02214533 0.01556664 -0.005949974 -0.02214533 0.01623332 -0.005949974 -0.02214533 0.01656663 -0.005949974 -0.02214533 0.0169 -0.005901038 -0.02183634 0.0169 -0.005759 -0.02155756 0.0169 -0.005537748 -0.02133631 0.0169 -0.005258977 -0.02119427 0.01489996 -0.004949986 -0.02114534 0.01489996 -0.005258977 -0.02119427 0.01489996 -0.005537748 -0.02133631 0.01489996 -0.005759 -0.02155756 0.01489996 -0.005901038 -0.02183634 0.0169 -0.005949974 -0.01814532 0.01539999 -0.005873858 -0.01852804 0.01589995 -0.005873858 -0.01852804 0.01639997 -0.005873858 -0.01852804 0.01539999 -0.005657076 -0.01885241 0.01589995 -0.005657076 -0.01885241 0.01639997 -0.005657076 -0.01885241 0.01539999 -0.005332648 -0.01906919 0.01589995 -0.005332648 -0.01906919 0.01639997 -0.005332648 -0.01906919 0.01489996 -0.004949986 -0.0191453 0.01523333 -0.004949986 -0.0191453 0.01556664 -0.004949986 -0.0191453 0.01589995 -0.004949986 -0.0191453 0.01623332 -0.004949986 -0.0191453 0.01656663 -0.004949986 -0.0191453 0.01656663 -0.005949974 -0.01814532 0.01623332 -0.005949974 -0.01814532 0.01589995 -0.005949974 -0.01814532 0.01556664 -0.005949974 -0.01814532 0.01523333 -0.005949974 -0.01814532 0.0169 -0.004949986 -0.0191453 0.0169 -0.005258977 -0.01909637 0.0169 -0.005537748 -0.01895433 0.0169 -0.005759 -0.01873314 0.0169 -0.005901038 -0.01845437 0.01489996 -0.005949974 -0.01814532 0.01489996 -0.005901038 -0.01845437 0.01489996 -0.005759 -0.01873314 0.01489996 -0.005537748 -0.01895433 0.01489996 -0.005258977 -0.01909637 0.01489996 -0.004449963 -0.0191453 0.01539999 -0.004067301 -0.01906919 0.01589995 -0.004067301 -0.01906919 0.01639997 -0.004067301 -0.01906919 0.01539999 -0.003742873 -0.01885241 0.01589995 -0.003742873 -0.01885241 0.01639997 -0.003742873 -0.01885241 0.01539999 -0.003526091 -0.01852804 0.01589995 -0.003526091 -0.01852804 0.01639997 -0.003526091 -0.01852804 0.0169 -0.003449976 -0.01814532 0.0169 -0.004449963 -0.0191453 0.01656663 -0.004449963 -0.0191453 0.01623332 -0.004449963 -0.0191453 0.01589995 -0.004449963 -0.0191453 0.01556664 -0.004449963 -0.0191453 0.01523333 -0.004449963 -0.0191453 0.01489996 -0.003449976 -0.01814532 0.01523333 -0.003449976 -0.01814532 0.01556664 -0.003449976 -0.01814532 0.01589995 -0.003449976 -0.01814532 0.01623332 -0.003449976 -0.01814532 0.01656663 -0.003449976 -0.01814532 0.0169 -0.003498911 -0.01845437 0.0169 -0.003640949 -0.01873314 0.0169 -0.003862202 -0.01895433 0.0169 -0.004140973 -0.01909637 0.01489996 -0.004140973 -0.01909637 0.01489996 -0.003862202 -0.01895433 0.01489996 -0.003640949 -0.01873314 0.01489996 -0.003498911 -0.01845437 0.01489996 -0.003449976 -0.008879303 0.01556664 -0.003526091 -0.008496642 0.01623332 -0.003526091 -0.008496642 0.01556664 -0.003742873 -0.008172214 0.01623332 -0.003742873 -0.008172214 0.01556664 -0.004067301 -0.007955431 0.01623332 -0.004067301 -0.007955431 0.01556664 -0.004449963 -0.007879316 0.01623332 -0.004449963 -0.007879316 0.01556664 -0.004708766 -0.007913351 0.01623332 -0.004708766 -0.007913351 0.0169 -0.004949986 -0.008013248 0.01489996 -0.004949986 -0.008013248 0.01523333 -0.004949986 -0.008013248 0.01556664 -0.004949986 -0.008013248 0.01589995 -0.004949986 -0.008013248 0.01623332 -0.004949986 -0.008013248 0.01656663 -0.004949986 -0.008013248 0.0169 -0.00455451 -0.0078848 0.0169 -0.004140973 -0.007928252 0.0169 -0.003780841 -0.008136153 0.0169 -0.003536403 -0.008472561 0.01489996 -0.003536403 -0.008472561 0.01489996 -0.003780841 -0.008136153 0.01489996 -0.004140973 -0.007928252 0.01489996 -0.00455451 -0.0078848 0.0169 -0.003449976 -0.008879303 0.01639997 -0.003449976 -0.008879303 0.01589995 -0.003449976 -0.008879303 0.01539999 -0.003449976 -0.008879303 0.0169 0.008949995 -0.008013248 0.01556664 0.008708775 -0.007913351 0.01623332 0.008708775 -0.007913351 0.01556664 0.008449971 -0.007879316 0.01623332 0.008449971 -0.007879316 0.01556664 0.008067309 -0.007955431 0.01623332 0.008067309 -0.007955431 0.01556664 0.007742881 -0.008172214 0.01623332 0.007742881 -0.008172214 0.01556664 0.007526099 -0.008496642 0.01623332 0.007526099 -0.008496642 0.01489996 0.007449984 -0.008879303 0.01539999 0.007449984 -0.008879303 0.01589995 0.007449984 -0.008879303 0.01639997 0.007449984 -0.008879303 0.01656663 0.008949995 -0.008013248 0.01623332 0.008949995 -0.008013248 0.01589995 0.008949995 -0.008013248 0.01556664 0.008949995 -0.008013248 0.01523333 0.008949995 -0.008013248 0.0169 0.007449984 -0.008879303 0.0169 0.007536411 -0.008472561 0.0169 0.007780849 -0.008136153 0.0169 0.008140981 -0.007928252 0.0169 0.008554518 -0.0078848 0.01489996 0.008949995 -0.008013248 0.01489996 0.008554518 -0.0078848 0.01489996 0.008140981 -0.007928252 0.01489996 0.007780849 -0.008136153 0.01489996 0.007536411 -0.008472561 0.0169 0.007449984 -0.01814532 0.01539999 0.007526099 -0.01852804 0.01589995 0.007526099 -0.01852804 0.01639997 0.007526099 -0.01852804 0.01539999 0.007742881 -0.01885241 0.01589995 0.007742881 -0.01885241 0.01639997 0.007742881 -0.01885241 0.01539999 0.008067309 -0.01906919 0.01589995 0.008067309 -0.01906919 0.01639997 0.008067309 -0.01906919 0.01489996 0.008449971 -0.0191453 0.01656663 0.007449984 -0.01814532 0.01623332 0.007449984 -0.01814532 0.01589995 0.007449984 -0.01814532 0.01556664 0.007449984 -0.01814532 0.01523333 0.007449984 -0.01814532 0.01523333 0.008449971 -0.0191453 0.01556664 0.008449971 -0.0191453 0.01589995 0.008449971 -0.0191453 0.01623332 0.008449971 -0.0191453 0.01656663 0.008449971 -0.0191453 0.0169 0.008449971 -0.0191453 0.0169 0.008140981 -0.01909637 0.0169 0.00786221 -0.01895433 0.0169 0.007640957 -0.01873314 0.0169 0.007498919 -0.01845437 0.01489996 0.007449984 -0.01814532 0.01489996 0.007498919 -0.01845437 0.01489996 0.007640957 -0.01873314 0.01489996 0.00786221 -0.01895433 0.01489996 0.008140981 -0.01909637 0.01489996 0.008949995 -0.0191453 0.01539999 0.009332656 -0.01906919 0.01589995 0.009332656 -0.01906919 0.01639997 0.009332656 -0.01906919 0.01539999 0.009657084 -0.01885241 0.01589995 0.009657084 -0.01885241 0.01639997 0.009657084 -0.01885241 0.01539999 0.009873867 -0.01852804 0.01589995 0.009873867 -0.01852804 0.01639997 0.009873867 -0.01852804 0.0169 0.009949982 -0.01814532 0.0169 0.008949995 -0.0191453 0.01656663 0.008949995 -0.0191453 0.01623332 0.008949995 -0.0191453 0.01589995 0.008949995 -0.0191453 0.01556664 0.008949995 -0.0191453 0.01523333 0.008949995 -0.0191453 0.0169 0.009901046 -0.01845437 0.0169 0.009759008 -0.01873314 0.0169 0.009537756 -0.01895433 0.0169 0.009258985 -0.01909637 0.01489996 0.009949982 -0.01814532 0.01523333 0.009949982 -0.01814532 0.01556664 0.009949982 -0.01814532 0.01589995 0.009949982 -0.01814532 0.01623332 0.009949982 -0.01814532 0.01656663 0.009949982 -0.01814532 0.01489996 0.009258985 -0.01909637 0.01489996 0.009537756 -0.01895433 0.01489996 0.009759008 -0.01873314 0.01489996 0.009901046 -0.01845437 0.01489996 0.009949982 -0.02214533 0.01589995 0.009949982 -0.02214533 0.0169 0.009949982 -0.02214533 0.01539999 0.009873867 -0.02176266 0.01589995 0.009873867 -0.02176266 0.01639997 0.009873867 -0.02176266 0.01539999 0.009657084 -0.02143824 0.01589995 0.009657084 -0.02143824 0.01639997 0.009657084 -0.02143824 0.01539999 0.009332656 -0.02122145 0.01589995 0.009332656 -0.02122145 0.01639997 0.009332656 -0.02122145 0.0169 0.008949995 -0.02114534 0.01489996 0.008949995 -0.02114534 0.01523333 0.008949995 -0.02114534 0.01556664 0.008949995 -0.02114534 0.01589995 0.008949995 -0.02114534 0.01623332 0.008949995 -0.02114534 0.01656663 0.008949995 -0.02114534 0.0169 0.009258985 -0.02119427 0.0169 0.009537756 -0.02133631 0.0169 0.009759008 -0.02155756 0.0169 0.009901046 -0.02183634 0.01489996 0.009901046 -0.02183634 0.01489996 0.009759008 -0.02155756 0.01489996 0.009537756 -0.02133631 0.01489996 0.009258985 -0.02119427 0.01656663 0.009949982 -0.02214533 0.01623332 0.009949982 -0.02214533 0.01556664 0.009949982 -0.02214533 0.01523333 0.009949982 -0.02214533 0.0169 0.008449971 -0.02114534 0.01539999 0.008067309 -0.02122145 0.01589995 0.008067309 -0.02122145 0.01639997 0.008067309 -0.02122145 0.01539999 0.007742881 -0.02143824 0.01589995 0.007742881 -0.02143824 0.01639997 0.007742881 -0.02143824 0.01539999 0.007526099 -0.02176266 0.01589995 0.007526099 -0.02176266 0.01639997 0.007526099 -0.02176266 0.01489996 0.007449984 -0.02214533 0.01589995 0.007449984 -0.02214533 0.0169 0.007449984 -0.02214533 0.01656663 0.008449971 -0.02114534 0.01623332 0.008449971 -0.02114534 0.01589995 0.008449971 -0.02114534 0.01556664 0.008449971 -0.02114534 0.01523333 0.008449971 -0.02114534 0.01523333 0.007449984 -0.02214533 0.01556664 0.007449984 -0.02214533 0.01623332 0.007449984 -0.02214533 0.01656663 0.007449984 -0.02214533 0.0169 0.007498919 -0.02183634 0.0169 0.007640957 -0.02155756 0.0169 0.00786221 -0.02133631 0.0169 0.008140981 -0.02119427 0.01489996 0.008449971 -0.02114534 0.01489996 0.008140981 -0.02119427 0.01489996 0.00786221 -0.02133631 0.01489996 0.007640957 -0.02155756 0.01489996 0.007498919 -0.02183634 0.0169 0.007449984 -0.0314027 0.01539999 0.007526099 -0.03178536 0.01589995 0.007526099 -0.03178536 0.01639997 0.007526099 -0.03178536 0.01539999 0.007742881 -0.03210979 0.01589995 0.007742881 -0.03210979 0.01639997 0.007742881 -0.03210979 0.01539999 0.008067309 -0.03232657 0.01589995 0.008067309 -0.03232657 0.01639997 0.008067309 -0.03232657 0.01489996 0.008449971 -0.03240269 0.01523333 0.008449971 -0.03240269 0.01556664 0.008449971 -0.03240269 0.01589995 0.008449971 -0.03240269 0.01623332 0.008449971 -0.03240269 0.01656663 0.008449971 -0.03240269 0.01656663 0.007449984 -0.0314027 0.01623332 0.007449984 -0.0314027 0.01589995 0.007449984 -0.0314027 0.01556664 0.007449984 -0.0314027 0.01523333 0.007449984 -0.0314027 0.01489996 0.007449984 -0.0314027 0.01489996 0.007498919 -0.03171169 0.01489996 0.007640957 -0.03199046 0.01489996 0.00786221 -0.03221172 0.01489996 0.008140981 -0.03235375 0.0169 0.008449971 -0.03240269 0.0169 0.008140981 -0.03235375 0.0169 0.00786221 -0.03221172 0.0169 0.007640957 -0.03199046 0.0169 0.007498919 -0.03171169 0.01489996 0.00544995 -0.009245336 0.01556664 0.005335807 -0.008671283 0.01623332 0.005335807 -0.008671283 0.01556664 0.005197167 -0.008411943 0.01623332 0.005197167 -0.008411943 0.01556664 0.005010604 -0.008184671 0.01623332 0.005010604 -0.008184671 0.01556664 0.004783332 -0.007998108 0.01623332 0.004783332 -0.007998108 0.01556664 0.004523992 -0.007859528 0.01623332 0.004523992 -0.007859528 0.0169 0.003949999 -0.007745325 0.01523333 0.005335807 -0.008671283 0.01556664 0.005421161 -0.008952677 0.01523333 0.005421161 -0.008952677 0.01589995 0.005335807 -0.008671283 0.01623332 0.005421161 -0.008952677 0.01589995 0.005421161 -0.008952677 0.01656663 0.005335807 -0.008671283 0.01656663 0.005421161 -0.008952677 0.01556664 0.004242599 -0.007774174 0.01523333 0.004523992 -0.007859528 0.01523333 0.004242599 -0.007774174 0.01623332 0.004242599 -0.007774174 0.01589995 0.004523992 -0.007859528 0.01589995 0.004242599 -0.007774174 0.01656663 0.004523992 -0.007859528 0.01656663 0.004242599 -0.007774174 0.0169 0.00544995 -0.009245336 0.01639997 0.00544995 -0.009245336 0.01589995 0.00544995 -0.009245336 0.01539999 0.00544995 -0.009245336 0.0169 0.004413485 -0.007818758 0.0169 0.004831671 -0.008031785 0.0169 0.00516349 -0.008363664 0.0169 0.005376577 -0.00878179 0.01489996 0.003949999 -0.007745325 0.01539999 0.003949999 -0.007745325 0.01589995 0.003949999 -0.007745325 0.01639997 0.003949999 -0.007745325 0.01489996 0.005376577 -0.00878179 0.01489996 0.00516349 -0.008363664 0.01489996 0.004831671 -0.008031785 0.01489996 0.004413485 -0.007818758 0.0169 5e-5 -0.007745325 0.01556664 -5.24025e-4 -0.007859528 0.01623332 -5.24025e-4 -0.007859528 0.01556664 -7.83355e-4 -0.007998108 0.01623332 -7.83355e-4 -0.007998108 0.01556664 -0.001010656 -0.008184671 0.01623332 -0.001010656 -0.008184671 0.01556664 -0.001197159 -0.008411943 0.01623332 -0.001197159 -0.008411943 0.01556664 -0.001335799 -0.008671283 0.01623332 -0.001335799 -0.008671283 0.01489996 -0.001449942 -0.009245336 0.01523333 -5.24025e-4 -0.007859528 0.01556664 -2.42635e-4 -0.007774174 0.01523333 -2.42635e-4 -0.007774174 0.01589995 -5.24025e-4 -0.007859528 0.01623332 -2.42635e-4 -0.007774174 0.01589995 -2.42635e-4 -0.007774174 0.01656663 -5.24025e-4 -0.007859528 0.01656663 -2.42635e-4 -0.007774174 0.01556664 -0.001421153 -0.008952677 0.01523333 -0.001335799 -0.008671283 0.01523333 -0.001421153 -0.008952677 0.01623332 -0.001421153 -0.008952677 0.01589995 -0.001335799 -0.008671283 0.01589995 -0.001421153 -0.008952677 0.01656663 -0.001335799 -0.008671283 0.01656663 -0.001421153 -0.008952677 0.01539999 -0.001449942 -0.009245336 0.01589995 -0.001449942 -0.009245336 0.01639997 -0.001449942 -0.009245336 0.0169 -0.001449942 -0.009245336 0.0169 -0.001376569 -0.00878179 0.0169 -0.001163482 -0.008363664 0.0169 -8.31678e-4 -0.008031785 0.0169 -4.13525e-4 -0.007818758 0.01489996 5e-5 -0.007745325 0.01489996 -4.13525e-4 -0.007818758 0.01489996 -8.31678e-4 -0.008031785 0.01489996 -0.001163482 -0.008363664 0.01489996 -0.001376569 -0.00878179 0.01639997 5e-5 -0.007745325 0.01589995 5e-5 -0.007745325 0.01539999 5e-5 -0.007745325 0.0169 -0.001449942 -0.03364533 0.01556664 -0.001335799 -0.03421938 0.01623332 -0.001335799 -0.03421938 0.01556664 -0.001197159 -0.03447866 0.01623332 -0.001197159 -0.03447866 0.01556664 -0.001010656 -0.03470599 0.01623332 -0.001010656 -0.03470599 0.01556664 -7.83355e-4 -0.03489255 0.01623332 -7.83355e-4 -0.03489255 0.01556664 -5.24025e-4 -0.03503113 0.01623332 -5.24025e-4 -0.03503113 0.01489996 5e-5 -0.03514534 0.01523333 -0.001335799 -0.03421938 0.01556664 -0.001421153 -0.03393799 0.01523333 -0.001421153 -0.03393799 0.01589995 -0.001335799 -0.03421938 0.01623332 -0.001421153 -0.03393799 0.01589995 -0.001421153 -0.03393799 0.01656663 -0.001335799 -0.03421938 0.01656663 -0.001421153 -0.03393799 0.01556664 -2.42635e-4 -0.03511649 0.01523333 -5.24025e-4 -0.03503113 0.01523333 -2.42635e-4 -0.03511649 0.01623332 -2.42635e-4 -0.03511649 0.01589995 -5.24025e-4 -0.03503113 0.01589995 -2.42635e-4 -0.03511649 0.01656663 -5.24025e-4 -0.03503113 0.01656663 -2.42635e-4 -0.03511649 0.01639997 -0.001449942 -0.03364533 0.01589995 -0.001449942 -0.03364533 0.01539999 -0.001449942 -0.03364533 0.0169 5e-5 -0.03514534 0.0169 -4.13525e-4 -0.0350719 0.0169 -8.31678e-4 -0.03485888 0.0169 -0.001163482 -0.034527 0.0169 -0.001376569 -0.03410887 0.01539999 5e-5 -0.03514534 0.01589995 5e-5 -0.03514534 0.01639997 5e-5 -0.03514534 0.01489996 -0.001449942 -0.03364533 0.01489996 -0.001376569 -0.03410887 0.01489996 -0.001163482 -0.034527 0.01489996 -8.31678e-4 -0.03485888 0.01489996 -4.13525e-4 -0.0350719 0.01489996 0.003949999 -0.03514534 0.01556664 0.004523992 -0.03503113 0.01623332 0.004523992 -0.03503113 0.01556664 0.004783332 -0.03489255 0.01623332 0.004783332 -0.03489255 0.01556664 0.005010604 -0.03470599 0.01623332 0.005010604 -0.03470599 0.01556664 0.005197167 -0.03447866 0.01623332 0.005197167 -0.03447866 0.01556664 0.005335807 -0.03421938 0.01623332 0.005335807 -0.03421938 0.0169 0.00544995 -0.03364533 0.01523333 0.004523992 -0.03503113 0.01556664 0.004242599 -0.03511649 0.01523333 0.004242599 -0.03511649 0.01589995 0.004523992 -0.03503113 0.01623332 0.004242599 -0.03511649 0.01589995 0.004242599 -0.03511649 0.01656663 0.004523992 -0.03503113 0.01656663 0.004242599 -0.03511649 0.01556664 0.005421161 -0.03393799 0.01523333 0.005335807 -0.03421938 0.01523333 0.005421161 -0.03393799 0.01623332 0.005421161 -0.03393799 0.01589995 0.005335807 -0.03421938 0.01589995 0.005421161 -0.03393799 0.01656663 0.005335807 -0.03421938 0.01656663 0.005421161 -0.03393799 0.0169 0.003949999 -0.03514534 0.01639997 0.003949999 -0.03514534 0.01589995 0.003949999 -0.03514534 0.01539999 0.003949999 -0.03514534 0.01489996 0.00544995 -0.03364533 0.01539999 0.00544995 -0.03364533 0.01589995 0.00544995 -0.03364533 0.01639997 0.00544995 -0.03364533 0.0169 0.005376577 -0.03410887 0.0169 0.00516349 -0.034527 0.0169 0.004831671 -0.03485888 0.0169 0.004413485 -0.0350719 0.01489996 0.004413485 -0.0350719 0.01489996 0.004831671 -0.03485888 0.01489996 0.00516349 -0.034527 0.01489996 0.005376577 -0.03410887 0.04848575 -0.005185782 -0.001999974 0.0493142 -0.006014168 0 0.0493142 -0.006014168 -0.001999974 0.0493142 -0.006014168 -0.001666665 0.0493142 -0.006014168 -0.001333296 0.0493142 -0.006014168 -0.000999987 0.0493142 -0.006014168 -6.66667e-4 0.0493142 -0.006014168 -3.33333e-4 0.04848575 -0.005185782 0 0.04848575 -0.005185782 -3.33333e-4 0.04848575 -0.005185782 -6.66667e-4 0.04848575 -0.005185782 -0.000999987 0.04848575 -0.005185782 -0.001333296 0.04848575 -0.005185782 -0.001666665 0.04848575 -0.01201421 -0.001999974 0.0493142 -0.01118576 0 0.04848575 -0.01201421 0 0.04848575 -0.01201421 -0.001666665 0.04848575 -0.01201421 -0.001333296 0.04848575 -0.01201421 -0.000999987 0.04848575 -0.01201421 -6.66667e-4 0.04848575 -0.01201421 -3.33333e-4 0.0493142 -0.01118576 -0.001999974 0.0493142 -0.01118576 -3.33333e-4 0.0493142 -0.01118576 -6.66667e-4 0.0493142 -0.01118576 -0.000999987 0.0493142 -0.01118576 -0.001333296 0.0493142 -0.01118576 -0.001666665 0.0493142 -0.006014168 -0.001999974 0.04956293 -0.006317257 -5e-4 0.04956293 -0.006317257 -0.000999987 0.04956293 -0.006317257 -0.00149995 0.04974776 -0.006663024 -5e-4 0.04974776 -0.006663024 -0.000999987 0.04974776 -0.006663024 -0.00149995 0.04986155 -0.007038235 -5e-4 0.04986155 -0.007038235 -0.000999987 0.04986155 -0.007038235 -0.00149995 0.04989999 -0.007428407 0 0.04989999 -0.007428407 -0.000999987 0.04989999 -0.007428407 -0.001999974 0.04989999 -0.007428407 -3.33333e-4 0.04989999 -0.007428407 -6.66667e-4 0.04989999 -0.007428407 -0.001333296 0.04989999 -0.007428407 -0.001666665 0.0493142 -0.006014168 -0.001666665 0.0493142 -0.006014168 -0.001333296 0.0493142 -0.006014168 -0.000999987 0.0493142 -0.006014168 -6.66667e-4 0.0493142 -0.006014168 -3.33333e-4 0.04987537 -0.007115542 -0.001999974 0.04980206 -0.006810367 -0.001999974 0.04968196 -0.00652039 -0.001999974 0.04951798 -0.006252825 -0.001999974 0.0493142 -0.006014168 0 0.04951798 -0.006252825 0 0.04968196 -0.00652039 0 0.04980206 -0.006810367 0 0.04987537 -0.007115542 0 0.04848575 -0.005185782 0 0.04818266 -0.004937052 -0.00149995 0.04818266 -0.004937052 -0.000999987 0.04818266 -0.004937052 -5e-4 0.04783689 -0.004752218 -0.00149995 0.04783689 -0.004752218 -0.000999987 0.04783689 -0.004752218 -5e-4 0.04746174 -0.004638373 -0.00149995 0.04746174 -0.004638373 -0.000999987 0.04746174 -0.004638373 -5e-4 0.04707157 -0.004599988 -0.001999974 0.04707157 -0.004599988 -0.000999987 0.04707157 -0.004599988 0 0.04707157 -0.004599988 -0.001666665 0.04707157 -0.004599988 -0.001333296 0.04707157 -0.004599988 -6.66667e-4 0.04707157 -0.004599988 -3.33333e-4 0.04738444 -0.004624605 0 0.04768955 -0.004697859 0 0.04797953 -0.004817962 0 0.04824709 -0.004981935 0 0.04848575 -0.005185782 -3.33333e-4 0.04848575 -0.005185782 -6.66667e-4 0.04848575 -0.005185782 -0.000999987 0.04848575 -0.005185782 -0.001333296 0.04848575 -0.005185782 -0.001666665 0.04848575 -0.005185782 -0.001999974 0.04824709 -0.004981935 -0.001999974 0.04797953 -0.004817962 -0.001999974 0.04768955 -0.004697859 -0.001999974 0.04738444 -0.004624605 -0.001999974 0.04848575 -0.01201421 0 0.04818266 -0.01226294 -5e-4 0.04818266 -0.01226294 -0.000999987 0.04818266 -0.01226294 -0.00149995 0.04783689 -0.01244771 -5e-4 0.04783689 -0.01244771 -0.000999987 0.04783689 -0.01244771 -0.00149995 0.04746174 -0.01256155 -5e-4 0.04746174 -0.01256155 -0.000999987 0.04746174 -0.01256155 -0.00149995 0.04707157 -0.0126 0 0.04707157 -0.0126 -0.000999987 0.04707157 -0.0126 -0.001999974 0.04848575 -0.01201421 -0.001999974 0.04848575 -0.01201421 -0.001666665 0.04848575 -0.01201421 -0.001333296 0.04848575 -0.01201421 -0.000999987 0.04848575 -0.01201421 -6.66667e-4 0.04848575 -0.01201421 -3.33333e-4 0.04738444 -0.01257532 -0.001999974 0.04768955 -0.01250207 -0.001999974 0.04797953 -0.01238197 -0.001999974 0.04824709 -0.01221799 -0.001999974 0.04824709 -0.01221799 0 0.04797953 -0.01238197 0 0.04768955 -0.01250207 0 0.04738444 -0.01257532 0 0.04707157 -0.0126 -3.33333e-4 0.04707157 -0.0126 -6.66667e-4 0.04707157 -0.0126 -0.001333296 0.04707157 -0.0126 -0.001666665 0.0493142 -0.01118576 -0.001999974 0.04956293 -0.01088267 -0.00149995 0.04956293 -0.01088267 -0.000999987 0.04956293 -0.01088267 -5e-4 0.04974776 -0.0105369 -0.00149995 0.04974776 -0.0105369 -0.000999987 0.04974776 -0.0105369 -5e-4 0.04986155 -0.01016175 -0.00149995 0.04986155 -0.01016175 -0.000999987 0.04986155 -0.01016175 -5e-4 0.04989999 -0.009771525 -0.001999974 0.04989999 -0.009771525 -0.000999987 0.04989999 -0.009771525 0 0.04989999 -0.009771525 -0.001666665 0.04989999 -0.009771525 -0.001333296 0.04989999 -0.009771525 -6.66667e-4 0.04989999 -0.009771525 -3.33333e-4 0.0493142 -0.01118576 0 0.0493142 -0.01118576 -3.33333e-4 0.0493142 -0.01118576 -6.66667e-4 0.0493142 -0.01118576 -0.000999987 0.0493142 -0.01118576 -0.001333296 0.0493142 -0.01118576 -0.001666665 0.04987537 -0.01008439 0 0.04980206 -0.01038956 0 0.04968196 -0.01067954 0 0.04951798 -0.0109471 0 0.04951798 -0.0109471 -0.001999974 0.04968196 -0.01067954 -0.001999974 0.04980206 -0.01038956 -0.001999974 0.04987537 -0.01008439 -0.001999974</float_array>
          <technique_common>
            <accessor source="#圆角9_010-mesh-positions-array" count="2377" stride="3">
              <param name="X" type="float"/>
              <param name="Y" type="float"/>
              <param name="Z" type="float"/>
            </accessor>
          </technique_common>
        </source>
        <source id="圆角9_010-mesh-normals">
          <float_array id="圆角9_010-mesh-normals-array" count="4842">-0.001960694 -0.3915407 0.9201588 0 -0.2040275 0.9789652 0 -0.3917229 0.9200834 -2.87743e-4 -0.2023255 0.9793184 0.001960992 -0.3915407 0.9201589 -8.60037e-4 -0.5610986 0.8277486 0 -0.5599162 0.8285492 8.60035e-4 -0.5610968 0.8277498 0.008442223 -0.2543321 0.9670801 0 -0.1305141 0.9914465 0.006352901 -0.115023 0.9933425 2.87788e-4 -0.2023251 0.9793184 0 -0.1044749 0.9945276 0.01244217 -0.5008392 0.8654509 0 -0.1044752 0.9945276 0 -0.1044752 0.9945275 -0.006352782 -0.1150228 0.9933426 -0.008440732 -0.2543333 0.9670798 0 -0.1305167 0.9914461 0.01035702 -0.6152086 0.7882964 0 -0.6364124 0.771349 0 -0.6364114 0.7713498 -0.01244068 -0.5008416 0.8654496 -0.01035708 -0.6152123 0.7882936 0 -0.6364113 0.77135 0 -0.6364104 0.7713508 -0.01273083 -0.7070491 0.7070499 0 -0.3826798 0.9238811 0 -0.7071052 0.7071084 0.009310603 -0.3796477 0.9250843 0.01273089 -0.7070482 0.7070508 -0.009308457 -0.9250828 0.3796515 0 -0.9238796 0.3826832 0.009308516 -0.9250828 0.3796516 7.35167e-4 -0.3019608 0.9533201 0 -0.1564328 0.9876887 -0.01022839 -0.1815366 0.9833311 -0.009310543 -0.3796486 0.9250839 0 -0.1950863 0.9807861 0.007987797 -0.5857369 0.8104619 0.007987737 -0.8104625 0.5857363 0 -0.1950862 0.9807861 0 -0.1950863 0.9807862 -7.35129e-4 -0.3019624 0.9533196 0.01022845 -0.1815364 0.9833311 0 -0.1564334 0.9876886 -0.007987737 -0.5857382 0.8104609 7.38859e-4 -0.9533189 0.3019648 0 -0.9807854 0.1950898 -0.01022344 -0.9833306 0.1815389 0 -0.9876887 0.1564324 -0.007987678 -0.8104633 0.5857352 -7.38807e-4 -0.953319 0.3019644 0.01022344 -0.9833305 0.1815395 0 -0.9807855 0.1950896 0 -0.9876886 0.1564338 0 1 0 1 -2.43387e-6 0 1 -3.09179e-7 0 1 -5.14205e-7 0 1 -4.82438e-6 0 1 -1.33761e-6 0 1 -5.32832e-6 0 1 5.49298e-7 0 1 0 0 1 0 0 1 -2.45634e-7 0 1 7.35112e-7 0 1 -1.59507e-7 0 1 3.15207e-6 0 1 1.08684e-6 0 1 6.26581e-7 0 1 6.44921e-7 0 1 7.25619e-7 0 1 1.26359e-7 0 1 6.07284e-7 0 1 0 0 1 -2.28748e-7 0 1 7.92333e-7 0 1 0 0 1 2.28745e-7 0 1 -7.69476e-7 0 1 2.44409e-6 0 1 -2.9999e-6 0 1 7.43159e-7 0 1 -5.99841e-7 0 1 -5.14226e-7 0 1 1.29682e-6 0 1 8.80269e-6 0 1 1.82195e-5 0 1 -1.86311e-7 0 1 3.53952e-6 0 1 -1.80323e-7 0 1 -6.70796e-7 0 1 6.16337e-5 0 1 -9.49066e-6 0 1 1.44655e-6 0 1 -1.95479e-6 0 1 -3.99183e-6 0 1 3.76485e-7 0 1 7.35166e-6 0 1 3.0133e-6 0 1 4.45763e-7 0 1 -1.42073e-5 0 1 -4.05451e-7 0 1 -1.26359e-7 0 1 -5.89225e-7 0 1 -6.07279e-7 0 1 0 0 1 0 0 1 -7.92341e-7 0 1 3.09182e-7 0 1 0 0 1 1.33762e-6 0 1 4.82439e-6 0 1 5.32832e-6 0 1 2.49974e-6 0 1 1.5951e-7 0 1 -3.15207e-6 0 1 5.14208e-7 0 1 2.45634e-7 0 1 -1.87211e-6 0 1 1.56951e-6 0 1 6.70796e-7 0 1 -3.51283e-6 0 1 1.15036e-5 0 1 -7.2171e-6 0 1 -4.45764e-7 0 1 -2.11421e-6 0 1 1.92709e-7 0 1 -1.92708e-7 0 1 5.70209e-6 0 1 0 0 1 2.00477e-7 0 1 -2.55167e-6 0 1 1.49994e-6 0 1 4.82703e-7 0 1 -5.46023e-7 0 1 2.8981e-6 0 1 -1.92809e-7 0 1 -8.79317e-6 0 1 -1.50358e-7 0 1 4.12323e-7 0 1 5.14226e-7 0 1 3.53952e-6 0 1 6.23596e-5 0 1 4.03646e-7 0 1 4.31464e-7 0 1 0 0 1 -9.29104e-7 0 1 1.532e-6 0 1 -1.08427e-6 0 1 0 0 1 -5.7772e-7 0 1 2.40886e-6 0 1 -5.88376e-7 0 1 5.88376e-7 0 1 5.52286e-7 0 1 0 0 1 2.26127e-7 0 1 2.22267e-6 0 1 1.27432e-6 0 1 4.12351e-7 0 1 2.87374e-7 0 1 -2.30472e-6 0 1 -1.24383e-7 0 1 -5.59058e-7 0 1 2.94867e-6 0 1 -5.91218e-6 0 1 -1.99529e-7 0 1 3.40833e-7 0 1 -1.43086e-7 0 1 8.33868e-6 0 1 -8.58259e-7 0 1 2.66828e-6 0 1 0 0 1 -1.19677e-6 0 1 6.33127e-7 0 1 2.06543e-6 0 1 -5.58035e-7 0 1 2.65025e-7 0 1 7.54939e-7 0 1 -3.04499e-7 0 1 -2.71247e-6 0 1 0 0 1 1.01461e-6 0 1 1.1501e-6 0 1 0 0 1 -2.05345e-6 0 1 1.77235e-6 0 1 1.23186e-6 0 1 -1.32504e-7 0 1 6.84296e-7 0 1 -2.96256e-6 0 1 0 0 1 0 0 1 9.19459e-7 0 1 2.01674e-6 0 1 -2.20154e-6 0 1 -7.32946e-6 0 1 -3.89422e-6 0 1 5.93086e-6 0 1 -4.94115e-6 0 1 -4.93778e-6 0 0 0.1950899 0.9807854 -0.006289482 0.3826762 0.9238611 0 0.3826826 0.9238799 0.004601299 0.1934926 0.981091 0.006289541 0.3826764 0.923861 -0.004600882 0.5569156 0.8305564 0 0.5555697 0.8314701 0.004600822 0.5569165 0.8305558 3.4085e-4 0.1527633 0.9882628 -0.005115866 0.09115111 0.9958239 0 0.0784595 0.9969173 -0.004601299 0.193492 0.9810911 0 0.09801691 0.9951848 0.003934025 0.307822 0.9514359 0.003935337 0.4551054 0.890429 0 0.09801715 0.9951847 0 0.09801745 0.9951847 -3.40865e-4 0.1527627 0.9882628 0 0.07845884 0.9969174 0.005115866 0.09115135 0.9958239 -0.003933727 0.3078209 0.9514362 0 0.6343926 0.7730111 0 0.6343935 0.7730103 -0.005115926 0.6396985 0.768609 3.42138e-4 0.5907869 0.8068276 0 0.6494461 0.7604077 -0.003935039 0.4551044 0.8904294 -3.42162e-4 0.5907871 0.8068275 0.005115866 0.6396992 0.7686085 0 0.6343926 0.773011 0 0.6494486 0.7604056 0 0 1 0 -1 -7.50469e-7 0 -1 0 0 -1 -1.04089e-6 0 -1 -9.34753e-6 0 -1 1.1521e-6 0 -1 -3.53884e-6 0 -1 4.04545e-6 0 -0.8645615 -0.5025271 0 -0.8645623 -0.5025259 0 -0.8645628 -0.502525 0 -0.8645622 -0.5025261 0 -0.8645616 -0.5025269 0 -0.8645617 -0.5025267 0 -0.8645616 -0.5025269 0 -0.8645616 -0.5025271 0 -0.8645615 -0.5025271 0 -0.8645613 -0.5025276 0 -0.8645618 -0.5025265 0 -1 0 0 -1 0 0 -1 0 0 -0.8314698 -0.55557 -0.006290912 -0.9238622 -0.3826736 0 -0.923881 -0.3826799 0.00460112 -0.8305566 -0.5569152 0.006290555 -0.9238629 -0.3826718 -0.004602313 -0.9810909 -0.1934933 0 -0.9807853 -0.1950901 0.004602313 -0.9810907 -0.1934937 3.43165e-4 -0.8068245 -0.5907911 -0.005115449 -0.7686043 -0.6397041 0 -0.7604022 -0.6494526 -0.00460112 -0.8305559 -0.5569165 0 -0.7730066 -0.6343981 0.003933787 -0.8904309 -0.4551014 0.003931581 -0.9514372 -0.307818 0 -0.773008 -0.6343963 0 -0.7730059 -0.634399 -3.43199e-4 -0.8068231 -0.590793 0 -0.7604037 -0.6494508 0.005115449 -0.7686049 -0.6397035 -0.003935039 -0.8904297 -0.4551039 0 -0.9951848 -0.09801679 0 -0.995185 -0.0980153 -0.005116879 -0.9958242 -0.09114933 3.39305e-4 -0.9882631 -0.1527612 0 -0.9969177 -0.07845485 -0.003932952 -0.9514369 -0.3078189 -3.39476e-4 -0.988263 -0.1527618 0.005116879 -0.9958241 -0.09114962 0 -0.995185 -0.09801554 0 -0.9969178 -0.07845419 0 -0.7071092 -0.7071045 0 -0.7071045 -0.7071092 0 -0.7071102 -0.7071034 0 -0.7071046 -0.707109 0 -0.7071093 -0.7071042 0 -0.7071079 -0.7071058 0 -0.707106 -0.7071077 0 -0.7071074 -0.7071063 0 -0.7071055 -0.7071081 0 -0.7071074 -0.7071062 0 -0.7071065 -0.7071072 0 -0.707105 -0.7071086 0 -0.1950861 -0.9807862 -0.006285488 -0.3826747 -0.9238618 0 -0.3826824 -0.92388 0.004598379 -0.1934886 -0.9810918 0.006285488 -0.3826753 -0.9238616 -0.004601597 -0.5569159 -0.8305562 0 -0.5555705 -0.8314694 0.004601359 -0.5569162 -0.8305559 3.43396e-4 -0.1527595 -0.9882634 -0.005116879 -0.09114712 -0.9958243 0 -0.07846134 -0.9969173 -0.004598081 -0.1934884 -0.9810919 0 -0.09800916 -0.9951856 0.003946363 -0.3078185 -0.9514369 0.003939807 -0.4551054 -0.8904289 0 -0.09800904 -0.9951856 -3.42106e-4 -0.152759 -0.9882635 0 -0.07846188 -0.9969171 0.005116879 -0.09114718 -0.9958243 -0.003945291 -0.3078185 -0.9514369 0 -0.6343942 -0.7730097 0 -0.6343948 -0.7730093 -0.005115926 -0.6396986 -0.768609 3.41451e-4 -0.590788 -0.8068268 0 -0.6494433 -0.7604102 -0.00394088 -0.4551051 -0.8904291 -3.42784e-4 -0.5907875 -0.8068271 0.005115926 -0.6396982 -0.7686093 0 -0.6343938 -0.7730101 0 -0.6494436 -0.7604098 0 0 -1 0 0.5555698 -0.8314699 -0.006286621 0.3826749 -0.9238617 0 0.3826822 -0.9238801 0.004601716 0.5569154 -0.8305565 0.006286025 0.3826751 -0.9238616 -0.004597842 0.1934886 -0.9810917 0 0.1950865 -0.9807861 0.004597961 0.1934889 -0.9810917 3.40746e-4 0.5907877 -0.806827 -0.00511682 0.6396974 -0.7686098 0 0.6494433 -0.7604102 -0.004602015 0.5569154 -0.8305566 0 0.634393 -0.7730107 0.003935158 0.455106 -0.8904286 0.003939628 0.3078191 -0.9514368 0 0.6343932 -0.7730106 0 0.6343939 -0.77301 -3.42066e-4 0.5907871 -0.8068274 0 0.6494436 -0.7604098 0.00511682 0.6396976 -0.7686097 -0.003938555 0.455105 -0.8904291 -0.005114912 0.09114694 -0.9958244 3.42238e-4 0.1527596 -0.9882633 0 0.07846134 -0.9969173 0 0.0980091 -0.9951856 0 0.0980091 -0.9951856 -3.4283e-4 0.1527593 -0.9882634 -0.003942966 0.3078188 -0.9514369 0 0.09800893 -0.9951856 0.005115926 0.091147 -0.9958243 0 0.0784617 -0.9969171 0 0.7071092 -0.7071045 0 0.7071044 -0.7071092 0 0.7071102 -0.7071034 0 0.7071045 -0.7071092 0 0.7071094 -0.7071042 0 0.7071079 -0.7071057 0 0.7071058 -0.7071078 0 0.707108 -0.7071057 0 0.7071074 -0.7071062 0 0.7071054 -0.7071083 0 0.7071074 -0.7071062 0 0.7071063 -0.7071073 0 0.7071049 -0.7071087 0 0.980785 -0.1950922 -0.006291866 0.9238623 -0.3826733 0 0.9238798 -0.382683 0.004602313 0.9810907 -0.1934937 0.006291031 0.9238626 -0.3826725 -0.004602432 0.830557 -0.5569146 0 0.8314708 -0.5555685 0.004601716 0.8305569 -0.5569149 3.3938e-4 0.988263 -0.1527619 -0.005116999 0.9958241 -0.09114992 0 0.9969177 -0.07845485 -0.004602372 0.9810909 -0.1934931 0 0.9951847 -0.09801816 0.003931701 0.9514371 -0.3078182 0.003931581 0.8904312 -0.4551008 0 0.9951847 -0.09801834 -3.39384e-4 0.9882626 -0.1527643 0 0.9969178 -0.07845419 0.005116999 0.9958239 -0.09115213 -0.003932952 0.9514362 -0.3078208 0 0.7730092 -0.6343948 0 0.7730093 -0.6343949 -0.005115926 0.7686065 -0.6397014 3.415e-4 0.8068258 -0.5907894 0 0.7604044 -0.64945 -0.003934442 0.8904302 -0.4551031 -3.42845e-4 0.806824 -0.5907918 0.005115926 0.7686057 -0.6397026 0 0.7730098 -0.6343942 0 0.7604058 -0.6494483 0 0.8314702 0.5555695 -0.00628972 0.9238609 0.3826766 0 0.9238796 0.3826835 0.00460124 0.8305568 0.5569151 0.00628978 0.9238615 0.3826755 -0.004601657 0.9810907 0.1934942 0 0.9807853 0.1950905 0.004601597 0.9810907 0.193494 3.41778e-4 0.8068273 0.5907874 -0.005116403 0.7686088 0.6396987 0 0.760408 0.6494458 -0.004601299 0.8305564 0.5569155 0 0.773011 0.6343927 0.003934741 0.8904301 0.4551032 0.003933668 0.9514366 0.3078197 0 0.773012 0.6343915 -3.41809e-4 0.8068267 0.5907882 0 0.7604095 0.649444 0.005116403 0.7686089 0.6396985 -0.003934681 0.8904296 0.4551039 3.40015e-4 0.9882631 0.1527611 0 0.9951847 0.09801882 0 0.9951844 0.09802013 -0.005116701 0.9958239 0.09115087 0 0.9969177 0.07845485 -0.003933668 0.9514358 0.3078223 -3.40228e-4 0.9882628 0.1527632 0.005116701 0.995824 0.09115087 0 0.9951847 0.09801888 0 0.9969178 0.07845419 0 0.7071057 0.7071079 0 0.7071055 0.7071081 0 0.7071068 0.7071068 0 0.7071067 0.7071069 0 0.7071073 0.7071064 0 0.7071066 0.7071071 0 0.7071072 0.7071064 0 0.7071065 0.7071071 0 0.707107 0.7071067 0 0.7071081 0.7071055 0 0.7071065 0.7071072 0 0.7071073 0.7071063 -1 -1.7838e-7 0 -1 2.3515e-7 0 -1 -3.61792e-6 0 -1 0 0 -1 -8.29189e-7 0 -1 0 0 -1 -3.14875e-6 0 -1 6.41344e-7 0 -1 5.49298e-7 0 -1 0 0 -1 2.8686e-7 0 -1 -2.64368e-7 0 -1 -2.55167e-6 0 -1 8.94022e-7 0 -1 1.49994e-6 0 -1 -5.40055e-7 0 -1 9.67492e-7 0 -1 8.59894e-7 0 -1 8.50965e-7 0 -1 -1.00579e-6 0 -1 1.37982e-6 0 -1 -3.54475e-6 0 -1 -7.84758e-7 0 -1 -2.41409e-6 0 -1 -1.87606e-6 0 -1 0 0 -1 -5.49297e-7 0 -1 9.59734e-7 0 -1 -4.56401e-6 0 -1 3.022e-7 0 -1 6.51333e-6 0 -1 6.64439e-6 0 -1 -8.41562e-6 0 -1 -1.18811e-6 0 -1 -6.91701e-7 0 -1 1.22168e-7 0 -1 1.94768e-6 0 -1 -3.35398e-7 0 -1 5.66908e-6 0 -1 1.82911e-6 0 -1 -5.77337e-6 0 -1 9.68152e-6 0 -1 -1.03778e-6 0 -1 -1.20679e-6 0 -1 9.10516e-6 0 -1 -5.80367e-6 0 -1 4.59479e-6 0 -1 6.54627e-7 0 -1 -1.69635e-7 0 -1 -1.3093e-7 0 -1 0 0 -1 1.57928e-6 0 -1 0 0 -1 -4.5749e-7 0 -1 5.89868e-7 0 -1 -1.45267e-6 0 -1 2.99841e-7 0 -1 3.5448e-6 0 -1 -5.9209e-7 0 -1 3.48826e-6 0 -1 -7.94362e-7 0 -1 0 0 -1 2.17883e-7 0 -1 3.14875e-6 0 -1 -4.70297e-7 0 -1 0 0 -1 -8.94022e-7 0 -1 -1.28268e-6 0 -1 3.35398e-7 0 -1 7.84757e-7 0 -1 2.61922e-6 0 -1 -2.79432e-6 0 -1 6.49619e-6 0 -1 -1.1217e-5 0 -1 -4.59479e-6 0 -1 5.80369e-6 0 -1 2.55167e-6 0 -1 2.41409e-6 0 -1 -1.49994e-6 0 -1 0 0 -1 2.64428e-6 0 -1 -2.90962e-6 0 -1 0 0 -1 -2.79136e-7 0 -1 5.49297e-7 0 -1 1.61398e-6 0 -1 -4.3787e-7 0 -1 7.35167e-6 0 -1 -5.50196e-6 0 -1 -1.11655e-6 0 -1 2.15732e-7 0 -1 -1.43063e-6 0 -1 -2.31285e-7 0 -1 -1.03272e-6 0 -1 7.66e-7 0 -1 -5.90639e-7 0 -1 0 0 -1 1.87348e-7 0 -1 -4.10639e-7 0 -1 -1.92709e-7 0 -1 5.92754e-6 0 -1 -6.51323e-7 0 -1 0 0 -1 -4.12351e-7 0 -1 -2.87374e-7 0 -1 2.88656e-7 0 -1 1.7351e-7 0 -1 1.21793e-6 0 -1 1.25394e-6 0 -1 4.23844e-5 0 -1 4.00576e-7 0 -1 -2.86173e-7 0 -1 0 0 -1 4.61159e-7 0 -1 -5.15976e-7 0 -1 2.85902e-7 0 -1 -3.02649e-6 0 -1 -4.37853e-6 0 -1 0 0 -1 1.92709e-7 0 -1 0 0 -1 -5.84941e-6 0 -1 6.51323e-7 0 -1 -3.11572e-6 0 -1 -2.29063e-6 0 -1 5.92753e-6 0 -1 0 0 -1 6.53114e-7 0 -1 1.01461e-6 0 -1 0 0 -1 -3.07966e-7 0 -1 -7.98917e-7 0 -1 2.31678e-6 0 -1 0 0 -1 0 0 -1 -2.3945e-6 0 -1 2.0846e-6 0 -1 -2.84991e-6 0 -1 -1.88729e-6 0 -1 1.9544e-6 0 -1 -2.38711e-6 0 -1 -1.38571e-6 0 -1 7.52543e-6 0 0 0 -1 0 0 -1 0 0 -1 0 0 -1 0 0 -1 0 0 -1 0 0 -1 0 0 -1 0 0 -1 0 0 -1 0 0 -1 -5.91515e-7 0 -1 4.61159e-7 0 -1 1.1567e-6 0 -1 0 0 -1 0 0 -1 0 0 -1 0 0 -1 0 0 -1 0 0 -1 0 0 -1 0 0 -1 0 0 -1 0 0 -1 0 0 -1 0 0 -1 0 0 -1 0 0 -1 0 0 -1 -1.85126e-7 0 -1 3.85374e-7 0 -1 -3.69823e-7 0 -1 0 0 1 0 0 1 0 0 1 0 0 1 0 0 1 0 0 1 0 0 1 0 0 1 0 1 0 0 1 -1.60511e-7 0 1 1.61287e-7 0 1 0 0 1 4.8153e-7 0 1 5.36405e-7 0 1 0 0 -1 -2.5844e-7 0 -1 -6.00187e-7 0 -1 -1.28408e-6 0 -1 -3.54077e-7 0 -1 0 0 -1 -6.29294e-7 0.7071068 0 -0.7071067 0.9238788 0 -0.3826853 0.7071067 0 -0.707107 0.9238787 0 -0.3826855 0.7071065 0 -0.7071072 0.3826836 0 -0.9238795 0.382683 0 -0.9238797 0.3826831 0 -0.9238797 0.9238788 0 -0.3826853 0.9807847 0 -0.1950933 0.9807847 0 -0.1950933 0.9238788 0 -0.3826853 0.9807847 0 -0.1950936 0.7071064 0 -0.7071072 0.9807847 0 -0.1950935 0.9807847 0 -0.1950935 0.9238787 0 -0.3826856 0.9807847 0 -0.1950935 0.3826826 0 -0.9238799 0.1950905 0 -0.9807853 0.1950893 0 -0.9807856 0.1950886 0 -0.9807856 0.7071068 0 -0.7071068 0.3826839 0 -0.9238794 0.1950898 0 -0.9807855 0.1950908 0 -0.9807852 0.19509 0 -0.9807854 -0.9706122 0 0.2406495 -0.993804 -0.004182338 0.1110683 -0.9653078 0.003414869 0.2610924 -0.9914451 0 0.1305254 -0.993804 0.004182338 0.1110683 -0.867876 0.001630723 0.4967783 -0.8565297 0 0.5160977 -0.7071011 -0.004049181 0.7071009 -0.7071069 0 0.7071067 -0.9653078 -0.003415167 0.2610925 -0.707101 0.004049181 0.707101 -0.5563505 0 0.8309478 -0.5003926 -0.004806697 0.8657853 -0.3826833 0 0.9238796 -0.1110681 -0.004183471 0.9938041 -0.2570597 -0.003024816 0.9663908 -0.1305263 0 0.9914449 -0.1940963 0 0.9809826 -0.2570596 0.003024816 0.9663909 -0.5003924 0.004806756 0.8657854 -0.1110681 0.004183471 0.993804 -0.1305263 0 0.9914449 0.9396929 0.3420194 0 0.9396923 0.3420212 0 0.9396942 0.3420159 0 -0.9396917 0.342023 0 -0.939692 0.3420221 0 -0.939691 0.3420248 0 0.9396926 0.3420203 0 -0.9396926 0.3420203 0 0.939691 0.3420248 0 0.939692 0.3420221 0 0.9396917 0.342023 0 -0.9396929 0.3420194 0 -0.9396923 0.3420212 0 -0.9396942 0.3420159 0 0.9396935 0.3420177 0 0.9396932 0.3420186 0 0.9396928 0.3420199 0 0.9396932 0.3420185 0 0.9396918 0.3420225 0 0.939693 0.3420194 0 0.939693 0.342019 0 -0.9396925 0.3420208 0 -0.9396928 0.3420199 0 -0.9396918 0.3420225 0 0.9396925 0.3420208 0 0.9396934 0.3420181 0 -0.939693 0.342019 0 -0.939693 0.3420194 0 -0.9396934 0.3420181 0 -0.9396926 0.3420203 0 0.9396921 0.3420217 0 0.9396923 0.3420212 0 -0.9396923 0.3420212 0 -0.9396921 0.3420217 0 -0.006078004 -0.9655291 -0.2602244 0 -0.9913495 -0.131249 0 -0.9655468 -0.2602295 0.006633639 -0.991225 -0.1320195 0.006078064 -0.9655291 -0.2602245 -0.0066334 -0.9233188 -0.3839771 0 -0.9230394 -0.3847057 0.0066334 -0.9233186 -0.3839777 -0.005499064 -0.9915692 -0.1294617 -0.02736628 -0.9971295 -0.07059699 -0.01303732 -0.9981385 -0.05957984 -0.01062059 -0.9834867 -0.1806684 0 -0.997835 -0.06576794 0 -0.9655464 -0.260231 -0.01062005 -0.941076 -0.3380285 0.005316615 -0.9981265 -0.06095516 0.007848203 -0.9965611 -0.08248966 0 -0.9990376 -0.04386484 0.01062095 -0.9834867 -0.1806688 -0.007848203 -0.9030417 -0.4294813 -0.005316615 -0.8935735 -0.4488857 0 -0.8857725 -0.4641197 0.005316615 -0.8935729 -0.4488866 0 -0.9655472 -0.2602285 0.01062011 -0.9410758 -0.338029 0.007848203 -0.9030417 -0.4294814 0 -0.8857717 -0.4641214 0 -0.9213576 -0.3887161 -0.001471042 -0.9642735 -0.2649049 0 -0.9642444 -0.2650147 4.72652e-4 -0.9208101 -0.390011 0.001470983 -0.9642731 -0.2649062 7.34352e-4 -0.9912409 -0.132065 0 -0.9909797 -0.1340125 -7.34388e-4 -0.9912405 -0.1320683 -4.72712e-4 -0.9208109 -0.3900093 0 -0.8944211 -0.447226 0.008800804 -0.9020824 -0.4314744 0 -0.8944217 -0.4472247 0.01028418 -0.9387235 -0.3445178 0.00737673 -0.9852454 -0.1709894 0 -0.8944216 -0.4472249 0 -0.8944226 -0.447223 -0.008800804 -0.9020828 -0.4314734 -0.01028424 -0.9387238 -0.344517 0.005475044 -0.997106 -0.07582777 0 -0.9977427 -0.06715488 0 -0.9977427 -0.06715297 0 -0.9961516 -0.0876469 -0.00737673 -0.9852457 -0.1709876 -0.005475103 -0.9971057 -0.07583063 0 -0.9977425 -0.06715583 0 -0.9961524 -0.08763849 0 0.7071088 0.7071048 0 0.7071086 0.707105 0 0.7071083 0.7071053 0 0.7071083 0.7071053 0 0.7071083 0.7071054 0 0.7071092 0.7071044 0 0.7071091 0.7071046 0 0.707109 0.7071047 0 0.7071097 0.7071039 0 0.7071077 0.7071059 0 0.7071092 0.7071045 0 0.7071088 0.7071049 0 1 0 0 1 0 0 1 0 0 -1 0 0 -1 0 0 -1 0 0 -1 0 0 -1 0 0 -1 0 0 -1 0 0 -0.7071068 0.7071068 0 -0.7071069 0.7071068 0 -0.7071068 0.7071069 0 -0.7071074 0.7071062 0 -0.7071079 0.7071058 0 -0.7071063 0.7071074 0 -0.7071074 0.7071062 0 -0.7071056 0.707108 -0.006289243 0.9238612 0.382676 0 0.9807854 0.1950901 0 0.9238795 0.3826836 0.004601716 0.9810912 0.1934921 0.006289243 0.9238611 0.3826763 -0.004601418 0.8305572 0.5569143 0 0.8314706 0.5555689 0.004601836 0.8305571 0.5569146 3.39775e-4 0.9882631 0.1527612 0 0.9969175 0.07845848 -0.005116462 0.9958242 0.09114962 -0.004601716 0.9810912 0.1934916 0 0.9951848 0.09801661 0.003933548 0.951436 0.3078217 0.003934025 0.8904291 0.4551051 0 0.9951848 0.09801644 0 0.9951848 0.09801667 -3.39748e-4 0.9882633 0.1527603 0.005116462 0.9958242 0.09114819 -0.003933489 0.9514358 0.3078223 3.39422e-4 0.8068272 0.5907875 -0.005116879 0.768608 0.6396996 0 0.7604026 0.649452 0 0.7730111 0.6343926 -0.003934025 0.8904294 0.4551044 -3.3869e-4 0.8068272 0.5907875 0 0.7730121 0.6343915 0.005117833 0.768608 0.6396998 0 0.7604011 0.6494538 -0.009385585 0.8659874 -0.4999777 0 0.7071067 -0.707107 0 0.8660255 -0.4999999 0.009477078 0.705933 -0.7082152 0.009385645 0.8659874 -0.4999777 -0.009477019 0.9662988 -0.2572487 0 0.9659259 -0.2588189 0.009477078 0.9662985 -0.2572497 -0.01167476 0.5967966 -0.8023077 -0.006460368 0.6376105 -0.7703319 0 0.5735781 -0.8191511 0 0.6087603 -0.7933543 -0.009477019 0.7059344 -0.7082139 0 0.8660249 -0.5000012 -0.003148317 0.7695755 -0.6385481 -0.003149211 0.9377862 -0.3471994 0 0.6087609 -0.7933539 0 0.6087617 -0.7933532 0.006460607 0.6376118 -0.7703309 0.01167446 0.5967963 -0.8023079 0 0.5735772 -0.8191515 0.003148972 0.7695773 -0.6385459 -0.006459951 0.9859323 -0.1670209 0 0.9914449 -0.1305267 -0.01167398 0.9932172 -0.1156873 0 0.9961948 -0.08715575 0 0.991445 -0.130525 0 0.991445 -0.1305257 0.00314933 0.9377865 -0.3471986 0.00646007 0.9859324 -0.1670203 0.01167398 0.9932172 -0.1156867 0 0.9961951 -0.08715188 -0.009385406 -0.8659876 -0.4999775 0 -0.9659261 -0.2588182 0 -0.8660253 -0.5000004 0.009477138 -0.9662987 -0.2572489 0.009385406 -0.8659871 -0.4999783 -0.009476542 -0.7059333 -0.7082149 0 -0.7071064 -0.7071073 0.0094769 -0.7059329 -0.7082154 -0.01167404 -0.9932172 -0.1156867 -0.006460368 -0.9859322 -0.1670212 0 -0.9961948 -0.08715575 0 -0.9914448 -0.1305275 -0.009477078 -0.9662989 -0.2572482 0 -0.8660259 -0.4999994 -0.00314939 -0.9377855 -0.3472009 -0.003147542 -0.7695767 -0.6385467 0 -0.9914446 -0.1305283 0 -0.9914448 -0.1305269 0.006460428 -0.9859323 -0.1670205 0.0116741 -0.9932171 -0.1156873 0 -0.9961944 -0.08715963 0.003149449 -0.9377862 -0.3471993 -0.006459414 -0.6376106 -0.7703317 0 -0.6087601 -0.7933543 -0.0116744 -0.5967954 -0.8023086 0 -0.5735771 -0.8191515 0 -0.6087611 -0.7933537 0 -0.6087615 -0.7933533 0.003148138 -0.7695777 -0.6385455 0.006460368 -0.6376109 -0.7703316 0.0116747 -0.596795 -0.8023088 0 -0.5735763 -0.8191522 -0.006289243 -0.9238617 0.3826748 0 -0.83147 0.5555697 0 -0.9238794 0.3826838 0.004600822 -0.8305576 0.5569137 0.006288886 -0.9238617 0.382675 -0.004601299 -0.981091 0.1934928 0 -0.9807851 0.1950913 0.00460112 -0.9810909 0.1934931 3.40504e-4 -0.8068278 0.5907866 0 -0.7604058 0.6494483 -0.005115389 -0.7686084 0.6396993 -0.004600822 -0.8305575 0.556914 0 -0.773011 0.6343927 0.003934025 -0.8904297 0.4551041 0.003934562 -0.9514358 0.3078222 0 -0.7730109 0.6343929 0 -0.7730121 0.6343914 -3.40472e-4 -0.8068273 0.5907873 0.005115449 -0.7686086 0.6396989 0 -0.7604022 0.6494526 -0.003934562 -0.8904294 0.4551045 3.41358e-4 -0.9882631 0.1527615 -0.005116105 -0.9958242 0.09114921 0 -0.9969178 0.07845419 0 -0.995185 0.09801518 -3.41316e-4 -0.9882631 0.1527611 -0.003935337 -0.9514357 0.3078225 0 -0.9951849 0.09801578 0.005116105 -0.9958242 0.09114873 0 -0.9969177 0.07845485 -0.002315759 0.3898137 0.9208908 0 0.5612432 0.8276509 0 0.3899201 0.9208487 9.45956e-4 0.5624998 0.8267969 0.002315402 0.3898125 0.9208914 3.35363e-4 0.1974959 0.9803037 0 0.1994176 0.9799147 -3.35751e-4 0.1974949 0.980304 -9.45675e-4 0.5625004 0.8267966 0.01078319 0.6154415 0.788109 0 0.6379486 0.770079 0 0.6379472 0.7700801 0.01251816 0.5007194 0.8655191 0.008550882 0.2543979 0.9670618 0 0.6379466 0.7700806 0 0.637946 0.7700812 0 0.6379484 0.7700792 -0.01078051 0.615444 0.7881069 -0.01251357 0.5007213 0.8655181 0.007368087 0.112719 0.9935996 0 0.1305151 0.9914463 0 0.1002153 0.9949659 -0.008547842 0.254399 0.9670616 -0.007366001 0.1127192 0.9935996 0 0.100215 0.9949659 0 0.1305171 0.9914461 -0.01273238 -0.7070503 -0.7070487 0 -0.9238795 -0.3826835 0 -0.7071065 -0.7071071 0.009310126 -0.9250827 -0.3796517 0.01273244 -0.7070497 -0.7070493 -0.009310603 -0.379652 -0.9250825 0 -0.3826832 -0.9238797 0.009310305 -0.3796519 -0.9250826 7.35826e-4 -0.9533188 -0.3019648 0 -0.9876887 -0.1564324 -0.01022404 -0.9833305 -0.1815399 -0.009310066 -0.925083 -0.3796511 0 -0.9807853 -0.1950905 0.007982194 -0.8104616 -0.5857375 0.007979035 -0.5857379 -0.8104613 0 -0.9807855 -0.1950898 0 -0.9807853 -0.1950905 -7.35691e-4 -0.9533194 -0.301963 0.01022404 -0.9833304 -0.1815404 0 -0.9876886 -0.1564338 -0.007982075 -0.8104629 -0.5857357 7.30099e-4 -0.3019644 -0.953319 0 -0.195091 -0.9807852 -0.01022452 -0.1815397 -0.9833306 0 -0.1564328 -0.9876887 -0.007980108 -0.5857395 -0.8104601 -7.3139e-4 -0.301966 -0.9533184 0.01022452 -0.1815395 -0.9833305 0 -0.1950907 -0.9807853 0 -0.1564334 -0.9876886 -0.01273238 0.7070507 -0.7070483 0 0.3826835 -0.9238796 0 0.7071071 -0.7071065 0.009310781 0.3796519 -0.9250826 0.01273214 0.7070498 -0.7070491 -0.009310066 0.9250831 -0.3796509 0 0.9238798 -0.382683 0.009310126 0.9250831 -0.3796507 7.29379e-4 0.3019638 -0.9533192 0 0.1564328 -0.9876887 -0.01022547 0.1815395 -0.9833306 -0.00931102 0.3796527 -0.9250823 0 0.1950907 -0.9807853 0.007979035 0.5857375 -0.8104617 0.007982194 0.8104618 -0.5857372 0 0.1950906 -0.9807853 0 0.1950908 -0.9807853 -7.30641e-4 0.3019655 -0.9533187 0.01022547 0.1815394 -0.9833306 0 0.1564338 -0.9876886 -0.007981181 0.5857391 -0.8104604 7.3583e-4 0.9533194 -0.3019632 0 0.9807853 -0.1950902 -0.01022404 0.9833307 -0.1815388 0 0.9876884 -0.1564345 -0.007983267 0.810463 -0.5857354 -7.35697e-4 0.95332 -0.3019614 0.01022404 0.9833305 -0.1815397 0 0.9807853 -0.1950905 0 0.9876881 -0.1564359 -0.01273179 0.7070503 0.7070487 0 0.9238799 0.3826828 0 0.707107 0.7071066 0.009309053 0.9250835 0.3796498 0.01273214 0.7070502 0.7070488 -0.00930953 0.3796499 0.9250834 0 0.3826813 0.9238805 0.00930953 0.3796498 0.9250835 7.36255e-4 0.9533189 0.3019645 0 0.9876886 0.1564332 -0.01022344 0.9833308 0.1815381 -0.009309053 0.9250831 0.3796507 0 0.9807854 0.1950898 0.007985711 0.8104613 0.5857379 0.007984578 0.5857362 0.8104624 0 0.9807855 0.1950892 0 0.9807856 0.1950889 -7.36156e-4 0.9533196 0.3019624 0.0102235 0.9833308 0.1815379 0 0.9876884 0.1564345 -0.007984459 0.8104621 0.5857368 7.36907e-4 0.301963 0.9533194 -0.01022255 0.1815384 0.9833307 0 0.1564391 0.9876877 0 0.1950857 0.9807862 -0.007983326 0.5857359 0.8104627 -7.36873e-4 0.3019624 0.9533196 0 0.1950861 0.9807862 0.01022255 0.1815379 0.9833308 0 0.156438 0.9876878 -0.01273226 -0.7070503 0.7070487 0 -0.3826814 0.9238804 0 -0.7071067 0.7071069 0.00930953 -0.3796495 0.9250836 0.01273274 -0.7070497 0.7070493 -0.009310066 -0.9250828 0.3796514 0.009310066 -0.925083 0.3796511 7.36899e-4 -0.3019629 0.9533194 0 -0.1564391 0.9876877 -0.01022255 -0.1815387 0.9833307 -0.009309053 -0.3796502 0.9250833 0.007985174 -0.5857364 0.8104624 0.007984578 -0.8104611 0.5857381 -7.3687e-4 -0.3019633 0.9533193 0.01022261 -0.1815382 0.9833307 0 -0.1564376 0.9876878 -0.007984578 -0.5857368 0.810462 7.35891e-4 -0.9533187 0.3019653 -0.01022392 -0.9833307 0.1815386 0 -0.9876889 0.1564311 -0.007984817 -0.8104619 0.5857371 -7.36122e-4 -0.9533188 0.3019649 0.01022398 -0.9833305 0.1815395 -0.003124237 -0.7079948 -0.7062108 2.07697e-4 -0.9245586 -0.3810399 0.003124296 -0.7079945 -0.706211 -0.004826724 -0.3837748 -0.9234141 0.004826784 -0.3837749 -0.9234141 -0.003830254 -0.03214234 -0.999476 0.003830134 -0.03214222 -0.999476 0.002753019 0.2614492 -0.9652134 -0.002753138 0.261449 -0.9652134 -2.07629e-4 -0.9245587 -0.3810395 0.005438864 -0.9149724 -0.4034798 0.003274917 -0.9799345 -0.1992934 0 -0.9781478 -0.207911 0 -0.9807853 -0.1950902 0.01170939 -0.6698426 -0.7424108 -0.003274977 -0.9799344 -0.1992939 0 -0.9781482 -0.207909 -0.005438864 -0.9149726 -0.4034796 -0.01170963 -0.6698421 -0.7424113 0.015132 -0.3095846 -0.9507516 0.01792103 0.1090909 -0.9938703 0.01903116 0.3390944 -0.9405599 0 0.3826838 -0.9238795 0 0.3090174 -0.9510565 0 0.3826822 -0.9238801 -0.01792138 0.1090914 -0.9938702 -0.0151323 -0.3095844 -0.9507516 -0.01903116 0.3390942 -0.94056 0 0.3826835 -0.9238795 0 0.3090189 -0.951056 -0.003830134 0.03214305 -0.999476 -0.0027529 -0.2614493 -0.9652133 0.003830134 0.03214287 -0.999476 -0.004826366 0.3837751 -0.923414 0.004826545 0.3837752 -0.9234141 -0.003124058 0.7079945 -0.706211 0.003124058 0.7079946 -0.7062109 -2.07795e-4 0.9245584 -0.3810403 2.077e-4 0.9245585 -0.3810402 0.01792013 -0.1090914 -0.9938703 0 -0.3090179 -0.9510563 0.01903027 -0.3390957 -0.9405595 0.0027529 -0.2614495 -0.9652133 0 -0.3826842 -0.9238793 0.01513141 0.3095844 -0.9507516 0 -0.3826838 -0.9238794 0 -0.3826835 -0.9238795 -0.01792061 -0.1090915 -0.9938703 -0.01903027 -0.3390951 -0.9405596 0 -0.3090189 -0.951056 -0.01513189 0.3095843 -0.9507517 0.01170873 0.6698426 -0.7424109 0.005438148 0.9149724 -0.4034801 0.003274738 0.9799342 -0.1992945 0 0.9781476 -0.207912 0 0.9807853 -0.1950907 -0.01170909 0.6698423 -0.7424111 -0.005438446 0.9149723 -0.4034802 -0.003274798 0.9799342 -0.1992946 0 0.9781478 -0.2079111 -0.01273089 0.7070505 0.7070485 0 0.9238798 0.382683 0 0.7071064 0.7071072 0.009310007 0.9250828 0.3796514 0.01273167 0.7070496 0.7070494 -0.009309232 0.3796501 0.9250833 0 0.382681 0.9238806 0.009309649 0.3796499 0.9250834 7.36062e-4 0.9533184 0.3019662 -0.01022368 0.9833304 0.1815403 -0.009310007 0.925083 0.3796511 0 0.9807853 0.1950904 0.007984578 0.8104605 0.585739 0.007984578 0.5857353 0.8104631 0 0.980785 0.1950923 0 0.980785 0.1950918 -7.35968e-4 0.9533188 0.3019649 0.01022374 0.9833303 0.181541 -0.007983326 0.8104614 0.5857378 7.32775e-4 0.3019627 0.9533194 -0.01022458 0.1815392 0.9833306 0 0.1564395 0.9876876 0 0.1950866 0.9807861 -0.00798285 0.5857357 0.8104628 -7.32808e-4 0.3019632 0.9533194 0 0.1950867 0.9807861 0.01022452 0.1815385 0.9833307 -0.01273334 -0.7070508 0.7070482 0 -0.3826815 0.9238803 0 -0.7071069 0.7071067 0.00930953 -0.3796504 0.9250832 0.01273339 -0.7070505 0.7070485 -0.009309887 -0.9250831 0.3796508 0 -0.9238797 0.3826831 0.009309828 -0.9250836 0.3796497 7.36964e-4 -0.3019629 0.9533195 0 -0.1564381 0.9876878 -0.01022249 -0.1815376 0.9833309 -0.00930953 -0.3796507 0.9250831 0 -0.1950857 0.9807862 0.007982194 -0.5857363 0.8104624 0.007982194 -0.8104605 0.5857389 0 -0.1950857 0.9807862 0 -0.1950858 0.9807862 -7.36896e-4 -0.3019629 0.9533194 0.01022255 -0.1815374 0.983331 0 -0.1564367 0.9876881 -0.007982134 -0.5857364 0.8104624 7.36248e-4 -0.9533189 0.3019645 0 -0.9807851 0.1950916 -0.01022344 -0.9833308 0.1815379 0 -0.9876886 0.1564332 -0.007982373 -0.810461 0.5857384 -7.36476e-4 -0.9533188 0.3019647 0.0102235 -0.9833308 0.1815378 0 -0.9807856 0.1950894 0 -0.9876877 0.1564388 -0.01273286 -0.707051 -0.7070479 0 -0.9238797 -0.3826831 0 -0.7071071 -0.7071065 0.009310126 -0.9250831 -0.3796507 0.0127325 -0.7070497 -0.7070493 -0.009310603 -0.3796526 -0.9250823 0 -0.3826836 -0.9238795 0.009310364 -0.3796525 -0.9250824 7.35818e-4 -0.953319 -0.3019643 0 -0.9876884 -0.1564345 -0.01022404 -0.9833305 -0.1815397 -0.009310543 -0.9250834 -0.3796499 0 -0.980785 -0.195092 0.007981598 -0.8104611 -0.5857383 0.007979035 -0.5857378 -0.8104614 0 -0.9807853 -0.1950906 0 -0.9807853 -0.1950907 -7.35678e-4 -0.9533197 -0.3019623 0.01022404 -0.9833307 -0.1815386 0 -0.9876875 -0.1564401 -0.007982015 -0.810462 -0.585737 7.30147e-4 -0.3019644 -0.9533189 0 -0.1950905 -0.9807853 -0.01022446 -0.1815388 -0.9833307 0 -0.1564317 -0.9876888 -0.007979989 -0.585739 -0.8104605 -7.31405e-4 -0.3019656 -0.9533187 0.01022446 -0.1815387 -0.9833307 0 -0.1950903 -0.9807853 0 -0.1564324 -0.9876887 -0.01273143 0.7070506 -0.7070484 0 0.3826836 -0.9238796 0 0.7071063 -0.7071073 0.009309768 0.3796521 -0.9250825 0.01273149 0.7070498 -0.7070492 -0.009310483 0.9250828 -0.3796517 0 0.9238792 -0.3826843 0.009310543 0.9250829 -0.379651 7.30082e-4 0.3019638 -0.9533191 0 0.1564331 -0.9876886 -0.01022458 0.1815404 -0.9833304 -0.009309768 0.3796526 -0.9250824 0 0.1950914 -0.9807851 0.007980108 0.5857369 -0.8104621 0.007981359 0.8104611 -0.5857382 0 0.1950911 -0.9807852 0 0.1950918 -0.980785 -7.30079e-4 0.3019663 -0.9533184 0.01022452 0.18154 -0.9833305 -0.007980048 0.5857388 -0.8104606 7.34464e-4 0.9533187 -0.3019653 0 0.9807852 -0.1950912 -0.01022452 0.9833302 -0.1815415 -0.00798124 0.8104624 -0.5857365 -7.34329e-4 0.9533193 -0.3019635 0.01022452 0.9833303 -0.1815411 0 0.980785 -0.1950922 -0.01273047 0.7070496 0.7070494 0 0.9238797 0.3826833 0 0.7071052 0.7071084 0.009308457 0.9250826 0.3796522 0.01273149 0.7070483 0.7070508 -0.009310066 0.3796483 0.9250841 0 0.3826789 0.9238815 0.009310364 0.379648 0.9250842 7.35803e-4 0.9533188 0.3019652 -0.01022398 0.9833303 0.1815407 -0.009308397 0.9250831 0.379651 0.00798434 0.8104622 0.5857365 0.007987439 0.5857362 0.8104625 0 0.980785 0.1950922 -7.35771e-4 0.9533188 0.3019648 0.01022398 0.9833302 0.1815412 0 0.9876881 0.1564359 -0.00798422 0.8104625 0.585736 7.37798e-4 0.301961 0.95332 -0.01022845 0.181537 0.9833309 0 0.1564331 0.9876886 -0.007988393 0.5857373 0.8104616 -7.40473e-4 0.3019624 0.9533196 0.01022839 0.1815366 0.9833311 0 0.1564338 0.9876886 0.005961954 -0.9200994 -0.3916397 0 -0.9807857 -0.1950888 0 -0.9238791 -0.3826846 0 -0.9238798 -0.3826828 0 -0.9807856 -0.1950885 0 -0.9238796 -0.3826833 0 -0.9807857 -0.1950884 -0.0063982 -0.9815125 -0.1912915 -0.005961954 -0.9200993 -0.39164 -4.19903e-4 -0.8322282 -0.5544332 4.19889e-4 -0.8322283 -0.5544331 2.65886e-4 -0.7071068 -0.7071068 -2.65835e-4 -0.7071062 -0.7071074 -4.1962e-4 -0.5544331 -0.8322282 4.19614e-4 -0.5544334 -0.8322281 0 -0.382684 -0.9238794 0 -0.3826841 -0.9238793 0 -0.3826836 -0.9238795 0.006397604 -0.1912933 -0.9815121 0 -0.1950902 -0.9807853 0 -0.1950901 -0.9807853 0 -0.1950899 -0.9807854 -0.005961418 -0.3916408 -0.920099 -0.006397664 -0.191293 -0.9815121 0.006398081 -0.9815123 -0.1912925 0.02899777 -0.9499681 -0.3109982 0.02804064 -0.9911749 -0.1295614 0 -0.9951849 -0.09801602 0 -0.995185 -0.09801584 0.02232563 -0.80737 -0.589623 0.02232539 -0.5896247 -0.8073688 0 -0.9951849 -0.09801554 -0.02804082 -0.9911751 -0.1295598 -0.02232539 -0.8073689 -0.5896246 -0.02899783 -0.9499679 -0.3109989 0.005961358 -0.3916413 -0.9200987 0.02899593 -0.3110007 -0.9499673 0 -0.09801739 -0.9951848 0.02804064 -0.1295633 -0.9911746 0 -0.09801745 -0.9951847 -0.02232521 -0.5896235 -0.8073697 -0.02899599 -0.3109998 -0.9499676 0 -0.09801739 -0.9951847 -0.0280407 -0.1295637 -0.9911746 0.005961537 0.3916413 -0.9200987 0 0.1950904 -0.9807853 0 0.3826839 -0.9238793 0 0.1950907 -0.9807853 0 0.3826838 -0.9238795 0 0.1950904 -0.9807854 -0.006397664 0.1912936 -0.9815121 -0.005961537 0.3916404 -0.9200991 -4.19623e-4 0.5544336 -0.832228 4.19549e-4 0.5544337 -0.8322279 2.66113e-4 0.707107 -0.7071066 -2.66119e-4 0.7071067 -0.7071069 -4.19625e-4 0.8322281 -0.5544334 4.19617e-4 0.8322285 -0.5544327 0 0.9238798 -0.3826828 0 0.9238801 -0.382682 0 0.9238796 -0.3826834 0.006398022 0.9815121 -0.1912935 0 0.9807853 -0.1950901 0 0.9807853 -0.195091 0 0.9807853 -0.1950907 -0.005962014 0.9200993 -0.3916401 -0.006398081 0.9815121 -0.1912934 0.006397783 0.1912932 -0.9815121 0.02899622 0.3110006 -0.9499673 0.02804058 0.1295629 -0.9911746 0 0.09801715 -0.9951847 0 0.09801721 -0.9951847 0.02232545 0.5896248 -0.8073687 0.02232581 0.8073695 -0.5896236 0 0.09801721 -0.9951847 -0.02804064 0.1295635 -0.9911746 -0.02232545 0.5896238 -0.8073695 -0.02899628 0.3110001 -0.9499675 0.005961954 0.9200991 -0.3916404 0.0289976 0.9499679 -0.3109987 0 0.9951847 -0.09801775 0.0280404 0.9911746 -0.1295633 0 0.9951847 -0.09801793 -0.02232563 0.8073691 -0.5896244 -0.02899765 0.9499678 -0.3109992 0 0.9951847 -0.09801775 -0.0280404 0.9911748 -0.1295625 0.005963981 0.920099 0.3916406 0 0.9807854 0.19509 0 0.9238794 0.3826841 0 0.9238792 0.3826842 0 0.9807853 0.1950902 0 0.9238795 0.3826836 0 0.9807853 0.1950906 -0.006398558 0.9815121 0.1912937 -0.005964338 0.9200987 0.3916412 -4.19884e-4 0.832229 0.5544319 4.20153e-4 0.8322294 0.5544315 2.6588e-4 0.7071072 0.7071064 -2.65668e-4 0.707107 0.7071065 -4.18799e-4 0.5544314 0.8322294 4.18799e-4 0.5544314 0.8322294 0 0.3826808 0.9238806 0 0.3826823 0.9238801 0 0.3826807 0.9238806 0.006394982 0.1912908 0.9815126 0 0.1950896 0.9807855 0 0.1950892 0.9807855 0 0.1950895 0.9807854 -0.00595951 0.3916409 0.9200989 -0.006393969 0.1912901 0.9815127 0.006398439 0.981512 0.1912935 0.02900153 0.9499675 0.3109996 0.02803891 0.9911747 0.1295627 0 0.9951848 0.09801703 0 0.9951848 0.09801721 0.02232575 0.8073689 0.5896245 0.02232062 0.5896243 0.8073692 0 0.9951848 0.09801709 -0.02803909 0.9911748 0.1295626 -0.02232605 0.8073686 0.5896249 -0.0290023 0.9499673 0.3109999 0.005959451 0.3916401 0.9200992 0.02898424 0.3109981 0.9499685 0 0.09801876 0.9951847 0.02803277 0.1295586 0.9911755 0 0.09801882 0.9951847 -0.02232068 0.5896243 0.8073692 -0.02898228 0.3109986 0.9499684 0 0.09801876 0.9951847 -0.02802973 0.1295581 0.9911757 0.005957901 -0.3916401 0.9200993 0 -0.1950897 0.9807855 0 -0.3826803 0.9238809 0 -0.3826807 0.9238806 0 -0.1950901 0.9807854 0 -0.3826814 0.9238805 0 -0.1950893 0.9807856 -0.00639075 -0.1912906 0.9815127 -0.005956888 -0.3916403 0.9200992 -4.1989e-4 -0.5544312 0.8322295 4.20164e-4 -0.5544315 0.8322294 2.65655e-4 -0.7071068 0.7071067 -2.6567e-4 -0.7071067 0.707107 -4.20158e-4 -0.8322287 0.5544323 4.19874e-4 -0.8322291 0.5544319 0 -0.9238794 0.382684 0 -0.9238792 0.3826842 0 -0.9238792 0.3826841 0.00639832 -0.9815121 0.1912928 0 -0.9807857 0.1950885 0 -0.9807854 0.1950895 0 -0.9807857 0.1950888 -0.005963623 -0.9200991 0.3916404 -0.006398439 -0.9815123 0.1912922 0.006389558 -0.191291 0.9815127 0.02898448 -0.3109983 0.9499685 0.02802658 -0.1295592 0.9911755 0 -0.09801894 0.9951846 0 -0.098019 0.9951846 0.02232432 -0.5896241 0.8073692 0.02232557 -0.8073691 0.5896244 0 -0.09801894 0.9951846 -0.02802979 -0.1295583 0.9911757 -0.02232277 -0.589624 0.8073694 -0.0289843 -0.3109979 0.9499685 0.005963504 -0.920099 0.3916405 0.02900147 -0.9499678 0.3109989 0 -0.995185 0.0980156 0.02803975 -0.9911748 0.1295614 0 -0.995185 0.09801506 -0.02232581 -0.8073689 0.5896246 -0.02900165 -0.9499678 0.310999 0 -0.995185 0.09801536 -0.02803987 -0.991175 0.1295606 0.7071052 0.7071084 0 0.7071085 0.7071052 0 0.7071088 0.7071048 0 0.7071067 0.707107 0 0.707109 0.7071046 0 0.707109 0.7071046 0 0.7071088 0.7071048 0 0.7071088 0.7071049 0 0.707107 0.7071067 0 0.7071086 0.7071051 0 0.707109 0.7071046 0 0.7071046 0.707109 0 0.7071081 0.7071056 0 0.7071083 -0.7071054 0 0.707107 -0.7071067 0 0.7071042 -0.7071094 0 0.707109 -0.7071046 0 0.707109 -0.7071046 0 0.707109 -0.7071046 0 0.7071088 -0.7071048 0 0.7071088 -0.7071049 0 0.7071085 -0.7071052 0 0.7071048 -0.7071089 0 0.7071067 -0.707107 0 0.7071051 -0.7071086 0 0.8314684 0.5555722 0 0.9238597 0.3826798 -0.00628817 0.9238804 0.3826816 0 0.8305534 0.5569201 0.00460273 0.9238592 0.3826808 0.00628823 0.9810901 0.1934972 -0.004600346 0.980785 0.1950921 0 0.9810902 0.1934966 0.004600465 0.8068284 0.5907859 3.3682e-4 0.7686059 0.6397021 -0.005118727 0.7603936 0.6494626 0 0.830557 0.5569146 -0.00460273 0.7730133 0.6343899 0 0.8904314 0.4551005 0.003934204 0.9514342 0.3078273 0.003937244 0.7730066 0.6343981 0 0.8068272 0.5907875 -3.3677e-4 0.760411 0.6494423 0 0.7686049 0.6397033 0.005118727 0.8904282 0.4551068 -0.003934144 0.9951846 0.09801995 0 0.9951837 0.09802728 0 0.9958239 0.09115135 -0.005115985 0.9882633 0.1527605 3.4154e-4 0.9969178 0.07845437 0 0.9514354 0.3078233 -0.003937065 0.9882628 0.1527633 -3.41423e-4 0.9958236 0.09115511 0.005115985 0.9951844 0.09802109 0 0.9969178 0.07845437 0 0.5555701 0.8314698 0 0.3826797 0.9238598 0.006288349 0.3826836 0.9238796 0 0.5569157 0.8305564 -0.004601359 0.382678 0.9238604 -0.006288468 0.193493 0.981091 0.004600942 0.1950901 0.9807854 0 0.1934947 0.9810906 -0.004601001 0.5907821 0.8068313 -3.39781e-4 0.6396934 0.7686133 0.005117416 0.6494455 0.7604082 0 0.5569164 0.8305559 0.004601418 0.6343876 0.7730152 0 0.4551051 0.890429 -0.003936052 0.3078202 0.9514365 -0.003935694 0.634387 0.7730157 0 0.5907849 0.8068291 3.39721e-4 0.6396996 0.768608 -0.005117475 0.4551032 0.8904301 0.003935813 0.1527608 0.9882632 -3.40716e-4 0.09801673 0.9951848 0 0.09801673 0.9951848 0 0.09115117 0.9958239 0.005115926 0.07845592 0.9969176 0 0.3078214 0.9514361 0.003935337 0.1527609 0.9882632 3.40791e-4 0.09115111 0.9958239 -0.005115866 0.09801638 0.9951848 0 0.0784586 0.9969175 0 0.5555693 -0.8314703 0 0.3826784 -0.9238603 -0.006289839 0.3826833 -0.9238796 0 0.5569151 -0.8305568 0.004602313 0.3826779 -0.9238604 0.006290197 0.1934939 -0.9810907 -0.00460112 0.1950923 -0.980785 0 0.1934934 -0.9810908 0.004601299 0.5907854 -0.8068288 3.39058e-4 0.6396971 -0.7686101 -0.005116403 0.6494455 -0.7604082 0 0.5569175 -0.8305552 -0.004602253 0.6343861 -0.7730164 0 0.4551029 -0.8904302 0.003932356 0.3078209 -0.9514363 0.003933966 0.6343876 -0.7730152 0 0.5907824 -0.8068309 -3.39118e-4 0.6396934 -0.7686133 0.005116343 0.4551047 -0.8904293 -0.003931701 0.1527612 -0.9882631 3.40136e-4 0.0980181 -0.9951847 0 0.09801787 -0.9951847 0 0.09115236 -0.9958239 -0.005115866 0.0784586 -0.9969175 0 0.3078197 -0.9514366 -0.003933131 0.1527609 -0.9882631 -3.40061e-4 0.09115195 -0.9958238 0.005115926 0.09801793 -0.9951847 0 0.07845592 -0.9969176 0 0.8314654 -0.5555768 0 0.9238629 -0.3826723 0.006288647 0.9238764 -0.3826913 0 0.8305556 -0.5569167 -0.004602849 0.9238595 -0.3826803 -0.006288647 0.9810908 -0.1934936 0.004600346 0.9807839 -0.1950973 0 0.98109 -0.1934974 -0.004600286 0.8068271 -0.5907877 -3.36319e-4 0.7686053 -0.6397029 0.005118012 0.76041 -0.6494433 0 0.8305561 -0.5569161 0.004602849 0.7730076 -0.6343969 0 0.8904284 -0.4551066 -0.003932178 0.9514356 -0.3078229 -0.003936409 0.77301 -0.6343939 0 0.8068283 -0.590786 3.3637e-4 0.760393 -0.6494633 0 0.7686038 -0.6397048 -0.005118012 0.8904315 -0.4551004 0.003932237 0.9951839 -0.09802621 0 0.9951837 -0.09802728 0 0.9958232 -0.09116029 0.005116045 0.9882628 -0.1527634 -3.41666e-4 0.9969178 -0.07845449 0 0.9514343 -0.307827 0.003936469 0.9882633 -0.1527606 3.41745e-4 0.9958239 -0.09115135 -0.005116045 0.9951846 -0.09801995 0 0.9969178 -0.07845449 0 0 -0.6364107 0.7713505 0 -0.9807855 0.1950898 0 -0.7071053 -0.7071083 0 0.7071053 -0.7071083 0 0.9951844 -0.09802043 0 0.7071055 0.7071081 0.1950888 0 -0.9807856 -0.8678759 -0.001631021 0.4967785 0 -0.8944218 -0.4472244 0 0.7730113 0.6343923 0 0.8660266 -0.499998 0 -0.8660272 -0.499997 0 -0.9951852 0.09801322 0 0.1002146 0.9949659 0 -0.1950913 -0.9807851 0 0.9807856 -0.1950889 0 0.1950857 0.9807862 0 0.1950867 0.980786 0 -0.9807853 0.1950906 0 -0.1950908 -0.9807853 0 0.980785 -0.1950923 0.7071043 0.7071093 0 0.7071089 -0.7071048 0 0.6343844 0.7730179 0 0.6343844 -0.7730179 0 0.7730074 -0.634397 0</float_array>
          <technique_common>
            <accessor source="#圆角9_010-mesh-normals-array" count="1614" stride="3">
              <param name="X" type="float"/>
              <param name="Y" type="float"/>
              <param name="Z" type="float"/>
            </accessor>
          </technique_common>
        </source>
        <source id="圆角9_010-mesh-map-0">
          <float_array id="圆角9_010-mesh-map-0-array" count="15084">0.634265 0.09455412 0.6316605 0.1012784 0.634265 0.1012784 0.634265 0.1012784 0.6316605 0.1080027 0.634265 0.1080027 0.6368334 0.09455412 0.634265 0.1012784 0.6368334 0.1012784 0.6368334 0.1012784 0.634265 0.1080027 0.6368334 0.1080027 0.6323651 0.08782982 0.6288468 0.08782982 0.6288468 0.09231269 0.6316605 0.09455412 0.6288468 0.09231269 0.6288468 0.09679555 0.634265 0.09455412 0.6323651 0.08782982 0.6316605 0.09455412 0.6288468 0.09231269 0.6316605 0.09455412 0.6323651 0.08782982 0.6358834 0.08782982 0.6323651 0.08782982 0.634265 0.09455412 0.6288468 0.09679555 0.6316605 0.1012784 0.6316605 0.09455412 0.6288468 0.1057612 0.6316605 0.1012784 0.6288468 0.1012784 0.6316605 0.1080027 0.6288468 0.1057612 0.6288468 0.1102441 0.6316605 0.1080027 0.6288468 0.1102441 0.6323651 0.114727 0.6323651 0.114727 0.6288468 0.1102441 0.6288468 0.114727 0.6323651 0.114727 0.634265 0.1080027 0.6316605 0.1080027 0.6394017 0.08782982 0.6358834 0.08782982 0.6368334 0.09455412 0.6368334 0.1012784 0.6394017 0.09679555 0.6368334 0.09455412 0.6368334 0.09455412 0.6394017 0.09231269 0.6394017 0.08782982 0.6368334 0.09455412 0.6394017 0.09679555 0.6394017 0.09231269 0.6358834 0.114727 0.6368334 0.1080027 0.634265 0.1080027 0.6394017 0.114727 0.6368334 0.1080027 0.6358834 0.114727 0.6323651 0.114727 0.6358834 0.114727 0.634265 0.1080027 0.6394017 0.1057612 0.6368334 0.1012784 0.6368334 0.1080027 0.6368334 0.1080027 0.6394017 0.114727 0.6394017 0.1102441 0.6368334 0.1080027 0.6394017 0.1102441 0.6394017 0.1057612 0.6358834 0.08782982 0.634265 0.09455412 0.6368334 0.09455412 0.1430633 0.2003839 0.136339 0.1952518 0.136339 0.2003839 0.136339 0.2003839 0.1296147 0.1952518 0.1296147 0.2003839 0.1430633 0.205516 0.136339 0.2003839 0.136339 0.205516 0.136339 0.205516 0.1296147 0.2003839 0.1296147 0.205516 0.1497876 0.1942254 0.1497876 0.1901198 0.1453047 0.1901198 0.1430633 0.1952518 0.1453047 0.1901198 0.1408218 0.1901198 0.1430633 0.1952518 0.1497876 0.1983311 0.1497876 0.1942254 0.1408218 0.1901198 0.136339 0.1952518 0.1430633 0.1952518 0.1430633 0.2003839 0.1497876 0.2024368 0.1497876 0.1983311 0.1453047 0.1901198 0.1430633 0.1952518 0.1497876 0.1942254 0.1318561 0.1901198 0.136339 0.1952518 0.136339 0.1901198 0.1228904 0.1942254 0.1273733 0.1901198 0.1228904 0.1901198 0.1273733 0.1901198 0.1296147 0.1952518 0.1318561 0.1901198 0.1273733 0.1901198 0.1228904 0.1942254 0.1296147 0.1952518 0.1296147 0.1952518 0.1228904 0.1942254 0.1228904 0.1983311 0.1228904 0.1983311 0.1296147 0.2003839 0.1296147 0.1952518 0.1497876 0.2024368 0.1430633 0.205516 0.1497876 0.2065424 0.136339 0.205516 0.1408218 0.2106481 0.1430633 0.205516 0.1453047 0.2106481 0.1497876 0.2106481 0.1497876 0.2065424 0.1453047 0.2106481 0.1430633 0.205516 0.1408218 0.2106481 0.1497876 0.2065424 0.1430633 0.205516 0.1453047 0.2106481 0.1228904 0.2024368 0.1296147 0.205516 0.1296147 0.2003839 0.1228904 0.2065424 0.1273733 0.2106481 0.1296147 0.205516 0.1228904 0.1983311 0.1228904 0.2024368 0.1296147 0.2003839 0.1318561 0.2106481 0.136339 0.205516 0.1296147 0.205516 0.1228904 0.2065424 0.1228904 0.2106481 0.1273733 0.2106481 0.1296147 0.205516 0.1273733 0.2106481 0.1318561 0.2106481 0.4143383 0.07654309 0.3874412 0.08319091 0.3874412 0.07654309 0.2112327 0.1023067 0.1843356 0.1223208 0.1843356 0.1023067 0.4143383 0.05220502 0.3874412 0.05885291 0.3874412 0.05220502 0.4143383 0.06843042 0.3874412 0.07507824 0.3874412 0.06843042 0.4143383 0.09276843 0.3874412 0.09941625 0.3874412 0.09276843 0.4143383 0.08465576 0.3874412 0.09130358 0.3874412 0.08465576 0.4143383 0.06031775 0.3874412 0.06696557 0.3874412 0.06031775 0.4143383 0.1089938 0.3874412 0.1156416 0.3874412 0.1089938 0.3341232 0.1080446 0.3072261 0.1147324 0.3072261 0.1080446 0.4945535 0.01458841 0.4676563 0.02127611 0.4676563 0.01458841 0.3341232 0.09898287 0.3072261 0.1056706 0.3072261 0.09898287 0.4143383 0.1008811 0.3874412 0.1075289 0.3874412 0.1008811 0.4945535 0.007294178 0.4676563 0.01398187 0.4676563 0.007294178 0.3341232 0.08992105 0.3072261 0.09660875 0.3072261 0.08992105 0.4945535 0 0.4676563 0.0066877 0.4676563 0 0.5887584 0.508567 0.5375 0.4572431 0.5564348 0.5147659 0.5497403 0.5129699 0.5532056 0.5134267 0.5375 0.4572431 0.5375 0.4572431 0.5532056 0.5134267 0.5564348 0.5147659 0.5456029 0.513626 0.5497403 0.5129699 0.5375 0.4572431 0.5619806 0.5196729 0.5887584 0.508567 0.5592077 0.5168964 0.5564348 0.5147659 0.5592077 0.5168964 0.5887584 0.508567 0.5095736 0.496311 0.5418705 0.5155302 0.5375 0.4572431 0.5375 0.4572431 0.5418705 0.5155302 0.5456029 0.513626 0.5936828 0.5153535 0.5914874 0.5117662 0.568513 0.5303465 0.5914874 0.5117662 0.5887584 0.508567 0.568513 0.5303465 0.5389085 0.518496 0.5418705 0.5155302 0.5095736 0.496311 0.5085906 0.490097 0.5307221 0.4523124 0.52684 0.4507023 0.52684 0.4507023 0.5227542 0.4497202 0.5085906 0.490097 0.505738 0.4844912 0.5227542 0.4497202 0.5185652 0.44939 0.5307221 0.4523124 0.5085906 0.490097 0.5343048 0.4545106 0.5227542 0.4497202 0.505738 0.4844912 0.5085906 0.490097 0.5375 0.4572431 0.5343048 0.4545106 0.5085906 0.490097 0.5185652 0.44939 0.4894903 0.476202 0.4956964 0.4771862 0.5185652 0.44939 0.4956964 0.4771862 0.501295 0.4800425 0.5185652 0.44939 0.501295 0.4800425 0.505738 0.4844912 0.5085906 0.490097 0.5095736 0.496311 0.5375 0.4572431 0.4372735 0.476202 0.4894903 0.476202 0.5185652 0.44939 0.5095736 0.496311 0.5370067 0.5222332 0.5389085 0.518496 0.569494 0.5344375 0.5962718 0.5233316 0.5952908 0.5192406 0.5887584 0.508567 0.5647096 0.5228721 0.5669051 0.5264594 0.568513 0.5303465 0.5887584 0.508567 0.5669051 0.5264594 0.5887584 0.508567 0.5619806 0.5196729 0.5647096 0.5228721 0.5966014 0.5275259 0.5962718 0.5233316 0.569494 0.5344375 0.5966014 0.5275259 0.569494 0.5344375 0.5698237 0.5386318 0.5966014 0.5275259 0.5698237 0.5386318 0.5698237 0.65048 0.5672666 0.6962241 0.5691684 0.6546227 0.5672666 0.6583598 0.5966014 0.7609975 0.5698237 0.65048 0.5691684 0.6546227 0.569494 0.5344375 0.5936828 0.5153535 0.568513 0.5303465 0.5966014 0.7609975 0.5966014 0.5275259 0.5698237 0.65048 0.5363514 0.704104 0.5363514 0.65048 0.5095736 0.8234173 0.5095736 0.496311 0.5363514 0.65048 0.5363514 0.5263758 0.5095736 0.496311 0.5363514 0.5263758 0.5370067 0.5222332 0.5370067 0.6999613 0.5370067 0.6546227 0.5363514 0.65048 0.5605722 0.6913541 0.5643045 0.6613256 0.5605722 0.6632298 0.5605722 0.6913541 0.5605722 0.6632298 0.5564348 0.663886 0.5456029 0.6632298 0.5418705 0.6613256 0.5456029 0.6913541 0.5389085 0.6962241 0.5418705 0.6613256 0.5389085 0.6583598 0.5497403 0.690698 0.5564348 0.663886 0.5497403 0.663886 0.5370067 0.6546227 0.5370067 0.6999613 0.5389085 0.6583598 0.5643045 0.6613256 0.5672666 0.6962241 0.5672666 0.6583598 0.5952908 0.5192406 0.5936828 0.5153535 0.569494 0.5344375 0.5370067 0.6999613 0.5363514 0.65048 0.5363514 0.704104 0.4040096 0.4497202 0.3999238 0.4507023 0.4181731 0.490097 0.392459 0.4545106 0.4181731 0.490097 0.3960417 0.4523124 0.3960417 0.4523124 0.4181731 0.490097 0.3999238 0.4507023 0.4210258 0.4844912 0.4081985 0.44939 0.4040096 0.4497202 0.4081985 0.44939 0.4254689 0.4800425 0.4310675 0.4771862 0.4081985 0.44939 0.4310675 0.4771862 0.4372735 0.476202 0.3892638 0.4572431 0.4181731 0.490097 0.392459 0.4545106 0.4040096 0.4497202 0.4181731 0.490097 0.4210258 0.4844912 0.4081985 0.44939 0.4210258 0.4844912 0.4254689 0.4800425 0.4372735 0.476202 0.5185652 0.44939 0.4081985 0.44939 0.4171902 0.496311 0.4181731 0.490097 0.3892638 0.4572431 0.3735582 0.5134267 0.3770235 0.5129699 0.3892638 0.4572431 0.3811609 0.513626 0.3892638 0.4572431 0.3770235 0.5129699 0.3380054 0.508567 0.3352764 0.5117662 0.3582507 0.5303465 0.3380054 0.508567 0.370329 0.5147659 0.3892638 0.4572431 0.3892638 0.4572431 0.370329 0.5147659 0.3735582 0.5134267 0.3892638 0.4572431 0.3811609 0.513626 0.3848933 0.5155302 0.4171902 0.496311 0.3892638 0.4572431 0.3848933 0.5155302 0.333081 0.5153535 0.3582507 0.5303465 0.3352764 0.5117662 0.3647832 0.5196729 0.3675561 0.5168964 0.3380054 0.508567 0.3675561 0.5168964 0.370329 0.5147659 0.3380054 0.508567 0.3848933 0.5155302 0.3878554 0.518496 0.4171902 0.496311 0.3878554 0.518496 0.3897571 0.5222332 0.4171902 0.496311 0.4171902 0.496311 0.3904124 0.5263758 0.3904124 0.65048 0.5363514 0.65048 0.5095736 0.496311 0.5095736 0.8234173 0.4171902 0.496311 0.3897571 0.5222332 0.3904124 0.5263758 0.3878554 0.6583598 0.3848933 0.6613256 0.3878554 0.6962241 0.3848933 0.6613256 0.3811609 0.6632298 0.3811609 0.6913541 0.370329 0.690698 0.3770235 0.663886 0.370329 0.663886 0.370329 0.690698 0.370329 0.663886 0.3661916 0.6632298 0.3770235 0.690698 0.3811609 0.6632298 0.3770235 0.663886 0.3878554 0.6962241 0.3897571 0.6546227 0.3878554 0.6583598 0.3582507 0.5303465 0.333081 0.5153535 0.3572698 0.5344375 0.3598588 0.5264594 0.3380054 0.508567 0.3582507 0.5303465 0.330492 0.5233316 0.3572698 0.5344375 0.3314729 0.5192406 0.3572698 0.5344375 0.330492 0.5233316 0.3301624 0.5275259 0.3572698 0.5344375 0.333081 0.5153535 0.3314729 0.5192406 0.3598588 0.5264594 0.3620542 0.5228721 0.3380054 0.508567 0.3624593 0.6932583 0.3624593 0.6613256 0.3594972 0.6583598 0.3594972 0.6962241 0.3594972 0.6583598 0.3575955 0.6546227 0.3301624 0.5275259 0.3569402 0.65048 0.3569402 0.5386318 0.3301624 0.5275259 0.3569402 0.5386318 0.3572698 0.5344375 0.3301624 0.5275259 0.3569402 0.704104 0.3569402 0.65048 0.3575955 0.6546227 0.3569402 0.65048 0.3575955 0.6999613 0.3624593 0.6613256 0.3624593 0.6932583 0.3661916 0.6632298 0.3647832 0.5196729 0.3380054 0.508567 0.3620542 0.5228721 0.3904124 0.65048 0.4171902 0.8234173 0.4171902 0.496311 0.5497403 0.663886 0.5456029 0.6632298 0.5456029 0.6913541 0.5970136 0.7703967 0.5966014 0.7609975 0.5698237 0.8167144 0.5698237 0.704104 0.5966014 0.7609975 0.5691684 0.6999613 0.5966014 0.7609975 0.5691684 0.6546227 0.5691684 0.6999613 0.5966014 0.7609975 0.5698237 0.704104 0.5698237 0.8167144 0.5698237 0.8167144 0.5982469 0.7797237 0.5970136 0.7703967 0.5694168 0.8213702 0.6111084 0.8148924 0.6067474 0.8065588 0.5698237 0.8167144 0.6067474 0.8065588 0.6031326 0.7978745 0.6002918 0.7889065 0.5698237 0.8167144 0.6031326 0.7978745 0.5694168 0.8213702 0.6067474 0.8065588 0.5698237 0.8167144 0.5982469 0.7797237 0.5698237 0.8167144 0.6002918 0.7889065 0.5694168 0.8213702 0.5682088 0.8258846 0.6111084 0.8148924 0.5564348 0.663886 0.5564348 0.690698 0.5605722 0.6913541 0.5418705 0.6613256 0.5389085 0.6962241 0.5418705 0.6932583 0.5456029 0.6913541 0.5418705 0.6613256 0.5418705 0.6932583 0.5643045 0.6613256 0.5643045 0.6932583 0.5672666 0.6962241 0.5095736 0.8234173 0.5363514 0.8283243 0.5363514 0.704104 0.3904124 0.65048 0.3897571 0.6546227 0.3904124 0.704104 0.5643045 0.6932583 0.5643045 0.6613256 0.5605722 0.6913541 0.5389085 0.6962241 0.5389085 0.6583598 0.5370067 0.6999613 0.5691684 0.6546227 0.5672666 0.6962241 0.5691684 0.6999613 0.641008 0.9106737 0.6584485 0.899695 0.657227 0.8951573 0.657227 0.8951573 0.6552331 0.8909028 0.641008 0.9106737 0.6552331 0.8909028 0.6111084 0.8148924 0.6231561 0.9106737 0.6111084 0.8148924 0.6053043 0.9106737 0.6231561 0.9106737 0.6584485 0.899695 0.641008 0.9106737 0.6588599 0.9043765 0.6588599 0.9043765 0.641008 0.9106737 0.6588599 0.9106737 0.6552331 0.8909028 0.6231561 0.9106737 0.641008 0.9106737 0.5682088 0.8258846 0.5662361 0.8301203 0.6111084 0.8148924 0.5662361 0.8301203 0.5874524 0.9106737 0.6111084 0.8148924 0.5874524 0.9106737 0.6053043 0.9106737 0.6111084 0.8148924 0.5696005 0.9106737 0.5874524 0.9106737 0.5602583 0.8372535 0.5635588 0.8339487 0.5874524 0.9106737 0.5662361 0.8301203 0.5602583 0.8372535 0.5874524 0.9106737 0.5635588 0.8339487 0.5085906 0.8296314 0.537509 0.833777 0.5363514 0.8283243 0.5085906 0.8296314 0.505738 0.8352371 0.537509 0.833777 0.5363514 0.8283243 0.5095736 0.8234173 0.5085906 0.8296314 0.5564348 0.8399342 0.5517486 0.8971503 0.5602583 0.8372535 0.5696005 0.9106737 0.5602583 0.8372535 0.5517486 0.8971503 0.501295 0.8396859 0.5517486 0.8971503 0.5407814 0.8382869 0.5511398 0.8416568 0.5517486 0.8971503 0.5564348 0.8399342 0.5517486 0.8971503 0.5511398 0.8416568 0.5456029 0.8410741 0.5517486 0.8971503 0.5456029 0.8410741 0.5407814 0.8382869 0.537509 0.833777 0.505738 0.8352371 0.5407814 0.8382869 0.5517486 0.8971503 0.5517486 0.9106737 0.5696005 0.9106737 0.3904124 0.704104 0.3897571 0.6546227 0.3897571 0.6999613 0.3848933 0.6932583 0.3848933 0.6613256 0.3811609 0.6913541 0.3878554 0.6962241 0.3848933 0.6613256 0.3848933 0.6932583 0.3878554 0.6962241 0.3897571 0.6999613 0.3897571 0.6546227 0.3892549 0.833777 0.4210258 0.8352371 0.4181731 0.8296314 0.4171902 0.8234173 0.3904124 0.8283243 0.4181731 0.8296314 0.3892549 0.833777 0.4181731 0.8296314 0.3904124 0.8283243 0.3904124 0.704104 0.3904124 0.8283243 0.4171902 0.8234173 0.3661916 0.6632298 0.3661916 0.6913541 0.370329 0.690698 0.3575955 0.6546227 0.3575955 0.6999613 0.3594972 0.6962241 0.3594972 0.6583598 0.3594972 0.6962241 0.3624593 0.6932583 0.3661916 0.6632298 0.3624593 0.6932583 0.3661916 0.6913541 0.3380054 0.8647854 0.363205 0.8339487 0.3605277 0.8301203 0.3301624 0.8458265 0.3605277 0.8301203 0.358555 0.8258846 0.3301624 0.8458265 0.357347 0.8213702 0.3569402 0.8167144 0.3301624 0.8458265 0.3569402 0.8167144 0.3569402 0.704104 0.357347 0.8213702 0.3301624 0.8458265 0.358555 0.8258846 0.3301624 0.5275259 0.3301624 0.8458265 0.3569402 0.704104 0.3859824 0.8382869 0.4210258 0.8352371 0.3892549 0.833777 0.3811609 0.6913541 0.3811609 0.6632298 0.3770235 0.690698 0.4210258 0.8352371 0.3859824 0.8382869 0.3814207 0.8971503 0.4254689 0.8396859 0.4210258 0.8352371 0.3814207 0.8971503 0.3859824 0.8382869 0.3811609 0.8410741 0.3814207 0.8971503 0.3811609 0.8410741 0.375624 0.8416568 0.3772318 0.8968202 0.4956964 0.8425421 0.4894903 0.8435263 0.5517486 0.8971503 0.3814207 0.8971503 0.4894903 0.8435263 0.4372735 0.8435263 0.3811609 0.8410741 0.3772318 0.8968202 0.3814207 0.8971503 0.4372735 0.8435263 0.4310675 0.8425421 0.3814207 0.8971503 0.4310675 0.8425421 0.4254689 0.8396859 0.3814207 0.8971503 0.5517486 0.8971503 0.4894903 0.8435263 0.3814207 0.8971503 0.4956964 0.8425421 0.5517486 0.8971503 0.501295 0.8396859 0.3731459 0.895838 0.3772318 0.8968202 0.375624 0.8416568 0.3352764 0.8615862 0.3380054 0.8647854 0.3605277 0.8301203 0.370329 0.8399342 0.3665055 0.8372535 0.362486 0.8892973 0.333081 0.8579989 0.3352764 0.8615862 0.3301624 0.8458265 0.330492 0.8500208 0.3314729 0.8541118 0.3301624 0.8458265 0.333081 0.8579989 0.3301624 0.8458265 0.3314729 0.8541118 0.3665055 0.8372535 0.363205 0.8339487 0.3380054 0.8647854 0.375624 0.8416568 0.362486 0.8892973 0.3656812 0.8920297 0.370329 0.8399342 0.362486 0.8892973 0.375624 0.8416568 0.3605277 0.8301203 0.3301624 0.8458265 0.3352764 0.8615862 0.3380054 0.8647854 0.362486 0.8892973 0.3665055 0.8372535 0.3692639 0.894228 0.375624 0.8416568 0.3656812 0.8920297 0.3692639 0.894228 0.3731459 0.895838 0.375624 0.8416568 0.501295 0.8396859 0.5407814 0.8382869 0.505738 0.8352371 0.3575955 0.6999613 0.3569402 0.65048 0.3569402 0.704104 0.5456029 0.6913541 0.5497403 0.690698 0.5497403 0.663886 0.1977842 0.195312 0.2045085 0.2004507 0.1977842 0.2004507 0.1910599 0.195312 0.1977842 0.2004507 0.1910599 0.2004507 0.1977842 0.2004507 0.2045085 0.2055895 0.1977842 0.2055895 0.1910599 0.2004507 0.1977842 0.2055895 0.1910599 0.2055895 0.2112327 0.1942842 0.2067499 0.1901732 0.2112327 0.1901732 0.2045085 0.195312 0.2022671 0.1901732 0.2067499 0.1901732 0.2112327 0.1983952 0.2045085 0.195312 0.2112327 0.1942842 0.1977842 0.195312 0.2022671 0.1901732 0.2045085 0.195312 0.2045085 0.2004507 0.2112327 0.1983952 0.2112327 0.2025062 0.2067499 0.1901732 0.2112327 0.1942842 0.2045085 0.195312 0.1977842 0.195312 0.1933013 0.1901732 0.1977842 0.1901732 0.1843356 0.1942842 0.1843356 0.1901732 0.1888185 0.1901732 0.1888185 0.1901732 0.1933013 0.1901732 0.1910599 0.195312 0.1888185 0.1901732 0.1910599 0.195312 0.1843356 0.1942842 0.1843356 0.1983952 0.1910599 0.195312 0.1910599 0.2004507 0.1977842 0.195312 0.1910599 0.195312 0.1933013 0.1901732 0.2112327 0.2025062 0.2045085 0.2055895 0.2045085 0.2004507 0.1977842 0.2055895 0.2022671 0.2107282 0.1977842 0.2107282 0.2067499 0.2107282 0.2112327 0.2066172 0.2112327 0.2107282 0.2067499 0.2107282 0.2022671 0.2107282 0.2045085 0.2055895 0.2112327 0.2066172 0.2067499 0.2107282 0.2045085 0.2055895 0.1910599 0.2055895 0.1843356 0.2025062 0.1910599 0.2004507 0.1843356 0.2066172 0.1910599 0.2055895 0.1888185 0.2107282 0.1843356 0.1983952 0.1910599 0.2004507 0.1843356 0.2025062 0.1977842 0.2055895 0.1933013 0.2107282 0.1910599 0.2055895 0.1843356 0.2066172 0.1888185 0.2107282 0.1843356 0.2107282 0.1910599 0.2055895 0.1933013 0.2107282 0.1888185 0.2107282 0.3115916 0.2384516 0.1405047 0.2342129 0.3115916 0.2342129 0.3115916 0.2384516 0.3115916 0.2426903 0.1405047 0.2342129 0.1405047 0.2596452 0.1405047 0.2342129 0.3115916 0.2469291 0.1405047 0.2342129 0.3115916 0.2426903 0.3115916 0.2469291 0.1405047 0.2596452 0.3115916 0.2511678 0.3115916 0.2554065 0.1405047 0.2596452 0.3115916 0.2554065 0.3115916 0.2596452 0.1405047 0.2596452 0.3115916 0.2469291 0.3115916 0.2511678 0.5134387 0.02921676 0.527005 0.05611389 0.5134387 0.05611389 0.3072261 0.08767855 0.3072261 0.08136141 0.3117089 0.08136141 0.3206746 0.08136141 0.3072261 0.08767855 0.3161918 0.08136141 0.3117089 0.08136141 0.3161918 0.08136141 0.3072261 0.08767855 0.3341232 0.08767855 0.3206746 0.08136141 0.3251575 0.08136141 0.3341232 0.08767855 0.3296403 0.08136141 0.3341232 0.08136141 0.3251575 0.08136141 0.3296403 0.08136141 0.3341232 0.08767855 0.3072261 0.08767855 0.3206746 0.08136141 0.3341232 0.08767855 0.1213061 0.2342129 0.125789 0.3224099 0.1213061 0.3224099 0.1213061 0.2342129 0.1168233 0.3224099 0.1123404 0.2342129 0.1033747 0.2342129 0.1078575 0.3224099 0.1033747 0.3224099 0.1302718 0.2342129 0.1302718 0.3224099 0.125789 0.3224099 0.1123404 0.2342129 0.1123404 0.3224099 0.1078575 0.3224099 0.1123404 0.2342129 0.1168233 0.3224099 0.1123404 0.3224099 0 0.2327481 0 0 0.004482805 0 0.008965671 0.2327481 0.004482805 0 0.008965671 0 0.01344853 0 0.008965671 0.2327481 0.008965671 0 0.0179314 0.2327481 0.01344853 0 0.0179314 0 0.0179314 0.2327481 0.0179314 0 0.02241426 0 0.02689713 0.2327481 0.02241426 0 0.02689713 0 0.008965671 0.2327481 0.01344853 0 0.0179314 0.2327481 0.2592294 0.195312 0.2659537 0.2004507 0.2592294 0.2004507 0.2525051 0.195312 0.2592294 0.2004507 0.2525051 0.2004507 0.2592294 0.2004507 0.2659537 0.2055895 0.2592294 0.2055895 0.2525051 0.2004507 0.2592294 0.2055895 0.2525051 0.2055895 0.272678 0.1942842 0.2681952 0.1901732 0.272678 0.1901732 0.2659537 0.195312 0.2637123 0.1901732 0.2681952 0.1901732 0.2659537 0.195312 0.272678 0.1942842 0.272678 0.1983952 0.2592294 0.195312 0.2637123 0.1901732 0.2659537 0.195312 0.272678 0.1983952 0.2659537 0.2004507 0.2659537 0.195312 0.2659537 0.2004507 0.272678 0.1983952 0.272678 0.2025062 0.2681952 0.1901732 0.272678 0.1942842 0.2659537 0.195312 0.2592294 0.195312 0.2547466 0.1901732 0.2592294 0.1901732 0.2457808 0.1942842 0.2457808 0.1901732 0.2502637 0.1901732 0.2502637 0.1901732 0.2547466 0.1901732 0.2525051 0.195312 0.2502637 0.1901732 0.2525051 0.195312 0.2457808 0.1942842 0.2525051 0.195312 0.2457808 0.1983952 0.2457808 0.1942842 0.2457808 0.1983952 0.2525051 0.195312 0.2525051 0.2004507 0.2592294 0.195312 0.2525051 0.195312 0.2547466 0.1901732 0.272678 0.2025062 0.2659537 0.2055895 0.2659537 0.2004507 0.2592294 0.2055895 0.2637123 0.2107282 0.2592294 0.2107282 0.2681952 0.2107282 0.272678 0.2066172 0.272678 0.2107282 0.2681952 0.2107282 0.2637123 0.2107282 0.2659537 0.2055895 0.272678 0.2066172 0.2681952 0.2107282 0.2659537 0.2055895 0.2525051 0.2055895 0.2457808 0.2025062 0.2525051 0.2004507 0.2457808 0.2066172 0.2525051 0.2055895 0.2502637 0.2107282 0.2457808 0.1983952 0.2525051 0.2004507 0.2457808 0.2025062 0.2592294 0.2055895 0.2547466 0.2107282 0.2525051 0.2055895 0.2457808 0.2066172 0.2502637 0.2107282 0.2457808 0.2107282 0.2525051 0.2055895 0.2547466 0.2107282 0.2502637 0.2107282 0.3072261 0.1463831 0.3800395 0.1508659 0.3072261 0.1508659 0.3072261 0.1508659 0.3800395 0.1553488 0.3072261 0.1553488 0.3072261 0.1598317 0.3800395 0.1643145 0.3072261 0.1643145 0.3072261 0.1687973 0.3800395 0.1732802 0.3072261 0.1732802 0.3072261 0.1643145 0.3800395 0.1687973 0.3072261 0.1687973 0.3072261 0.1553488 0.3800395 0.1598317 0.3072261 0.1598317 0.1977842 0.1512722 0.2045085 0.1564109 0.1977842 0.1564109 0.1910599 0.1512722 0.1977842 0.1564109 0.1910599 0.1564109 0.1977842 0.1564109 0.2045085 0.1615497 0.1977842 0.1615497 0.1910599 0.1564109 0.1977842 0.1615497 0.1910599 0.1615497 0.2112327 0.1502445 0.2067499 0.1461334 0.2112327 0.1461334 0.2045085 0.1512722 0.2022671 0.1461334 0.2067499 0.1461334 0.2112327 0.1543555 0.2045085 0.1512722 0.2112327 0.1502445 0.1977842 0.1512722 0.2022671 0.1461334 0.2045085 0.1512722 0.2045085 0.1564109 0.2112327 0.1543555 0.2112327 0.1584665 0.2067499 0.1461334 0.2112327 0.1502445 0.2045085 0.1512722 0.1977842 0.1512722 0.1933013 0.1461334 0.1977842 0.1461334 0.1843356 0.1502445 0.1843356 0.1461334 0.1888185 0.1461334 0.1888185 0.1461334 0.1933013 0.1461334 0.1910599 0.1512722 0.1888185 0.1461334 0.1910599 0.1512722 0.1843356 0.1502445 0.1910599 0.1512722 0.1843356 0.1543555 0.1843356 0.1502445 0.1843356 0.1543555 0.1910599 0.1512722 0.1910599 0.1564109 0.1977842 0.1512722 0.1910599 0.1512722 0.1933013 0.1461334 0.2112327 0.1584665 0.2045085 0.1615497 0.2045085 0.1564109 0.1977842 0.1615497 0.2022671 0.1666885 0.1977842 0.1666885 0.2067499 0.1666885 0.2112327 0.1625775 0.2112327 0.1666885 0.2067499 0.1666885 0.2022671 0.1666885 0.2045085 0.1615497 0.2112327 0.1625775 0.2067499 0.1666885 0.2045085 0.1615497 0.1910599 0.1615497 0.1843356 0.1584665 0.1910599 0.1564109 0.1843356 0.1625775 0.1910599 0.1615497 0.1888185 0.1666885 0.1843356 0.1543555 0.1910599 0.1564109 0.1843356 0.1584665 0.1977842 0.1615497 0.1933013 0.1666885 0.1910599 0.1615497 0.1843356 0.1625775 0.1888185 0.1666885 0.1843356 0.1666885 0.1910599 0.1615497 0.1933013 0.1666885 0.1888185 0.1666885 0.4041581 0.2653488 0.2932996 0.2611101 0.4041581 0.2611101 0.4041581 0.2695875 0.2932996 0.2653488 0.4041581 0.2653488 0.2932996 0.2695875 0.4041581 0.2738263 0.2932996 0.2738263 0.4041581 0.2823036 0.2932996 0.2780649 0.4041581 0.2780649 0.4041581 0.2865424 0.2932996 0.2823036 0.4041581 0.2823036 0.2932996 0.2738263 0.4041581 0.2780649 0.2932996 0.2780649 0.136339 0.2172717 0.1430633 0.2224305 0.136339 0.2224305 0.1296147 0.2172717 0.136339 0.2224305 0.1296147 0.2224305 0.136339 0.2224305 0.1430633 0.2275893 0.136339 0.2275893 0.1296147 0.2224305 0.136339 0.2275893 0.1296147 0.2275893 0.1497876 0.2162399 0.1453047 0.2121129 0.1497876 0.2121129 0.1430633 0.2172717 0.1408218 0.2121129 0.1453047 0.2121129 0.1497876 0.220367 0.1430633 0.2172717 0.1497876 0.2162399 0.136339 0.2172717 0.1408218 0.2121129 0.1430633 0.2172717 0.1430633 0.2224305 0.1497876 0.220367 0.1497876 0.224494 0.1453047 0.2121129 0.1497876 0.2162399 0.1430633 0.2172717 0.136339 0.2172717 0.1318561 0.2121129 0.136339 0.2121129 0.1228904 0.2162399 0.1228904 0.2121129 0.1273733 0.2121129 0.1273733 0.2121129 0.1318561 0.2121129 0.1296147 0.2172717 0.1273733 0.2121129 0.1296147 0.2172717 0.1228904 0.2162399 0.1296147 0.2172717 0.1228904 0.220367 0.1228904 0.2162399 0.1228904 0.220367 0.1296147 0.2172717 0.1296147 0.2224305 0.136339 0.2172717 0.1296147 0.2172717 0.1318561 0.2121129 0.1497876 0.224494 0.1430633 0.2275893 0.1430633 0.2224305 0.1453047 0.2327481 0.1430633 0.2275893 0.1497876 0.228621 0.1497876 0.228621 0.1497876 0.2327481 0.1453047 0.2327481 0.136339 0.2275893 0.1408218 0.2327481 0.136339 0.2327481 0.1430633 0.2275893 0.1453047 0.2327481 0.1408218 0.2327481 0.1228904 0.228621 0.1228904 0.224494 0.1296147 0.2275893 0.1296147 0.2224305 0.1296147 0.2275893 0.1228904 0.224494 0.136339 0.2275893 0.1318561 0.2327481 0.1296147 0.2275893 0.1228904 0.220367 0.1296147 0.2224305 0.1228904 0.224494 0.1296147 0.2275893 0.1273733 0.2327481 0.1228904 0.228621 0.1273733 0.2327481 0.1228904 0.2327481 0.1228904 0.228621 0.1318561 0.2327481 0.1273733 0.2327481 0.1296147 0.2275893 0.3072261 0.1171064 0.3800395 0.1215893 0.3072261 0.1215893 0.3072261 0.1215893 0.3800395 0.1260722 0.3072261 0.1260722 0.3072261 0.130555 0.3800395 0.1350378 0.3072261 0.1350378 0.3072261 0.1395207 0.3800395 0.1440036 0.3072261 0.1440036 0.3072261 0.1350378 0.3800395 0.1395207 0.3072261 0.1395207 0.3072261 0.1260722 0.3800395 0.130555 0.3072261 0.130555 0.04240268 0.3489241 0.04767537 0.3421999 0.04767537 0.3489241 0.04240268 0.3556484 0.04767537 0.3489241 0.04767537 0.3556484 0.04767537 0.3489241 0.05294811 0.3421999 0.05294811 0.3489241 0.04767537 0.3556484 0.05294811 0.3489241 0.05294811 0.3556484 0.04134815 0.3354756 0.03712999 0.3399584 0.03712999 0.3354756 0.04240268 0.3421999 0.03712999 0.3444412 0.03712999 0.3399584 0.04240268 0.3421999 0.04134815 0.3354756 0.04556632 0.3354756 0.04240268 0.3489241 0.03712999 0.3444412 0.04240268 0.3421999 0.04556632 0.3354756 0.04767537 0.3421999 0.04240268 0.3421999 0.04767537 0.3421999 0.04556632 0.3354756 0.04978448 0.3354756 0.03712999 0.3399584 0.04134815 0.3354756 0.04240268 0.3421999 0.03712999 0.353407 0.04240268 0.3489241 0.04240268 0.3556484 0.04134815 0.3623727 0.03712999 0.3623727 0.03712999 0.3578898 0.03712999 0.3578898 0.03712999 0.353407 0.04240268 0.3556484 0.03712999 0.3578898 0.04240268 0.3556484 0.04134815 0.3623727 0.04240268 0.3556484 0.04556632 0.3623727 0.04134815 0.3623727 0.04556632 0.3623727 0.04240268 0.3556484 0.04767537 0.3556484 0.04978448 0.3354756 0.05294811 0.3421999 0.04767537 0.3421999 0.05294811 0.3489241 0.0582208 0.3444412 0.0582208 0.3489241 0.0582208 0.3399584 0.05400264 0.3354756 0.0582208 0.3354756 0.0582208 0.3399584 0.0582208 0.3444412 0.05294811 0.3421999 0.05400264 0.3354756 0.0582208 0.3399584 0.05294811 0.3421999 0.05294811 0.3556484 0.04978448 0.3623727 0.04767537 0.3556484 0.05400264 0.3623727 0.05294811 0.3556484 0.0582208 0.3578898 0.04556632 0.3623727 0.04767537 0.3556484 0.04978448 0.3623727 0.05294811 0.3489241 0.0582208 0.353407 0.05294811 0.3556484 0.05400264 0.3623727 0.0582208 0.3578898 0.0582208 0.3623727 0.05294811 0.3556484 0.0582208 0.353407 0.0582208 0.3578898 0.749471 0.285606 0.7449881 0.6049173 0.7449881 0.285606 0.7449881 0.285606 0.7405052 0.6049173 0.7405052 0.285606 0.7360224 0.285606 0.7315395 0.6049173 0.7315395 0.285606 0.7270567 0.285606 0.7225738 0.6049173 0.7225738 0.285606 0.7315395 0.285606 0.7270567 0.6049173 0.7270567 0.285606 0.7405052 0.285606 0.7360224 0.6049173 0.7360224 0.285606 0.1977842 0.1732921 0.2045085 0.1784309 0.1977842 0.1784309 0.1910599 0.1732921 0.1977842 0.1784309 0.1910599 0.1784309 0.1977842 0.1784309 0.2045085 0.1835696 0.1977842 0.1835696 0.1910599 0.1784309 0.1977842 0.1835696 0.1910599 0.1835696 0.2112327 0.1722643 0.2067499 0.1681534 0.2112327 0.1681534 0.2045085 0.1732921 0.2022671 0.1681534 0.2067499 0.1681534 0.2045085 0.1732921 0.2112327 0.1722643 0.2112327 0.1763753 0.1977842 0.1732921 0.2022671 0.1681534 0.2045085 0.1732921 0.2112327 0.1763753 0.2045085 0.1784309 0.2045085 0.1732921 0.2045085 0.1784309 0.2112327 0.1763753 0.2112327 0.1804863 0.2067499 0.1681534 0.2112327 0.1722643 0.2045085 0.1732921 0.1933013 0.1681534 0.1977842 0.1732921 0.1910599 0.1732921 0.1843356 0.1722643 0.1843356 0.1681534 0.1888185 0.1681534 0.1888185 0.1681534 0.1933013 0.1681534 0.1910599 0.1732921 0.1888185 0.1681534 0.1910599 0.1732921 0.1843356 0.1722643 0.1910599 0.1732921 0.1843356 0.1763753 0.1843356 0.1722643 0.1843356 0.1763753 0.1910599 0.1732921 0.1910599 0.1784309 0.2112327 0.1845973 0.2045085 0.1835696 0.2112327 0.1804863 0.1977842 0.1835696 0.2022671 0.1887084 0.1977842 0.1887084 0.2067499 0.1887084 0.2112327 0.1845973 0.2112327 0.1887084 0.2067499 0.1887084 0.2022671 0.1887084 0.2045085 0.1835696 0.2112327 0.1845973 0.2067499 0.1887084 0.2045085 0.1835696 0.1910599 0.1835696 0.1843356 0.1804863 0.1910599 0.1784309 0.1843356 0.1845973 0.1910599 0.1835696 0.1888185 0.1887084 0.1843356 0.1763753 0.1910599 0.1784309 0.1843356 0.1804863 0.1977842 0.1835696 0.1933013 0.1887084 0.1910599 0.1835696 0.1843356 0.1845973 0.1888185 0.1887084 0.1843356 0.1887084 0.1910599 0.1835696 0.1933013 0.1887084 0.1888185 0.1887084 0.2112327 0.1804863 0.2045085 0.1835696 0.2045085 0.1784309 0.3955007 0.1756597 0.4302759 0.1801425 0.3955007 0.1801425 0.3955007 0.1801425 0.4302759 0.1846254 0.3955007 0.1846254 0.3955007 0.1891083 0.4302759 0.1935911 0.3955007 0.1935911 0.3955007 0.198074 0.4302759 0.2025568 0.3955007 0.2025568 0.3955007 0.1935911 0.4302759 0.198074 0.3955007 0.198074 0.3955007 0.1846254 0.4302759 0.1891083 0.3955007 0.1891083 0.2585961 0.508567 0.2262724 0.5147659 0.2073376 0.4572431 0.2230432 0.5134267 0.2073376 0.4572431 0.2262724 0.5147659 0.2073376 0.4572431 0.2195779 0.5129699 0.2154405 0.513626 0.261325 0.5117662 0.2383507 0.5303465 0.2585961 0.508567 0.2195779 0.5129699 0.2073376 0.4572431 0.2230432 0.5134267 0.2290453 0.5168964 0.2585961 0.508567 0.2318183 0.5196729 0.2585961 0.508567 0.2290453 0.5168964 0.2262724 0.5147659 0.1794112 0.496311 0.2117081 0.5155302 0.2087461 0.518496 0.2393316 0.5344375 0.2635205 0.5153535 0.2651285 0.5192406 0.2635205 0.5153535 0.2383507 0.5303465 0.261325 0.5117662 0.2073376 0.4572431 0.2154405 0.513626 0.2117081 0.5155302 0.1784283 0.490097 0.1966776 0.4507023 0.2005597 0.4523124 0.1966776 0.4507023 0.1784283 0.490097 0.1925918 0.4497202 0.1755757 0.4844912 0.1884028 0.44939 0.1925918 0.4497202 0.2005597 0.4523124 0.2041425 0.4545106 0.1784283 0.490097 0.1784283 0.490097 0.2073376 0.4572431 0.1794112 0.496311 0.2117081 0.5155302 0.1794112 0.496311 0.2073376 0.4572431 0.1925918 0.4497202 0.1784283 0.490097 0.1755757 0.4844912 0.1711326 0.4800425 0.165534 0.4771862 0.1884028 0.44939 0.1755757 0.4844912 0.1711326 0.4800425 0.1884028 0.44939 0.2041425 0.4545106 0.2073376 0.4572431 0.1784283 0.490097 0.1593279 0.476202 0.1884028 0.44939 0.165534 0.4771862 0.1794112 0.496311 0.2087461 0.518496 0.2068443 0.5222332 0.2383507 0.5303465 0.2635205 0.5153535 0.2393316 0.5344375 0.2367427 0.5264594 0.2345471 0.5228721 0.2585961 0.508567 0.2383507 0.5303465 0.2367427 0.5264594 0.2585961 0.508567 0.2393316 0.5344375 0.2661094 0.5233316 0.2664391 0.5275259 0.2585961 0.508567 0.2345471 0.5228721 0.2318183 0.5196729 0.2664391 0.5275259 0.2396613 0.5386318 0.2393316 0.5344375 0.2664391 0.5275259 0.2396613 0.65048 0.2396613 0.5386318 0.2371042 0.6962241 0.2371042 0.6583598 0.239006 0.6546227 0.2341422 0.6932583 0.2341422 0.6613256 0.2371042 0.6583598 0.2664391 0.7609975 0.239006 0.6546227 0.2396613 0.65048 0.2664391 0.7609975 0.2396613 0.65048 0.2664391 0.5275259 0.1794112 0.8234173 0.206189 0.65048 0.206189 0.704104 0.1794112 0.496311 0.206189 0.5263758 0.206189 0.65048 0.1794112 0.496311 0.2068443 0.5222332 0.206189 0.5263758 0.2304098 0.6913541 0.2262724 0.663886 0.2304098 0.6632298 0.2262724 0.663886 0.2195779 0.690698 0.2195779 0.663886 0.2087461 0.6962241 0.2087461 0.6583598 0.2117081 0.6613256 0.2087461 0.6583598 0.2068443 0.6999613 0.2068443 0.6546227 0.2154405 0.6913541 0.2117081 0.6613256 0.2154405 0.6632298 0.08702784 0.8234173 0.06025004 0.65048 0.08702784 0.496311 0.2304098 0.6632298 0.2341422 0.6613256 0.2304098 0.6913541 0.2661094 0.5233316 0.2393316 0.5344375 0.2651285 0.5192406 0.206189 0.65048 0.2068443 0.6999613 0.206189 0.704104 0.07803618 0.44939 0.0908634 0.4844912 0.07384723 0.4497202 0.1593279 0.476202 0.1071112 0.476202 0.1884028 0.44939 0.06587934 0.4523124 0.06976139 0.4507023 0.08801078 0.490097 0.06976139 0.4507023 0.07384723 0.4497202 0.08801078 0.490097 0.07803618 0.44939 0.1884028 0.44939 0.1071112 0.476202 0.07803618 0.44939 0.1009051 0.4771862 0.09530651 0.4800425 0.07803618 0.44939 0.1071112 0.476202 0.1009051 0.4771862 0.06229662 0.4545106 0.06587934 0.4523124 0.08801078 0.490097 0.07384723 0.4497202 0.0908634 0.4844912 0.08801078 0.490097 0.07803618 0.44939 0.09530651 0.4800425 0.0908634 0.4844912 0.05473089 0.5155302 0.08702784 0.496311 0.057693 0.518496 0.08702784 0.496311 0.05910146 0.4572431 0.08801078 0.490097 0.0509985 0.513626 0.04686111 0.5129699 0.05910146 0.4572431 0.007843017 0.508567 0.02808839 0.5303465 0.005114078 0.5117662 0.007843017 0.508567 0.05910146 0.4572431 0.04016667 0.5147659 0.05910146 0.4572431 0.04686111 0.5129699 0.04339581 0.5134267 0.05910146 0.4572431 0.06229662 0.4545106 0.08801078 0.490097 0.05910146 0.4572431 0.05473089 0.5155302 0.0509985 0.513626 0.002918601 0.5153535 0.005114078 0.5117662 0.02808839 0.5303465 0.007843017 0.508567 0.03739374 0.5168964 0.03462082 0.5196729 0.03739374 0.5168964 0.007843017 0.508567 0.04016667 0.5147659 0.04339581 0.5134267 0.04016667 0.5147659 0.05910146 0.4572431 0.05910146 0.4572431 0.08702784 0.496311 0.05473089 0.5155302 0.08702784 0.496311 0.06025004 0.65048 0.06025004 0.5263758 0.08702784 0.496311 0.05959475 0.5222332 0.057693 0.518496 0.03462082 0.5196729 0.03189188 0.5228721 0.007843017 0.508567 0.08702784 0.496311 0.06025004 0.5263758 0.05959475 0.5222332 0.057693 0.6583598 0.05473089 0.6932583 0.05473089 0.6613256 0.0509985 0.6632298 0.0509985 0.6913541 0.04686111 0.663886 0.0509985 0.6913541 0.0509985 0.6632298 0.05473089 0.6613256 0.02808839 0.5303465 0.02710747 0.5344375 0.002918601 0.5153535 0.0296964 0.5264594 0.02808839 0.5303465 0.007843017 0.508567 3.29673e-4 0.5233316 0.001310586 0.5192406 0.02710747 0.5344375 0.02710747 0.5344375 0 0.5275259 3.29673e-4 0.5233316 0.02710747 0.5344375 0.001310586 0.5192406 0.002918601 0.5153535 0.0296964 0.5264594 0.007843017 0.508567 0.03189188 0.5228721 0.02933484 0.6962241 0.02933484 0.6583598 0.03229689 0.6613256 0.02933484 0.6962241 0.02743309 0.6546227 0.02933484 0.6583598 0 0.5275259 0.02677774 0.5386318 0.02677774 0.65048 0 0.5275259 0.02710747 0.5344375 0.02677774 0.5386318 0 0.5275259 0.02677774 0.65048 0.02677774 0.704104 0.02743309 0.6546227 0.02743309 0.6999613 0.02677774 0.65048 0.03229689 0.6613256 0.03602927 0.6632298 0.03602927 0.6913541 0.057693 0.6583598 0.05959475 0.6546227 0.05959475 0.6999613 0.2195779 0.663886 0.2195779 0.690698 0.2154405 0.6632298 0.2668513 0.7703967 0.2396613 0.8167144 0.2664391 0.7609975 0.2396613 0.704104 0.239006 0.6999613 0.2664391 0.7609975 0.2664391 0.7609975 0.239006 0.6999613 0.239006 0.6546227 0.2664391 0.7609975 0.2396613 0.8167144 0.2396613 0.704104 0.2396613 0.8167144 0.2668513 0.7703967 0.2680845 0.7797237 0.2392545 0.8213702 0.2765851 0.8065588 0.2809461 0.8148924 0.2396613 0.8167144 0.2729702 0.7978745 0.2765851 0.8065588 0.2701294 0.7889065 0.2729702 0.7978745 0.2396613 0.8167144 0.2392545 0.8213702 0.2396613 0.8167144 0.2765851 0.8065588 0.2680845 0.7797237 0.2701294 0.7889065 0.2396613 0.8167144 0.2392545 0.8213702 0.2809461 0.8148924 0.2380464 0.8258846 0.2262724 0.663886 0.2304098 0.6913541 0.2262724 0.690698 0.2117081 0.6932583 0.2087461 0.6962241 0.2117081 0.6613256 0.2154405 0.6913541 0.2117081 0.6932583 0.2117081 0.6613256 0.2195779 0.690698 0.2154405 0.6913541 0.2154405 0.6632298 0.2371042 0.6583598 0.2371042 0.6962241 0.2341422 0.6932583 0.05959475 0.6546227 0.06025004 0.65048 0.05959475 0.6999613 0.1794112 0.8234173 0.206189 0.704104 0.206189 0.8283243 0.2341422 0.6932583 0.2304098 0.6913541 0.2341422 0.6613256 0.239006 0.6546227 0.239006 0.6999613 0.2371042 0.6962241 0.2360737 0.8301203 0.2380464 0.8258846 0.2809461 0.8148924 0.3250707 0.8909028 0.2929937 0.9106737 0.2809461 0.8148924 0.2360737 0.8301203 0.25729 0.9106737 0.2333965 0.8339487 0.2333965 0.8339487 0.25729 0.9106737 0.2300959 0.8372535 0.2929937 0.9106737 0.25729 0.9106737 0.2809461 0.8148924 0.3286975 0.9043765 0.3270647 0.8951573 0.3282861 0.899695 0.3286975 0.9106737 0.2929937 0.9106737 0.3286975 0.9043765 0.25729 0.9106737 0.2360737 0.8301203 0.2809461 0.8148924 0.2929937 0.9106737 0.3250707 0.8909028 0.3286975 0.9043765 0.3286975 0.9043765 0.3250707 0.8909028 0.3270647 0.8951573 0.2215863 0.8971503 0.2300959 0.8372535 0.25729 0.9106737 0.1755757 0.8352371 0.2073466 0.833777 0.210619 0.8382869 0.206189 0.8283243 0.2073466 0.833777 0.1784283 0.8296314 0.1755757 0.8352371 0.1784283 0.8296314 0.2073466 0.833777 0.206189 0.8283243 0.1784283 0.8296314 0.1794112 0.8234173 0.1755757 0.8352371 0.210619 0.8382869 0.1711326 0.8396859 0.2262724 0.8399342 0.2300959 0.8372535 0.2215863 0.8971503 0.2215863 0.9106737 0.2215863 0.8971503 0.25729 0.9106737 0.165534 0.8425421 0.1711326 0.8396859 0.2215863 0.8971503 0.2209774 0.8416568 0.2262724 0.8399342 0.2215863 0.8971503 0.2215863 0.8971503 0.2154405 0.8410741 0.2209774 0.8416568 0.2215863 0.8971503 0.210619 0.8382869 0.2154405 0.8410741 0.210619 0.8382869 0.2215863 0.8971503 0.1711326 0.8396859 0.05473089 0.6932583 0.0509985 0.6913541 0.05473089 0.6613256 0.04686111 0.663886 0.04016667 0.690698 0.04016667 0.663886 0.04686111 0.690698 0.04686111 0.663886 0.0509985 0.6913541 0.057693 0.6583598 0.057693 0.6962241 0.05473089 0.6932583 0.08702784 0.8234173 0.06025004 0.8283243 0.06025004 0.704104 0.06025004 0.704104 0.06025004 0.65048 0.08702784 0.8234173 0.08801078 0.8296314 0.06025004 0.8283243 0.08702784 0.8234173 0.08801078 0.8296314 0.05909246 0.833777 0.06025004 0.8283243 0.05909246 0.833777 0.08801078 0.8296314 0.0908634 0.8352371 0.05959475 0.6999613 0.06025004 0.65048 0.06025004 0.704104 0.057693 0.6583598 0.05959475 0.6999613 0.057693 0.6962241 0.04016667 0.663886 0.04016667 0.690698 0.03602927 0.6913541 0.02933484 0.6962241 0.02743309 0.6999613 0.02743309 0.6546227 0.03229689 0.6932583 0.02933484 0.6962241 0.03229689 0.6613256 0.03602927 0.6913541 0.03229689 0.6932583 0.03229689 0.6613256 0.007843017 0.8647854 0.03036534 0.8301203 0.0330426 0.8339487 0 0.8458265 0.02839267 0.8258846 0.03036534 0.8301203 0 0.8458265 0.02677774 0.8167144 0.0271846 0.8213702 0 0.8458265 0.02677774 0.704104 0.02677774 0.8167144 0.0271846 0.8213702 0.02839267 0.8258846 0 0.8458265 0 0.5275259 0.02677774 0.704104 0 0.8458265 0.03602927 0.6632298 0.04016667 0.663886 0.03602927 0.6913541 0.05125838 0.8971503 0.05582004 0.8382869 0.0908634 0.8352371 0.05582004 0.8382869 0.05125838 0.8971503 0.0509985 0.8410741 0.0509985 0.8410741 0.04706943 0.8968202 0.04546159 0.8416568 0.0908634 0.8352371 0.09530651 0.8396859 0.05125838 0.8971503 0.165534 0.8425421 0.2215863 0.8971503 0.1593279 0.8435263 0.05125838 0.8971503 0.1071112 0.8435263 0.1593279 0.8435263 0.0509985 0.8410741 0.05125838 0.8971503 0.04706943 0.8968202 0.1071112 0.8435263 0.05125838 0.8971503 0.1009051 0.8425421 0.1009051 0.8425421 0.05125838 0.8971503 0.09530651 0.8396859 0.2215863 0.8971503 0.05125838 0.8971503 0.1593279 0.8435263 0.04298359 0.895838 0.04546159 0.8416568 0.04706943 0.8968202 0.005114078 0.8615862 0.03036534 0.8301203 0.007843017 0.8647854 0.04016667 0.8399342 0.03232365 0.8892973 0.03634315 0.8372535 0.002918601 0.8579989 0 0.8458265 0.005114078 0.8615862 3.29673e-4 0.8500208 0 0.8458265 0.001310586 0.8541118 0.002918601 0.8579989 0.001310586 0.8541118 0 0.8458265 0.03634315 0.8372535 0.007843017 0.8647854 0.0330426 0.8339487 0.04546159 0.8416568 0.03551882 0.8920297 0.03232365 0.8892973 0.04016667 0.8399342 0.04546159 0.8416568 0.03232365 0.8892973 0.03036534 0.8301203 0.005114078 0.8615862 0 0.8458265 0.007843017 0.8647854 0.03634315 0.8372535 0.03232365 0.8892973 0.03910154 0.894228 0.03551882 0.8920297 0.04546159 0.8416568 0.03910154 0.894228 0.04546159 0.8416568 0.04298359 0.895838 0.0908634 0.8352371 0.05582004 0.8382869 0.05909246 0.833777 0.02743309 0.6999613 0.02677774 0.704104 0.02677774 0.65048 0.2222463 0.2655929 0.1907344 0.2611101 0.2222463 0.2611101 0.2222463 0.2700758 0.1907344 0.2655929 0.2222463 0.2655929 0.1907344 0.2700758 0.2222463 0.2745587 0.1907344 0.2745587 0.2222463 0.2835243 0.1907344 0.2790415 0.2222463 0.2790415 0.2222463 0.2880072 0.1907344 0.2835243 0.2222463 0.2835243 0.1907344 0.2745587 0.2222463 0.2790415 0.1907344 0.2790415 0.9700144 0.2133352 0.9985352 0.1828957 0.9808479 0.1828957 0.9454733 0.1828957 0.9700144 0.2133352 0.9631606 0.1828957 0.9808479 0.1828957 0.9631606 0.1828957 0.9700144 0.2133352 0.9302181 0.2133352 0.9700144 0.2133352 0.9454733 0.1828957 0.9103198 0.3920392 0.9302181 0.5898952 0.9302181 0.2133352 0.9103198 0.2096767 0.9302181 0.2133352 0.927786 0.1828957 0.9454733 0.1828957 0.927786 0.1828957 0.9302181 0.2133352 0.9103198 0.2150561 0.9302181 0.2133352 0.9103198 0.2096767 0.9100987 0.1828957 0.9103198 0.2096767 0.927786 0.1828957 0.8924115 0.2216642 0.9103198 0.23496 0.9103198 0.2150561 0.9302181 0.2133352 0.9103198 0.2150561 0.9103198 0.23496 0.9302181 0.2133352 0.9103198 0.23496 0.9103198 0.2403394 0.9103198 0.2602433 0.9302181 0.2133352 0.9103198 0.2403394 0.9302181 0.2133352 0.9103198 0.2602433 0.9103198 0.2656227 0.9302181 0.2133352 0.9103198 0.2656227 0.9103198 0.2855266 0.8924115 0.2722308 0.9103198 0.2855266 0.9103198 0.2656227 0.8924115 0.2975142 0.9103198 0.3108099 0.9103198 0.290906 0.9302181 0.2133352 0.9103198 0.290906 0.9103198 0.3108099 0.9302181 0.2133352 0.9103198 0.3108099 0.9103198 0.3161894 0.9103198 0.290906 0.9302181 0.2133352 0.9103198 0.2855266 0.9302181 0.2133352 0.9103198 0.3360933 0.9103198 0.3414726 0.9302181 0.2133352 0.9103198 0.3414726 0.9103198 0.3613765 0.8924115 0.3480808 0.9103198 0.3613765 0.9103198 0.3414726 0.8924115 0.373364 0.9103198 0.3866599 0.9103198 0.366756 0.9103198 0.3866599 0.9302181 0.2133352 0.9103198 0.366756 0.9103198 0.3920392 0.9302181 0.2133352 0.9103198 0.3866599 0.9103198 0.3613765 0.9103198 0.366756 0.9302181 0.2133352 0.9103198 0.3360933 0.9302181 0.2133352 0.9103198 0.3161894 0.8924115 0.3227974 0.9103198 0.3360933 0.9103198 0.3161894 0.8924115 0.2469475 0.9103198 0.2602433 0.9103198 0.2403394 0.8924115 0.1828957 0.8924115 0.2030686 0.9100987 0.1828957 0.8924115 0.2030686 0.9103198 0.2096767 0.9100987 0.1828957 0.9103198 0.4173226 0.9302181 0.5898952 0.9103198 0.4119431 0.8924115 0.4239307 0.9103198 0.4372264 0.9103198 0.4173226 0.8924115 0.4053351 0.9103198 0.4119431 0.8924115 0.3986474 0.9103198 0.4119431 0.9103198 0.3920392 0.8924115 0.3986474 0.9700144 0.2133352 0.9985352 0.578754 0.9985352 0.1828957 0.9972367 0.5870657 0.9982085 0.5829616 0.9985352 0.578754 0.9956434 0.590965 0.9972367 0.5870657 0.9985352 0.578754 0.9985352 0.578754 0.9907644 0.5977731 0.9934682 0.5945637 0.9956434 0.590965 0.9985352 0.578754 0.9934682 0.5945637 0.9700144 0.5898952 0.9907644 0.5977731 0.9985352 0.578754 0.8924115 0.449214 0.9103198 0.4625098 0.9103198 0.4426059 0.9302181 0.5898952 0.9103198 0.4426059 0.9103198 0.4625098 0.9302181 0.5898952 0.9103198 0.4625098 0.9103198 0.4678892 0.9103198 0.4877931 0.9302181 0.5898952 0.9103198 0.4678892 0.9103198 0.4426059 0.9302181 0.5898952 0.9103198 0.4372264 0.9302181 0.5898952 0.9610148 0.6167923 0.9700144 0.5898952 0.9302181 0.5898952 0.9103198 0.4877931 0.9103198 0.4931725 0.9302181 0.5898952 0.9103198 0.4173226 0.9103198 0.4372264 0.8924115 0.4744973 0.9103198 0.4877931 0.9103198 0.4678892 0.979775 0.6089143 0.9907644 0.5977731 0.9700144 0.5898952 0.9700144 0.5898952 0.9730595 0.6138607 0.9766092 0.6116554 0.9700144 0.5898952 0.9692133 0.6154758 0.9730595 0.6138607 0.9651651 0.6164612 0.9700144 0.5898952 0.9610148 0.6167923 0.9651651 0.6164612 0.9692133 0.6154758 0.9700144 0.5898952 0.9103198 0.5690224 0.9143373 0.6116554 0.917887 0.6138607 0.917887 0.6138607 0.9302181 0.5898952 0.9103198 0.5690224 0.9302181 0.5898952 0.917887 0.6138607 0.9217333 0.6154758 0.9217333 0.6154758 0.9257815 0.6164612 0.9302181 0.5898952 0.9302181 0.5898952 0.9257815 0.6164612 0.9299319 0.6167923 0.9766092 0.6116554 0.979775 0.6089143 0.9700144 0.5898952 0.9111717 0.6089143 0.9143373 0.6116554 0.9103198 0.5690224 0.8924115 0.4997806 0.9103198 0.5130764 0.9103198 0.4931725 0.9302181 0.5898952 0.9103198 0.5130764 0.9103198 0.5184558 0.9302181 0.5898952 0.9103198 0.5184558 0.9103198 0.5383597 0.9103198 0.5130764 0.9302181 0.5898952 0.9103198 0.4931725 0.8924115 0.5250639 0.9103198 0.5383597 0.9103198 0.5184558 0.8924115 0.5503472 0.9103198 0.563643 0.9103198 0.5437391 0.9302181 0.5898952 0.9103198 0.5437391 0.9103198 0.563643 0.9302181 0.5898952 0.9103198 0.563643 0.9103198 0.5690224 0.9103198 0.5690224 0.8974784 0.5945637 0.9001822 0.5977731 0.8924115 0.5756306 0.8974784 0.5945637 0.9103198 0.5690224 0.9001822 0.5977731 0.9111717 0.6089143 0.9103198 0.5690224 0.8974784 0.5945637 0.8924115 0.5756306 0.8953031 0.590965 0.8927381 0.5829616 0.89371 0.5870657 0.8924115 0.578754 0.8924115 0.5756306 0.8924115 0.578754 0.89371 0.5870657 0.8953031 0.590965 0.8924115 0.5756306 0.89371 0.5870657 0.9103198 0.5437391 0.9302181 0.5898952 0.9103198 0.5383597 0.3341232 0.003123462 0.3296403 0 0.3341232 0 0.3341232 0.003123462 0.3206746 0 0.3251575 0 0.3251575 0 0.3296403 0 0.3341232 0.003123462 0.3161918 0 0.3206746 0 0.3072261 0.003123462 0.3341232 0.003123462 0.3072261 0.003123462 0.3206746 0 0.3072261 0 0.3117089 0 0.3072261 0.003123462 0.3161918 0 0.3072261 0.003123462 0.3117089 0 0.8624259 0.2133352 0.8555721 0.1828957 0.8909466 0.1828957 0.8555721 0.1828957 0.8226295 0.2133352 0.8201975 0.1828957 0.8027313 0.2855266 0.8027313 0.2656227 0.8226295 0.2133352 0.8027313 0.2096767 0.8201975 0.1828957 0.8226295 0.2133352 0.8226295 0.5898952 0.8027313 0.4173226 0.8027313 0.4119431 0.8226295 0.2133352 0.8027313 0.2150561 0.8027313 0.2096767 0.8226295 0.2133352 0.8027313 0.23496 0.8027313 0.2150561 0.8027313 0.23496 0.784823 0.2216642 0.8027313 0.2150561 0.8027313 0.2602433 0.784823 0.2469475 0.8027313 0.2403394 0.8226295 0.2133352 0.8027313 0.2602433 0.8027313 0.2403394 0.8226295 0.2133352 0.8027313 0.2656227 0.8027313 0.2602433 0.8027313 0.2403394 0.8027313 0.23496 0.8226295 0.2133352 0.784823 0.1828957 0.8201975 0.1828957 0.8027313 0.2096767 0.8027313 0.2855266 0.8226295 0.2133352 0.8027313 0.290906 0.8027313 0.290906 0.8226295 0.2133352 0.8027313 0.3108099 0.8027313 0.3108099 0.784823 0.2975142 0.8027313 0.290906 0.784823 0.2789185 0.8027313 0.2656227 0.8027313 0.2855266 0.8027313 0.3360933 0.784823 0.3227974 0.8027313 0.3161894 0.8027313 0.3161894 0.8027313 0.3108099 0.8226295 0.2133352 0.8027313 0.3360933 0.8027313 0.3161894 0.8226295 0.2133352 0.8226295 0.2133352 0.8027313 0.3414726 0.8027313 0.3360933 0.8027313 0.3613765 0.8027313 0.3414726 0.8226295 0.2133352 0.8027313 0.3613765 0.8226295 0.2133352 0.8027313 0.366756 0.8027313 0.3866599 0.784823 0.373364 0.8027313 0.366756 0.8027313 0.4119431 0.784823 0.3986474 0.8027313 0.3920392 0.8027313 0.3866599 0.8226295 0.2133352 0.8027313 0.3920392 0.8226295 0.5898952 0.8027313 0.3920392 0.8226295 0.2133352 0.8226295 0.2133352 0.8027313 0.3866599 0.8027313 0.366756 0.8027313 0.3613765 0.784823 0.3480808 0.8027313 0.3414726 0.784823 0.2030686 0.784823 0.1828957 0.8027313 0.2096767 0.784823 0.2789185 0.784823 0.2722308 0.8027313 0.2656227 0.8027313 0.4372264 0.8027313 0.4173226 0.8226295 0.5898952 0.8027313 0.4372264 0.784823 0.4306184 0.784823 0.4239307 0.784823 0.449214 0.8027313 0.4426059 0.784823 0.4559017 0.8027313 0.4372264 0.784823 0.4239307 0.8027313 0.4173226 0.8909466 0.578754 0.8624259 0.2133352 0.8909466 0.1828957 0.8896481 0.5870657 0.8909466 0.578754 0.89062 0.5829616 0.8909466 0.578754 0.8880549 0.590965 0.8858796 0.5945637 0.8896481 0.5870657 0.8880549 0.590965 0.8909466 0.578754 0.8831759 0.5977731 0.8909466 0.578754 0.8858796 0.5945637 0.8226295 0.5898952 0.8027313 0.4877931 0.8027313 0.4678892 0.8027313 0.4625098 0.8226295 0.5898952 0.8027313 0.4678892 0.8027313 0.4877931 0.8226295 0.5898952 0.8027313 0.4931725 0.8226295 0.5898952 0.8027313 0.563643 0.8027313 0.5437391 0.8226295 0.5898952 0.8534262 0.6167923 0.8223433 0.6167923 0.8027313 0.4372264 0.8226295 0.5898952 0.8027313 0.4426059 0.8831759 0.5977731 0.8721864 0.6089143 0.8624259 0.5898952 0.8027313 0.4426059 0.8226295 0.5898952 0.8027313 0.4625098 0.8624259 0.5898952 0.8909466 0.578754 0.8831759 0.5977731 0.8226295 0.5898952 0.8027313 0.5690224 0.8027313 0.563643 0.8624259 0.5898952 0.8690207 0.6116554 0.865471 0.6138607 0.8624259 0.5898952 0.865471 0.6138607 0.8616247 0.6154758 0.8575766 0.6164612 0.8534262 0.6167923 0.8624259 0.5898952 0.8575766 0.6164612 0.8624259 0.5898952 0.8616247 0.6154758 0.8102985 0.6138607 0.8067488 0.6116554 0.8027313 0.5690224 0.8226295 0.5898952 0.8102985 0.6138607 0.8027313 0.5690224 0.8226295 0.5898952 0.8141448 0.6154758 0.8102985 0.6138607 0.8141448 0.6154758 0.8226295 0.5898952 0.818193 0.6164612 0.8226295 0.5898952 0.8223433 0.6167923 0.818193 0.6164612 0.8624259 0.5898952 0.8721864 0.6089143 0.8690207 0.6116554 0.8035831 0.6089143 0.8027313 0.5690224 0.8067488 0.6116554 0.784823 0.481185 0.8027313 0.4678892 0.8027313 0.4877931 0.8226295 0.5898952 0.8027313 0.5130764 0.8027313 0.4931725 0.8226295 0.5898952 0.8027313 0.5184558 0.8027313 0.5130764 0.8027313 0.5130764 0.784823 0.4997806 0.8027313 0.4931725 0.8027313 0.4678892 0.784823 0.481185 0.784823 0.4744973 0.784823 0.5250639 0.8027313 0.5383597 0.784823 0.5317516 0.8027313 0.5383597 0.784823 0.5250639 0.8027313 0.5184558 0.8226295 0.5898952 0.8027313 0.5437391 0.8027313 0.5383597 0.8027313 0.5690224 0.7925937 0.5977731 0.7898899 0.5945637 0.784823 0.5570349 0.8027313 0.5437391 0.8027313 0.563643 0.7898899 0.5945637 0.784823 0.5756306 0.8027313 0.5690224 0.7925937 0.5977731 0.8027313 0.5690224 0.8035831 0.6089143 0.7898899 0.5945637 0.7877146 0.590965 0.784823 0.5756306 0.784823 0.5570349 0.784823 0.5503472 0.8027313 0.5437391 0.7851496 0.5829616 0.784823 0.578754 0.7861214 0.5870657 0.784823 0.5756306 0.7861214 0.5870657 0.784823 0.578754 0.7877146 0.590965 0.7861214 0.5870657 0.784823 0.5756306 0.8027313 0.5383597 0.8027313 0.5184558 0.8226295 0.5898952 0.8027313 0.4426059 0.8027313 0.4625098 0.784823 0.4559017 0 0.4267316 0 0.4224929 0.3958582 0.4224929 0.3958582 0.4224929 0 0.4309703 0 0.4267316 0 0.4309703 0.3958582 0.4224929 0 0.435209 0 0.4394478 0 0.435209 0.3958582 0.4479252 0.3958582 0.4224929 0.3958582 0.4479252 0 0.435209 0.3958582 0.4479252 0 0.4436865 0 0.4394478 0.3958582 0.4479252 0 0.4479252 0 0.4436865 0.06121271 0.2782245 0.05547827 0.3046216 0.07008904 0.2819012 0.07008904 0.2819012 0.05869209 0.3067691 0.07771122 0.2877499 0.05168735 0.3038676 0.06121271 0.2782245 0.05168735 0.2769705 0.06121271 0.2782245 0.05168735 0.3038676 0.05547827 0.3046216 0.05869209 0.3067691 0.08355998 0.2953721 0.07771122 0.2877499 0.06159353 0.3137738 0.08849066 0.3137738 0.08723664 0.3042484 0.06083947 0.3099828 0.06159353 0.3137738 0.08723664 0.3042484 0.05869209 0.3067691 0.07008904 0.2819012 0.05547827 0.3046216 0.06083947 0.3099828 0.08355998 0.2953721 0.05869209 0.3067691 0.06083947 0.3099828 0.08723664 0.3042484 0.08355998 0.2953721 0 0.3038676 0.009525358 0.2782245 0 0.2769705 0.003790915 0.3046216 0.009525358 0.2782245 0 0.3038676 0.003790915 0.3046216 0.007004737 0.3067691 0.01840162 0.2819012 0.007004737 0.3067691 0.009152114 0.3099828 0.03187263 0.2953721 0.009525358 0.2782245 0.003790915 0.3046216 0.01840162 0.2819012 0.007004737 0.3067691 0.03187263 0.2953721 0.02602386 0.2877499 0.009152114 0.3099828 0.03554928 0.3042484 0.03187263 0.2953721 0.0368033 0.3137738 0.03554928 0.3042484 0.009906172 0.3137738 0.03554928 0.3042484 0.009152114 0.3099828 0.009906172 0.3137738 0.01840162 0.2819012 0.007004737 0.3067691 0.02602386 0.2877499 0.1482349 0.287641 0.1443698 0.3141719 0.1482349 0.3141719 0.1482349 0.3141719 0.1443698 0.3407028 0.1482349 0.3407028 0.1521 0.287641 0.1482349 0.3141719 0.1521 0.3141719 0.1521 0.3141719 0.1482349 0.3407028 0.1521 0.3407028 0.1443698 0.2611101 0.1405047 0.2611101 0.1405047 0.2787973 0.1443698 0.287641 0.1405047 0.2787973 0.1405047 0.2964847 0.1443698 0.3141719 0.1405047 0.2964847 0.1405047 0.3141719 0.1482349 0.2611101 0.1443698 0.287641 0.1482349 0.287641 0.1443698 0.2611101 0.1405047 0.2787973 0.1443698 0.287641 0.1443698 0.3407028 0.1405047 0.3318592 0.1405047 0.3495465 0.1443698 0.3672338 0.1405047 0.3495465 0.1405047 0.3672338 0.1405047 0.3495465 0.1443698 0.3672338 0.1443698 0.3407028 0.1443698 0.3672338 0.1482349 0.3407028 0.1443698 0.3407028 0.1443698 0.3141719 0.1405047 0.3318592 0.1443698 0.3407028 0.1482349 0.287641 0.1521 0.2611101 0.1482349 0.2611101 0.1521 0.3141719 0.155965 0.2964847 0.1521 0.287641 0.155965 0.2787973 0.155965 0.2611101 0.1521 0.2611101 0.155965 0.2787973 0.1521 0.287641 0.155965 0.2964847 0.1521 0.2611101 0.1521 0.287641 0.155965 0.2787973 0.1521 0.3407028 0.1482349 0.3672338 0.1521 0.3672338 0.155965 0.3495465 0.1521 0.3407028 0.1521 0.3672338 0.155965 0.3318592 0.1521 0.3141719 0.1521 0.3407028 0.1521 0.3672338 0.155965 0.3672338 0.155965 0.3495465 0.1521 0.3407028 0.155965 0.3495465 0.155965 0.3318592 0.1152395 0.007205545 0.1331709 0 0.1690337 0.009607434 0.1690337 0 0.1690337 0.009607434 0.1331709 0 0.09730803 0 0.1331709 0 0.1152395 0.007205545 0.1152395 0.007205545 0.1690337 0.01921486 0.1152395 0.02161669 0.1152395 0.02161669 0.1690337 0.0288223 0.1152395 0.0288223 0.1152395 0.02161669 0.06144517 0.009607434 0.1152395 0.007205545 0.06144517 0 0.09730803 0 0.06144517 0.009607434 0.06144517 0.009607434 0.09730803 0 0.1152395 0.007205545 0.06144517 0.0288223 0.1152395 0.02161669 0.1152395 0.0288223 0.1152395 0.0360279 0.06144517 0.0288223 0.1152395 0.0288223 0.1690337 0.0288223 0.1152395 0.0360279 0.1152395 0.0288223 0.1690337 0.03842973 0.1152395 0.04323345 0.1152395 0.0360279 0.1331709 0.05764466 0.1690337 0.04803717 0.1690337 0.05764466 0.1690337 0.04803717 0.1152395 0.04323345 0.1690337 0.03842973 0.1331709 0.05764466 0.1152395 0.05043905 0.1690337 0.04803717 0.06144517 0.04803717 0.06144517 0.03842973 0.1152395 0.04323345 0.1152395 0.0360279 0.1152395 0.04323345 0.06144517 0.03842973 0.1152395 0.05043905 0.06144517 0.04803717 0.1152395 0.04323345 0.06144517 0.04803717 0.09730803 0.05764466 0.06144517 0.05764466 0.1331709 0.05764466 0.09730803 0.05764466 0.1152395 0.05043905 0.1152395 0.05043905 0.09730803 0.05764466 0.06144517 0.04803717 0.1228904 0.1439668 0.1497876 0.1246461 0.1228904 0.1246461 0.5913708 0.2318335 0.57205 0.2049363 0.57205 0.2318335 0.3072261 0.05013424 0.3341232 0.04475486 0.3072261 0.04475486 0.4148215 0.2318335 0.3955007 0.2049363 0.3955007 0.2318335 0.5913708 0.1440036 0.57205 0.1171064 0.57205 0.1440036 0.3072261 0.07945173 0.3341232 0.0740723 0.3072261 0.0740723 0.06144517 0.1224794 0.0883423 0.1031587 0.06144517 0.1031587 0.1228904 0.1224794 0.1497876 0.1031587 0.1228904 0.1031587 0.3072261 0.02061581 0.3341232 0.01523637 0.3072261 0.01523637 0.3706842 0.2025568 0.3513634 0.1756597 0.3513634 0.2025568 0.5472335 0.1440036 0.5279127 0.1171064 0.5279127 0.1440036 0.3072261 0.04268407 0.3341232 0.03730463 0.3072261 0.03730463 0.1228904 0.100992 0.1497876 0.08167123 0.1228904 0.08167123 0.06144517 0.100992 0.0883423 0.08167123 0.06144517 0.08167123 0.3874412 0.01190501 0.4143383 0.006525576 0.3874412 0.006525576 0.3265468 0.2025568 0.3072261 0.1756597 0.3072261 0.2025568 0.5030961 0.1440036 0.4837754 0.1171064 0.4837754 0.1440036 0.3874412 0.005379378 0.4143383 0 0.3874412 0 0.5472335 0.2025568 0.5279127 0.1756597 0.5279127 0.2025568 0.5472335 0.1732802 0.5279127 0.1463831 0.5279127 0.1732802 0.3874412 0.02495628 0.4143383 0.0195769 0.3874412 0.0195769 0.5030961 0.2025568 0.4837754 0.1756597 0.4837754 0.2025568 0.6355081 0.2318335 0.6161873 0.2049363 0.6161873 0.2318335 0.3874412 0.01843065 0.4143383 0.01305127 0.3874412 0.01305127 0.5472335 0.2318335 0.5279127 0.2049363 0.5279127 0.2318335 0.5030961 0.1732802 0.4837754 0.1463831 0.4837754 0.1732802 0.3072261 0.07216262 0.3341232 0.06678324 0.3072261 0.06678324 0.5030961 0.2318335 0.4837754 0.2049363 0.4837754 0.2318335 0.3706842 0.2318335 0.3513634 0.2049363 0.3513634 0.2318335 0.3072261 0.06487357 0.3341232 0.05949413 0.3072261 0.05949413 0.06144517 0.1439668 0.0883423 0.1246461 0.06144517 0.1246461 0.1228904 0.0795046 0.1497876 0.06018382 0.1228904 0.06018382 0.3874412 0.03800755 0.4143383 0.03262811 0.3874412 0.03262811 0.4589588 0.2318335 0.439638 0.2049363 0.439638 0.2318335 0.06144517 0.0795046 0.0883423 0.06018382 0.06144517 0.06018382 0.3072261 0.05758446 0.3341232 0.05220502 0.3072261 0.05220502 0.6355081 0.2025568 0.6161873 0.1756597 0.6161873 0.2025568 0.5913708 0.1732802 0.57205 0.1463831 0.57205 0.1732802 0.3874412 0.05105882 0.4143383 0.04567939 0.3874412 0.04567939 0.5913708 0.2025568 0.57205 0.1756597 0.57205 0.2025568 0.6355081 0.1440036 0.6161873 0.1171064 0.6161873 0.1440036 0.3874412 0.03148192 0.4143383 0.02610254 0.3874412 0.02610254 0.3265468 0.2318335 0.3072261 0.2049363 0.3072261 0.2318335 0.3874412 0.04453319 0.4143383 0.03915375 0.3874412 0.03915375 0.6355081 0.1732802 0.6161873 0.1463831 0.6161873 0.1732802 0.272678 0.1005296 0.2457808 0.06018382 0.2457808 0.1005296 0.1405047 0.421028 0.5170646 0.3955957 0.1405047 0.3955957 0.2112327 0.1005296 0.1843356 0.06018382 0.1843356 0.1005296 0.1405047 0.3941309 0.5170646 0.3686986 0.1405047 0.3686986 0.6879566 0.09713542 0.6741406 0.1038597 0.6879566 0.1038597 0.6879566 0.1038597 0.6741406 0.110584 0.6879566 0.110584 0.7017725 0.09713542 0.6879566 0.1038597 0.7017725 0.1038597 0.7017725 0.1038597 0.6879566 0.110584 0.7017725 0.110584 0.6741406 0.09713542 0.6695353 0.09041112 0.6603247 0.09041112 0.6787459 0.09041112 0.6695353 0.09041112 0.6741406 0.09713542 0.6603247 0.09937685 0.6741406 0.09713542 0.6603247 0.09041112 0.6879566 0.09713542 0.6879566 0.09041112 0.6787459 0.09041112 0.6879566 0.09713542 0.6971672 0.09041112 0.6879566 0.09041112 0.6741406 0.09713542 0.6879566 0.09713542 0.6787459 0.09041112 0.6603247 0.1083425 0.6741406 0.1038597 0.6603247 0.09937685 0.6695353 0.1173083 0.6603247 0.1083425 0.6603247 0.1173083 0.6603247 0.1083425 0.6695353 0.1173083 0.6741406 0.110584 0.6741406 0.110584 0.6695353 0.1173083 0.6787459 0.1173083 0.6787459 0.1173083 0.6879566 0.110584 0.6741406 0.110584 0.6741406 0.1038597 0.6741406 0.09713542 0.6603247 0.09937685 0.7063778 0.09041112 0.6971672 0.09041112 0.7017725 0.09713542 0.7155885 0.09937685 0.7017725 0.09713542 0.7017725 0.1038597 0.7155885 0.09937685 0.7155885 0.09041112 0.7063778 0.09041112 0.7017725 0.09713542 0.7155885 0.09937685 0.7063778 0.09041112 0.7017725 0.1038597 0.7155885 0.1083425 0.7155885 0.09937685 0.6879566 0.1173083 0.6971672 0.1173083 0.6879566 0.110584 0.7017725 0.110584 0.6879566 0.110584 0.6971672 0.1173083 0.7063778 0.1173083 0.7155885 0.1083425 0.7017725 0.110584 0.7155885 0.1083425 0.7063778 0.1173083 0.7155885 0.1173083 0.6971672 0.1173083 0.7063778 0.1173083 0.7017725 0.110584 0.562923 0.04272514 0.5663883 0.0360009 0.5663883 0.04272514 0.562923 0.04944944 0.5663883 0.04272514 0.5663883 0.04944944 0.5663883 0.04272514 0.5699178 0.0360009 0.5699178 0.04272514 0.5663883 0.04944944 0.5699178 0.04272514 0.5699178 0.04944944 0.562923 0.0360009 0.5596218 0.03375947 0.5596218 0.0292766 0.562923 0.0360009 0.5596218 0.03824228 0.5596218 0.03375947 0.5663883 0.0360009 0.562923 0.0360009 0.5642303 0.0292766 0.5596218 0.0292766 0.5642303 0.0292766 0.562923 0.0360009 0.5688388 0.0292766 0.5663883 0.0360009 0.5642303 0.0292766 0.562923 0.04272514 0.5596218 0.03824228 0.562923 0.0360009 0.5596218 0.04720801 0.562923 0.04272514 0.562923 0.04944944 0.562923 0.04944944 0.5596218 0.05169087 0.5596218 0.04720801 0.5596218 0.05169087 0.562923 0.04944944 0.5596218 0.05617374 0.562923 0.04944944 0.5642303 0.05617374 0.5596218 0.05617374 0.5642303 0.05617374 0.562923 0.04944944 0.5663883 0.04944944 0.5734474 0.03375947 0.5699178 0.0360009 0.5688388 0.0292766 0.5699178 0.04272514 0.5734474 0.03824228 0.5734474 0.04272514 0.5688388 0.0292766 0.5734474 0.0292766 0.5734474 0.03375947 0.5699178 0.0360009 0.5734474 0.03375947 0.5734474 0.03824228 0.5688388 0.05617374 0.5663883 0.04944944 0.5699178 0.04944944 0.5734474 0.05169087 0.5688388 0.05617374 0.5699178 0.04944944 0.5642303 0.05617374 0.5663883 0.04944944 0.5688388 0.05617374 0.5699178 0.04272514 0.5734474 0.04720801 0.5699178 0.04944944 0.5688388 0.05617374 0.5734474 0.05169087 0.5734474 0.05617374 0.5699178 0.04944944 0.5734474 0.04720801 0.5734474 0.05169087 0.9884697 0.006724238 0.6603247 0 0.6603247 0.006724238 0.9884697 0.02017283 0.6603247 0.01344853 0.6603247 0.02017283 0.9884697 0.02689713 0.6603247 0.02017283 0.6603247 0.02689713 0.9884697 0.01344853 0.6603247 0.006724238 0.6603247 0.01344853 0.0524494 0.2342129 0 0.2409372 0.0524494 0.2409372 0 0.2476615 0.0524494 0.2409372 0 0.2409372 0.0524494 0.2543858 0 0.2611101 0.0524494 0.2611101 0.0524494 0.2476615 0 0.2543858 0.0524494 0.2543858 0.7738712 0.6137511 0.7805955 0.285606 0.7738712 0.285606 0.7604227 0.6137511 0.767147 0.285606 0.7604227 0.285606 0.7536984 0.6137511 0.7604227 0.285606 0.7536984 0.285606 0.767147 0.6137511 0.7738712 0.285606 0.767147 0.285606 0 0.3354756 0.006724238 0.387925 0.006724238 0.3354756 0.01344853 0.387925 0.006724238 0.3354756 0.006724238 0.387925 0.02017283 0.3354756 0.02689713 0.387925 0.02689713 0.3354756 0.01344853 0.3354756 0.02017283 0.387925 0.02017283 0.3354756 0.7833581 0.2387337 0.6603247 0.2342509 0.6603247 0.2387337 0.7833581 0.2432166 0.6603247 0.2387337 0.6603247 0.2432166 0.7833581 0.2521823 0.6603247 0.2476994 0.6603247 0.2521823 0.7833581 0.261148 0.6603247 0.2566652 0.6603247 0.261148 0.7833581 0.2566652 0.6603247 0.2521823 0.6603247 0.2566652 0.7833581 0.2476994 0.6603247 0.2432166 0.6603247 0.2476994 0.4972718 0.02921676 0.4905475 0.03369963 0.4972718 0.03369963 0.4905475 0.03369963 0.4972718 0.03818249 0.4972718 0.03369963 0.4905475 0.03818249 0.4972718 0.0426653 0.4972718 0.03818249 0.4905475 0.04714816 0.4972718 0.05163103 0.4972718 0.04714816 0.4905475 0.05163103 0.4972718 0.05611389 0.4972718 0.05163103 0.4972718 0.04714816 0.4905475 0.0426653 0.4905475 0.04714816 0.405503 0.3191431 0.2932996 0.3149043 0.2932996 0.3191431 0.405503 0.3233818 0.2932996 0.3191431 0.2932996 0.3233818 0.405503 0.3318592 0.2932996 0.3276205 0.2932996 0.3318592 0.405503 0.3403366 0.2932996 0.3360979 0.2932996 0.3403366 0.405503 0.3360979 0.2932996 0.3318592 0.2932996 0.3360979 0.405503 0.3276205 0.2932996 0.3233818 0.2932996 0.3276205 0.3296403 0.00826478 0.3341232 0.004325807 0.3296403 0.004325807 0.3251575 0.00826478 0.3296403 0.004325807 0.3251575 0.004325807 0.3161918 0.00826478 0.3206746 0.004325807 0.3161918 0.004325807 0.3072261 0.00826478 0.3117089 0.004325807 0.3072261 0.004325807 0.3117089 0.00826478 0.3161918 0.004325807 0.3117089 0.004325807 0.3206746 0.00826478 0.3251575 0.004325807 0.3206746 0.004325807 0.7732927 0.04968839 0.6603247 0.04520553 0.6603247 0.04968839 0.7732927 0.05417126 0.6603247 0.04968839 0.6603247 0.05417126 0.7732927 0.06313699 0.6603247 0.05865412 0.6603247 0.06313699 0.7732927 0.07210266 0.6603247 0.06761986 0.6603247 0.07210266 0.7732927 0.06761986 0.6603247 0.06313699 0.6603247 0.06761986 0.7732927 0.05865412 0.6603247 0.05417126 0.6603247 0.05865412 0.7138636 0.4102208 0.7183464 0.285606 0.7116221 0.285606 0.7048978 0.285606 0.7093807 0.4102208 0.7116221 0.285606 0.700415 0.4102208 0.7048978 0.285606 0.6981735 0.285606 0.6914492 0.285606 0.6959321 0.4102208 0.6981735 0.285606 0.7116221 0.285606 0.7093807 0.4102208 0.7138636 0.4102208 0.6981735 0.285606 0.6959321 0.4102208 0.700415 0.4102208 0.4743806 0.02921676 0.4676563 0.03369963 0.4743806 0.03369963 0.4743806 0.03369963 0.4676563 0.03818249 0.4743806 0.03818249 0.4743806 0.03818249 0.4676563 0.0426653 0.4743806 0.0426653 0.4743806 0.04714816 0.4676563 0.05163103 0.4743806 0.05163103 0.4743806 0.05163103 0.4676563 0.05611389 0.4743806 0.05611389 0.4743806 0.0426653 0.4676563 0.04714816 0.4743806 0.04714816 0.6155173 0.08782982 0.608793 0.09231269 0.6155173 0.09231269 0.6155173 0.09231269 0.608793 0.09679555 0.6155173 0.09679555 0.6155173 0.09679555 0.608793 0.1012784 0.6155173 0.1012784 0.6155173 0.1057612 0.608793 0.1102441 0.6155173 0.1102441 0.6155173 0.1102441 0.608793 0.114727 0.6155173 0.114727 0.6155173 0.1012784 0.608793 0.1057612 0.6155173 0.1057612 0.682739 0.285606 0.6872218 0.4102208 0.6872218 0.285606 0.6804975 0.4102208 0.682739 0.285606 0.6782561 0.285606 0.6692904 0.285606 0.6737732 0.4102208 0.6737732 0.285606 0.667049 0.4102208 0.6692904 0.285606 0.6648076 0.285606 0.6737732 0.285606 0.6737732 0.4102208 0.6782561 0.285606 0.6804975 0.4102208 0.6782561 0.285606 0.6737732 0.4102208 0.6603247 0.285606 0.6603247 0.4102208 0.6648076 0.285606 0.6603247 0.4102208 0.667049 0.4102208 0.6648076 0.285606 0.4062676 0.3460402 0.2932996 0.3418015 0.2932996 0.3460402 0.4062676 0.3502789 0.2932996 0.3460402 0.2932996 0.3502789 0.4062676 0.3587564 0.2932996 0.3545176 0.2932996 0.3587564 0.4062676 0.3672338 0.2932996 0.362995 0.2932996 0.3672338 0.4062676 0.362995 0.2932996 0.3587564 0.2932996 0.362995 0.4062676 0.3545176 0.2932996 0.3502789 0.2932996 0.3545176 0.405503 0.2922459 0.2932996 0.2880072 0.2932996 0.2922459 0.405503 0.2964847 0.2932996 0.2922459 0.2932996 0.2964847 0.405503 0.304962 0.2932996 0.3007234 0.2932996 0.304962 0.405503 0.3134395 0.2932996 0.3092008 0.2932996 0.3134395 0.405503 0.3092008 0.2932996 0.304962 0.2932996 0.3092008 0.405503 0.3007234 0.2932996 0.2964847 0.2932996 0.3007234 0.4676563 0.02188265 0.4721392 0.02775192 0.4721392 0.02188265 0.4721392 0.02775192 0.476622 0.02188265 0.4721392 0.02188265 0.476622 0.02775192 0.4811049 0.02188265 0.476622 0.02188265 0.4855877 0.02775192 0.4900706 0.02188265 0.4855877 0.02188265 0.4900706 0.02775192 0.4945535 0.02188265 0.4900706 0.02188265 0.4855877 0.02188265 0.4811049 0.02775192 0.4855877 0.02775192 0.7833581 0.1873786 0.6603247 0.1828957 0.6603247 0.1873786 0.7833581 0.1918615 0.6603247 0.1873786 0.6603247 0.1918615 0.7833581 0.2008271 0.6603247 0.1963443 0.6603247 0.2008271 0.7833581 0.2097929 0.6603247 0.20531 0.6603247 0.2097929 0.7833581 0.20531 0.6603247 0.2008271 0.6603247 0.20531 0.7833581 0.1963443 0.6603247 0.1918615 0.6603247 0.1963443 0.3296403 0.01372009 0.3341232 0.009781122 0.3296403 0.009781122 0.3251575 0.01372009 0.3296403 0.009781122 0.3251575 0.009781122 0.3161918 0.01372009 0.3206746 0.009781122 0.3161918 0.009781122 0.3072261 0.01372009 0.3117089 0.009781122 0.3072261 0.009781122 0.3117089 0.01372009 0.3161918 0.009781122 0.3117089 0.009781122 0.3206746 0.01372009 0.3251575 0.009781122 0.3206746 0.009781122 0.2659537 0.1784309 0.2592294 0.1732921 0.2592294 0.1784309 0.2592294 0.1784309 0.2525051 0.1732921 0.2525051 0.1784309 0.2659537 0.1835696 0.2592294 0.1784309 0.2592294 0.1835696 0.2592294 0.1835696 0.2525051 0.1784309 0.2525051 0.1835696 0.272678 0.1722643 0.272678 0.1681534 0.2681952 0.1681534 0.2659537 0.1732921 0.2681952 0.1681534 0.2637123 0.1681534 0.2659537 0.1732921 0.272678 0.1763753 0.272678 0.1722643 0.2637123 0.1681534 0.2592294 0.1732921 0.2659537 0.1732921 0.2659537 0.1784309 0.272678 0.1804863 0.272678 0.1763753 0.2681952 0.1681534 0.2659537 0.1732921 0.272678 0.1722643 0.2547466 0.1681534 0.2592294 0.1732921 0.2592294 0.1681534 0.2457808 0.1722643 0.2502637 0.1681534 0.2457808 0.1681534 0.2502637 0.1681534 0.2525051 0.1732921 0.2547466 0.1681534 0.2502637 0.1681534 0.2457808 0.1722643 0.2525051 0.1732921 0.2525051 0.1732921 0.2457808 0.1722643 0.2457808 0.1763753 0.2457808 0.1763753 0.2525051 0.1784309 0.2525051 0.1732921 0.272678 0.1804863 0.2659537 0.1835696 0.272678 0.1845973 0.2681952 0.1887084 0.272678 0.1845973 0.2659537 0.1835696 0.272678 0.1845973 0.2681952 0.1887084 0.272678 0.1887084 0.2592294 0.1835696 0.2637123 0.1887084 0.2659537 0.1835696 0.2659537 0.1835696 0.2637123 0.1887084 0.2681952 0.1887084 0.2525051 0.1835696 0.2457808 0.1804863 0.2457808 0.1845973 0.2547466 0.1887084 0.2592294 0.1835696 0.2525051 0.1835696 0.2457808 0.1763753 0.2457808 0.1804863 0.2525051 0.1784309 0.2525051 0.1835696 0.2457808 0.1845973 0.2502637 0.1887084 0.2502637 0.1887084 0.2457808 0.1845973 0.2457808 0.1887084 0.2547466 0.1887084 0.2525051 0.1835696 0.2502637 0.1887084 0.8503352 0.1496821 0.8436109 0.1426494 0.8436109 0.1496821 0.8436109 0.1496821 0.8368867 0.1426494 0.8368867 0.1496821 0.8503352 0.1567148 0.8436109 0.1496821 0.8436109 0.1567148 0.8436109 0.1567148 0.8368867 0.1496821 0.8368867 0.1567148 0.8525766 0.1356167 0.8570595 0.1403052 0.8570595 0.1356167 0.8525766 0.1356167 0.8480938 0.1356167 0.8503352 0.1426494 0.8503352 0.1426494 0.8570595 0.1403052 0.8525766 0.1356167 0.8503352 0.1496821 0.8570595 0.1496821 0.8570595 0.1449936 0.8480938 0.1356167 0.8436109 0.1426494 0.8503352 0.1426494 0.8570595 0.1449936 0.8503352 0.1426494 0.8503352 0.1496821 0.8503352 0.1496821 0.8570595 0.1543706 0.8570595 0.1496821 0.8570595 0.1403052 0.8503352 0.1426494 0.8570595 0.1449936 0.8436109 0.1426494 0.8436109 0.1356167 0.8391281 0.1356167 0.8301624 0.1403052 0.8346452 0.1356167 0.8301624 0.1356167 0.8346452 0.1356167 0.8368867 0.1426494 0.8391281 0.1356167 0.8346452 0.1356167 0.8301624 0.1403052 0.8368867 0.1426494 0.8368867 0.1426494 0.8301624 0.1403052 0.8301624 0.1449936 0.8301624 0.1449936 0.8368867 0.1496821 0.8368867 0.1426494 0.8436109 0.1426494 0.8391281 0.1356167 0.8368867 0.1426494 0.8503352 0.1567148 0.8570595 0.1590591 0.8570595 0.1543706 0.8436109 0.1567148 0.8480938 0.1637476 0.8503352 0.1567148 0.8525766 0.1637476 0.8570595 0.1590591 0.8503352 0.1567148 0.8570595 0.1590591 0.8525766 0.1637476 0.8570595 0.1637476 0.8503352 0.1567148 0.8480938 0.1637476 0.8525766 0.1637476 0.8391281 0.1637476 0.8436109 0.1637476 0.8436109 0.1567148 0.8368867 0.1496821 0.8301624 0.1543706 0.8368867 0.1567148 0.8301624 0.1543706 0.8301624 0.1590591 0.8368867 0.1567148 0.8368867 0.1567148 0.8301624 0.1590591 0.8346452 0.1637476 0.8346452 0.1637476 0.8301624 0.1590591 0.8301624 0.1637476 0.8391281 0.1637476 0.8368867 0.1567148 0.8346452 0.1637476 0.8368867 0.1567148 0.8391281 0.1637476 0.8436109 0.1567148 0.5736873 0.006724238 0.5666546 0.01344853 0.5736873 0.01344853 0.5736873 0.01344853 0.5666546 0.02017283 0.5736873 0.02017283 0.58072 0.006724238 0.5736873 0.01344853 0.58072 0.01344853 0.58072 0.01344853 0.5736873 0.02017283 0.58072 0.02017283 0.5596218 0.004482805 0.5643103 0 0.5596218 0 0.5596218 0.004482805 0.5596218 0.008965671 0.5666546 0.006724238 0.5666546 0.006724238 0.5643103 0 0.5596218 0.004482805 0.5736873 0.006724238 0.5736873 0 0.5689988 0 0.5596218 0.008965671 0.5666546 0.01344853 0.5666546 0.006724238 0.5689988 0 0.5666546 0.006724238 0.5736873 0.006724238 0.5736873 0.006724238 0.5783757 0 0.5736873 0 0.5643103 0 0.5666546 0.006724238 0.5689988 0 0.5666546 0.01344853 0.5596218 0.01344853 0.5596218 0.0179314 0.5643103 0.02689713 0.5596218 0.02241426 0.5596218 0.02689713 0.5596218 0.02241426 0.5666546 0.02017283 0.5596218 0.0179314 0.5596218 0.02241426 0.5643103 0.02689713 0.5666546 0.02017283 0.5666546 0.02017283 0.5643103 0.02689713 0.5689988 0.02689713 0.5689988 0.02689713 0.5736873 0.02017283 0.5666546 0.02017283 0.5666546 0.01344853 0.5596218 0.0179314 0.5666546 0.02017283 0.58072 0.006724238 0.5830642 0 0.5783757 0 0.58072 0.01344853 0.5877526 0.008965671 0.58072 0.006724238 0.5877526 0.004482805 0.5830642 0 0.58072 0.006724238 0.5830642 0 0.5877526 0.004482805 0.5877526 0 0.58072 0.006724238 0.5877526 0.008965671 0.5877526 0.004482805 0.5877526 0.0179314 0.5877526 0.01344853 0.58072 0.01344853 0.5736873 0.02017283 0.5783757 0.02689713 0.58072 0.02017283 0.5783757 0.02689713 0.5830642 0.02689713 0.58072 0.02017283 0.58072 0.02017283 0.5830642 0.02689713 0.5877526 0.02241426 0.5877526 0.02241426 0.5830642 0.02689713 0.5877526 0.02689713 0.5877526 0.0179314 0.58072 0.02017283 0.5877526 0.02241426 0.58072 0.02017283 0.5877526 0.0179314 0.58072 0.01344853 0.2659537 0.2224706 0.2592294 0.2173318 0.2592294 0.2224706 0.2592294 0.2224706 0.2525051 0.2173318 0.2525051 0.2224706 0.2659537 0.2276093 0.2592294 0.2224706 0.2592294 0.2276093 0.2592294 0.2276093 0.2525051 0.2224706 0.2525051 0.2276093 0.272678 0.2163041 0.272678 0.2121931 0.2681952 0.2121931 0.2659537 0.2173318 0.2681952 0.2121931 0.2637123 0.2121931 0.2659537 0.2173318 0.272678 0.2204151 0.272678 0.2163041 0.2637123 0.2121931 0.2592294 0.2173318 0.2659537 0.2173318 0.272678 0.2204151 0.2659537 0.2173318 0.2659537 0.2224706 0.2659537 0.2224706 0.272678 0.2245261 0.272678 0.2204151 0.2681952 0.2121931 0.2659537 0.2173318 0.272678 0.2163041 0.2592294 0.2173318 0.2592294 0.2121931 0.2547466 0.2121931 0.2457808 0.2163041 0.2502637 0.2121931 0.2457808 0.2121931 0.2502637 0.2121931 0.2525051 0.2173318 0.2547466 0.2121931 0.2502637 0.2121931 0.2457808 0.2163041 0.2525051 0.2173318 0.2525051 0.2173318 0.2457808 0.2163041 0.2457808 0.2204151 0.2457808 0.2204151 0.2525051 0.2224706 0.2525051 0.2173318 0.2592294 0.2173318 0.2547466 0.2121931 0.2525051 0.2173318 0.2659537 0.2276093 0.272678 0.228637 0.272678 0.2245261 0.2681952 0.2327481 0.272678 0.228637 0.2659537 0.2276093 0.272678 0.228637 0.2681952 0.2327481 0.272678 0.2327481 0.2592294 0.2276093 0.2637123 0.2327481 0.2659537 0.2276093 0.2659537 0.2276093 0.2637123 0.2327481 0.2681952 0.2327481 0.2457808 0.228637 0.2525051 0.2276093 0.2457808 0.2245261 0.2525051 0.2224706 0.2457808 0.2245261 0.2525051 0.2276093 0.2547466 0.2327481 0.2592294 0.2276093 0.2525051 0.2276093 0.2457808 0.2204151 0.2457808 0.2245261 0.2525051 0.2224706 0.2525051 0.2276093 0.2457808 0.228637 0.2502637 0.2327481 0.2502637 0.2327481 0.2457808 0.228637 0.2457808 0.2327481 0.2547466 0.2327481 0.2525051 0.2276093 0.2502637 0.2327481 0.272678 0.2245261 0.2659537 0.2224706 0.2659537 0.2276093 0.3273989 0.0278452 0.3206746 0.02520102 0.3206746 0.0278452 0.3206746 0.0278452 0.3139504 0.02520102 0.3139504 0.0278452 0.3273989 0.03054338 0.3206746 0.0278452 0.3206746 0.03054338 0.3206746 0.03054338 0.3139504 0.0278452 0.3139504 0.03054338 0.3273989 0.02520102 0.3341232 0.0226866 0.3296403 0.0226866 0.3273989 0.02520102 0.3296403 0.0226866 0.3251575 0.0226866 0.3273989 0.0278452 0.3341232 0.02620494 0.3273989 0.02520102 0.3341232 0.0226866 0.3273989 0.02520102 0.3341232 0.02620494 0.3273989 0.0278452 0.3341232 0.02972322 0.3341232 0.02620494 0.3251575 0.0226866 0.3206746 0.02520102 0.3273989 0.02520102 0.3161918 0.0226866 0.3206746 0.02520102 0.3206746 0.0226866 0.3139504 0.02520102 0.3161918 0.0226866 0.3117089 0.0226866 0.3117089 0.0226866 0.3072261 0.0226866 0.3139504 0.02520102 0.3139504 0.02520102 0.3072261 0.0226866 0.3072261 0.02620494 0.3072261 0.02620494 0.3139504 0.0278452 0.3139504 0.02520102 0.3296403 0.03324156 0.3341232 0.02972322 0.3273989 0.03054338 0.3341232 0.03324156 0.3341232 0.02972322 0.3296403 0.03324156 0.3273989 0.03054338 0.3251575 0.03324156 0.3296403 0.03324156 0.3206746 0.03054338 0.3251575 0.03324156 0.3273989 0.03054338 0.3139504 0.03054338 0.3139504 0.0278452 0.3072261 0.02972322 0.3072261 0.02620494 0.3072261 0.02972322 0.3139504 0.0278452 0.3117089 0.03324156 0.3161918 0.03324156 0.3139504 0.03054338 0.3161918 0.03324156 0.3206746 0.03054338 0.3139504 0.03054338 0.3117089 0.03324156 0.3072261 0.02972322 0.3072261 0.03324156 0.3139504 0.03054338 0.3072261 0.02972322 0.3117089 0.03324156 0.2045085 0.1342272 0.1977842 0.1290064 0.1977842 0.1342272 0.1977842 0.1342272 0.1910599 0.1290064 0.1910599 0.1342272 0.2045085 0.1394479 0.1977842 0.1342272 0.1977842 0.1394479 0.1977842 0.1394479 0.1910599 0.1342272 0.1910599 0.1394479 0.2112327 0.1279622 0.2112327 0.1237857 0.2067499 0.1237857 0.2045085 0.1290064 0.2067499 0.1237857 0.2022671 0.1237857 0.2045085 0.1290064 0.2112327 0.1321389 0.2112327 0.1279622 0.2022671 0.1237857 0.1977842 0.1290064 0.2045085 0.1290064 0.2045085 0.1342272 0.2112327 0.1363154 0.2112327 0.1321389 0.2067499 0.1237857 0.2045085 0.1290064 0.2112327 0.1279622 0.1977842 0.1290064 0.1977842 0.1237857 0.1933013 0.1237857 0.1843356 0.1279622 0.1888185 0.1237857 0.1843356 0.1237857 0.1888185 0.1237857 0.1910599 0.1290064 0.1933013 0.1237857 0.1888185 0.1237857 0.1843356 0.1279622 0.1910599 0.1290064 0.1910599 0.1290064 0.1843356 0.1279622 0.1843356 0.1321389 0.1843356 0.1321389 0.1910599 0.1342272 0.1910599 0.1290064 0.1977842 0.1290064 0.1933013 0.1237857 0.1910599 0.1290064 0.2112327 0.140492 0.2112327 0.1363154 0.2045085 0.1394479 0.1977842 0.1394479 0.2022671 0.1446686 0.2045085 0.1394479 0.2067499 0.1446686 0.2112327 0.1446686 0.2112327 0.140492 0.2067499 0.1446686 0.2045085 0.1394479 0.2022671 0.1446686 0.2112327 0.140492 0.2045085 0.1394479 0.2067499 0.1446686 0.1843356 0.1363154 0.1910599 0.1394479 0.1910599 0.1342272 0.1843356 0.140492 0.1888185 0.1446686 0.1910599 0.1394479 0.1843356 0.1321389 0.1843356 0.1363154 0.1910599 0.1342272 0.1933013 0.1446686 0.1977842 0.1394479 0.1910599 0.1394479 0.1843356 0.140492 0.1843356 0.1446686 0.1888185 0.1446686 0.1910599 0.1394479 0.1888185 0.1446686 0.1933013 0.1446686 0.2112327 0.1363154 0.2045085 0.1342272 0.2045085 0.1394479 0.2659537 0.1344444 0.2592294 0.1293322 0.2592294 0.1344444 0.2592294 0.1344444 0.2525051 0.1293322 0.2525051 0.1344444 0.2659537 0.1395565 0.2592294 0.1344444 0.2592294 0.1395565 0.2592294 0.1395565 0.2525051 0.1344444 0.2525051 0.1395565 0.272678 0.1283098 0.272678 0.1242201 0.2681952 0.1242201 0.2659537 0.1293322 0.2681952 0.1242201 0.2637123 0.1242201 0.2659537 0.1293322 0.272678 0.1323995 0.272678 0.1283098 0.2637123 0.1242201 0.2592294 0.1293322 0.2659537 0.1293322 0.272678 0.1323995 0.2659537 0.1293322 0.2659537 0.1344444 0.2659537 0.1344444 0.272678 0.1364892 0.272678 0.1323995 0.2681952 0.1242201 0.2659537 0.1293322 0.272678 0.1283098 0.2547466 0.1242201 0.2592294 0.1293322 0.2592294 0.1242201 0.2457808 0.1283098 0.2502637 0.1242201 0.2457808 0.1242201 0.2502637 0.1242201 0.2525051 0.1293322 0.2547466 0.1242201 0.2502637 0.1242201 0.2457808 0.1283098 0.2525051 0.1293322 0.2457808 0.1323995 0.2525051 0.1293322 0.2457808 0.1283098 0.272678 0.1364892 0.2659537 0.1395565 0.272678 0.1405789 0.2592294 0.1395565 0.2637123 0.1446686 0.2659537 0.1395565 0.2681952 0.1446686 0.272678 0.1446686 0.272678 0.1405789 0.2681952 0.1446686 0.2659537 0.1395565 0.2637123 0.1446686 0.272678 0.1405789 0.2659537 0.1395565 0.2681952 0.1446686 0.2457808 0.1364892 0.2525051 0.1395565 0.2525051 0.1344444 0.2457808 0.1405789 0.2502637 0.1446686 0.2525051 0.1395565 0.2457808 0.1323995 0.2457808 0.1364892 0.2525051 0.1344444 0.2547466 0.1446686 0.2592294 0.1395565 0.2525051 0.1395565 0.2457808 0.1405789 0.2457808 0.1446686 0.2502637 0.1446686 0.2525051 0.1395565 0.2502637 0.1446686 0.2547466 0.1446686 0.1430633 0.1783908 0.136339 0.1732587 0.136339 0.1783908 0.136339 0.1783908 0.1296147 0.1732587 0.1296147 0.1783908 0.1430633 0.1835228 0.136339 0.1783908 0.136339 0.1835228 0.136339 0.1835228 0.1296147 0.1783908 0.1296147 0.1835228 0.1497876 0.1722323 0.1497876 0.1681266 0.1453047 0.1681266 0.1430633 0.1732587 0.1453047 0.1681266 0.1408218 0.1681266 0.1430633 0.1732587 0.1497876 0.1763379 0.1497876 0.1722323 0.1408218 0.1681266 0.136339 0.1732587 0.1430633 0.1732587 0.1497876 0.1763379 0.1430633 0.1732587 0.1430633 0.1783908 0.1430633 0.1783908 0.1497876 0.1804436 0.1497876 0.1763379 0.1453047 0.1681266 0.1430633 0.1732587 0.1497876 0.1722323 0.1318561 0.1681266 0.136339 0.1732587 0.136339 0.1681266 0.1228904 0.1722323 0.1273733 0.1681266 0.1228904 0.1681266 0.1273733 0.1681266 0.1296147 0.1732587 0.1318561 0.1681266 0.1273733 0.1681266 0.1228904 0.1722323 0.1296147 0.1732587 0.1296147 0.1732587 0.1228904 0.1722323 0.1228904 0.1763379 0.1228904 0.1763379 0.1296147 0.1783908 0.1296147 0.1732587 0.1497876 0.1804436 0.1430633 0.1835228 0.1497876 0.1845492 0.1453047 0.1886549 0.1497876 0.1845492 0.1430633 0.1835228 0.1497876 0.1845492 0.1453047 0.1886549 0.1497876 0.1886549 0.136339 0.1835228 0.1408218 0.1886549 0.1430633 0.1835228 0.1430633 0.1835228 0.1408218 0.1886549 0.1453047 0.1886549 0.1296147 0.1835228 0.1228904 0.1804436 0.1228904 0.1845492 0.1318561 0.1886549 0.136339 0.1835228 0.1296147 0.1835228 0.1228904 0.1763379 0.1228904 0.1804436 0.1296147 0.1783908 0.1296147 0.1835228 0.1228904 0.1845492 0.1273733 0.1886549 0.1273733 0.1886549 0.1228904 0.1845492 0.1228904 0.1886549 0.1318561 0.1886549 0.1296147 0.1835228 0.1273733 0.1886549 0.1430633 0.1563976 0.136339 0.1512655 0.136339 0.1563976 0.136339 0.1563976 0.1296147 0.1512655 0.1296147 0.1563976 0.1430633 0.1615297 0.136339 0.1563976 0.136339 0.1615297 0.136339 0.1615297 0.1296147 0.1563976 0.1296147 0.1615297 0.1497876 0.1502391 0.1497876 0.1461334 0.1453047 0.1461334 0.1430633 0.1512655 0.1453047 0.1461334 0.1408218 0.1461334 0.1430633 0.1512655 0.1497876 0.1543448 0.1497876 0.1502391 0.1408218 0.1461334 0.136339 0.1512655 0.1430633 0.1512655 0.1430633 0.1563976 0.1497876 0.1584504 0.1497876 0.1543448 0.1453047 0.1461334 0.1430633 0.1512655 0.1497876 0.1502391 0.136339 0.1512655 0.136339 0.1461334 0.1318561 0.1461334 0.1228904 0.1502391 0.1273733 0.1461334 0.1228904 0.1461334 0.1273733 0.1461334 0.1296147 0.1512655 0.1318561 0.1461334 0.1273733 0.1461334 0.1228904 0.1502391 0.1296147 0.1512655 0.1228904 0.1543448 0.1296147 0.1512655 0.1228904 0.1502391 0.136339 0.1512655 0.1318561 0.1461334 0.1296147 0.1512655 0.1497876 0.1625561 0.1497876 0.1584504 0.1430633 0.1615297 0.136339 0.1615297 0.1408218 0.1666617 0.1430633 0.1615297 0.1453047 0.1666617 0.1497876 0.1666617 0.1497876 0.1625561 0.1453047 0.1666617 0.1430633 0.1615297 0.1408218 0.1666617 0.1497876 0.1625561 0.1430633 0.1615297 0.1453047 0.1666617 0.1228904 0.1584504 0.1296147 0.1615297 0.1296147 0.1563976 0.1228904 0.1625561 0.1273733 0.1666617 0.1296147 0.1615297 0.1228904 0.1543448 0.1228904 0.1584504 0.1296147 0.1563976 0.1318561 0.1666617 0.136339 0.1615297 0.1296147 0.1615297 0.1228904 0.1625561 0.1228904 0.1666617 0.1273733 0.1666617 0.1296147 0.1615297 0.1273733 0.1666617 0.1318561 0.1666617 0.1497876 0.1584504 0.1430633 0.1563976 0.1430633 0.1615297 0.08417612 0.3886739 0.07521039 0.3834535 0.07521039 0.3886739 0.08417612 0.3938943 0.07521039 0.3886739 0.07521039 0.3938943 0.08417612 0.3991147 0.07521039 0.3938943 0.07521039 0.3991147 0.08417612 0.402595 0.07521039 0.3991147 0.07521039 0.402595 0.08417612 0.3834535 0.09314185 0.3838015 0.08641755 0.3782331 0.09314185 0.3782331 0.08641755 0.3782331 0.09314185 0.3838015 0.07969325 0.3782331 0.08417612 0.3834535 0.08641755 0.3782331 0.09314185 0.3838015 0.08417612 0.3886739 0.09314185 0.38937 0.08417612 0.3938943 0.09314185 0.38937 0.08417612 0.3886739 0.07296895 0.3782331 0.07521039 0.3834535 0.07969325 0.3782331 0.07521039 0.3834535 0.08417612 0.3834535 0.07969325 0.3782331 0.07296895 0.3782331 0.06624472 0.3782331 0.06624472 0.3838015 0.06624472 0.3838015 0.07521039 0.3834535 0.07296895 0.3782331 0.06624472 0.38937 0.07521039 0.3938943 0.07521039 0.3886739 0.07521039 0.3886739 0.06624472 0.3838015 0.06624472 0.38937 0.09314185 0.3949384 0.08417612 0.3991147 0.09314185 0.4005068 0.08417612 0.402595 0.09314185 0.4005068 0.08417612 0.3991147 0.09314185 0.4005068 0.08417612 0.402595 0.08865898 0.4060752 0.08865898 0.4060752 0.08417612 0.402595 0.08417612 0.4060752 0.09314185 0.4060752 0.09314185 0.4005068 0.08865898 0.4060752 0.08417612 0.4060752 0.08417612 0.402595 0.07969325 0.4060752 0.06624472 0.4005068 0.07521039 0.402595 0.07521039 0.3991147 0.07521039 0.3991147 0.06624472 0.3949384 0.06624472 0.4005068 0.06624472 0.4005068 0.07072758 0.4060752 0.07521039 0.402595 0.07521039 0.402595 0.07521039 0.4060752 0.07969325 0.4060752 0.06624472 0.4005068 0.06624472 0.4060752 0.07072758 0.4060752 0.07521039 0.402595 0.07072758 0.4060752 0.07521039 0.4060752 0.07521039 0.402595 0.07969325 0.4060752 0.08417612 0.402595 0.6782561 0.1425772 0.6692904 0.139097 0.6692904 0.1425772 0.6782561 0.1477977 0.6692904 0.1425772 0.6692904 0.1477977 0.6782561 0.1530181 0.6692904 0.1477977 0.6692904 0.1530181 0.6782561 0.1582385 0.6692904 0.1530181 0.6692904 0.1582385 0.6872218 0.1411851 0.6872218 0.1356167 0.682739 0.1356167 0.6782561 0.139097 0.682739 0.1356167 0.6782561 0.1356167 0.6782561 0.1425772 0.6872218 0.1467536 0.6872218 0.1411851 0.6737732 0.1356167 0.6782561 0.139097 0.6782561 0.1356167 0.6872218 0.1411851 0.6782561 0.139097 0.6782561 0.1425772 0.682739 0.1356167 0.6782561 0.139097 0.6872218 0.1411851 0.6692904 0.139097 0.6737732 0.1356167 0.6692904 0.1356167 0.6603247 0.1411851 0.6648076 0.1356167 0.6603247 0.1356167 0.6648076 0.1356167 0.6692904 0.139097 0.6692904 0.1356167 0.6603247 0.1411851 0.6692904 0.1425772 0.6692904 0.139097 0.6782561 0.139097 0.6737732 0.1356167 0.6692904 0.139097 0.6603247 0.1467536 0.6692904 0.1425772 0.6603247 0.1411851 0.6648076 0.1356167 0.6603247 0.1411851 0.6692904 0.139097 0.6872218 0.152322 0.6782561 0.1477977 0.6782561 0.1530181 0.6782561 0.1530181 0.6872218 0.1578904 0.6872218 0.152322 0.6804975 0.1634589 0.6872218 0.1634589 0.6872218 0.1578904 0.6737732 0.1634589 0.6804975 0.1634589 0.6782561 0.1582385 0.6872218 0.1578904 0.6782561 0.1582385 0.6804975 0.1634589 0.6692904 0.1477977 0.6603247 0.152322 0.6692904 0.1530181 0.6603247 0.1578904 0.6692904 0.1530181 0.6603247 0.152322 0.667049 0.1634589 0.6737732 0.1634589 0.6692904 0.1582385 0.667049 0.1634589 0.6603247 0.1578904 0.6603247 0.1634589 0.6692904 0.1582385 0.6603247 0.1578904 0.667049 0.1634589 0.6782561 0.1582385 0.6692904 0.1582385 0.6737732 0.1634589 0.08161807 0.1783908 0.07489377 0.1732587 0.07489377 0.1783908 0.07489377 0.1783908 0.06816947 0.1732587 0.06816947 0.1783908 0.08161807 0.1835228 0.07489377 0.1783908 0.07489377 0.1835228 0.07489377 0.1835228 0.06816947 0.1783908 0.06816947 0.1835228 0.0883423 0.1722323 0.0883423 0.1681266 0.0838595 0.1681266 0.08161807 0.1732587 0.0838595 0.1681266 0.07937663 0.1681266 0.08161807 0.1732587 0.0883423 0.1763379 0.0883423 0.1722323 0.07937663 0.1681266 0.07489377 0.1732587 0.08161807 0.1732587 0.0883423 0.1763379 0.08161807 0.1732587 0.08161807 0.1783908 0.08161807 0.1783908 0.0883423 0.1804436 0.0883423 0.1763379 0.0838595 0.1681266 0.08161807 0.1732587 0.0883423 0.1722323 0.07489377 0.1732587 0.07489377 0.1681266 0.0704109 0.1681266 0.06144517 0.1722323 0.06592804 0.1681266 0.06144517 0.1681266 0.06592804 0.1681266 0.06816947 0.1732587 0.0704109 0.1681266 0.06592804 0.1681266 0.06144517 0.1722323 0.06816947 0.1732587 0.06816947 0.1732587 0.06144517 0.1722323 0.06144517 0.1763379 0.06144517 0.1763379 0.06816947 0.1783908 0.06816947 0.1732587 0.07489377 0.1732587 0.0704109 0.1681266 0.06816947 0.1732587 0.08161807 0.1835228 0.0883423 0.1845492 0.0883423 0.1804436 0.0838595 0.1886549 0.0883423 0.1845492 0.08161807 0.1835228 0.0883423 0.1845492 0.0838595 0.1886549 0.0883423 0.1886549 0.07489377 0.1835228 0.07937663 0.1886549 0.08161807 0.1835228 0.08161807 0.1835228 0.07937663 0.1886549 0.0838595 0.1886549 0.06816947 0.1835228 0.06144517 0.1804436 0.06144517 0.1845492 0.0704109 0.1886549 0.07489377 0.1835228 0.06816947 0.1835228 0.06144517 0.1763379 0.06144517 0.1804436 0.06816947 0.1783908 0.06816947 0.1835228 0.06144517 0.1845492 0.06592804 0.1886549 0.06592804 0.1886549 0.06144517 0.1845492 0.06144517 0.1886549 0.0704109 0.1886549 0.06816947 0.1835228 0.06592804 0.1886549 0.0883423 0.1804436 0.08161807 0.1783908 0.08161807 0.1835228 0.08161807 0.2004106 0.07489377 0.1952652 0.07489377 0.2004106 0.07489377 0.2004106 0.06816947 0.1952652 0.06816947 0.2004106 0.08161807 0.205556 0.07489377 0.2004106 0.07489377 0.205556 0.07489377 0.205556 0.06816947 0.2004106 0.06816947 0.205556 0.0883423 0.1942361 0.0883423 0.1901198 0.0838595 0.1901198 0.08161807 0.1952652 0.0838595 0.1901198 0.07937663 0.1901198 0.08161807 0.1952652 0.0883423 0.1983525 0.0883423 0.1942361 0.07937663 0.1901198 0.07489377 0.1952652 0.08161807 0.1952652 0.08161807 0.2004106 0.0883423 0.2024688 0.0883423 0.1983525 0.0838595 0.1901198 0.08161807 0.1952652 0.0883423 0.1942361 0.07489377 0.1952652 0.07489377 0.1901198 0.0704109 0.1901198 0.06144517 0.1942361 0.06592804 0.1901198 0.06144517 0.1901198 0.06592804 0.1901198 0.06816947 0.1952652 0.0704109 0.1901198 0.06592804 0.1901198 0.06144517 0.1942361 0.06816947 0.1952652 0.06144517 0.1983525 0.06816947 0.1952652 0.06144517 0.1942361 0.07489377 0.1952652 0.0704109 0.1901198 0.06816947 0.1952652 0.0883423 0.2065851 0.0883423 0.2024688 0.08161807 0.205556 0.07489377 0.205556 0.07937663 0.2107015 0.08161807 0.205556 0.0838595 0.2107015 0.0883423 0.2107015 0.0883423 0.2065851 0.0838595 0.2107015 0.08161807 0.205556 0.07937663 0.2107015 0.0883423 0.2065851 0.08161807 0.205556 0.0838595 0.2107015 0.06144517 0.2024688 0.06816947 0.205556 0.06816947 0.2004106 0.06144517 0.2065851 0.06592804 0.2107015 0.06816947 0.205556 0.06144517 0.1983525 0.06144517 0.2024688 0.06816947 0.2004106 0.0704109 0.2107015 0.07489377 0.205556 0.06816947 0.205556 0.06144517 0.2065851 0.06144517 0.2107015 0.06592804 0.2107015 0.06816947 0.205556 0.06592804 0.2107015 0.0704109 0.2107015 0.0883423 0.2024688 0.08161807 0.2004106 0.08161807 0.205556 0.08161807 0.1563976 0.07489377 0.1512655 0.07489377 0.1563976 0.07489377 0.1563976 0.06816947 0.1512655 0.06816947 0.1563976 0.08161807 0.1615297 0.07489377 0.1563976 0.07489377 0.1615297 0.07489377 0.1615297 0.06816947 0.1563976 0.06816947 0.1615297 0.0883423 0.1502391 0.0883423 0.1461334 0.0838595 0.1461334 0.08161807 0.1512655 0.0838595 0.1461334 0.07937663 0.1461334 0.08161807 0.1512655 0.0883423 0.1543448 0.0883423 0.1502391 0.07937663 0.1461334 0.07489377 0.1512655 0.08161807 0.1512655 0.08161807 0.1563976 0.0883423 0.1584504 0.0883423 0.1543448 0.0838595 0.1461334 0.08161807 0.1512655 0.0883423 0.1502391 0.07489377 0.1512655 0.07489377 0.1461334 0.0704109 0.1461334 0.06144517 0.1502391 0.06592804 0.1461334 0.06144517 0.1461334 0.06592804 0.1461334 0.06816947 0.1512655 0.0704109 0.1461334 0.06592804 0.1461334 0.06144517 0.1502391 0.06816947 0.1512655 0.06816947 0.1512655 0.06144517 0.1502391 0.06144517 0.1543448 0.06144517 0.1543448 0.06816947 0.1563976 0.06816947 0.1512655 0.07489377 0.1512655 0.0704109 0.1461334 0.06816947 0.1512655 0.0883423 0.1625561 0.0883423 0.1584504 0.08161807 0.1615297 0.07489377 0.1615297 0.07937663 0.1666617 0.08161807 0.1615297 0.0838595 0.1666617 0.0883423 0.1666617 0.0883423 0.1625561 0.0838595 0.1666617 0.08161807 0.1615297 0.07937663 0.1666617 0.0883423 0.1625561 0.08161807 0.1615297 0.0838595 0.1666617 0.06144517 0.1584504 0.06816947 0.1615297 0.06816947 0.1563976 0.06144517 0.1625561 0.06592804 0.1666617 0.06816947 0.1615297 0.06144517 0.1543448 0.06144517 0.1584504 0.06816947 0.1563976 0.0704109 0.1666617 0.07489377 0.1615297 0.06816947 0.1615297 0.06144517 0.1625561 0.06144517 0.1666617 0.06592804 0.1666617 0.06816947 0.1615297 0.06592804 0.1666617 0.0704109 0.1666617 0.0883423 0.1584504 0.08161807 0.1563976 0.08161807 0.1615297 0.2659537 0.112531 0.2592294 0.1074188 0.2592294 0.112531 0.2592294 0.112531 0.2525051 0.1074188 0.2525051 0.112531 0.2659537 0.1176431 0.2592294 0.112531 0.2592294 0.1176431 0.2592294 0.1176431 0.2525051 0.112531 0.2525051 0.1176431 0.272678 0.1063964 0.272678 0.1023067 0.2681952 0.1023067 0.2659537 0.1074188 0.2681952 0.1023067 0.2637123 0.1023067 0.2659537 0.1074188 0.272678 0.1104862 0.272678 0.1063964 0.2637123 0.1023067 0.2592294 0.1074188 0.2659537 0.1074188 0.2659537 0.112531 0.272678 0.1145758 0.272678 0.1104862 0.2681952 0.1023067 0.2659537 0.1074188 0.272678 0.1063964 0.2547466 0.1023067 0.2592294 0.1074188 0.2592294 0.1023067 0.2457808 0.1063964 0.2502637 0.1023067 0.2457808 0.1023067 0.2502637 0.1023067 0.2525051 0.1074188 0.2547466 0.1023067 0.2502637 0.1023067 0.2457808 0.1063964 0.2525051 0.1074188 0.2457808 0.1104862 0.2525051 0.1074188 0.2457808 0.1063964 0.272678 0.1145758 0.2659537 0.1176431 0.272678 0.1186655 0.2592294 0.1176431 0.2637123 0.1227552 0.2659537 0.1176431 0.2681952 0.1227552 0.272678 0.1227552 0.272678 0.1186655 0.2681952 0.1227552 0.2659537 0.1176431 0.2637123 0.1227552 0.272678 0.1186655 0.2659537 0.1176431 0.2681952 0.1227552 0.2457808 0.1145758 0.2525051 0.1176431 0.2525051 0.112531 0.2457808 0.1186655 0.2502637 0.1227552 0.2525051 0.1176431 0.2457808 0.1104862 0.2457808 0.1145758 0.2525051 0.112531 0.2547466 0.1227552 0.2592294 0.1176431 0.2525051 0.1176431 0.2457808 0.1186655 0.2457808 0.1227552 0.2502637 0.1227552 0.2525051 0.1176431 0.2502637 0.1227552 0.2547466 0.1227552 0.08161807 0.2224572 0.07489377 0.2173117 0.07489377 0.2224572 0.07489377 0.2224572 0.06816947 0.2173117 0.06816947 0.2224572 0.08161807 0.2276027 0.07489377 0.2224572 0.07489377 0.2276027 0.07489377 0.2276027 0.06816947 0.2224572 0.06816947 0.2276027 0.0883423 0.2162827 0.0883423 0.2121663 0.0838595 0.2121663 0.08161807 0.2173117 0.0838595 0.2121663 0.07937663 0.2121663 0.08161807 0.2173117 0.0883423 0.220399 0.0883423 0.2162827 0.07937663 0.2121663 0.07489377 0.2173117 0.08161807 0.2173117 0.08161807 0.2224572 0.0883423 0.2245154 0.0883423 0.220399 0.0838595 0.2121663 0.08161807 0.2173117 0.0883423 0.2162827 0.0704109 0.2121663 0.07489377 0.2173117 0.07489377 0.2121663 0.06144517 0.2162827 0.06592804 0.2121663 0.06144517 0.2121663 0.06592804 0.2121663 0.06816947 0.2173117 0.0704109 0.2121663 0.06592804 0.2121663 0.06144517 0.2162827 0.06816947 0.2173117 0.06144517 0.220399 0.06816947 0.2173117 0.06144517 0.2162827 0.0883423 0.2245154 0.08161807 0.2276027 0.0883423 0.2286317 0.0838595 0.2327481 0.0883423 0.2286317 0.08161807 0.2276027 0.0883423 0.2286317 0.0838595 0.2327481 0.0883423 0.2327481 0.07489377 0.2276027 0.07937663 0.2327481 0.08161807 0.2276027 0.08161807 0.2276027 0.07937663 0.2327481 0.0838595 0.2327481 0.06816947 0.2276027 0.06144517 0.2245154 0.06144517 0.2286317 0.0704109 0.2327481 0.07489377 0.2276027 0.06816947 0.2276027 0.06144517 0.220399 0.06144517 0.2245154 0.06816947 0.2224572 0.06816947 0.2276027 0.06144517 0.2286317 0.06592804 0.2327481 0.06592804 0.2327481 0.06144517 0.2286317 0.06144517 0.2327481 0.0704109 0.2327481 0.06816947 0.2276027 0.06592804 0.2327481 0.1986266 0.3193872 0.1946805 0.3238701 0.1986266 0.3238701 0.1986266 0.3283529 0.1946805 0.3328358 0.1986266 0.3328358 0.1986266 0.3238701 0.1946805 0.3283529 0.1986266 0.3283529 0.1986266 0.3328358 0.1946805 0.3373186 0.1986266 0.3373186 0.1986266 0.3283529 0.2025727 0.3238701 0.1986266 0.3238701 0.2025727 0.3328358 0.1986266 0.3283529 0.1986266 0.3328358 0.2025727 0.3238701 0.1986266 0.3283529 0.2025727 0.3328358 0.2065188 0.3238701 0.2025727 0.3328358 0.2065188 0.3328358 0.210465 0.3238701 0.2065188 0.3328358 0.210465 0.3328358 0.2144111 0.3283529 0.210465 0.3328358 0.2144111 0.3328358 0.210465 0.3238701 0.2144111 0.3283529 0.2144111 0.3238701 0.210465 0.3328358 0.2144111 0.3283529 0.210465 0.3238701 0.2183572 0.3193872 0.2144111 0.3238701 0.2183572 0.3238701 0.2183572 0.3283529 0.2144111 0.3328358 0.2183572 0.3328358 0.2183572 0.3238701 0.2144111 0.3283529 0.2183572 0.3283529 0.2183572 0.3328358 0.2144111 0.3373186 0.2183572 0.3373186 0.1946805 0.3193872 0.1970481 0.3149043 0.1907344 0.3149043 0.1946805 0.3238701 0.1946805 0.3193872 0.1907344 0.3216286 0.1907344 0.3149043 0.1907344 0.3216286 0.1946805 0.3193872 0.1907344 0.3283529 0.1946805 0.3238701 0.1907344 0.3216286 0.1986266 0.3193872 0.1970481 0.3149043 0.1946805 0.3193872 0.2025727 0.3238701 0.2033619 0.3149043 0.1986266 0.3193872 0.1970481 0.3149043 0.1986266 0.3193872 0.2033619 0.3149043 0.1986266 0.3193872 0.1986266 0.3238701 0.2025727 0.3238701 0.2033619 0.3149043 0.2025727 0.3238701 0.2065188 0.3238701 0.2065188 0.3238701 0.2096757 0.3149043 0.2033619 0.3149043 0.1907344 0.3283529 0.1946805 0.3328358 0.1946805 0.3283529 0.1946805 0.3373186 0.1907344 0.3350772 0.1907344 0.3418015 0.1946805 0.3328358 0.1907344 0.3350772 0.1946805 0.3373186 0.2025727 0.3328358 0.1986266 0.3328358 0.1986266 0.3373186 0.2033619 0.3418015 0.1986266 0.3373186 0.1970481 0.3418015 0.1946805 0.3373186 0.1970481 0.3418015 0.1986266 0.3373186 0.2025727 0.3328358 0.1986266 0.3373186 0.2033619 0.3418015 0.2065188 0.3328358 0.2025727 0.3328358 0.2033619 0.3418015 0.1907344 0.3418015 0.1970481 0.3418015 0.1946805 0.3373186 0.2144111 0.3193872 0.2159895 0.3149043 0.2096757 0.3149043 0.2144111 0.3238701 0.2144111 0.3193872 0.210465 0.3238701 0.2096757 0.3149043 0.210465 0.3238701 0.2144111 0.3193872 0.2183572 0.3193872 0.2159895 0.3149043 0.2144111 0.3193872 0.2223033 0.3216286 0.2223033 0.3149043 0.2183572 0.3193872 0.2159895 0.3149043 0.2183572 0.3193872 0.2223033 0.3149043 0.2223033 0.3283529 0.2183572 0.3238701 0.2183572 0.3283529 0.2183572 0.3193872 0.2183572 0.3238701 0.2223033 0.3216286 0.2096757 0.3418015 0.210465 0.3328358 0.2065188 0.3328358 0.2096757 0.3418015 0.2144111 0.3373186 0.210465 0.3328358 0.2144111 0.3328358 0.210465 0.3328358 0.2144111 0.3373186 0.2159895 0.3418015 0.2144111 0.3373186 0.2096757 0.3418015 0.2033619 0.3418015 0.2096757 0.3418015 0.2065188 0.3328358 0.2223033 0.3283529 0.2183572 0.3328358 0.2223033 0.3350772 0.2183572 0.3373186 0.2223033 0.3350772 0.2183572 0.3328358 0.2223033 0.3418015 0.2183572 0.3373186 0.2159895 0.3418015 0.2183572 0.3373186 0.2144111 0.3373186 0.2159895 0.3418015 0.2223033 0.3350772 0.2183572 0.3373186 0.2223033 0.3418015 0.2096757 0.3149043 0.2065188 0.3238701 0.210465 0.3238701 0.4755485 0.06303608 0.4716024 0.06751894 0.4755485 0.06751894 0.4755485 0.07200181 0.4716024 0.07648462 0.4755485 0.07648462 0.4755485 0.06751894 0.4716024 0.07200181 0.4755485 0.07200181 0.4755485 0.07648462 0.4716024 0.08096748 0.4755485 0.08096748 0.4755485 0.07200181 0.4794946 0.06751894 0.4755485 0.06751894 0.4794946 0.07648462 0.4755485 0.07200181 0.4755485 0.07648462 0.4794946 0.06751894 0.4755485 0.07200181 0.4794946 0.07648462 0.4834408 0.06751894 0.4794946 0.07648462 0.4834408 0.07648462 0.4873869 0.06751894 0.4834408 0.07648462 0.4873869 0.07648462 0.491333 0.07200181 0.4873869 0.07648462 0.491333 0.07648462 0.4873869 0.06751894 0.491333 0.07200181 0.491333 0.06751894 0.4873869 0.07648462 0.491333 0.07200181 0.4873869 0.06751894 0.4952791 0.06303608 0.491333 0.06751894 0.4952791 0.06751894 0.4952791 0.07200181 0.491333 0.07648462 0.4952791 0.07648462 0.4952791 0.06751894 0.491333 0.07200181 0.4952791 0.07200181 0.4952791 0.07648462 0.491333 0.08096748 0.4952791 0.08096748 0.4716024 0.06303608 0.4739701 0.05855321 0.4676563 0.05855321 0.4716024 0.06751894 0.4716024 0.06303608 0.4676563 0.06527751 0.4676563 0.05855321 0.4676563 0.06527751 0.4716024 0.06303608 0.4676563 0.07200181 0.4716024 0.06751894 0.4676563 0.06527751 0.4755485 0.06303608 0.4739701 0.05855321 0.4716024 0.06303608 0.4794946 0.06751894 0.4802839 0.05855321 0.4755485 0.06303608 0.4739701 0.05855321 0.4755485 0.06303608 0.4802839 0.05855321 0.4755485 0.06303608 0.4755485 0.06751894 0.4794946 0.06751894 0.4802839 0.05855321 0.4794946 0.06751894 0.4834408 0.06751894 0.4834408 0.06751894 0.4865977 0.05855321 0.4802839 0.05855321 0.4716024 0.07648462 0.4716024 0.07200181 0.4676563 0.07200181 0.4716024 0.08096748 0.4676563 0.07872605 0.4676563 0.08545035 0.4676563 0.07200181 0.4676563 0.07872605 0.4716024 0.07648462 0.4716024 0.07648462 0.4676563 0.07872605 0.4716024 0.08096748 0.4794946 0.07648462 0.4755485 0.07648462 0.4755485 0.08096748 0.4802839 0.08545035 0.4755485 0.08096748 0.4739701 0.08545035 0.4716024 0.08096748 0.4739701 0.08545035 0.4755485 0.08096748 0.4794946 0.07648462 0.4755485 0.08096748 0.4802839 0.08545035 0.4834408 0.07648462 0.4794946 0.07648462 0.4802839 0.08545035 0.4676563 0.08545035 0.4739701 0.08545035 0.4716024 0.08096748 0.491333 0.06303608 0.4929115 0.05855321 0.4865977 0.05855321 0.491333 0.06751894 0.491333 0.06303608 0.4873869 0.06751894 0.4865977 0.05855321 0.4873869 0.06751894 0.491333 0.06303608 0.4952791 0.06303608 0.4929115 0.05855321 0.491333 0.06303608 0.4992252 0.06527751 0.4992252 0.05855321 0.4952791 0.06303608 0.4929115 0.05855321 0.4952791 0.06303608 0.4992252 0.05855321 0.4952791 0.06751894 0.4992252 0.07200181 0.4992252 0.06527751 0.4952791 0.06303608 0.4952791 0.06751894 0.4992252 0.06527751 0.4865977 0.08545035 0.4873869 0.07648462 0.4834408 0.07648462 0.4865977 0.08545035 0.491333 0.08096748 0.4873869 0.07648462 0.491333 0.07648462 0.4873869 0.07648462 0.491333 0.08096748 0.4929115 0.08545035 0.491333 0.08096748 0.4865977 0.08545035 0.4802839 0.08545035 0.4865977 0.08545035 0.4834408 0.07648462 0.4952791 0.07648462 0.4992252 0.07200181 0.4952791 0.07200181 0.4952791 0.08096748 0.4992252 0.07872605 0.4952791 0.07648462 0.4992252 0.08545035 0.4952791 0.08096748 0.4929115 0.08545035 0.4952791 0.08096748 0.491333 0.08096748 0.4929115 0.08545035 0.4992252 0.07872605 0.4952791 0.08096748 0.4992252 0.08545035 0.4865977 0.05855321 0.4834408 0.06751894 0.4873869 0.06751894 0.4755485 0.09231269 0.4716024 0.09679555 0.4755485 0.09679555 0.4755485 0.1012784 0.4716024 0.1057612 0.4755485 0.1057612 0.4755485 0.09679555 0.4716024 0.1012784 0.4755485 0.1012784 0.4755485 0.1057612 0.4716024 0.1102441 0.4755485 0.1102441 0.4755485 0.1012784 0.4794946 0.09679555 0.4755485 0.09679555 0.4794946 0.1057612 0.4755485 0.1012784 0.4755485 0.1057612 0.4794946 0.09679555 0.4755485 0.1012784 0.4794946 0.1057612 0.4834408 0.09679555 0.4794946 0.1057612 0.4834408 0.1057612 0.4873869 0.09679555 0.4834408 0.1057612 0.4873869 0.1057612 0.491333 0.1012784 0.4873869 0.1057612 0.491333 0.1057612 0.4873869 0.09679555 0.491333 0.1012784 0.491333 0.09679555 0.4873869 0.1057612 0.491333 0.1012784 0.4873869 0.09679555 0.4952791 0.09231269 0.491333 0.09679555 0.4952791 0.09679555 0.4952791 0.1012784 0.491333 0.1057612 0.4952791 0.1057612 0.4952791 0.09679555 0.491333 0.1012784 0.4952791 0.1012784 0.4952791 0.1057612 0.491333 0.1102441 0.4952791 0.1102441 0.4716024 0.09231269 0.4739701 0.08782982 0.4676563 0.08782982 0.4716024 0.09679555 0.4716024 0.09231269 0.4676563 0.09455412 0.4676563 0.08782982 0.4676563 0.09455412 0.4716024 0.09231269 0.4676563 0.1012784 0.4716024 0.09679555 0.4676563 0.09455412 0.4755485 0.09231269 0.4739701 0.08782982 0.4716024 0.09231269 0.4794946 0.09679555 0.4802839 0.08782982 0.4755485 0.09231269 0.4739701 0.08782982 0.4755485 0.09231269 0.4802839 0.08782982 0.4755485 0.09231269 0.4755485 0.09679555 0.4794946 0.09679555 0.4802839 0.08782982 0.4794946 0.09679555 0.4834408 0.09679555 0.4834408 0.09679555 0.4865977 0.08782982 0.4802839 0.08782982 0.4716024 0.1057612 0.4716024 0.1012784 0.4676563 0.1012784 0.4716024 0.1102441 0.4676563 0.1080027 0.4676563 0.114727 0.4676563 0.1012784 0.4676563 0.1080027 0.4716024 0.1057612 0.4716024 0.1057612 0.4676563 0.1080027 0.4716024 0.1102441 0.4794946 0.1057612 0.4755485 0.1057612 0.4755485 0.1102441 0.4802839 0.114727 0.4755485 0.1102441 0.4739701 0.114727 0.4716024 0.1102441 0.4739701 0.114727 0.4755485 0.1102441 0.4794946 0.1057612 0.4755485 0.1102441 0.4802839 0.114727 0.4834408 0.1057612 0.4794946 0.1057612 0.4802839 0.114727 0.4676563 0.114727 0.4739701 0.114727 0.4716024 0.1102441 0.491333 0.09231269 0.4929115 0.08782982 0.4865977 0.08782982 0.491333 0.09679555 0.491333 0.09231269 0.4873869 0.09679555 0.4865977 0.08782982 0.4873869 0.09679555 0.491333 0.09231269 0.4952791 0.09231269 0.4929115 0.08782982 0.491333 0.09231269 0.4992252 0.09455412 0.4992252 0.08782982 0.4952791 0.09231269 0.4929115 0.08782982 0.4952791 0.09231269 0.4992252 0.08782982 0.4952791 0.09679555 0.4992252 0.1012784 0.4992252 0.09455412 0.4952791 0.09231269 0.4952791 0.09679555 0.4992252 0.09455412 0.4865977 0.114727 0.4873869 0.1057612 0.4834408 0.1057612 0.4865977 0.114727 0.491333 0.1102441 0.4873869 0.1057612 0.491333 0.1057612 0.4873869 0.1057612 0.491333 0.1102441 0.4929115 0.114727 0.491333 0.1102441 0.4865977 0.114727 0.4802839 0.114727 0.4865977 0.114727 0.4834408 0.1057612 0.4952791 0.1057612 0.4992252 0.1012784 0.4952791 0.1012784 0.4952791 0.1102441 0.4992252 0.1080027 0.4952791 0.1057612 0.4992252 0.114727 0.4952791 0.1102441 0.4929115 0.114727 0.4952791 0.1102441 0.491333 0.1102441 0.4929115 0.114727 0.4992252 0.1080027 0.4952791 0.1102441 0.4992252 0.114727 0.4865977 0.08782982 0.4834408 0.09679555 0.4873869 0.09679555 0.5696963 0.06303608 0.5657502 0.06751894 0.5696963 0.06751894 0.5696963 0.07200181 0.5657502 0.07648462 0.5696963 0.07648462 0.5696963 0.06751894 0.5657502 0.07200181 0.5696963 0.07200181 0.5696963 0.07648462 0.5657502 0.08096748 0.5696963 0.08096748 0.5696963 0.07200181 0.5736424 0.06751894 0.5696963 0.06751894 0.5736424 0.07648462 0.5696963 0.07200181 0.5696963 0.07648462 0.5736424 0.06751894 0.5696963 0.07200181 0.5736424 0.07648462 0.5775886 0.06751894 0.5736424 0.07648462 0.5775886 0.07648462 0.5815346 0.06751894 0.5775886 0.07648462 0.5815346 0.07648462 0.5854808 0.07200181 0.5815346 0.07648462 0.5854808 0.07648462 0.5815346 0.06751894 0.5854808 0.07200181 0.5854808 0.06751894 0.5815346 0.07648462 0.5854808 0.07200181 0.5815346 0.06751894 0.5894269 0.06303608 0.5854808 0.06751894 0.5894269 0.06751894 0.5894269 0.07200181 0.5854808 0.07648462 0.5894269 0.07648462 0.5894269 0.06751894 0.5854808 0.07200181 0.5894269 0.07200181 0.5894269 0.07648462 0.5854808 0.08096748 0.5894269 0.08096748 0.5657502 0.06303608 0.5681179 0.05855321 0.5618041 0.05855321 0.5657502 0.06751894 0.5657502 0.06303608 0.5618041 0.06527751 0.5618041 0.05855321 0.5618041 0.06527751 0.5657502 0.06303608 0.5618041 0.07200181 0.5657502 0.06751894 0.5618041 0.06527751 0.5696963 0.06303608 0.5681179 0.05855321 0.5657502 0.06303608 0.5736424 0.06751894 0.5744317 0.05855321 0.5696963 0.06303608 0.5681179 0.05855321 0.5696963 0.06303608 0.5744317 0.05855321 0.5696963 0.06303608 0.5696963 0.06751894 0.5736424 0.06751894 0.5744317 0.05855321 0.5736424 0.06751894 0.5775886 0.06751894 0.5775886 0.06751894 0.5807454 0.05855321 0.5744317 0.05855321 0.5618041 0.07200181 0.5657502 0.07648462 0.5657502 0.07200181 0.5657502 0.08096748 0.5618041 0.07872605 0.5618041 0.08545035 0.5657502 0.07648462 0.5618041 0.07872605 0.5657502 0.08096748 0.5736424 0.07648462 0.5696963 0.07648462 0.5696963 0.08096748 0.5744317 0.08545035 0.5696963 0.08096748 0.5681179 0.08545035 0.5657502 0.08096748 0.5681179 0.08545035 0.5696963 0.08096748 0.5736424 0.07648462 0.5696963 0.08096748 0.5744317 0.08545035 0.5775886 0.07648462 0.5736424 0.07648462 0.5744317 0.08545035 0.5618041 0.08545035 0.5681179 0.08545035 0.5657502 0.08096748 0.5854808 0.06303608 0.5870592 0.05855321 0.5807454 0.05855321 0.5854808 0.06751894 0.5854808 0.06303608 0.5815346 0.06751894 0.5807454 0.05855321 0.5815346 0.06751894 0.5854808 0.06303608 0.5894269 0.06303608 0.5870592 0.05855321 0.5854808 0.06303608 0.593373 0.06527751 0.593373 0.05855321 0.5894269 0.06303608 0.5870592 0.05855321 0.5894269 0.06303608 0.593373 0.05855321 0.593373 0.07200181 0.5894269 0.06751894 0.5894269 0.07200181 0.5894269 0.06303608 0.5894269 0.06751894 0.593373 0.06527751 0.5807454 0.08545035 0.5815346 0.07648462 0.5775886 0.07648462 0.5807454 0.08545035 0.5854808 0.08096748 0.5815346 0.07648462 0.5854808 0.07648462 0.5815346 0.07648462 0.5854808 0.08096748 0.5870592 0.08545035 0.5854808 0.08096748 0.5807454 0.08545035 0.5744317 0.08545035 0.5807454 0.08545035 0.5775886 0.07648462 0.593373 0.07200181 0.5894269 0.07648462 0.593373 0.07872605 0.5894269 0.08096748 0.593373 0.07872605 0.5894269 0.07648462 0.593373 0.08545035 0.5894269 0.08096748 0.5870592 0.08545035 0.5894269 0.08096748 0.5854808 0.08096748 0.5870592 0.08545035 0.593373 0.07872605 0.5894269 0.08096748 0.593373 0.08545035 0.6066873 0.0292766 0.6224433 0.03375947 0.6224433 0.0292766 0.6066873 0.03375947 0.6224433 0.03824228 0.6224433 0.03375947 0.6224433 0.04272514 0.6066873 0.03824228 0.6066873 0.04272514 0.6066873 0.04720801 0.6224433 0.05169087 0.6224433 0.04720801 0.6066873 0.05169087 0.6224433 0.05617374 0.6224433 0.05169087 0.6224433 0.04720801 0.6066873 0.04272514 0.6066873 0.04720801 0.5618041 0.08782982 0.5775601 0.09231269 0.5775601 0.08782982 0.5618041 0.09231269 0.5775601 0.09679555 0.5775601 0.09231269 0.5775601 0.1012784 0.5618041 0.09679555 0.5618041 0.1012784 0.5618041 0.1057612 0.5775601 0.1102441 0.5775601 0.1057612 0.5618041 0.1102441 0.5775601 0.114727 0.5775601 0.1102441 0.5775601 0.1057612 0.5618041 0.1012784 0.5618041 0.1057612 0.1977842 0.2173318 0.2045085 0.2224706 0.1977842 0.2224706 0.1910599 0.2173318 0.1977842 0.2224706 0.1910599 0.2224706 0.1977842 0.2224706 0.2045085 0.2276093 0.1977842 0.2276093 0.1910599 0.2224706 0.1977842 0.2276093 0.1910599 0.2276093 0.2112327 0.2163041 0.2067499 0.2121931 0.2112327 0.2121931 0.2045085 0.2173318 0.2022671 0.2121931 0.2067499 0.2121931 0.2045085 0.2173318 0.2112327 0.2163041 0.2112327 0.2204151 0.1977842 0.2173318 0.2022671 0.2121931 0.2045085 0.2173318 0.2112327 0.2204151 0.2045085 0.2224706 0.2045085 0.2173318 0.2045085 0.2224706 0.2112327 0.2204151 0.2112327 0.2245261 0.2067499 0.2121931 0.2112327 0.2163041 0.2045085 0.2173318 0.1933013 0.2121931 0.1977842 0.2173318 0.1910599 0.2173318 0.1843356 0.2163041 0.1843356 0.2121931 0.1888185 0.2121931 0.1888185 0.2121931 0.1933013 0.2121931 0.1910599 0.2173318 0.1888185 0.2121931 0.1910599 0.2173318 0.1843356 0.2163041 0.1910599 0.2173318 0.1843356 0.2204151 0.1843356 0.2163041 0.1843356 0.2204151 0.1910599 0.2173318 0.1910599 0.2224706 0.2112327 0.2245261 0.2045085 0.2276093 0.2045085 0.2224706 0.1977842 0.2276093 0.2022671 0.2327481 0.1977842 0.2327481 0.2067499 0.2327481 0.2112327 0.228637 0.2112327 0.2327481 0.2067499 0.2327481 0.2022671 0.2327481 0.2045085 0.2276093 0.2112327 0.228637 0.2067499 0.2327481 0.2045085 0.2276093 0.1910599 0.2276093 0.1843356 0.2245261 0.1910599 0.2224706 0.1843356 0.228637 0.1910599 0.2276093 0.1888185 0.2327481 0.1843356 0.2204151 0.1910599 0.2224706 0.1843356 0.2245261 0.1977842 0.2276093 0.1933013 0.2327481 0.1910599 0.2276093 0.1843356 0.228637 0.1888185 0.2327481 0.1843356 0.2327481 0.1910599 0.2276093 0.1933013 0.2327481 0.1888185 0.2327481 0.04240268 0.3916816 0.04767537 0.3849574 0.04767537 0.3916816 0.04240268 0.3984059 0.04767537 0.3916816 0.04767537 0.3984059 0.04767537 0.3916816 0.05294811 0.3849574 0.05294811 0.3916816 0.04767537 0.3984059 0.05294811 0.3916816 0.05294811 0.3984059 0.04134815 0.3782331 0.03712999 0.382716 0.03712999 0.3782331 0.04240268 0.3849574 0.03712999 0.3871988 0.03712999 0.382716 0.04556632 0.3782331 0.04240268 0.3849574 0.04134815 0.3782331 0.04240268 0.3916816 0.03712999 0.3871988 0.04240268 0.3849574 0.04767537 0.3849574 0.04556632 0.3782331 0.04978448 0.3782331 0.03712999 0.382716 0.04134815 0.3782331 0.04240268 0.3849574 0.03712999 0.3961645 0.04240268 0.3916816 0.04240268 0.3984059 0.04134815 0.4051302 0.03712999 0.4051302 0.03712999 0.4006474 0.03712999 0.4006474 0.03712999 0.3961645 0.04240268 0.3984059 0.03712999 0.4006474 0.04240268 0.3984059 0.04134815 0.4051302 0.04556632 0.4051302 0.04240268 0.3984059 0.04767537 0.3984059 0.05400264 0.3782331 0.05294811 0.3849574 0.04978448 0.3782331 0.05294811 0.3916816 0.0582208 0.3871988 0.0582208 0.3916816 0.0582208 0.382716 0.05400264 0.3782331 0.0582208 0.3782331 0.0582208 0.382716 0.0582208 0.3871988 0.05294811 0.3849574 0.05400264 0.3782331 0.0582208 0.382716 0.05294811 0.3849574 0.05294811 0.3984059 0.04978448 0.4051302 0.04767537 0.3984059 0.05400264 0.4051302 0.05294811 0.3984059 0.0582208 0.4006474 0.04556632 0.4051302 0.04767537 0.3984059 0.04978448 0.4051302 0.05294811 0.3916816 0.0582208 0.3961645 0.05294811 0.3984059 0.05400264 0.4051302 0.0582208 0.4006474 0.0582208 0.4051302 0.05294811 0.3984059 0.0582208 0.3961645 0.0582208 0.4006474 0.04978448 0.3782331 0.05294811 0.3849574 0.04767537 0.3849574 0.07552504 0.3489241 0.08079773 0.3421999 0.08079773 0.3489241 0.07552504 0.3556484 0.08079773 0.3489241 0.08079773 0.3556484 0.08079773 0.3489241 0.08607047 0.3421999 0.08607047 0.3489241 0.08079773 0.3556484 0.08607047 0.3489241 0.08607047 0.3556484 0.07447052 0.3354756 0.07025235 0.3399584 0.07025235 0.3354756 0.07552504 0.3421999 0.07025235 0.3444412 0.07025235 0.3399584 0.07868868 0.3354756 0.07552504 0.3421999 0.07447052 0.3354756 0.07552504 0.3489241 0.07025235 0.3444412 0.07552504 0.3421999 0.08079773 0.3421999 0.07868868 0.3354756 0.08290684 0.3354756 0.07025235 0.3399584 0.07447052 0.3354756 0.07552504 0.3421999 0.07025235 0.353407 0.07552504 0.3489241 0.07552504 0.3556484 0.07447052 0.3623727 0.07025235 0.3623727 0.07025235 0.3578898 0.07025235 0.3578898 0.07025235 0.353407 0.07552504 0.3556484 0.07025235 0.3578898 0.07552504 0.3556484 0.07447052 0.3623727 0.07868868 0.3623727 0.07552504 0.3556484 0.08079773 0.3556484 0.087125 0.3354756 0.08607047 0.3421999 0.08290684 0.3354756 0.08607047 0.3489241 0.09134316 0.3444412 0.09134316 0.3489241 0.09134316 0.3399584 0.087125 0.3354756 0.09134316 0.3354756 0.09134316 0.3399584 0.09134316 0.3444412 0.08607047 0.3421999 0.087125 0.3354756 0.09134316 0.3399584 0.08607047 0.3421999 0.08607047 0.3556484 0.08290684 0.3623727 0.08079773 0.3556484 0.087125 0.3623727 0.08607047 0.3556484 0.09134316 0.3578898 0.07868868 0.3623727 0.08079773 0.3556484 0.08290684 0.3623727 0.08607047 0.3489241 0.09134316 0.353407 0.08607047 0.3556484 0.087125 0.3623727 0.09134316 0.3578898 0.09134316 0.3623727 0.08607047 0.3556484 0.09134316 0.353407 0.09134316 0.3578898 0.08290684 0.3354756 0.08607047 0.3421999 0.08079773 0.3421999 0.2592294 0.1512722 0.2659537 0.1564109 0.2592294 0.1564109 0.2525051 0.1512722 0.2592294 0.1564109 0.2525051 0.1564109 0.2592294 0.1564109 0.2659537 0.1615497 0.2592294 0.1615497 0.2525051 0.1564109 0.2592294 0.1615497 0.2525051 0.1615497 0.272678 0.1502445 0.2681952 0.1461334 0.272678 0.1461334 0.2659537 0.1512722 0.2637123 0.1461334 0.2681952 0.1461334 0.272678 0.1543555 0.2659537 0.1512722 0.272678 0.1502445 0.2592294 0.1512722 0.2637123 0.1461334 0.2659537 0.1512722 0.2659537 0.1564109 0.272678 0.1543555 0.272678 0.1584665 0.2681952 0.1461334 0.272678 0.1502445 0.2659537 0.1512722 0.2547466 0.1461334 0.2592294 0.1512722 0.2525051 0.1512722 0.2457808 0.1502445 0.2457808 0.1461334 0.2502637 0.1461334 0.2502637 0.1461334 0.2547466 0.1461334 0.2525051 0.1512722 0.2502637 0.1461334 0.2525051 0.1512722 0.2457808 0.1502445 0.2457808 0.1543555 0.2525051 0.1512722 0.2525051 0.1564109 0.272678 0.1584665 0.2659537 0.1615497 0.2659537 0.1564109 0.2592294 0.1615497 0.2637123 0.1666885 0.2592294 0.1666885 0.2681952 0.1666885 0.272678 0.1625775 0.272678 0.1666885 0.2681952 0.1666885 0.2637123 0.1666885 0.2659537 0.1615497 0.272678 0.1625775 0.2681952 0.1666885 0.2659537 0.1615497 0.2525051 0.1615497 0.2457808 0.1584665 0.2525051 0.1564109 0.2457808 0.1625775 0.2525051 0.1615497 0.2502637 0.1666885 0.2457808 0.1543555 0.2525051 0.1564109 0.2457808 0.1584665 0.2592294 0.1615497 0.2547466 0.1666885 0.2525051 0.1615497 0.2457808 0.1625775 0.2502637 0.1666885 0.2457808 0.1666885 0.2525051 0.1615497 0.2547466 0.1666885 0.2502637 0.1666885 0.634265 0.09455412 0.6316605 0.09455412 0.6316605 0.1012784 0.634265 0.1012784 0.6316605 0.1012784 0.6316605 0.1080027 0.6368334 0.09455412 0.634265 0.09455412 0.634265 0.1012784 0.6368334 0.1012784 0.634265 0.1012784 0.634265 0.1080027 0.6288468 0.09679555 0.6288468 0.1012784 0.6316605 0.1012784 0.6288468 0.1057612 0.6316605 0.1080027 0.6316605 0.1012784 0.6368334 0.1012784 0.6394017 0.1012784 0.6394017 0.09679555 0.6394017 0.1057612 0.6394017 0.1012784 0.6368334 0.1012784 0.1430633 0.2003839 0.1430633 0.1952518 0.136339 0.1952518 0.136339 0.2003839 0.136339 0.1952518 0.1296147 0.1952518 0.1430633 0.205516 0.1430633 0.2003839 0.136339 0.2003839 0.136339 0.205516 0.136339 0.2003839 0.1296147 0.2003839 0.1430633 0.1952518 0.1430633 0.2003839 0.1497876 0.1983311 0.1408218 0.1901198 0.136339 0.1901198 0.136339 0.1952518 0.1318561 0.1901198 0.1296147 0.1952518 0.136339 0.1952518 0.1497876 0.2024368 0.1430633 0.2003839 0.1430633 0.205516 0.136339 0.205516 0.136339 0.2106481 0.1408218 0.2106481 0.1228904 0.2024368 0.1228904 0.2065424 0.1296147 0.205516 0.1318561 0.2106481 0.136339 0.2106481 0.136339 0.205516 0.4143383 0.07654309 0.4143383 0.08319091 0.3874412 0.08319091 0.2112327 0.1023067 0.2112327 0.1223208 0.1843356 0.1223208 0.4143383 0.05220502 0.4143383 0.05885291 0.3874412 0.05885291 0.4143383 0.06843042 0.4143383 0.07507824 0.3874412 0.07507824 0.4143383 0.09276843 0.4143383 0.09941625 0.3874412 0.09941625 0.4143383 0.08465576 0.4143383 0.09130358 0.3874412 0.09130358 0.4143383 0.06031775 0.4143383 0.06696557 0.3874412 0.06696557 0.4143383 0.1089938 0.4143383 0.1156416 0.3874412 0.1156416 0.3341232 0.1080446 0.3341232 0.1147324 0.3072261 0.1147324 0.4945535 0.01458841 0.4945535 0.02127611 0.4676563 0.02127611 0.3341232 0.09898287 0.3341232 0.1056706 0.3072261 0.1056706 0.4143383 0.1008811 0.4143383 0.1075289 0.3874412 0.1075289 0.4945535 0.007294178 0.4945535 0.01398187 0.4676563 0.01398187 0.3341232 0.08992105 0.3341232 0.09660875 0.3072261 0.09660875 0.4945535 0 0.4945535 0.0066877 0.4676563 0.0066877 0.5497403 0.690698 0.5564348 0.690698 0.5564348 0.663886 0.370329 0.690698 0.3770235 0.690698 0.3770235 0.663886 0.3904124 0.65048 0.3904124 0.704104 0.4171902 0.8234173 0.1977842 0.195312 0.2045085 0.195312 0.2045085 0.2004507 0.1910599 0.195312 0.1977842 0.195312 0.1977842 0.2004507 0.1977842 0.2004507 0.2045085 0.2004507 0.2045085 0.2055895 0.1910599 0.2004507 0.1977842 0.2004507 0.1977842 0.2055895 0.2112327 0.1983952 0.2045085 0.2004507 0.2045085 0.195312 0.1977842 0.195312 0.1977842 0.1901732 0.2022671 0.1901732 0.1843356 0.1983952 0.1843356 0.1942842 0.1910599 0.195312 0.2112327 0.2025062 0.2112327 0.2066172 0.2045085 0.2055895 0.1977842 0.2055895 0.2045085 0.2055895 0.2022671 0.2107282 0.1910599 0.2055895 0.1843356 0.2066172 0.1843356 0.2025062 0.1977842 0.2055895 0.1977842 0.2107282 0.1933013 0.2107282 0.5134387 0.02921676 0.527005 0.02921676 0.527005 0.05611389 0.1213061 0.2342129 0.1302718 0.2342129 0.125789 0.3224099 0.1213061 0.2342129 0.1213061 0.3224099 0.1168233 0.3224099 0.1033747 0.2342129 0.1123404 0.2342129 0.1078575 0.3224099 0.008965671 0.2327481 0 0.2327481 0.004482805 0 0.02689713 0.2327481 0.0179314 0.2327481 0.02241426 0 0.2592294 0.195312 0.2659537 0.195312 0.2659537 0.2004507 0.2525051 0.195312 0.2592294 0.195312 0.2592294 0.2004507 0.2592294 0.2004507 0.2659537 0.2004507 0.2659537 0.2055895 0.2525051 0.2004507 0.2592294 0.2004507 0.2592294 0.2055895 0.2592294 0.195312 0.2592294 0.1901732 0.2637123 0.1901732 0.272678 0.2025062 0.272678 0.2066172 0.2659537 0.2055895 0.2592294 0.2055895 0.2659537 0.2055895 0.2637123 0.2107282 0.2525051 0.2055895 0.2457808 0.2066172 0.2457808 0.2025062 0.2592294 0.2055895 0.2592294 0.2107282 0.2547466 0.2107282 0.3072261 0.1463831 0.3800395 0.1463831 0.3800395 0.1508659 0.3072261 0.1508659 0.3800395 0.1508659 0.3800395 0.1553488 0.3072261 0.1598317 0.3800395 0.1598317 0.3800395 0.1643145 0.3072261 0.1687973 0.3800395 0.1687973 0.3800395 0.1732802 0.3072261 0.1643145 0.3800395 0.1643145 0.3800395 0.1687973 0.3072261 0.1553488 0.3800395 0.1553488 0.3800395 0.1598317 0.1977842 0.1512722 0.2045085 0.1512722 0.2045085 0.1564109 0.1910599 0.1512722 0.1977842 0.1512722 0.1977842 0.1564109 0.1977842 0.1564109 0.2045085 0.1564109 0.2045085 0.1615497 0.1910599 0.1564109 0.1977842 0.1564109 0.1977842 0.1615497 0.2112327 0.1543555 0.2045085 0.1564109 0.2045085 0.1512722 0.1977842 0.1512722 0.1977842 0.1461334 0.2022671 0.1461334 0.2112327 0.1584665 0.2112327 0.1625775 0.2045085 0.1615497 0.1977842 0.1615497 0.2045085 0.1615497 0.2022671 0.1666885 0.1910599 0.1615497 0.1843356 0.1625775 0.1843356 0.1584665 0.1977842 0.1615497 0.1977842 0.1666885 0.1933013 0.1666885 0.4041581 0.2653488 0.2932996 0.2653488 0.2932996 0.2611101 0.4041581 0.2695875 0.2932996 0.2695875 0.2932996 0.2653488 0.2932996 0.2695875 0.4041581 0.2695875 0.4041581 0.2738263 0.4041581 0.2823036 0.2932996 0.2823036 0.2932996 0.2780649 0.4041581 0.2865424 0.2932996 0.2865424 0.2932996 0.2823036 0.2932996 0.2738263 0.4041581 0.2738263 0.4041581 0.2780649 0.136339 0.2172717 0.1430633 0.2172717 0.1430633 0.2224305 0.1296147 0.2172717 0.136339 0.2172717 0.136339 0.2224305 0.136339 0.2224305 0.1430633 0.2224305 0.1430633 0.2275893 0.1296147 0.2224305 0.136339 0.2224305 0.136339 0.2275893 0.1497876 0.220367 0.1430633 0.2224305 0.1430633 0.2172717 0.136339 0.2172717 0.136339 0.2121129 0.1408218 0.2121129 0.1497876 0.224494 0.1497876 0.228621 0.1430633 0.2275893 0.136339 0.2275893 0.1430633 0.2275893 0.1408218 0.2327481 0.136339 0.2275893 0.136339 0.2327481 0.1318561 0.2327481 0.3072261 0.1171064 0.3800395 0.1171064 0.3800395 0.1215893 0.3072261 0.1215893 0.3800395 0.1215893 0.3800395 0.1260722 0.3072261 0.130555 0.3800395 0.130555 0.3800395 0.1350378 0.3072261 0.1395207 0.3800395 0.1395207 0.3800395 0.1440036 0.3072261 0.1350378 0.3800395 0.1350378 0.3800395 0.1395207 0.3072261 0.1260722 0.3800395 0.1260722 0.3800395 0.130555 0.04240268 0.3489241 0.04240268 0.3421999 0.04767537 0.3421999 0.04240268 0.3556484 0.04240268 0.3489241 0.04767537 0.3489241 0.04767537 0.3489241 0.04767537 0.3421999 0.05294811 0.3421999 0.04767537 0.3556484 0.04767537 0.3489241 0.05294811 0.3489241 0.04240268 0.3489241 0.03712999 0.3489241 0.03712999 0.3444412 0.03712999 0.353407 0.03712999 0.3489241 0.04240268 0.3489241 0.04978448 0.3354756 0.05400264 0.3354756 0.05294811 0.3421999 0.05294811 0.3489241 0.05294811 0.3421999 0.0582208 0.3444412 0.05294811 0.3556484 0.05400264 0.3623727 0.04978448 0.3623727 0.05294811 0.3489241 0.0582208 0.3489241 0.0582208 0.353407 0.749471 0.285606 0.749471 0.6049173 0.7449881 0.6049173 0.7449881 0.285606 0.7449881 0.6049173 0.7405052 0.6049173 0.7360224 0.285606 0.7360224 0.6049173 0.7315395 0.6049173 0.7270567 0.285606 0.7270567 0.6049173 0.7225738 0.6049173 0.7315395 0.285606 0.7315395 0.6049173 0.7270567 0.6049173 0.7405052 0.285606 0.7405052 0.6049173 0.7360224 0.6049173 0.1977842 0.1732921 0.2045085 0.1732921 0.2045085 0.1784309 0.1910599 0.1732921 0.1977842 0.1732921 0.1977842 0.1784309 0.1977842 0.1784309 0.2045085 0.1784309 0.2045085 0.1835696 0.1910599 0.1784309 0.1977842 0.1784309 0.1977842 0.1835696 0.1977842 0.1732921 0.1977842 0.1681534 0.2022671 0.1681534 0.1933013 0.1681534 0.1977842 0.1681534 0.1977842 0.1732921 0.1977842 0.1835696 0.2045085 0.1835696 0.2022671 0.1887084 0.1910599 0.1835696 0.1843356 0.1845973 0.1843356 0.1804863 0.1977842 0.1835696 0.1977842 0.1887084 0.1933013 0.1887084 0.3955007 0.1756597 0.4302759 0.1756597 0.4302759 0.1801425 0.3955007 0.1801425 0.4302759 0.1801425 0.4302759 0.1846254 0.3955007 0.1891083 0.4302759 0.1891083 0.4302759 0.1935911 0.3955007 0.198074 0.4302759 0.198074 0.4302759 0.2025568 0.3955007 0.1935911 0.4302759 0.1935911 0.4302759 0.198074 0.3955007 0.1846254 0.4302759 0.1846254 0.4302759 0.1891083 0.1794112 0.8234173 0.1794112 0.496311 0.206189 0.65048 0.2262724 0.663886 0.2262724 0.690698 0.2195779 0.690698 0.2087461 0.6583598 0.2087461 0.6962241 0.2068443 0.6999613 0.206189 0.65048 0.2068443 0.6546227 0.2068443 0.6999613 0.04686111 0.663886 0.04686111 0.690698 0.04016667 0.690698 0.2222463 0.2655929 0.1907344 0.2655929 0.1907344 0.2611101 0.2222463 0.2700758 0.1907344 0.2700758 0.1907344 0.2655929 0.1907344 0.2700758 0.2222463 0.2700758 0.2222463 0.2745587 0.2222463 0.2835243 0.1907344 0.2835243 0.1907344 0.2790415 0.2222463 0.2880072 0.1907344 0.2880072 0.1907344 0.2835243 0.1907344 0.2745587 0.2222463 0.2745587 0.2222463 0.2790415 0.9103198 0.3920392 0.9103198 0.4119431 0.9302181 0.5898952 0.8924115 0.2216642 0.8924115 0.2283519 0.9103198 0.23496 0.8924115 0.2722308 0.8924115 0.2789185 0.9103198 0.2855266 0.8924115 0.2975142 0.8924115 0.3042019 0.9103198 0.3108099 0.8924115 0.3480808 0.8924115 0.3547685 0.9103198 0.3613765 0.8924115 0.373364 0.8924115 0.3800517 0.9103198 0.3866599 0.8924115 0.3227974 0.8924115 0.3294851 0.9103198 0.3360933 0.8924115 0.2469475 0.8924115 0.2536352 0.9103198 0.2602433 0.8924115 0.4239307 0.8924115 0.4306184 0.9103198 0.4372264 0.9700144 0.2133352 0.9700144 0.5898952 0.9985352 0.578754 0.8924115 0.449214 0.8924115 0.4559017 0.9103198 0.4625098 0.9302181 0.5898952 0.9299319 0.6167923 0.9610148 0.6167923 0.8924115 0.4744973 0.8924115 0.481185 0.9103198 0.4877931 0.8924115 0.4997806 0.8924115 0.5064683 0.9103198 0.5130764 0.8924115 0.5250639 0.8924115 0.5317516 0.9103198 0.5383597 0.8924115 0.5503472 0.8924115 0.5570349 0.9103198 0.563643 0.8555721 0.1828957 0.8624259 0.2133352 0.8226295 0.2133352 0.8027313 0.23496 0.784823 0.2283519 0.784823 0.2216642 0.8027313 0.2602433 0.784823 0.2536352 0.784823 0.2469475 0.8027313 0.3108099 0.784823 0.3042019 0.784823 0.2975142 0.8027313 0.3360933 0.784823 0.3294851 0.784823 0.3227974 0.8027313 0.3866599 0.784823 0.3800517 0.784823 0.373364 0.8027313 0.4119431 0.784823 0.4053351 0.784823 0.3986474 0.8226295 0.5898952 0.8027313 0.4119431 0.8027313 0.3920392 0.8027313 0.3613765 0.784823 0.3547685 0.784823 0.3480808 0.8909466 0.578754 0.8624259 0.5898952 0.8624259 0.2133352 0.8226295 0.5898952 0.8624259 0.5898952 0.8534262 0.6167923 0.8027313 0.5130764 0.784823 0.5064683 0.784823 0.4997806 0.1482349 0.287641 0.1443698 0.287641 0.1443698 0.3141719 0.1482349 0.3141719 0.1443698 0.3141719 0.1443698 0.3407028 0.1521 0.287641 0.1482349 0.287641 0.1482349 0.3141719 0.1521 0.3141719 0.1482349 0.3141719 0.1482349 0.3407028 0.1443698 0.3141719 0.1443698 0.287641 0.1405047 0.2964847 0.1482349 0.2611101 0.1443698 0.2611101 0.1443698 0.287641 0.1443698 0.3672338 0.1482349 0.3672338 0.1482349 0.3407028 0.1443698 0.3141719 0.1405047 0.3141719 0.1405047 0.3318592 0.1482349 0.287641 0.1521 0.287641 0.1521 0.2611101 0.1521 0.3141719 0.155965 0.3141719 0.155965 0.2964847 0.1521 0.3407028 0.1482349 0.3407028 0.1482349 0.3672338 0.155965 0.3318592 0.155965 0.3141719 0.1521 0.3141719 0.1152395 0.007205545 0.1690337 0.009607434 0.1690337 0.01921486 0.1152395 0.02161669 0.1690337 0.01921486 0.1690337 0.0288223 0.1152395 0.02161669 0.06144517 0.01921486 0.06144517 0.009607434 0.06144517 0.0288223 0.06144517 0.01921486 0.1152395 0.02161669 0.1152395 0.0360279 0.06144517 0.03842973 0.06144517 0.0288223 0.1690337 0.0288223 0.1690337 0.03842973 0.1152395 0.0360279 0.1690337 0.04803717 0.1152395 0.05043905 0.1152395 0.04323345 0.1228904 0.1439668 0.1497876 0.1439668 0.1497876 0.1246461 0.5913708 0.2318335 0.5913708 0.2049363 0.57205 0.2049363 0.3072261 0.05013424 0.3341232 0.05013424 0.3341232 0.04475486 0.4148215 0.2318335 0.4148215 0.2049363 0.3955007 0.2049363 0.5913708 0.1440036 0.5913708 0.1171064 0.57205 0.1171064 0.3072261 0.07945173 0.3341232 0.07945173 0.3341232 0.0740723 0.06144517 0.1224794 0.0883423 0.1224794 0.0883423 0.1031587 0.1228904 0.1224794 0.1497876 0.1224794 0.1497876 0.1031587 0.3072261 0.02061581 0.3341232 0.02061581 0.3341232 0.01523637 0.3706842 0.2025568 0.3706842 0.1756597 0.3513634 0.1756597 0.5472335 0.1440036 0.5472335 0.1171064 0.5279127 0.1171064 0.3072261 0.04268407 0.3341232 0.04268407 0.3341232 0.03730463 0.1228904 0.100992 0.1497876 0.100992 0.1497876 0.08167123 0.06144517 0.100992 0.0883423 0.100992 0.0883423 0.08167123 0.3874412 0.01190501 0.4143383 0.01190501 0.4143383 0.006525576 0.3265468 0.2025568 0.3265468 0.1756597 0.3072261 0.1756597 0.5030961 0.1440036 0.5030961 0.1171064 0.4837754 0.1171064 0.3874412 0.005379378 0.4143383 0.005379378 0.4143383 0 0.5472335 0.2025568 0.5472335 0.1756597 0.5279127 0.1756597 0.5472335 0.1732802 0.5472335 0.1463831 0.5279127 0.1463831 0.3874412 0.02495628 0.4143383 0.02495628 0.4143383 0.0195769 0.5030961 0.2025568 0.5030961 0.1756597 0.4837754 0.1756597 0.6355081 0.2318335 0.6355081 0.2049363 0.6161873 0.2049363 0.3874412 0.01843065 0.4143383 0.01843065 0.4143383 0.01305127 0.5472335 0.2318335 0.5472335 0.2049363 0.5279127 0.2049363 0.5030961 0.1732802 0.5030961 0.1463831 0.4837754 0.1463831 0.3072261 0.07216262 0.3341232 0.07216262 0.3341232 0.06678324 0.5030961 0.2318335 0.5030961 0.2049363 0.4837754 0.2049363 0.3706842 0.2318335 0.3706842 0.2049363 0.3513634 0.2049363 0.3072261 0.06487357 0.3341232 0.06487357 0.3341232 0.05949413 0.06144517 0.1439668 0.0883423 0.1439668 0.0883423 0.1246461 0.1228904 0.0795046 0.1497876 0.0795046 0.1497876 0.06018382 0.3874412 0.03800755 0.4143383 0.03800755 0.4143383 0.03262811 0.4589588 0.2318335 0.4589588 0.2049363 0.439638 0.2049363 0.06144517 0.0795046 0.0883423 0.0795046 0.0883423 0.06018382 0.3072261 0.05758446 0.3341232 0.05758446 0.3341232 0.05220502 0.6355081 0.2025568 0.6355081 0.1756597 0.6161873 0.1756597 0.5913708 0.1732802 0.5913708 0.1463831 0.57205 0.1463831 0.3874412 0.05105882 0.4143383 0.05105882 0.4143383 0.04567939 0.5913708 0.2025568 0.5913708 0.1756597 0.57205 0.1756597 0.6355081 0.1440036 0.6355081 0.1171064 0.6161873 0.1171064 0.3874412 0.03148192 0.4143383 0.03148192 0.4143383 0.02610254 0.3265468 0.2318335 0.3265468 0.2049363 0.3072261 0.2049363 0.3874412 0.04453319 0.4143383 0.04453319 0.4143383 0.03915375 0.6355081 0.1732802 0.6355081 0.1463831 0.6161873 0.1463831 0.272678 0.1005296 0.272678 0.06018382 0.2457808 0.06018382 0.1405047 0.421028 0.5170646 0.421028 0.5170646 0.3955957 0.2112327 0.1005296 0.2112327 0.06018382 0.1843356 0.06018382 0.1405047 0.3941309 0.5170646 0.3941309 0.5170646 0.3686986 0.6879566 0.09713542 0.6741406 0.09713542 0.6741406 0.1038597 0.6879566 0.1038597 0.6741406 0.1038597 0.6741406 0.110584 0.7017725 0.09713542 0.6879566 0.09713542 0.6879566 0.1038597 0.7017725 0.1038597 0.6879566 0.1038597 0.6879566 0.110584 0.6879566 0.09713542 0.7017725 0.09713542 0.6971672 0.09041112 0.6603247 0.1083425 0.6741406 0.110584 0.6741406 0.1038597 0.6787459 0.1173083 0.6879566 0.1173083 0.6879566 0.110584 0.7017725 0.1038597 0.7017725 0.110584 0.7155885 0.1083425 0.562923 0.04272514 0.562923 0.0360009 0.5663883 0.0360009 0.562923 0.04944944 0.562923 0.04272514 0.5663883 0.04272514 0.5663883 0.04272514 0.5663883 0.0360009 0.5699178 0.0360009 0.5663883 0.04944944 0.5663883 0.04272514 0.5699178 0.04272514 0.5688388 0.0292766 0.5699178 0.0360009 0.5663883 0.0360009 0.562923 0.04272514 0.5596218 0.04272514 0.5596218 0.03824228 0.5596218 0.04720801 0.5596218 0.04272514 0.562923 0.04272514 0.5699178 0.04272514 0.5699178 0.0360009 0.5734474 0.03824228 0.5699178 0.04272514 0.5734474 0.04272514 0.5734474 0.04720801 0.9884697 0.006724238 0.9884697 0 0.6603247 0 0.9884697 0.02017283 0.9884697 0.01344853 0.6603247 0.01344853 0.9884697 0.02689713 0.9884697 0.02017283 0.6603247 0.02017283 0.9884697 0.01344853 0.9884697 0.006724238 0.6603247 0.006724238 0.0524494 0.2342129 0 0.2342129 0 0.2409372 0 0.2476615 0.0524494 0.2476615 0.0524494 0.2409372 0.0524494 0.2543858 0 0.2543858 0 0.2611101 0.0524494 0.2476615 0 0.2476615 0 0.2543858 0.7738712 0.6137511 0.7805955 0.6137511 0.7805955 0.285606 0.7604227 0.6137511 0.767147 0.6137511 0.767147 0.285606 0.7536984 0.6137511 0.7604227 0.6137511 0.7604227 0.285606 0.767147 0.6137511 0.7738712 0.6137511 0.7738712 0.285606 0 0.3354756 0 0.387925 0.006724238 0.387925 0.01344853 0.387925 0.01344853 0.3354756 0.006724238 0.3354756 0.02017283 0.3354756 0.02017283 0.387925 0.02689713 0.387925 0.01344853 0.3354756 0.01344853 0.387925 0.02017283 0.387925 0.7833581 0.2387337 0.7833581 0.2342509 0.6603247 0.2342509 0.7833581 0.2432166 0.7833581 0.2387337 0.6603247 0.2387337 0.7833581 0.2521823 0.7833581 0.2476994 0.6603247 0.2476994 0.7833581 0.261148 0.7833581 0.2566652 0.6603247 0.2566652 0.7833581 0.2566652 0.7833581 0.2521823 0.6603247 0.2521823 0.7833581 0.2476994 0.7833581 0.2432166 0.6603247 0.2432166 0.4972718 0.02921676 0.4905475 0.02921676 0.4905475 0.03369963 0.4905475 0.03369963 0.4905475 0.03818249 0.4972718 0.03818249 0.4905475 0.03818249 0.4905475 0.0426653 0.4972718 0.0426653 0.4905475 0.04714816 0.4905475 0.05163103 0.4972718 0.05163103 0.4905475 0.05163103 0.4905475 0.05611389 0.4972718 0.05611389 0.4972718 0.04714816 0.4972718 0.0426653 0.4905475 0.0426653 0.405503 0.3191431 0.405503 0.3149043 0.2932996 0.3149043 0.405503 0.3233818 0.405503 0.3191431 0.2932996 0.3191431 0.405503 0.3318592 0.405503 0.3276205 0.2932996 0.3276205 0.405503 0.3403366 0.405503 0.3360979 0.2932996 0.3360979 0.405503 0.3360979 0.405503 0.3318592 0.2932996 0.3318592 0.405503 0.3276205 0.405503 0.3233818 0.2932996 0.3233818 0.3296403 0.00826478 0.3341232 0.00826478 0.3341232 0.004325807 0.3251575 0.00826478 0.3296403 0.00826478 0.3296403 0.004325807 0.3161918 0.00826478 0.3206746 0.00826478 0.3206746 0.004325807 0.3072261 0.00826478 0.3117089 0.00826478 0.3117089 0.004325807 0.3117089 0.00826478 0.3161918 0.00826478 0.3161918 0.004325807 0.3206746 0.00826478 0.3251575 0.00826478 0.3251575 0.004325807 0.7732927 0.04968839 0.7732927 0.04520553 0.6603247 0.04520553 0.7732927 0.05417126 0.7732927 0.04968839 0.6603247 0.04968839 0.7732927 0.06313699 0.7732927 0.05865412 0.6603247 0.05865412 0.7732927 0.07210266 0.7732927 0.06761986 0.6603247 0.06761986 0.7732927 0.06761986 0.7732927 0.06313699 0.6603247 0.06313699 0.7732927 0.05865412 0.7732927 0.05417126 0.6603247 0.05417126 0.7138636 0.4102208 0.7183464 0.4102208 0.7183464 0.285606 0.7048978 0.285606 0.7048978 0.4102208 0.7093807 0.4102208 0.700415 0.4102208 0.7048978 0.4102208 0.7048978 0.285606 0.6914492 0.285606 0.6914492 0.4102208 0.6959321 0.4102208 0.4743806 0.02921676 0.4676563 0.02921676 0.4676563 0.03369963 0.4743806 0.03369963 0.4676563 0.03369963 0.4676563 0.03818249 0.4743806 0.03818249 0.4676563 0.03818249 0.4676563 0.0426653 0.4743806 0.04714816 0.4676563 0.04714816 0.4676563 0.05163103 0.4743806 0.05163103 0.4676563 0.05163103 0.4676563 0.05611389 0.4743806 0.0426653 0.4676563 0.0426653 0.4676563 0.04714816 0.6155173 0.08782982 0.608793 0.08782982 0.608793 0.09231269 0.6155173 0.09231269 0.608793 0.09231269 0.608793 0.09679555 0.6155173 0.09679555 0.608793 0.09679555 0.608793 0.1012784 0.6155173 0.1057612 0.608793 0.1057612 0.608793 0.1102441 0.6155173 0.1102441 0.608793 0.1102441 0.608793 0.114727 0.6155173 0.1012784 0.608793 0.1012784 0.608793 0.1057612 0.682739 0.285606 0.6804975 0.4102208 0.6872218 0.4102208 0.6692904 0.285606 0.667049 0.4102208 0.6737732 0.4102208 0.4062676 0.3460402 0.4062676 0.3418015 0.2932996 0.3418015 0.4062676 0.3502789 0.4062676 0.3460402 0.2932996 0.3460402 0.4062676 0.3587564 0.4062676 0.3545176 0.2932996 0.3545176 0.4062676 0.3672338 0.4062676 0.362995 0.2932996 0.362995 0.4062676 0.362995 0.4062676 0.3587564 0.2932996 0.3587564 0.4062676 0.3545176 0.4062676 0.3502789 0.2932996 0.3502789 0.405503 0.2922459 0.405503 0.2880072 0.2932996 0.2880072 0.405503 0.2964847 0.405503 0.2922459 0.2932996 0.2922459 0.405503 0.304962 0.405503 0.3007234 0.2932996 0.3007234 0.405503 0.3134395 0.405503 0.3092008 0.2932996 0.3092008 0.405503 0.3092008 0.405503 0.304962 0.2932996 0.304962 0.405503 0.3007234 0.405503 0.2964847 0.2932996 0.2964847 0.4676563 0.02188265 0.4676563 0.02775192 0.4721392 0.02775192 0.4721392 0.02775192 0.476622 0.02775192 0.476622 0.02188265 0.476622 0.02775192 0.4811049 0.02775192 0.4811049 0.02188265 0.4855877 0.02775192 0.4900706 0.02775192 0.4900706 0.02188265 0.4900706 0.02775192 0.4945535 0.02775192 0.4945535 0.02188265 0.4855877 0.02188265 0.4811049 0.02188265 0.4811049 0.02775192 0.7833581 0.1873786 0.7833581 0.1828957 0.6603247 0.1828957 0.7833581 0.1918615 0.7833581 0.1873786 0.6603247 0.1873786 0.7833581 0.2008271 0.7833581 0.1963443 0.6603247 0.1963443 0.7833581 0.2097929 0.7833581 0.20531 0.6603247 0.20531 0.7833581 0.20531 0.7833581 0.2008271 0.6603247 0.2008271 0.7833581 0.1963443 0.7833581 0.1918615 0.6603247 0.1918615 0.3296403 0.01372009 0.3341232 0.01372009 0.3341232 0.009781122 0.3251575 0.01372009 0.3296403 0.01372009 0.3296403 0.009781122 0.3161918 0.01372009 0.3206746 0.01372009 0.3206746 0.009781122 0.3072261 0.01372009 0.3117089 0.01372009 0.3117089 0.009781122 0.3117089 0.01372009 0.3161918 0.01372009 0.3161918 0.009781122 0.3206746 0.01372009 0.3251575 0.01372009 0.3251575 0.009781122 0.2659537 0.1784309 0.2659537 0.1732921 0.2592294 0.1732921 0.2592294 0.1784309 0.2592294 0.1732921 0.2525051 0.1732921 0.2659537 0.1835696 0.2659537 0.1784309 0.2592294 0.1784309 0.2592294 0.1835696 0.2592294 0.1784309 0.2525051 0.1784309 0.2659537 0.1732921 0.2659537 0.1784309 0.272678 0.1763753 0.2637123 0.1681534 0.2592294 0.1681534 0.2592294 0.1732921 0.2547466 0.1681534 0.2525051 0.1732921 0.2592294 0.1732921 0.272678 0.1804863 0.2659537 0.1784309 0.2659537 0.1835696 0.2592294 0.1835696 0.2592294 0.1887084 0.2637123 0.1887084 0.2525051 0.1835696 0.2525051 0.1784309 0.2457808 0.1804863 0.2547466 0.1887084 0.2592294 0.1887084 0.2592294 0.1835696 0.8503352 0.1496821 0.8503352 0.1426494 0.8436109 0.1426494 0.8436109 0.1496821 0.8436109 0.1426494 0.8368867 0.1426494 0.8503352 0.1567148 0.8503352 0.1496821 0.8436109 0.1496821 0.8436109 0.1567148 0.8436109 0.1496821 0.8368867 0.1496821 0.8480938 0.1356167 0.8436109 0.1356167 0.8436109 0.1426494 0.8503352 0.1496821 0.8503352 0.1567148 0.8570595 0.1543706 0.8301624 0.1449936 0.8301624 0.1496821 0.8368867 0.1496821 0.8436109 0.1567148 0.8436109 0.1637476 0.8480938 0.1637476 0.8368867 0.1496821 0.8301624 0.1496821 0.8301624 0.1543706 0.5736873 0.006724238 0.5666546 0.006724238 0.5666546 0.01344853 0.5736873 0.01344853 0.5666546 0.01344853 0.5666546 0.02017283 0.58072 0.006724238 0.5736873 0.006724238 0.5736873 0.01344853 0.58072 0.01344853 0.5736873 0.01344853 0.5736873 0.02017283 0.5596218 0.008965671 0.5596218 0.01344853 0.5666546 0.01344853 0.5736873 0.006724238 0.58072 0.006724238 0.5783757 0 0.5689988 0.02689713 0.5736873 0.02689713 0.5736873 0.02017283 0.58072 0.01344853 0.5877526 0.01344853 0.5877526 0.008965671 0.5736873 0.02017283 0.5736873 0.02689713 0.5783757 0.02689713 0.2659537 0.2224706 0.2659537 0.2173318 0.2592294 0.2173318 0.2592294 0.2224706 0.2592294 0.2173318 0.2525051 0.2173318 0.2659537 0.2276093 0.2659537 0.2224706 0.2592294 0.2224706 0.2592294 0.2276093 0.2592294 0.2224706 0.2525051 0.2224706 0.2637123 0.2121931 0.2592294 0.2121931 0.2592294 0.2173318 0.2592294 0.2276093 0.2592294 0.2327481 0.2637123 0.2327481 0.2547466 0.2327481 0.2592294 0.2327481 0.2592294 0.2276093 0.3273989 0.0278452 0.3273989 0.02520102 0.3206746 0.02520102 0.3206746 0.0278452 0.3206746 0.02520102 0.3139504 0.02520102 0.3273989 0.03054338 0.3273989 0.0278452 0.3206746 0.0278452 0.3206746 0.03054338 0.3206746 0.0278452 0.3139504 0.0278452 0.3273989 0.0278452 0.3273989 0.03054338 0.3341232 0.02972322 0.3251575 0.0226866 0.3206746 0.0226866 0.3206746 0.02520102 0.3161918 0.0226866 0.3139504 0.02520102 0.3206746 0.02520102 0.3206746 0.03054338 0.3206746 0.03324156 0.3251575 0.03324156 0.3161918 0.03324156 0.3206746 0.03324156 0.3206746 0.03054338 0.2045085 0.1342272 0.2045085 0.1290064 0.1977842 0.1290064 0.1977842 0.1342272 0.1977842 0.1290064 0.1910599 0.1290064 0.2045085 0.1394479 0.2045085 0.1342272 0.1977842 0.1342272 0.1977842 0.1394479 0.1977842 0.1342272 0.1910599 0.1342272 0.2045085 0.1290064 0.2045085 0.1342272 0.2112327 0.1321389 0.2022671 0.1237857 0.1977842 0.1237857 0.1977842 0.1290064 0.1977842 0.1394479 0.1977842 0.1446686 0.2022671 0.1446686 0.1843356 0.1363154 0.1843356 0.140492 0.1910599 0.1394479 0.1933013 0.1446686 0.1977842 0.1446686 0.1977842 0.1394479 0.2659537 0.1344444 0.2659537 0.1293322 0.2592294 0.1293322 0.2592294 0.1344444 0.2592294 0.1293322 0.2525051 0.1293322 0.2659537 0.1395565 0.2659537 0.1344444 0.2592294 0.1344444 0.2592294 0.1395565 0.2592294 0.1344444 0.2525051 0.1344444 0.2637123 0.1242201 0.2592294 0.1242201 0.2592294 0.1293322 0.2547466 0.1242201 0.2525051 0.1293322 0.2592294 0.1293322 0.2457808 0.1323995 0.2525051 0.1344444 0.2525051 0.1293322 0.272678 0.1364892 0.2659537 0.1344444 0.2659537 0.1395565 0.2592294 0.1395565 0.2592294 0.1446686 0.2637123 0.1446686 0.2457808 0.1364892 0.2457808 0.1405789 0.2525051 0.1395565 0.2547466 0.1446686 0.2592294 0.1446686 0.2592294 0.1395565 0.1430633 0.1783908 0.1430633 0.1732587 0.136339 0.1732587 0.136339 0.1783908 0.136339 0.1732587 0.1296147 0.1732587 0.1430633 0.1835228 0.1430633 0.1783908 0.136339 0.1783908 0.136339 0.1835228 0.136339 0.1783908 0.1296147 0.1783908 0.1408218 0.1681266 0.136339 0.1681266 0.136339 0.1732587 0.1318561 0.1681266 0.1296147 0.1732587 0.136339 0.1732587 0.1497876 0.1804436 0.1430633 0.1783908 0.1430633 0.1835228 0.136339 0.1835228 0.136339 0.1886549 0.1408218 0.1886549 0.1296147 0.1835228 0.1296147 0.1783908 0.1228904 0.1804436 0.1318561 0.1886549 0.136339 0.1886549 0.136339 0.1835228 0.1430633 0.1563976 0.1430633 0.1512655 0.136339 0.1512655 0.136339 0.1563976 0.136339 0.1512655 0.1296147 0.1512655 0.1430633 0.1615297 0.1430633 0.1563976 0.136339 0.1563976 0.136339 0.1615297 0.136339 0.1563976 0.1296147 0.1563976 0.1430633 0.1512655 0.1430633 0.1563976 0.1497876 0.1543448 0.1408218 0.1461334 0.136339 0.1461334 0.136339 0.1512655 0.1228904 0.1543448 0.1296147 0.1563976 0.1296147 0.1512655 0.136339 0.1615297 0.136339 0.1666617 0.1408218 0.1666617 0.1228904 0.1584504 0.1228904 0.1625561 0.1296147 0.1615297 0.1318561 0.1666617 0.136339 0.1666617 0.136339 0.1615297 0.08417612 0.3886739 0.08417612 0.3834535 0.07521039 0.3834535 0.08417612 0.3938943 0.08417612 0.3886739 0.07521039 0.3886739 0.08417612 0.3991147 0.08417612 0.3938943 0.07521039 0.3938943 0.08417612 0.402595 0.08417612 0.3991147 0.07521039 0.3991147 0.09314185 0.3838015 0.08417612 0.3834535 0.08417612 0.3886739 0.08417612 0.3938943 0.09314185 0.3949384 0.09314185 0.38937 0.06624472 0.38937 0.06624472 0.3949384 0.07521039 0.3938943 0.07521039 0.3886739 0.07521039 0.3834535 0.06624472 0.3838015 0.09314185 0.3949384 0.08417612 0.3938943 0.08417612 0.3991147 0.07521039 0.3991147 0.07521039 0.3938943 0.06624472 0.3949384 0.6782561 0.1425772 0.6782561 0.139097 0.6692904 0.139097 0.6782561 0.1477977 0.6782561 0.1425772 0.6692904 0.1425772 0.6782561 0.1530181 0.6782561 0.1477977 0.6692904 0.1477977 0.6782561 0.1582385 0.6782561 0.1530181 0.6692904 0.1530181 0.6782561 0.1425772 0.6782561 0.1477977 0.6872218 0.1467536 0.6603247 0.1467536 0.6692904 0.1477977 0.6692904 0.1425772 0.6872218 0.152322 0.6872218 0.1467536 0.6782561 0.1477977 0.6782561 0.1530181 0.6782561 0.1582385 0.6872218 0.1578904 0.6692904 0.1477977 0.6603247 0.1467536 0.6603247 0.152322 0.6603247 0.1578904 0.6692904 0.1582385 0.6692904 0.1530181 0.08161807 0.1783908 0.08161807 0.1732587 0.07489377 0.1732587 0.07489377 0.1783908 0.07489377 0.1732587 0.06816947 0.1732587 0.08161807 0.1835228 0.08161807 0.1783908 0.07489377 0.1783908 0.07489377 0.1835228 0.07489377 0.1783908 0.06816947 0.1783908 0.07937663 0.1681266 0.07489377 0.1681266 0.07489377 0.1732587 0.07489377 0.1835228 0.07489377 0.1886549 0.07937663 0.1886549 0.06816947 0.1835228 0.06816947 0.1783908 0.06144517 0.1804436 0.0704109 0.1886549 0.07489377 0.1886549 0.07489377 0.1835228 0.08161807 0.2004106 0.08161807 0.1952652 0.07489377 0.1952652 0.07489377 0.2004106 0.07489377 0.1952652 0.06816947 0.1952652 0.08161807 0.205556 0.08161807 0.2004106 0.07489377 0.2004106 0.07489377 0.205556 0.07489377 0.2004106 0.06816947 0.2004106 0.08161807 0.1952652 0.08161807 0.2004106 0.0883423 0.1983525 0.07937663 0.1901198 0.07489377 0.1901198 0.07489377 0.1952652 0.06144517 0.1983525 0.06816947 0.2004106 0.06816947 0.1952652 0.07489377 0.205556 0.07489377 0.2107015 0.07937663 0.2107015 0.06144517 0.2024688 0.06144517 0.2065851 0.06816947 0.205556 0.0704109 0.2107015 0.07489377 0.2107015 0.07489377 0.205556 0.08161807 0.1563976 0.08161807 0.1512655 0.07489377 0.1512655 0.07489377 0.1563976 0.07489377 0.1512655 0.06816947 0.1512655 0.08161807 0.1615297 0.08161807 0.1563976 0.07489377 0.1563976 0.07489377 0.1615297 0.07489377 0.1563976 0.06816947 0.1563976 0.08161807 0.1512655 0.08161807 0.1563976 0.0883423 0.1543448 0.07937663 0.1461334 0.07489377 0.1461334 0.07489377 0.1512655 0.07489377 0.1615297 0.07489377 0.1666617 0.07937663 0.1666617 0.06144517 0.1584504 0.06144517 0.1625561 0.06816947 0.1615297 0.0704109 0.1666617 0.07489377 0.1666617 0.07489377 0.1615297 0.2659537 0.112531 0.2659537 0.1074188 0.2592294 0.1074188 0.2592294 0.112531 0.2592294 0.1074188 0.2525051 0.1074188 0.2659537 0.1176431 0.2659537 0.112531 0.2592294 0.112531 0.2592294 0.1176431 0.2592294 0.112531 0.2525051 0.112531 0.2659537 0.1074188 0.2659537 0.112531 0.272678 0.1104862 0.2637123 0.1023067 0.2592294 0.1023067 0.2592294 0.1074188 0.2547466 0.1023067 0.2525051 0.1074188 0.2592294 0.1074188 0.2457808 0.1104862 0.2525051 0.112531 0.2525051 0.1074188 0.272678 0.1145758 0.2659537 0.112531 0.2659537 0.1176431 0.2592294 0.1176431 0.2592294 0.1227552 0.2637123 0.1227552 0.2457808 0.1145758 0.2457808 0.1186655 0.2525051 0.1176431 0.2547466 0.1227552 0.2592294 0.1227552 0.2592294 0.1176431 0.08161807 0.2224572 0.08161807 0.2173117 0.07489377 0.2173117 0.07489377 0.2224572 0.07489377 0.2173117 0.06816947 0.2173117 0.08161807 0.2276027 0.08161807 0.2224572 0.07489377 0.2224572 0.07489377 0.2276027 0.07489377 0.2224572 0.06816947 0.2224572 0.08161807 0.2173117 0.08161807 0.2224572 0.0883423 0.220399 0.07937663 0.2121663 0.07489377 0.2121663 0.07489377 0.2173117 0.0704109 0.2121663 0.06816947 0.2173117 0.07489377 0.2173117 0.06144517 0.220399 0.06816947 0.2224572 0.06816947 0.2173117 0.0883423 0.2245154 0.08161807 0.2224572 0.08161807 0.2276027 0.07489377 0.2276027 0.07489377 0.2327481 0.07937663 0.2327481 0.06816947 0.2276027 0.06816947 0.2224572 0.06144517 0.2245154 0.0704109 0.2327481 0.07489377 0.2327481 0.07489377 0.2276027 0.1986266 0.3193872 0.1946805 0.3193872 0.1946805 0.3238701 0.1986266 0.3283529 0.1946805 0.3283529 0.1946805 0.3328358 0.1986266 0.3238701 0.1946805 0.3238701 0.1946805 0.3283529 0.1986266 0.3328358 0.1946805 0.3328358 0.1946805 0.3373186 0.2065188 0.3238701 0.2025727 0.3238701 0.2025727 0.3328358 0.210465 0.3238701 0.2065188 0.3238701 0.2065188 0.3328358 0.2183572 0.3193872 0.2144111 0.3193872 0.2144111 0.3238701 0.2183572 0.3283529 0.2144111 0.3283529 0.2144111 0.3328358 0.2183572 0.3238701 0.2144111 0.3238701 0.2144111 0.3283529 0.2183572 0.3328358 0.2144111 0.3328358 0.2144111 0.3373186 0.1907344 0.3283529 0.1946805 0.3283529 0.1946805 0.3238701 0.1907344 0.3283529 0.1907344 0.3350772 0.1946805 0.3328358 0.2223033 0.3283529 0.2223033 0.3216286 0.2183572 0.3238701 0.2223033 0.3283529 0.2183572 0.3283529 0.2183572 0.3328358 0.4755485 0.06303608 0.4716024 0.06303608 0.4716024 0.06751894 0.4755485 0.07200181 0.4716024 0.07200181 0.4716024 0.07648462 0.4755485 0.06751894 0.4716024 0.06751894 0.4716024 0.07200181 0.4755485 0.07648462 0.4716024 0.07648462 0.4716024 0.08096748 0.4834408 0.06751894 0.4794946 0.06751894 0.4794946 0.07648462 0.4873869 0.06751894 0.4834408 0.06751894 0.4834408 0.07648462 0.4952791 0.06303608 0.491333 0.06303608 0.491333 0.06751894 0.4952791 0.07200181 0.491333 0.07200181 0.491333 0.07648462 0.4952791 0.06751894 0.491333 0.06751894 0.491333 0.07200181 0.4952791 0.07648462 0.491333 0.07648462 0.491333 0.08096748 0.4676563 0.07200181 0.4716024 0.07200181 0.4716024 0.06751894 0.4952791 0.06751894 0.4952791 0.07200181 0.4992252 0.07200181 0.4952791 0.07648462 0.4992252 0.07872605 0.4992252 0.07200181 0.4755485 0.09231269 0.4716024 0.09231269 0.4716024 0.09679555 0.4755485 0.1012784 0.4716024 0.1012784 0.4716024 0.1057612 0.4755485 0.09679555 0.4716024 0.09679555 0.4716024 0.1012784 0.4755485 0.1057612 0.4716024 0.1057612 0.4716024 0.1102441 0.4834408 0.09679555 0.4794946 0.09679555 0.4794946 0.1057612 0.4873869 0.09679555 0.4834408 0.09679555 0.4834408 0.1057612 0.4952791 0.09231269 0.491333 0.09231269 0.491333 0.09679555 0.4952791 0.1012784 0.491333 0.1012784 0.491333 0.1057612 0.4952791 0.09679555 0.491333 0.09679555 0.491333 0.1012784 0.4952791 0.1057612 0.491333 0.1057612 0.491333 0.1102441 0.4676563 0.1012784 0.4716024 0.1012784 0.4716024 0.09679555 0.4952791 0.09679555 0.4952791 0.1012784 0.4992252 0.1012784 0.4952791 0.1057612 0.4992252 0.1080027 0.4992252 0.1012784 0.5696963 0.06303608 0.5657502 0.06303608 0.5657502 0.06751894 0.5696963 0.07200181 0.5657502 0.07200181 0.5657502 0.07648462 0.5696963 0.06751894 0.5657502 0.06751894 0.5657502 0.07200181 0.5696963 0.07648462 0.5657502 0.07648462 0.5657502 0.08096748 0.5775886 0.06751894 0.5736424 0.06751894 0.5736424 0.07648462 0.5815346 0.06751894 0.5775886 0.06751894 0.5775886 0.07648462 0.5894269 0.06303608 0.5854808 0.06303608 0.5854808 0.06751894 0.5894269 0.07200181 0.5854808 0.07200181 0.5854808 0.07648462 0.5894269 0.06751894 0.5854808 0.06751894 0.5854808 0.07200181 0.5894269 0.07648462 0.5854808 0.07648462 0.5854808 0.08096748 0.5618041 0.07200181 0.5657502 0.07200181 0.5657502 0.06751894 0.5775886 0.06751894 0.5815346 0.06751894 0.5807454 0.05855321 0.5618041 0.07200181 0.5618041 0.07872605 0.5657502 0.07648462 0.593373 0.07200181 0.593373 0.06527751 0.5894269 0.06751894 0.593373 0.07200181 0.5894269 0.07200181 0.5894269 0.07648462 0.6066873 0.0292766 0.6066873 0.03375947 0.6224433 0.03375947 0.6066873 0.03375947 0.6066873 0.03824228 0.6224433 0.03824228 0.6224433 0.04272514 0.6224433 0.03824228 0.6066873 0.03824228 0.6066873 0.04720801 0.6066873 0.05169087 0.6224433 0.05169087 0.6066873 0.05169087 0.6066873 0.05617374 0.6224433 0.05617374 0.6224433 0.04720801 0.6224433 0.04272514 0.6066873 0.04272514 0.5618041 0.08782982 0.5618041 0.09231269 0.5775601 0.09231269 0.5618041 0.09231269 0.5618041 0.09679555 0.5775601 0.09679555 0.5775601 0.1012784 0.5775601 0.09679555 0.5618041 0.09679555 0.5618041 0.1057612 0.5618041 0.1102441 0.5775601 0.1102441 0.5618041 0.1102441 0.5618041 0.114727 0.5775601 0.114727 0.5775601 0.1057612 0.5775601 0.1012784 0.5618041 0.1012784 0.1977842 0.2173318 0.2045085 0.2173318 0.2045085 0.2224706 0.1910599 0.2173318 0.1977842 0.2173318 0.1977842 0.2224706 0.1977842 0.2224706 0.2045085 0.2224706 0.2045085 0.2276093 0.1910599 0.2224706 0.1977842 0.2224706 0.1977842 0.2276093 0.1977842 0.2173318 0.1977842 0.2121931 0.2022671 0.2121931 0.1933013 0.2121931 0.1977842 0.2121931 0.1977842 0.2173318 0.2112327 0.2245261 0.2112327 0.228637 0.2045085 0.2276093 0.1977842 0.2276093 0.2045085 0.2276093 0.2022671 0.2327481 0.1910599 0.2276093 0.1843356 0.228637 0.1843356 0.2245261 0.1977842 0.2276093 0.1977842 0.2327481 0.1933013 0.2327481 0.04240268 0.3916816 0.04240268 0.3849574 0.04767537 0.3849574 0.04240268 0.3984059 0.04240268 0.3916816 0.04767537 0.3916816 0.04767537 0.3916816 0.04767537 0.3849574 0.05294811 0.3849574 0.04767537 0.3984059 0.04767537 0.3916816 0.05294811 0.3916816 0.04556632 0.3782331 0.04767537 0.3849574 0.04240268 0.3849574 0.04240268 0.3916816 0.03712999 0.3916816 0.03712999 0.3871988 0.03712999 0.3961645 0.03712999 0.3916816 0.04240268 0.3916816 0.04556632 0.4051302 0.04134815 0.4051302 0.04240268 0.3984059 0.05294811 0.3916816 0.05294811 0.3849574 0.0582208 0.3871988 0.05294811 0.3984059 0.05400264 0.4051302 0.04978448 0.4051302 0.05294811 0.3916816 0.0582208 0.3916816 0.0582208 0.3961645 0.07552504 0.3489241 0.07552504 0.3421999 0.08079773 0.3421999 0.07552504 0.3556484 0.07552504 0.3489241 0.08079773 0.3489241 0.08079773 0.3489241 0.08079773 0.3421999 0.08607047 0.3421999 0.08079773 0.3556484 0.08079773 0.3489241 0.08607047 0.3489241 0.07868868 0.3354756 0.08079773 0.3421999 0.07552504 0.3421999 0.07552504 0.3489241 0.07025235 0.3489241 0.07025235 0.3444412 0.07025235 0.353407 0.07025235 0.3489241 0.07552504 0.3489241 0.07868868 0.3623727 0.07447052 0.3623727 0.07552504 0.3556484 0.08607047 0.3489241 0.08607047 0.3421999 0.09134316 0.3444412 0.08607047 0.3556484 0.087125 0.3623727 0.08290684 0.3623727 0.08607047 0.3489241 0.09134316 0.3489241 0.09134316 0.353407 0.2592294 0.1512722 0.2659537 0.1512722 0.2659537 0.1564109 0.2525051 0.1512722 0.2592294 0.1512722 0.2592294 0.1564109 0.2592294 0.1564109 0.2659537 0.1564109 0.2659537 0.1615497 0.2525051 0.1564109 0.2592294 0.1564109 0.2592294 0.1615497 0.272678 0.1543555 0.2659537 0.1564109 0.2659537 0.1512722 0.2592294 0.1512722 0.2592294 0.1461334 0.2637123 0.1461334 0.2547466 0.1461334 0.2592294 0.1461334 0.2592294 0.1512722 0.2457808 0.1543555 0.2457808 0.1502445 0.2525051 0.1512722 0.272678 0.1584665 0.272678 0.1625775 0.2659537 0.1615497 0.2592294 0.1615497 0.2659537 0.1615497 0.2637123 0.1666885 0.2525051 0.1615497 0.2457808 0.1625775 0.2457808 0.1584665 0.2592294 0.1615497 0.2592294 0.1666885 0.2547466 0.1666885</float_array>
          <technique_common>
            <accessor source="#圆角9_010-mesh-map-0-array" count="7542" stride="2">
              <param name="S" type="float"/>
              <param name="T" type="float"/>
            </accessor>
          </technique_common>
        </source>
        <vertices id="圆角9_010-mesh-vertices">
          <input semantic="POSITION" source="#圆角9_010-mesh-positions"/>
        </vertices>
        <triangles material="夹子-material" count="2514">
          <input semantic="VERTEX" source="#圆角9_010-mesh-vertices" offset="0"/>
          <input semantic="NORMAL" source="#圆角9_010-mesh-normals" offset="1"/>
          <input semantic="TEXCOORD" source="#圆角9_010-mesh-map-0" offset="2" set="0"/>
          <p>5 0 0 3 1 1 6 2 2 6 2 3 4 3 4 7 4 5 8 5 6 6 2 7 9 6 8 9 6 9 7 4 10 10 7 11 11 8 12 0 9 13 17 10 14 2 11 15 17 10 16 16 12 17 5 0 18 11 8 19 2 11 20 17 10 21 2 11 22 11 8 23 12 13 24 11 8 25 5 0 26 16 12 27 3 1 28 2 11 29 14 14 30 3 1 31 15 15 32 4 3 33 14 14 34 13 16 35 4 3 36 13 16 37 20 17 38 20 17 39 13 16 40 1 18 41 20 17 42 7 4 43 4 3 44 21 19 45 12 13 46 8 5 47 9 6 48 23 20 49 8 5 50 8 5 51 22 21 52 21 19 53 8 5 54 23 20 55 22 21 56 19 22 57 10 7 58 7 4 59 18 23 60 10 7 61 19 22 62 20 17 63 19 22 64 7 4 65 25 24 66 9 6 67 10 7 68 10 7 69 18 23 70 26 25 71 10 7 72 26 25 73 25 24 74 12 13 75 5 0 76 8 5 77 31 26 78 29 27 79 32 28 80 32 28 81 30 29 82 33 30 83 34 31 84 32 28 85 35 32 86 35 32 87 33 30 88 36 33 89 38 34 90 27 35 91 47 36 92 28 37 93 47 36 94 46 38 95 28 37 96 39 39 97 38 34 98 46 38 99 29 27 100 28 37 101 31 26 102 40 40 103 39 39 104 47 36 105 28 37 106 38 34 107 44 41 108 29 27 109 45 42 110 51 43 111 43 44 112 42 45 113 43 44 114 30 29 115 44 41 116 43 44 117 51 43 118 30 29 119 30 29 120 51 43 121 50 46 122 50 46 123 33 30 124 30 29 125 40 40 126 34 31 127 41 47 128 35 32 129 54 48 130 34 31 131 53 49 132 52 50 133 41 47 134 53 49 135 34 31 136 54 48 137 41 47 138 34 31 139 53 49 140 49 51 141 36 33 142 33 30 143 48 52 144 57 53 145 36 33 146 50 46 147 49 51 148 33 30 149 56 54 150 35 32 151 36 33 152 48 52 153 37 55 154 57 53 155 36 33 156 57 53 157 56 54 158 58 56 159 61 56 160 59 56 161 65 56 162 64 56 163 62 56 164 66 56 165 69 56 166 67 56 167 70 56 168 73 56 169 71 56 170 74 56 171 77 56 172 75 56 173 78 56 174 81 56 175 79 56 176 82 56 177 85 56 178 83 56 179 86 56 180 89 56 181 87 56 182 90 56 183 93 56 184 91 56 185 94 56 186 97 56 187 95 56 188 98 56 189 101 56 190 99 56 191 102 56 192 105 56 193 103 56 194 106 56 195 109 56 196 107 56 197 110 56 198 113 56 199 111 56 200 114 56 201 117 56 202 115 56 203 182 57 204 187 58 205 237 59 206 122 60 207 238 61 208 187 58 209 187 58 210 238 61 211 237 59 212 123 62 213 122 60 214 187 58 215 214 63 216 182 57 217 215 64 218 237 59 219 215 64 220 182 57 221 156 65 222 124 66 223 187 58 224 187 58 225 124 66 226 123 62 227 184 67 228 183 68 229 218 69 230 183 68 231 182 57 232 218 69 233 125 70 234 124 66 235 156 65 236 291 71 237 190 72 238 189 73 239 189 73 240 188 74 241 291 71 242 292 75 243 188 74 244 163 76 245 190 72 246 291 71 247 191 64 248 188 74 249 292 75 250 291 71 251 187 58 252 191 64 253 291 71 254 163 76 255 153 77 256 294 78 257 163 76 258 294 78 259 293 79 260 163 76 261 293 79 262 292 75 263 291 71 264 156 65 265 187 58 266 154 80 267 153 77 268 163 76 269 156 65 270 126 81 271 125 70 272 217 82 273 186 64 274 185 83 275 182 57 276 220 84 277 219 64 278 218 69 279 182 57 280 219 64 281 182 57 282 214 63 283 220 84 284 160 85 285 186 64 286 217 82 287 160 85 288 217 82 289 147 86 290 160 85 291 147 86 292 146 87 293 248 88 294 246 89 295 245 64 296 161 90 297 146 87 298 246 89 299 217 82 300 184 67 301 218 69 302 161 90 303 160 85 304 146 87 305 134 91 306 150 92 307 155 64 308 156 65 309 150 92 310 127 93 311 156 65 312 127 93 313 126 81 314 254 94 315 239 95 316 150 92 317 250 96 318 244 97 319 243 98 320 250 96 321 243 98 322 149 99 323 242 100 324 241 101 325 251 102 326 253 103 327 241 101 328 240 104 329 137 64 330 149 99 331 148 64 332 239 95 333 254 94 334 240 104 335 244 97 336 248 88 337 245 64 338 185 83 339 184 67 340 217 82 341 254 94 342 150 92 343 134 91 344 196 105 345 195 64 346 298 106 347 193 64 348 298 106 349 194 64 350 194 64 351 298 106 352 195 64 353 297 107 354 162 108 355 196 105 356 162 108 357 296 109 358 295 110 359 162 108 360 295 110 361 154 80 362 192 111 363 298 106 364 193 64 365 196 105 366 298 106 367 297 107 368 162 108 369 297 107 370 296 109 371 154 80 372 163 76 373 162 108 374 151 112 375 298 106 376 192 111 377 119 113 378 118 114 379 192 111 380 282 115 381 192 111 382 118 114 383 197 116 384 201 117 385 235 118 386 197 116 387 120 119 388 192 111 389 192 111 390 120 119 391 119 113 392 192 111 393 282 115 394 281 120 395 151 112 396 192 111 397 281 120 398 200 121 399 235 118 400 201 117 401 216 64 402 121 64 403 197 116 404 121 64 405 120 119 406 197 116 407 281 120 408 280 64 409 151 112 410 280 64 411 279 122 412 151 112 413 151 112 414 129 123 415 128 64 416 150 92 417 156 65 418 155 64 419 151 112 420 279 122 421 129 123 422 277 64 423 276 124 424 264 125 425 276 124 426 275 126 427 266 127 428 145 128 429 131 129 430 130 130 431 145 128 432 130 130 433 274 131 434 144 132 435 275 126 436 131 129 437 264 125 438 278 133 439 277 64 440 235 118 441 200 121 442 236 134 443 234 64 444 197 116 445 235 118 446 198 64 447 236 134 448 199 135 449 236 134 450 198 64 451 165 136 452 236 134 453 200 121 454 199 135 455 234 64 456 233 64 457 197 116 458 268 137 459 273 138 460 272 139 461 269 140 462 272 139 463 271 141 464 165 136 465 133 142 466 132 143 467 165 136 468 132 143 469 236 134 470 165 136 471 142 144 472 133 142 473 271 141 474 133 142 475 270 145 476 273 138 477 268 137 478 274 131 479 216 64 480 197 116 481 233 64 482 128 64 483 152 146 484 151 112 485 148 64 486 242 100 487 251 102 488 207 147 489 161 90 490 138 148 491 139 64 492 161 90 493 247 149 494 161 90 495 246 89 496 247 149 497 161 90 498 139 64 499 138 148 500 138 148 501 208 150 502 207 147 503 226 151 504 180 152 505 211 64 506 138 148 507 211 64 508 210 64 509 209 64 510 138 148 511 210 64 512 226 151 513 211 64 514 138 148 515 208 150 516 138 148 517 209 64 518 226 151 519 225 153 520 180 152 521 149 99 522 136 154 523 250 96 524 241 101 525 253 103 526 252 155 527 251 102 528 241 101 529 252 155 530 244 97 531 249 156 532 248 88 533 155 64 534 135 157 535 134 91 536 128 64 537 278 133 538 141 158 539 249 156 540 244 97 541 250 96 542 253 103 543 240 104 544 254 94 545 246 89 546 248 88 547 247 149 548 170 159 549 213 160 550 212 161 551 212 161 552 181 162 553 170 159 554 181 162 555 180 152 556 171 163 557 180 152 558 172 64 559 171 163 560 213 160 561 170 159 562 159 64 563 159 64 564 170 159 565 169 64 566 181 162 567 171 163 568 170 159 569 225 153 570 224 164 571 180 152 572 224 164 573 173 165 574 180 152 575 173 165 576 172 64 577 180 152 578 174 166 579 173 165 580 222 167 581 223 168 582 173 165 583 224 164 584 222 167 585 173 165 586 223 168 587 290 169 588 255 170 589 135 157 590 290 169 591 289 171 592 255 170 593 135 157 594 155 64 595 290 169 596 221 172 597 166 173 598 222 167 599 174 166 600 222 167 601 166 173 602 288 174 603 166 173 604 256 175 605 258 176 606 166 173 607 221 172 608 166 173 609 258 176 610 257 177 611 166 173 612 257 177 613 256 175 614 255 170 615 289 171 616 256 175 617 166 173 618 168 64 619 174 166 620 141 158 621 278 133 622 263 178 623 265 64 624 276 124 625 266 127 626 264 125 627 276 124 628 265 64 629 264 125 630 263 178 631 278 133 632 262 179 633 284 180 634 283 181 635 152 146 636 140 182 637 283 181 638 262 179 639 283 181 640 140 182 641 141 158 642 140 182 643 152 146 644 274 131 645 267 183 646 145 128 647 271 141 648 270 145 649 269 140 650 272 139 651 269 140 652 268 137 653 274 131 654 268 137 655 267 183 656 202 184 657 230 185 658 229 186 659 164 187 660 229 186 661 228 188 662 164 187 663 227 189 664 143 190 665 164 187 666 143 190 667 142 144 668 227 189 669 164 187 670 228 188 671 165 136 672 164 187 673 142 144 674 261 191 675 284 180 676 262 179 677 266 127 678 275 126 679 144 132 680 284 180 681 261 191 682 167 192 683 285 193 684 284 180 685 167 192 686 261 191 687 260 194 688 167 192 689 260 194 690 259 195 691 175 196 692 287 197 693 158 64 694 166 173 695 167 192 696 158 64 697 157 64 698 260 194 699 175 196 700 167 192 701 157 64 702 286 198 703 167 192 704 286 198 705 285 193 706 167 192 707 166 173 708 158 64 709 167 192 710 287 197 711 166 173 712 288 174 713 176 64 714 175 196 715 259 195 716 203 64 717 202 184 718 229 186 719 232 199 720 231 200 721 179 201 722 204 64 723 203 64 724 164 187 725 206 64 726 205 64 727 164 187 728 204 64 729 164 187 730 205 64 731 231 200 732 230 185 733 202 184 734 259 195 735 179 201 736 178 202 737 232 199 738 179 201 739 259 195 740 229 186 741 164 187 742 203 64 743 202 184 744 179 201 745 231 200 746 177 203 747 259 195 748 178 202 749 177 203 750 176 64 751 259 195 752 288 174 753 256 175 754 289 171 755 270 145 756 133 142 757 142 144 758 251 102 759 137 64 760 148 64 761 300 204 762 302 205 763 303 206 764 301 207 765 303 206 766 304 208 767 303 206 768 305 209 769 306 210 770 304 208 771 306 210 772 307 211 773 321 212 774 319 213 775 320 214 776 299 215 777 318 216 778 319 213 779 322 217 780 299 215 781 321 212 782 300 204 783 318 216 784 299 215 785 302 205 786 322 217 787 323 218 788 319 213 789 321 212 790 299 215 791 300 204 792 316 219 793 317 220 794 313 221 795 314 222 796 315 223 797 315 223 798 316 219 799 301 207 800 315 223 801 301 207 802 313 221 803 312 224 804 301 207 805 304 208 806 300 204 807 301 207 808 316 219 809 323 218 810 305 209 811 302 205 812 306 210 813 326 225 814 327 226 815 325 227 816 324 228 817 308 229 818 325 227 819 326 225 820 305 209 821 324 228 822 325 227 823 305 209 824 307 211 825 311 230 826 304 208 827 310 231 828 307 211 829 329 232 830 312 224 831 304 208 832 311 230 833 306 210 834 328 233 835 307 211 836 310 231 837 329 232 838 309 234 839 307 211 840 328 233 841 329 232 842 333 235 843 330 235 844 332 235 845 333 235 846 334 235 847 330 235 848 338 235 849 330 235 850 335 235 851 330 235 852 334 235 853 335 235 854 338 235 855 336 235 856 337 235 857 338 235 858 337 235 859 331 235 860 338 235 861 335 235 862 336 235 863 341 56 864 342 56 865 339 56 866 345 236 867 346 237 868 347 237 869 349 238 870 345 236 871 348 239 872 347 237 873 348 239 874 345 236 875 343 240 876 349 238 877 350 241 878 343 240 879 351 242 880 344 237 881 350 241 882 351 242 883 343 240 884 345 236 885 349 238 886 343 240 887 362 243 888 355 244 889 356 245 890 362 243 891 357 246 892 361 247 893 352 248 894 359 249 895 360 250 896 353 251 897 354 252 898 355 244 899 361 247 900 358 253 901 359 249 902 361 247 903 357 246 904 358 253 905 367 237 906 368 237 907 369 237 908 366 237 909 369 237 910 370 237 911 371 237 912 366 237 913 370 237 914 365 254 915 371 237 916 372 237 917 365 254 918 372 237 919 373 255 920 363 256 921 373 255 922 364 237 923 366 237 924 371 237 925 365 254 926 376 257 927 378 258 928 379 259 929 377 260 930 379 259 931 380 261 932 379 259 933 381 262 934 382 263 935 380 261 936 382 263 937 383 264 938 401 265 939 399 266 940 400 267 941 375 268 942 398 269 943 399 266 944 375 268 945 401 265 946 402 270 947 376 257 948 398 269 949 375 268 950 402 270 951 378 258 952 375 268 953 378 258 954 402 270 955 403 271 956 399 266 957 401 265 958 375 268 959 376 257 960 396 272 961 397 273 962 394 274 963 374 275 964 395 276 965 395 276 966 396 272 967 377 260 968 395 276 969 377 260 970 394 274 971 377 260 972 393 277 973 394 274 974 393 277 975 377 260 976 380 261 977 376 257 978 377 260 979 396 272 980 403 271 981 381 262 982 378 258 983 382 263 984 386 278 985 387 279 986 385 280 987 404 281 988 384 282 989 385 280 990 386 278 991 381 262 992 404 281 993 385 280 994 381 262 995 383 264 996 392 283 997 380 261 998 391 284 999 383 264 1000 389 285 1001 393 277 1002 380 261 1003 392 283 1004 382 263 1005 388 286 1006 383 264 1007 391 284 1008 389 285 1009 390 287 1010 383 264 1011 388 286 1012 389 285 1013 418 288 1014 407 289 1015 417 290 1016 417 290 1017 408 291 1018 416 292 1019 415 293 1020 410 294 1021 414 293 1022 413 295 1023 405 296 1024 412 297 1025 414 293 1026 411 298 1027 413 295 1028 416 292 1029 409 299 1030 415 293 1031 421 300 1032 423 301 1033 424 302 1034 422 303 1035 424 302 1036 425 304 1037 424 302 1038 426 305 1039 427 306 1040 425 304 1041 427 306 1042 428 307 1043 446 308 1044 445 309 1045 419 310 1046 420 311 1047 444 312 1048 445 309 1049 447 313 1050 420 311 1051 446 308 1052 421 300 1053 444 312 1054 420 311 1055 423 301 1056 447 313 1057 448 314 1058 445 309 1059 446 308 1060 420 311 1061 421 300 1062 442 315 1063 443 315 1064 439 316 1065 440 317 1066 441 318 1067 441 318 1068 442 315 1069 422 303 1070 441 318 1071 422 303 1072 439 316 1073 422 303 1074 438 319 1075 439 316 1076 438 319 1077 422 303 1078 425 304 1079 421 300 1080 422 303 1081 442 315 1082 448 314 1083 426 305 1084 423 301 1085 427 306 1086 431 320 1087 432 321 1088 430 322 1089 449 323 1090 429 324 1091 430 322 1092 431 320 1093 426 305 1094 449 323 1095 430 322 1096 426 305 1097 428 307 1098 437 325 1099 425 304 1100 436 326 1101 428 307 1102 434 327 1103 438 319 1104 425 304 1105 437 325 1106 427 306 1107 433 328 1108 428 307 1109 436 326 1110 434 327 1111 435 329 1112 428 307 1113 433 328 1114 434 327 1115 454 330 1116 450 330 1117 453 330 1118 455 330 1119 463 330 1120 454 330 1121 462 330 1122 456 330 1123 461 330 1124 458 330 1125 460 330 1126 457 330 1127 451 330 1128 459 330 1129 458 330 1130 461 330 1131 457 330 1132 460 330 1133 465 331 1134 467 332 1135 468 333 1136 466 334 1137 468 333 1138 469 335 1139 468 333 1140 470 336 1141 471 337 1142 469 335 1143 471 337 1144 472 338 1145 491 339 1146 489 340 1147 490 341 1148 464 342 1149 488 343 1150 489 340 1151 492 344 1152 464 342 1153 491 339 1154 465 331 1155 488 343 1156 464 342 1157 467 332 1158 492 344 1159 493 345 1160 489 340 1161 491 339 1162 464 342 1163 465 331 1164 486 346 1165 487 347 1166 483 348 1167 484 349 1168 485 350 1169 485 350 1170 486 346 1171 466 334 1172 485 350 1173 466 334 1174 483 348 1175 466 334 1176 482 351 1177 483 348 1178 482 351 1179 466 334 1180 469 335 1181 465 331 1182 466 334 1183 486 346 1184 493 345 1185 470 336 1186 467 332 1187 474 352 1188 470 336 1189 494 353 1190 494 353 1191 473 354 1192 474 352 1193 471 337 1194 475 355 1195 476 356 1196 470 336 1197 474 352 1198 475 355 1199 480 357 1200 481 358 1201 472 338 1202 469 335 1203 472 338 1204 481 358 1205 471 337 1206 477 359 1207 472 338 1208 482 351 1209 469 335 1210 481 358 1211 472 338 1212 478 360 1213 480 357 1214 478 360 1215 479 361 1216 480 357 1217 477 359 1218 478 360 1219 472 338 1220 508 362 1221 496 363 1222 507 364 1223 507 364 1224 497 365 1225 506 366 1226 505 367 1227 499 368 1228 504 369 1229 503 370 1230 501 371 1231 502 372 1232 504 369 1233 500 373 1234 503 370 1235 506 366 1236 498 374 1237 505 367 1238 511 375 1239 513 376 1240 514 377 1241 512 378 1242 514 377 1243 515 379 1244 514 377 1245 516 380 1246 517 381 1247 515 379 1248 517 381 1249 518 382 1250 536 383 1251 535 384 1252 509 385 1253 510 386 1254 534 387 1255 535 384 1256 510 386 1257 536 383 1258 537 388 1259 511 375 1260 534 387 1261 510 386 1262 537 388 1263 513 376 1264 510 386 1265 513 376 1266 537 388 1267 538 389 1268 535 384 1269 536 383 1270 510 386 1271 532 390 1272 511 375 1273 512 378 1274 529 391 1275 530 392 1276 531 393 1277 531 393 1278 532 390 1279 512 378 1280 531 393 1281 512 378 1282 529 391 1283 512 378 1284 528 394 1285 529 391 1286 528 394 1287 512 378 1288 515 379 1289 538 389 1290 516 380 1291 513 376 1292 517 381 1293 522 395 1294 523 396 1295 521 397 1296 539 398 1297 520 399 1298 521 397 1299 522 395 1300 516 380 1301 539 398 1302 521 397 1303 516 380 1304 518 382 1305 527 400 1306 515 379 1307 526 401 1308 518 382 1309 525 402 1310 528 394 1311 515 379 1312 527 400 1313 517 381 1314 524 403 1315 518 382 1316 526 401 1317 525 402 1318 519 404 1319 518 382 1320 524 403 1321 525 402 1322 540 56 1323 543 56 1324 553 56 1325 553 56 1326 544 56 1327 552 56 1328 551 56 1329 546 56 1330 550 56 1331 549 56 1332 541 56 1333 548 56 1334 550 56 1335 547 56 1336 549 56 1337 552 56 1338 545 56 1339 551 56 1340 556 405 1341 558 406 1342 559 407 1343 557 408 1344 559 407 1345 560 409 1346 559 407 1347 561 410 1348 562 411 1349 560 409 1350 562 411 1351 563 412 1352 581 413 1353 579 414 1354 580 415 1355 555 416 1356 578 417 1357 579 414 1358 555 416 1359 581 413 1360 582 418 1361 556 405 1362 578 417 1363 555 416 1364 582 418 1365 558 406 1366 555 416 1367 558 406 1368 582 418 1369 583 419 1370 579 414 1371 581 413 1372 555 416 1373 576 420 1374 556 405 1375 557 408 1376 574 421 1377 554 422 1378 575 423 1379 575 423 1380 576 420 1381 557 408 1382 575 423 1383 557 408 1384 574 421 1385 557 408 1386 573 424 1387 574 421 1388 573 424 1389 557 408 1390 560 409 1391 584 425 1392 561 410 1393 583 419 1394 562 411 1395 568 426 1396 565 427 1397 567 428 1398 584 425 1399 564 429 1400 567 428 1401 568 426 1402 561 410 1403 584 425 1404 567 428 1405 561 410 1406 563 412 1407 572 430 1408 560 409 1409 571 431 1410 563 412 1411 570 432 1412 573 424 1413 560 409 1414 572 430 1415 562 411 1416 569 433 1417 563 412 1418 571 431 1419 570 432 1420 566 434 1421 563 412 1422 569 433 1423 570 432 1424 583 419 1425 561 410 1426 558 406 1427 585 435 1428 593 436 1429 591 437 1430 591 437 1431 594 438 1432 590 439 1433 589 440 1434 596 441 1435 588 442 1436 587 443 1437 598 435 1438 586 444 1439 588 442 1440 597 445 1441 587 443 1442 590 439 1443 595 446 1444 589 440 1445 623 447 1446 715 448 1447 628 449 1448 716 450 1449 628 449 1450 715 448 1451 628 449 1452 604 451 1453 605 452 1454 624 450 1455 696 453 1456 623 447 1457 604 451 1458 628 449 1459 716 450 1460 693 454 1461 623 447 1462 692 455 1463 623 447 1464 693 454 1465 715 448 1466 676 456 1467 606 457 1468 607 458 1469 695 459 1470 625 460 1471 626 461 1472 625 460 1473 696 453 1474 624 450 1475 628 449 1476 605 452 1477 606 457 1478 769 462 1479 631 463 1480 632 464 1481 631 463 1482 769 462 1483 630 465 1484 770 466 1485 629 467 1486 630 465 1487 632 464 1488 633 468 1489 769 462 1490 769 462 1491 628 449 1492 676 456 1493 606 457 1494 676 456 1495 628 449 1496 630 465 1497 769 462 1498 770 466 1499 771 450 1500 772 450 1501 629 467 1502 770 466 1503 771 450 1504 629 467 1505 633 468 1506 628 449 1507 769 462 1508 677 450 1509 629 467 1510 772 450 1511 676 456 1512 607 458 1513 608 469 1514 696 453 1515 625 460 1516 695 459 1517 697 470 1518 698 471 1519 623 447 1520 696 453 1521 697 470 1522 623 447 1523 695 459 1524 627 450 1525 621 472 1526 623 447 1527 698 471 1528 692 455 1529 621 472 1530 674 473 1531 695 459 1532 621 472 1533 673 474 1534 674 473 1535 726 475 1536 723 476 1537 724 477 1538 727 478 1539 722 479 1540 723 476 1541 622 480 1542 724 477 1543 673 474 1544 622 480 1545 673 474 1546 621 472 1547 675 481 1548 670 482 1549 660 483 1550 676 456 1551 609 484 1552 670 482 1553 676 456 1554 608 469 1555 609 484 1556 728 485 1557 672 486 1558 721 487 1559 672 486 1560 659 450 1561 671 450 1562 731 488 1563 718 489 1564 719 490 1565 718 489 1566 732 491 1567 717 450 1568 729 492 1569 719 490 1570 720 493 1571 680 494 1572 656 495 1573 679 496 1574 721 487 1575 722 479 1576 728 485 1577 627 450 1578 695 459 1579 626 461 1580 670 482 1581 732 491 1582 660 483 1583 634 497 1584 775 498 1585 639 499 1586 677 450 1587 678 500 1588 629 467 1589 637 450 1590 638 450 1591 776 501 1592 638 450 1593 639 499 1594 776 501 1595 634 497 1596 629 467 1597 678 500 1598 634 497 1599 773 502 1600 774 503 1601 634 497 1602 678 500 1603 773 502 1604 636 504 1605 637 450 1606 776 501 1607 639 499 1608 775 498 1609 776 501 1610 634 497 1611 774 503 1612 775 498 1613 759 505 1614 679 496 1615 758 450 1616 679 496 1617 635 506 1618 776 501 1619 760 507 1620 600 508 1621 635 506 1622 640 509 1623 713 510 1624 645 450 1625 640 509 1626 635 506 1627 602 511 1628 635 506 1629 600 508 1630 601 512 1631 635 506 1632 636 504 1633 776 501 1634 635 506 1635 759 505 1636 760 507 1637 644 513 1638 645 450 1639 713 510 1640 640 509 1641 603 514 1642 694 450 1643 603 514 1644 640 509 1645 602 511 1646 601 512 1647 602 511 1648 635 506 1649 635 506 1650 679 496 1651 759 505 1652 679 496 1653 656 495 1654 657 515 1655 679 496 1656 757 516 1657 758 450 1658 694 450 1659 711 517 1660 640 509 1661 679 496 1662 657 515 1663 757 516 1664 755 518 1665 743 519 1666 754 520 1667 753 521 1668 744 522 1669 655 450 1670 744 522 1671 753 521 1672 754 520 1673 713 510 1674 714 523 1675 644 513 1676 712 524 1677 713 510 1678 640 509 1679 642 450 1680 643 525 1681 714 523 1682 714 523 1683 641 526 1684 642 450 1685 714 523 1686 643 525 1687 644 513 1688 712 524 1689 640 509 1690 711 517 1691 747 527 1692 750 528 1693 751 529 1694 747 527 1695 749 530 1696 750 528 1697 641 526 1698 652 531 1699 653 532 1700 641 526 1701 714 523 1702 652 531 1703 641 526 1704 653 532 1705 664 533 1706 749 530 1707 748 450 1708 653 532 1709 751 529 1710 752 534 1711 745 535 1712 755 518 1713 756 450 1714 741 536 1715 671 450 1716 659 450 1717 720 493 1718 685 537 1719 662 538 1720 622 480 1721 663 539 1722 725 540 1723 622 480 1724 622 480 1725 725 540 1726 724 477 1727 622 480 1728 662 538 1729 663 539 1730 662 538 1731 685 537 1732 686 541 1733 704 542 1734 689 543 1735 619 544 1736 662 538 1737 688 545 1738 689 543 1739 687 450 1740 688 545 1741 662 538 1742 704 542 1743 662 538 1744 689 543 1745 686 541 1746 687 450 1747 662 538 1748 704 542 1749 619 544 1750 703 450 1751 672 486 1752 728 485 1753 658 546 1754 730 547 1755 731 488 1756 719 490 1757 729 492 1758 730 547 1759 719 490 1760 659 450 1761 729 492 1762 720 493 1763 723 476 1764 726 475 1765 727 478 1766 756 450 1767 656 495 1768 741 536 1769 675 481 1770 660 483 1771 661 548 1772 727 478 1773 728 485 1774 722 479 1775 724 477 1776 725 540 1777 726 475 1778 702 549 1779 703 450 1780 619 544 1781 620 550 1782 683 551 1783 619 544 1784 702 549 1785 684 552 1786 701 450 1787 701 450 1788 684 552 1789 700 553 1790 683 551 1791 684 552 1792 619 544 1793 618 554 1794 690 555 1795 691 556 1796 599 450 1797 683 551 1798 618 554 1799 684 552 1800 702 549 1801 619 544 1802 683 551 1803 620 550 1804 618 554 1805 618 554 1806 620 550 1807 690 555 1808 616 557 1809 700 553 1810 684 552 1811 767 558 1812 733 559 1813 734 560 1814 661 548 1815 733 559 1816 768 561 1817 767 558 1818 768 561 1819 733 559 1820 661 548 1821 768 561 1822 675 481 1823 767 558 1824 734 560 1825 766 562 1826 699 563 1827 700 553 1828 616 557 1829 617 450 1830 616 557 1831 684 552 1832 765 450 1833 766 562 1834 616 557 1835 736 564 1836 699 563 1837 616 557 1838 616 557 1839 735 565 1840 736 564 1841 616 557 1842 734 560 1843 735 565 1844 734 560 1845 616 557 1846 766 562 1847 743 519 1848 744 522 1849 754 520 1850 655 450 1851 669 566 1852 654 567 1853 668 450 1854 655 450 1855 744 522 1856 755 518 1857 742 568 1858 743 519 1859 680 494 1860 666 569 1861 667 570 1862 667 570 1863 656 495 1864 680 494 1865 761 450 1866 666 569 1867 680 494 1868 761 450 1869 740 450 1870 666 569 1871 740 450 1872 761 450 1873 762 571 1874 741 536 1875 656 495 1876 667 570 1877 755 518 1878 741 536 1879 742 568 1880 654 567 1881 669 566 1882 745 535 1883 747 527 1884 748 450 1885 749 530 1886 746 572 1887 747 527 1888 751 529 1889 745 535 1890 746 572 1891 751 529 1892 647 573 1893 707 574 1894 708 575 1895 646 576 1896 706 450 1897 707 574 1898 646 576 1899 665 577 1900 705 578 1901 646 576 1902 664 533 1903 665 577 1904 705 578 1905 706 450 1906 646 576 1907 641 526 1908 664 533 1909 646 576 1910 752 534 1911 654 567 1912 745 535 1913 610 579 1914 739 580 1915 762 571 1916 739 580 1917 610 579 1918 738 581 1919 738 581 1920 611 582 1921 737 583 1922 762 571 1923 763 584 1924 610 579 1925 765 450 1926 616 557 1927 682 450 1928 610 579 1929 681 450 1930 682 450 1931 738 581 1932 610 579 1933 611 582 1934 681 450 1935 610 579 1936 764 450 1937 764 450 1938 610 579 1939 763 584 1940 616 557 1941 610 579 1942 682 450 1943 612 585 1944 737 583 1945 611 582 1946 648 450 1947 707 574 1948 647 573 1949 710 586 1950 615 587 1951 709 450 1952 649 450 1953 646 576 1954 648 450 1955 651 450 1956 646 576 1957 650 450 1958 649 450 1959 650 450 1960 646 576 1961 709 450 1962 647 573 1963 708 575 1964 737 583 1965 614 588 1966 615 587 1967 710 586 1968 737 583 1969 615 587 1970 707 574 1971 648 450 1972 646 576 1973 647 573 1974 709 450 1975 615 587 1976 613 589 1977 614 588 1978 737 583 1979 613 589 1980 737 583 1981 612 585 1982 762 571 1983 739 580 1984 740 450 1985 748 450 1986 664 533 1987 653 532 1988 786 64 1989 778 64 1990 777 64 1991 787 64 1992 785 64 1993 786 64 1994 784 64 1995 788 64 1996 783 64 1997 790 64 1998 782 64 1999 789 64 2000 779 64 2001 781 64 2002 790 64 2003 783 64 2004 789 64 2005 782 64 2006 826 590 2007 791 330 2008 833 591 2009 831 592 2010 826 590 2011 832 593 2012 833 591 2013 832 593 2014 826 590 2015 824 594 2016 826 590 2017 831 592 2018 848 330 2019 825 595 2020 824 594 2021 835 596 2022 824 594 2023 830 597 2024 831 592 2025 830 597 2026 824 594 2027 834 330 2028 824 594 2029 835 596 2030 829 598 2031 835 596 2032 830 597 2033 794 330 2034 837 330 2035 834 330 2036 824 594 2037 834 330 2038 837 330 2039 824 594 2040 837 330 2041 836 330 2042 839 330 2043 824 594 2044 836 330 2045 824 594 2046 839 330 2047 838 330 2048 824 594 2049 838 330 2050 841 330 2051 799 330 2052 841 330 2053 838 330 2054 801 330 2055 843 330 2056 840 330 2057 824 594 2058 840 330 2059 843 330 2060 824 594 2061 843 330 2062 842 330 2063 840 330 2064 824 594 2065 841 330 2066 824 594 2067 845 330 2068 844 330 2069 824 594 2070 844 330 2071 847 330 2072 805 330 2073 847 330 2074 844 330 2075 807 330 2076 849 330 2077 846 330 2078 849 330 2079 824 594 2080 846 330 2081 848 330 2082 824 594 2083 849 330 2084 847 330 2085 846 330 2086 824 594 2087 845 330 2088 824 594 2089 842 330 2090 803 330 2091 845 330 2092 842 330 2093 797 330 2094 839 330 2095 836 330 2096 792 330 2097 795 599 2098 829 598 2099 795 599 2100 835 596 2101 829 598 2102 850 330 2103 825 595 2104 851 330 2105 811 330 2106 853 330 2107 850 330 2108 808 330 2109 851 330 2110 809 330 2111 851 330 2112 848 330 2113 809 330 2114 826 590 2115 828 600 2116 791 330 2117 879 601 2118 878 602 2119 828 600 2120 880 603 2121 879 601 2122 828 600 2123 828 600 2124 868 604 2125 881 605 2126 880 603 2127 828 600 2128 881 605 2129 827 606 2130 868 604 2131 828 600 2132 813 330 2133 855 330 2134 852 330 2135 825 595 2136 852 330 2137 855 330 2138 825 595 2139 855 330 2140 854 330 2141 857 330 2142 825 595 2143 854 330 2144 852 330 2145 825 595 2146 853 330 2147 825 595 2148 822 607 2149 827 606 2150 825 595 2151 857 330 2152 856 330 2153 825 595 2154 850 330 2155 853 330 2156 815 330 2157 857 330 2158 854 330 2159 869 608 2160 868 604 2161 827 606 2162 827 606 2163 883 330 2164 882 330 2165 827 606 2166 884 609 2167 883 330 2168 885 610 2169 827 606 2170 822 607 2171 885 610 2172 884 609 2173 827 606 2174 862 611 2175 873 612 2176 872 613 2177 872 613 2178 825 595 2179 862 611 2180 825 595 2181 872 613 2182 871 330 2183 871 330 2184 870 614 2185 825 595 2186 825 595 2187 870 614 2188 823 615 2189 882 330 2190 869 608 2191 827 606 2192 866 616 2193 873 612 2194 862 611 2195 817 330 2196 859 330 2197 856 330 2198 825 595 2199 859 330 2200 858 330 2201 825 595 2202 858 330 2203 861 330 2204 859 330 2205 825 595 2206 856 330 2207 819 330 2208 861 330 2209 858 330 2210 821 330 2211 863 330 2212 860 330 2213 825 595 2214 860 330 2215 863 330 2216 825 595 2217 863 330 2218 862 611 2219 862 611 2220 874 617 2221 867 618 2222 865 619 2223 874 617 2224 862 611 2225 867 618 2226 866 616 2227 862 611 2228 874 617 2229 865 619 2230 875 620 2231 877 330 2232 876 621 2233 864 330 2234 865 619 2235 864 330 2236 876 621 2237 875 620 2238 865 619 2239 876 621 2240 860 330 2241 825 595 2242 861 330 2243 888 56 2244 894 56 2245 886 56 2246 888 56 2247 892 56 2248 893 56 2249 893 56 2250 894 56 2251 888 56 2252 891 56 2253 892 56 2254 889 56 2255 888 56 2256 889 56 2257 892 56 2258 887 56 2259 890 56 2260 889 56 2261 891 56 2262 889 56 2263 890 56 2264 948 622 2265 945 623 2266 946 624 2267 945 623 2268 949 625 2269 944 626 2270 936 235 2271 937 235 2272 949 625 2273 942 627 2274 944 626 2275 949 625 2276 950 235 2277 925 235 2278 926 235 2279 949 625 2280 941 235 2281 942 627 2282 949 625 2283 940 235 2284 941 235 2285 940 235 2286 966 235 2287 941 235 2288 938 235 2289 965 235 2290 939 235 2291 949 625 2292 938 235 2293 939 235 2294 949 625 2295 937 235 2296 938 235 2297 939 235 2298 940 235 2299 949 625 2300 943 628 2301 944 626 2302 942 627 2303 936 235 2304 949 625 2305 935 235 2306 935 235 2307 949 625 2308 934 235 2309 934 235 2310 963 235 2311 935 235 2312 898 235 2313 937 235 2314 936 235 2315 932 235 2316 962 235 2317 933 235 2318 933 235 2319 934 235 2320 949 625 2321 932 235 2322 933 235 2323 949 625 2324 949 625 2325 931 235 2326 932 235 2327 930 235 2328 931 235 2329 949 625 2330 930 235 2331 949 625 2332 929 235 2333 928 235 2334 960 235 2335 929 235 2336 926 235 2337 959 235 2338 927 235 2339 928 235 2340 949 625 2341 927 235 2342 950 235 2343 927 235 2344 949 625 2345 949 625 2346 928 235 2347 929 235 2348 930 235 2349 961 235 2350 931 235 2351 896 629 2352 943 628 2353 942 627 2354 898 235 2355 964 235 2356 937 235 2357 924 235 2358 925 235 2359 950 235 2360 924 235 2361 904 235 2362 958 235 2363 957 235 2364 923 235 2365 905 235 2366 924 235 2367 958 235 2368 925 235 2369 947 235 2370 948 622 2371 946 624 2372 980 235 2373 947 235 2374 979 235 2375 947 235 2376 981 235 2377 982 235 2378 980 235 2379 981 235 2380 947 235 2381 969 235 2382 947 235 2383 982 235 2384 950 235 2385 920 235 2386 921 235 2387 922 235 2388 950 235 2389 921 235 2390 920 235 2391 950 235 2392 919 235 2393 950 235 2394 914 235 2395 915 235 2396 950 235 2397 910 235 2398 911 235 2399 924 235 2400 950 235 2401 923 235 2402 969 235 2403 970 235 2404 951 235 2405 923 235 2406 950 235 2407 922 235 2408 951 235 2409 947 235 2410 969 235 2411 950 235 2412 913 235 2413 914 235 2414 951 235 2415 983 235 2416 984 235 2417 951 235 2418 984 235 2419 985 235 2420 986 235 2421 910 235 2422 951 235 2423 986 235 2424 951 235 2425 985 235 2426 973 235 2427 974 235 2428 913 235 2429 950 235 2430 973 235 2431 913 235 2432 950 235 2433 972 235 2434 973 235 2435 972 235 2436 950 235 2437 971 235 2438 950 235 2439 911 235 2440 971 235 2441 951 235 2442 970 235 2443 983 235 2444 967 235 2445 913 235 2446 974 235 2447 906 235 2448 921 235 2449 920 235 2450 950 235 2451 918 235 2452 919 235 2453 950 235 2454 917 235 2455 918 235 2456 918 235 2457 955 235 2458 919 235 2459 921 235 2460 906 235 2461 956 235 2462 954 235 2463 916 235 2464 908 235 2465 916 235 2466 954 235 2467 917 235 2468 950 235 2469 915 235 2470 916 235 2471 913 235 2472 968 235 2473 975 235 2474 909 235 2475 915 235 2476 914 235 2477 975 235 2478 952 235 2479 913 235 2480 968 235 2481 913 235 2482 967 235 2483 975 235 2484 976 235 2485 952 235 2486 909 235 2487 953 235 2488 915 235 2489 978 235 2490 912 235 2491 977 235 2492 952 235 2493 977 235 2494 912 235 2495 976 235 2496 977 235 2497 952 235 2498 916 235 2499 917 235 2500 950 235 2501 923 235 2502 922 235 2503 905 235 2504 995 237 2505 987 237 2506 990 237 2507 990 237 2508 994 237 2509 995 237 2510 994 237 2511 990 237 2512 993 237 2513 992 237 2514 993 237 2515 988 237 2516 990 237 2517 988 237 2518 993 237 2519 988 237 2520 991 237 2521 992 237 2522 988 237 2523 989 237 2524 991 237 2525 1003 56 2526 1002 56 2527 1004 56 2528 1004 56 2529 1001 630 2530 1005 631 2531 998 56 2532 1003 56 2533 996 56 2534 1003 56 2535 998 56 2536 1002 56 2537 1001 630 2538 1006 632 2539 1005 631 2540 999 633 2541 997 634 2542 1007 635 2543 1000 636 2544 999 633 2545 1007 635 2546 1001 630 2547 1004 56 2548 1002 56 2549 1000 636 2550 1006 632 2551 1001 630 2552 1000 636 2553 1007 635 2554 1006 632 2555 1010 637 2556 1015 638 2557 1008 639 2558 1014 237 2559 1015 638 2560 1010 637 2561 1014 237 2562 1013 237 2563 1016 237 2564 1013 237 2565 1012 640 2566 1018 237 2567 1015 638 2568 1014 237 2569 1016 237 2570 1013 237 2571 1018 237 2572 1017 237 2573 1012 640 2574 1019 641 2575 1018 237 2576 1009 237 2577 1019 641 2578 1011 642 2579 1019 641 2580 1012 640 2581 1011 642 2582 1016 237 2583 1013 237 2584 1017 237 2585 1026 643 2586 1024 644 2587 1027 645 2588 1027 645 2589 1025 646 2590 1028 647 2591 1030 648 2592 1027 645 2593 1031 649 2594 1031 649 2595 1028 647 2596 1032 650 2597 1044 651 2598 1020 652 2599 1039 653 2600 1023 654 2601 1039 653 2602 1038 655 2603 1024 644 2604 1038 655 2605 1021 652 2606 1045 656 2607 1023 654 2608 1026 643 2609 1044 651 2610 1039 653 2611 1023 654 2612 1025 646 2613 1037 657 2614 1036 658 2615 1048 659 2616 1036 658 2617 1022 660 2618 1036 658 2619 1048 659 2620 1025 646 2621 1048 659 2622 1028 647 2623 1025 646 2624 1024 644 2625 1037 657 2626 1025 646 2627 1026 643 2628 1046 661 2629 1045 656 2630 1031 649 2631 1041 662 2632 1030 648 2633 1040 663 2634 1033 664 2635 1046 661 2636 1040 663 2637 1030 648 2638 1041 662 2639 1046 661 2640 1030 648 2641 1040 663 2642 1032 650 2643 1029 665 2644 1047 666 2645 1043 667 2646 1032 650 2647 1047 666 2648 1042 668 2649 1031 649 2650 1032 650 2651 1047 666 2652 1035 669 2653 1043 667 2654 1032 650 2655 1043 667 2656 1042 668 2657 1067 670 2658 1054 671 2659 1062 672 2660 1049 673 2661 1062 672 2662 1054 671 2663 1053 674 2664 1054 671 2665 1067 670 2666 1067 670 2667 1063 675 2668 1068 676 2669 1068 676 2670 1064 677 2671 1069 678 2672 1068 676 2673 1061 679 2674 1067 670 2675 1050 673 2676 1053 674 2677 1061 679 2678 1061 679 2679 1053 674 2680 1067 670 2681 1059 680 2682 1068 676 2683 1069 678 2684 1070 681 2685 1059 680 2686 1069 678 2687 1064 677 2688 1070 681 2689 1069 678 2690 1065 682 2691 1071 683 2692 1070 681 2693 1055 684 2694 1066 685 2695 1051 686 2696 1066 685 2697 1071 683 2698 1065 682 2699 1055 684 2700 1072 687 2701 1066 685 2702 1057 688 2703 1058 689 2704 1071 683 2705 1070 681 2706 1071 683 2707 1058 689 2708 1072 687 2709 1057 688 2710 1071 683 2711 1057 688 2712 1056 690 2713 1052 691 2714 1055 684 2715 1056 690 2716 1072 687 2717 1072 687 2718 1056 690 2719 1057 688 2720 1075 692 2721 1073 693 2722 1074 694 2723 1080 695 2724 1077 696 2725 1078 697 2726 1083 56 2727 1084 56 2728 1081 56 2729 1088 698 2730 1085 698 2731 1086 698 2732 1092 696 2733 1089 695 2734 1090 699 2735 1096 56 2736 1093 56 2737 1094 56 2738 1100 693 2739 1097 692 2740 1098 700 2741 1104 695 2742 1101 696 2743 1102 697 2744 1108 56 2745 1105 56 2746 1106 56 2747 1111 701 2748 1109 702 2749 1110 698 2750 1116 703 2751 1113 704 2752 1114 705 2753 1119 56 2754 1120 56 2755 1117 56 2756 1124 702 2757 1121 701 2758 1122 700 2759 1128 699 2760 1125 699 2761 1126 699 2762 1132 56 2763 1129 56 2764 1130 56 2765 1136 698 2766 1133 698 2767 1134 698 2768 1140 704 2769 1137 703 2770 1138 697 2771 1144 56 2772 1141 56 2773 1142 56 2774 1148 706 2775 1145 707 2776 1146 694 2777 1152 699 2778 1149 699 2779 1150 699 2780 1155 56 2781 1153 56 2782 1156 56 2783 1160 706 2784 1157 707 2785 1158 694 2786 1164 699 2787 1161 699 2788 1162 699 2789 1168 56 2790 1165 56 2791 1166 56 2792 1172 708 2793 1169 709 2794 1170 710 2795 1176 699 2796 1173 699 2797 1174 699 2798 1180 56 2799 1177 56 2800 1178 56 2801 1184 711 2802 1181 712 2803 1182 698 2804 1188 713 2805 1185 714 2806 1186 715 2807 1191 56 2808 1189 56 2809 1192 56 2810 1196 698 2811 1193 698 2812 1194 698 2813 1200 699 2814 1197 699 2815 1198 699 2816 1204 56 2817 1201 56 2818 1202 56 2819 1207 708 2820 1205 716 2821 1206 717 2822 1212 718 2823 1209 719 2824 1210 720 2825 1215 56 2826 1216 56 2827 1213 56 2828 1220 716 2829 1217 708 2830 1218 710 2831 1224 721 2832 1221 721 2833 1222 699 2834 1227 56 2835 1225 56 2836 1228 56 2837 1232 722 2838 1229 723 2839 1230 710 2840 1236 724 2841 1233 725 2842 1234 699 2843 1240 56 2844 1237 56 2845 1238 56 2846 1244 721 2847 1241 721 2848 1242 699 2849 1248 56 2850 1245 56 2851 1246 56 2852 1251 708 2853 1249 716 2854 1252 717 2855 1255 64 2856 1256 64 2857 1253 64 2858 1260 237 2859 1257 237 2860 1258 237 2861 1263 450 2862 1264 450 2863 1261 450 2864 1268 56 2865 1265 56 2866 1266 56 2867 1273 726 2868 1271 727 2869 1274 728 2870 1274 728 2871 1272 729 2872 1275 730 2873 1277 731 2874 1274 728 2875 1278 732 2876 1278 732 2877 1275 730 2878 1279 733 2879 1270 734 2880 1291 735 2881 1290 736 2882 1292 737 2883 1291 735 2884 1270 734 2885 1285 738 2886 1270 734 2887 1290 736 2888 1273 726 2889 1293 739 2890 1292 737 2891 1273 726 2892 1294 740 2893 1293 739 2894 1270 734 2895 1273 726 2896 1292 737 2897 1284 741 2898 1271 727 2899 1285 738 2900 1289 742 2901 1284 741 2902 1269 743 2903 1284 741 2904 1289 742 2905 1272 729 2906 1272 729 2907 1289 742 2908 1288 744 2909 1288 744 2910 1275 730 2911 1272 729 2912 1271 727 2913 1270 734 2914 1285 738 2915 1295 745 2916 1294 740 2917 1277 731 2918 1282 746 2919 1277 731 2920 1278 732 2921 1282 746 2922 1280 747 2923 1295 745 2924 1277 731 2925 1282 746 2926 1295 745 2927 1278 732 2928 1283 748 2929 1282 746 2930 1276 749 2931 1287 750 2932 1275 730 2933 1279 733 2934 1275 730 2935 1287 750 2936 1286 751 2937 1283 748 2938 1279 733 2939 1283 748 2940 1286 751 2941 1281 752 2942 1287 750 2943 1286 751 2944 1279 733 2945 1299 753 2946 1301 754 2947 1302 755 2948 1300 756 2949 1302 755 2950 1303 757 2951 1302 755 2952 1304 758 2953 1305 759 2954 1303 757 2955 1305 759 2956 1306 760 2957 1298 761 2958 1317 762 2959 1296 763 2960 1298 761 2961 1316 764 2962 1317 762 2963 1301 754 2964 1298 761 2965 1318 765 2966 1296 763 2967 1318 765 2968 1298 761 2969 1319 766 2970 1301 754 2971 1318 765 2972 1299 753 2973 1316 764 2974 1298 761 2975 1314 767 2976 1299 753 2977 1300 756 2978 1300 756 2979 1313 768 2980 1314 767 2981 1313 768 2982 1300 756 2983 1297 769 2984 1300 756 2985 1322 770 2986 1297 769 2987 1322 770 2988 1300 756 2989 1303 757 2990 1308 771 2991 1304 758 2992 1319 766 2993 1305 759 2994 1309 772 2995 1310 773 2996 1319 766 2997 1307 774 2998 1308 771 2999 1304 758 3000 1308 771 3001 1309 772 3002 1321 775 3003 1303 757 3004 1306 760 3005 1312 776 3006 1321 775 3007 1306 760 3008 1322 770 3009 1303 757 3010 1321 775 3011 1305 759 3012 1311 777 3013 1306 760 3014 1321 775 3015 1312 776 3016 1320 778 3017 1306 760 3018 1311 777 3019 1312 776 3020 1330 56 3021 1324 56 3022 1328 56 3023 1332 56 3024 1327 56 3025 1326 56 3026 1323 56 3027 1326 56 3028 1325 56 3029 1331 56 3030 1328 56 3031 1327 56 3032 1339 235 3033 1338 235 3034 1340 235 3035 1337 235 3036 1340 235 3037 1338 235 3038 1342 235 3039 1335 235 3040 1334 235 3041 1341 235 3042 1336 235 3043 1342 235 3044 1346 237 3045 1344 237 3046 1352 237 3047 1348 237 3048 1351 237 3049 1350 237 3050 1343 237 3051 1350 237 3052 1349 237 3053 1347 237 3054 1352 237 3055 1351 237 3056 1359 330 3057 1358 330 3058 1360 330 3059 1357 330 3060 1360 330 3061 1358 330 3062 1362 330 3063 1355 330 3064 1354 330 3065 1361 330 3066 1356 330 3067 1362 330 3068 1372 237 3069 1370 237 3070 1368 237 3071 1373 237 3072 1368 237 3073 1367 237 3074 1375 237 3075 1366 237 3076 1365 237 3077 1369 237 3078 1364 237 3079 1363 237 3080 1376 237 3081 1365 237 3082 1364 237 3083 1374 237 3084 1367 237 3085 1366 237 3086 1377 330 3087 1385 330 3088 1386 330 3089 1385 330 3090 1387 330 3091 1386 330 3092 1384 330 3093 1388 330 3094 1387 330 3095 1382 330 3096 1390 330 3097 1389 330 3098 1381 330 3099 1379 330 3100 1390 330 3101 1389 330 3102 1383 330 3103 1382 330 3104 1400 56 3105 1392 56 3106 1398 56 3107 1401 56 3108 1398 56 3109 1397 56 3110 1403 56 3111 1396 56 3112 1395 56 3113 1391 56 3114 1394 56 3115 1393 56 3116 1404 56 3117 1395 56 3118 1394 56 3119 1402 56 3120 1397 56 3121 1396 56 3122 1407 779 3123 1412 780 3124 1418 781 3125 1408 782 3126 1418 781 3127 1417 783 3128 1410 784 3129 1416 785 3130 1415 786 3131 1405 787 3132 1414 788 3133 1413 789 3134 1411 790 3135 1415 786 3136 1414 788 3137 1409 782 3138 1417 783 3139 1416 785 3140 1422 237 3141 1420 237 3142 1432 237 3143 1423 237 3144 1432 237 3145 1431 237 3146 1425 237 3147 1430 237 3148 1429 237 3149 1419 237 3150 1428 237 3151 1427 237 3152 1426 237 3153 1429 237 3154 1428 237 3155 1424 237 3156 1431 237 3157 1430 237 3158 1440 56 3159 1434 56 3160 1438 791 3161 1437 792 3162 1441 793 3163 1438 791 3164 1443 56 3165 1437 792 3166 1436 56 3167 1435 56 3168 1444 56 3169 1436 56 3170 1438 791 3171 1441 793 3172 1440 56 3173 1436 56 3174 1444 56 3175 1443 56 3176 1445 235 3177 1458 235 3178 1449 235 3179 1449 235 3180 1457 235 3181 1450 235 3182 1450 235 3183 1456 235 3184 1451 235 3185 1452 235 3186 1454 235 3187 1453 235 3188 1453 235 3189 1448 235 3190 1447 235 3191 1451 235 3192 1455 235 3193 1452 235 3194 1462 235 3195 1472 235 3196 1463 235 3197 1463 235 3198 1471 235 3199 1464 235 3200 1464 235 3201 1470 235 3202 1465 235 3203 1466 235 3204 1468 235 3205 1467 235 3206 1467 235 3207 1461 235 3208 1460 235 3209 1465 235 3210 1469 235 3211 1466 235 3212 1480 794 3213 1481 795 3214 1474 237 3215 1482 796 3216 1480 794 3217 1479 237 3218 1477 797 3219 1483 237 3220 1478 237 3221 1484 798 3222 1477 797 3223 1476 799 3224 1478 237 3225 1483 237 3226 1479 237 3227 1482 796 3228 1479 237 3229 1483 237 3230 1475 237 3231 1473 800 3232 1476 799 3233 1473 800 3234 1484 798 3235 1476 799 3236 1488 56 3237 1486 56 3238 1498 56 3239 1489 56 3240 1498 56 3241 1497 56 3242 1491 56 3243 1496 56 3244 1495 56 3245 1485 56 3246 1494 56 3247 1493 56 3248 1492 56 3249 1495 56 3250 1494 56 3251 1490 56 3252 1497 56 3253 1496 56 3254 1508 237 3255 1500 237 3256 1506 237 3257 1509 237 3258 1506 237 3259 1505 237 3260 1511 237 3261 1504 237 3262 1503 237 3263 1499 237 3264 1502 237 3265 1501 237 3266 1512 237 3267 1503 237 3268 1502 237 3269 1510 237 3270 1505 237 3271 1504 237 3272 1513 330 3273 1521 330 3274 1522 330 3275 1521 330 3276 1523 330 3277 1522 330 3278 1520 330 3279 1524 330 3280 1523 330 3281 1518 330 3282 1526 330 3283 1525 330 3284 1517 330 3285 1515 330 3286 1526 330 3287 1525 330 3288 1519 330 3289 1518 330 3290 1536 56 3291 1528 56 3292 1534 56 3293 1537 56 3294 1534 56 3295 1533 56 3296 1539 56 3297 1532 56 3298 1531 56 3299 1527 56 3300 1530 56 3301 1529 56 3302 1540 56 3303 1531 56 3304 1530 56 3305 1538 56 3306 1533 56 3307 1532 56 3308 1550 801 3309 1548 801 3310 1547 801 3311 1551 801 3312 1547 801 3313 1546 801 3314 1553 802 3315 1545 803 3316 1544 804 3317 1541 805 3318 1543 806 3319 1542 801 3320 1554 807 3321 1544 804 3322 1543 806 3323 1552 808 3324 1546 801 3325 1545 803 3326 1559 809 3327 1557 810 3328 1560 811 3329 1560 811 3330 1558 812 3331 1561 813 3332 1562 814 3333 1560 811 3334 1563 815 3335 1563 815 3336 1561 813 3337 1564 816 3338 1577 817 3339 1576 818 3340 1585 819 3341 1556 820 3342 1585 819 3343 1584 821 3344 1556 820 3345 1578 822 3346 1577 817 3347 1584 821 3348 1557 810 3349 1556 820 3350 1559 809 3351 1579 823 3352 1578 822 3353 1585 819 3354 1556 820 3355 1577 817 3356 1582 824 3357 1557 810 3358 1583 825 3359 1569 826 3360 1581 827 3361 1555 429 3362 1581 827 3363 1558 812 3364 1582 824 3365 1581 827 3366 1569 826 3367 1558 812 3368 1558 812 3369 1569 826 3370 1568 828 3371 1568 828 3372 1561 813 3373 1558 812 3374 1579 823 3375 1562 814 3376 1580 829 3377 1571 830 3378 1580 829 3379 1562 814 3380 1580 829 3381 1571 830 3382 1570 831 3383 1563 815 3384 1572 832 3385 1562 814 3386 1562 814 3387 1572 832 3388 1571 830 3389 1564 816 3390 1567 833 3391 1566 834 3392 1574 835 3393 1563 815 3394 1564 816 3395 1568 828 3396 1567 833 3397 1561 813 3398 1564 816 3399 1566 834 3400 1575 836 3401 1575 836 3402 1566 834 3403 1565 837 3404 1574 835 3405 1564 816 3406 1575 836 3407 1590 838 3408 1588 839 3409 1591 840 3410 1591 840 3411 1589 841 3412 1592 842 3413 1593 843 3414 1591 840 3415 1594 844 3416 1594 844 3417 1592 842 3418 1595 845 3419 1613 846 3420 1603 847 3421 1586 848 3422 1613 846 3423 1612 849 3424 1587 850 3425 1587 850 3426 1603 847 3427 1613 846 3428 1590 838 3429 1605 851 3430 1604 852 3431 1612 849 3432 1588 839 3433 1587 850 3434 1604 852 3435 1587 850 3436 1590 838 3437 1590 838 3438 1606 853 3439 1605 851 3440 1603 847 3441 1587 850 3442 1604 852 3443 1588 839 3444 1611 854 3445 1610 855 3446 1618 856 3447 1609 857 3448 1608 858 3449 1609 857 3450 1589 841 3451 1610 855 3452 1609 857 3453 1618 856 3454 1589 841 3455 1589 841 3456 1618 856 3457 1617 859 3458 1617 859 3459 1592 842 3460 1589 841 3461 1588 839 3462 1610 855 3463 1589 841 3464 1593 843 3465 1607 860 3466 1606 853 3467 1594 844 3468 1599 861 3469 1593 843 3470 1598 862 3471 1607 860 3472 1593 843 3473 1607 860 3474 1598 862 3475 1597 863 3476 1593 843 3477 1599 861 3478 1598 862 3479 1601 864 3480 1600 865 3481 1594 844 3482 1592 842 3483 1615 866 3484 1595 845 3485 1615 866 3486 1614 867 3487 1595 845 3488 1595 845 3489 1614 867 3490 1602 868 3491 1602 868 3492 1614 867 3493 1596 869 3494 1601 864 3495 1595 845 3496 1602 868 3497 1595 845 3498 1601 864 3499 1594 844 3500 1623 870 3501 1621 871 3502 1624 872 3503 1624 872 3504 1622 873 3505 1625 874 3506 1626 875 3507 1624 872 3508 1627 876 3509 1627 876 3510 1625 874 3511 1628 877 3512 1634 878 3513 1647 879 3514 1646 880 3515 1634 878 3516 1633 881 3517 1620 882 3518 1620 882 3519 1647 879 3520 1634 878 3521 1623 870 3522 1649 883 3523 1648 884 3524 1633 881 3525 1621 871 3526 1620 882 3527 1648 884 3528 1620 882 3529 1623 870 3530 1623 870 3531 1650 885 3532 1649 883 3533 1647 879 3534 1620 882 3535 1648 884 3536 1621 871 3537 1632 886 3538 1631 887 3539 1640 888 3540 1630 889 3541 1619 890 3542 1630 889 3543 1622 873 3544 1631 887 3545 1630 889 3546 1640 888 3547 1622 873 3548 1622 873 3549 1640 888 3550 1639 891 3551 1639 891 3552 1625 874 3553 1622 873 3554 1621 871 3555 1631 887 3556 1622 873 3557 1626 875 3558 1651 892 3559 1650 885 3560 1627 876 3561 1642 893 3562 1626 875 3563 1641 894 3564 1651 892 3565 1626 875 3566 1651 892 3567 1641 894 3568 1629 895 3569 1626 875 3570 1642 893 3571 1641 894 3572 1644 896 3573 1643 897 3574 1627 876 3575 1625 874 3576 1637 898 3577 1628 877 3578 1637 898 3579 1636 899 3580 1628 877 3581 1628 877 3582 1636 899 3583 1645 900 3584 1645 900 3585 1636 899 3586 1635 901 3587 1644 896 3588 1628 877 3589 1645 900 3590 1628 877 3591 1644 896 3592 1627 876 3593 1658 902 3594 1656 903 3595 1659 904 3596 1659 904 3597 1657 905 3598 1660 906 3599 1661 907 3600 1659 904 3601 1662 908 3602 1662 908 3603 1660 906 3604 1663 909 3605 1679 910 3606 1652 911 3607 1667 912 3608 1655 913 3609 1667 912 3610 1666 914 3611 1655 913 3612 1680 915 3613 1679 910 3614 1666 914 3615 1656 903 3616 1655 913 3617 1680 915 3618 1655 913 3619 1658 902 3620 1658 902 3621 1681 916 3622 1680 915 3623 1667 912 3624 1655 913 3625 1679 910 3626 1656 903 3627 1653 917 3628 1665 918 3629 1672 919 3630 1664 920 3631 1654 921 3632 1664 920 3633 1657 905 3634 1665 918 3635 1664 920 3636 1672 919 3637 1657 905 3638 1657 905 3639 1672 919 3640 1671 922 3641 1671 922 3642 1660 906 3643 1657 905 3644 1656 903 3645 1665 918 3646 1657 905 3647 1661 907 3648 1682 923 3649 1681 916 3650 1674 924 3651 1682 923 3652 1661 907 3653 1682 923 3654 1674 924 3655 1673 925 3656 1662 908 3657 1675 926 3658 1661 907 3659 1661 907 3660 1675 926 3661 1674 924 3662 1669 927 3663 1663 909 3664 1670 928 3665 1660 906 3666 1670 928 3667 1663 909 3668 1677 929 3669 1662 908 3670 1663 909 3671 1671 922 3672 1670 928 3673 1660 906 3674 1663 909 3675 1669 927 3676 1678 930 3677 1678 930 3678 1669 927 3679 1668 931 3680 1677 929 3681 1663 909 3682 1678 930 3683 1681 916 3684 1658 902 3685 1661 907 3686 1686 932 3687 1684 933 3688 1687 934 3689 1687 934 3690 1685 935 3691 1688 936 3692 1689 937 3693 1687 934 3694 1690 938 3695 1690 938 3696 1688 936 3697 1691 939 3698 1683 940 3699 1705 941 3700 1704 942 3701 1683 940 3702 1704 942 3703 1703 943 3704 1686 932 3705 1706 944 3706 1683 940 3707 1705 941 3708 1683 940 3709 1706 944 3710 1686 932 3711 1707 945 3712 1706 944 3713 1703 943 3714 1684 933 3715 1683 940 3716 1701 946 3717 1684 933 3718 1702 947 3719 1685 935 3720 1701 946 3721 1700 948 3722 1700 948 3723 1699 949 3724 1685 935 3725 1685 935 3726 1699 949 3727 1709 950 3728 1709 950 3729 1688 936 3730 1685 935 3731 1694 951 3732 1707 945 3733 1689 937 3734 1692 952 3735 1707 945 3736 1694 951 3737 1689 937 3738 1695 953 3739 1694 951 3740 1690 938 3741 1695 953 3742 1689 937 3743 1691 939 3744 1688 936 3745 1708 954 3746 1709 950 3747 1708 954 3748 1688 936 3749 1698 955 3750 1697 956 3751 1691 939 3752 1697 956 3753 1690 938 3754 1691 939 3755 1698 955 3756 1708 954 3757 1693 957 3758 1691 939 3759 1708 954 3760 1698 955 3761 1716 958 3762 1714 959 3763 1717 960 3764 1717 960 3765 1715 961 3766 1718 962 3767 1719 963 3768 1717 960 3769 1720 964 3770 1720 964 3771 1718 962 3772 1721 965 3773 1737 966 3774 1710 967 3775 1726 968 3776 1713 969 3777 1726 968 3778 1725 970 3779 1713 969 3780 1738 971 3781 1737 966 3782 1725 970 3783 1714 959 3784 1713 969 3785 1716 958 3786 1739 972 3787 1738 971 3788 1726 968 3789 1713 969 3790 1737 966 3791 1714 959 3792 1711 973 3793 1724 974 3794 1736 975 3795 1723 976 3796 1712 977 3797 1723 976 3798 1715 961 3799 1724 974 3800 1723 976 3801 1736 975 3802 1715 961 3803 1715 961 3804 1736 975 3805 1735 978 3806 1735 978 3807 1718 962 3808 1715 961 3809 1714 959 3810 1724 974 3811 1715 961 3812 1740 979 3813 1739 972 3814 1719 963 3815 1720 964 3816 1729 980 3817 1719 963 3818 1728 981 3819 1727 982 3820 1740 979 3821 1728 981 3822 1719 963 3823 1729 980 3824 1740 979 3825 1719 963 3826 1728 981 3827 1734 983 3828 1721 965 3829 1718 962 3830 1733 984 3831 1732 985 3832 1721 965 3833 1735 978 3834 1734 983 3835 1718 962 3836 1731 986 3837 1720 964 3838 1721 965 3839 1733 984 3840 1722 987 3841 1732 985 3842 1721 965 3843 1732 985 3844 1731 986 3845 1739 972 3846 1716 958 3847 1719 963 3848 1745 988 3849 1743 989 3850 1746 990 3851 1746 990 3852 1744 991 3853 1747 992 3854 1748 993 3855 1746 990 3856 1749 994 3857 1749 994 3858 1747 992 3859 1750 995 3860 1768 996 3861 1767 997 3862 1758 998 3863 1742 999 3864 1758 998 3865 1757 1000 3866 1742 999 3867 1769 1001 3868 1768 996 3869 1757 1000 3870 1743 989 3871 1742 999 3872 1769 1001 3873 1742 999 3874 1745 988 3875 1745 988 3876 1770 1002 3877 1769 1001 3878 1758 998 3879 1742 999 3880 1768 996 3881 1755 1003 3882 1743 989 3883 1756 1004 3884 1766 1005 3885 1754 1006 3886 1741 1007 3887 1754 1006 3888 1744 991 3889 1755 1003 3890 1754 1006 3891 1766 1005 3892 1744 991 3893 1765 1008 3894 1744 991 3895 1766 1005 3896 1770 1002 3897 1748 993 3898 1771 1009 3899 1749 994 3900 1760 1010 3901 1748 993 3902 1759 1011 3903 1751 1012 3904 1771 1009 3905 1759 1011 3906 1748 993 3907 1760 1010 3908 1771 1009 3909 1748 993 3910 1759 1011 3911 1764 1013 3912 1750 995 3913 1747 992 3914 1763 1014 3915 1762 1015 3916 1750 995 3917 1765 1008 3918 1764 1013 3919 1747 992 3920 1761 1016 3921 1749 994 3922 1750 995 3923 1763 1014 3924 1753 1017 3925 1762 1015 3926 1750 995 3927 1762 1015 3928 1761 1016 3929 1776 1018 3930 1774 1019 3931 1777 1020 3932 1777 1020 3933 1775 1021 3934 1778 1022 3935 1779 1023 3936 1777 1020 3937 1780 1024 3938 1780 1024 3939 1778 1022 3940 1781 1025 3941 1799 1026 3942 1798 1027 3943 1792 1028 3944 1773 1029 3945 1792 1028 3946 1791 1030 3947 1773 1029 3948 1800 1031 3949 1799 1026 3950 1791 1030 3951 1774 1019 3952 1773 1029 3953 1800 1031 3954 1773 1029 3955 1776 1018 3956 1776 1018 3957 1801 1032 3958 1800 1031 3959 1792 1028 3960 1773 1029 3961 1799 1026 3962 1789 1033 3963 1774 1019 3964 1790 1034 3965 1797 1035 3966 1788 1036 3967 1772 1037 3968 1788 1036 3969 1775 1021 3970 1789 1033 3971 1788 1036 3972 1797 1035 3973 1775 1021 3974 1775 1021 3975 1797 1035 3976 1796 1038 3977 1796 1038 3978 1778 1022 3979 1775 1021 3980 1801 1032 3981 1779 1023 3982 1802 1039 3983 1783 1040 3984 1802 1039 3985 1779 1023 3986 1802 1039 3987 1783 1040 3988 1782 1041 3989 1780 1024 3990 1784 1042 3991 1779 1023 3992 1779 1023 3993 1784 1042 3994 1783 1040 3995 1781 1025 3996 1795 1043 3997 1794 1044 3998 1786 1045 3999 1780 1024 4000 1781 1025 4001 1796 1038 4002 1795 1043 4003 1778 1022 4004 1781 1025 4005 1794 1044 4006 1787 1046 4007 1787 1046 4008 1794 1044 4009 1793 1047 4010 1786 1045 4011 1781 1025 4012 1787 1046 4013 1807 1048 4014 1805 1049 4015 1808 1050 4016 1808 1050 4017 1806 1051 4018 1809 1052 4019 1810 1053 4020 1808 1050 4021 1811 32 4022 1811 32 4023 1809 1052 4024 1812 1054 4025 1830 1055 4026 1803 1056 4027 1819 1057 4028 1804 1058 4029 1819 1057 4030 1818 38 4031 1804 1058 4032 1831 1059 4033 1830 1055 4034 1818 38 4035 1805 1049 4036 1804 1058 4037 1807 1048 4038 1832 1060 4039 1831 1059 4040 1819 1057 4041 1804 1058 4042 1830 1055 4043 1805 1049 4044 1817 42 4045 1816 38 4046 1829 1061 4047 1815 1062 4048 1814 1063 4049 1815 1062 4050 1806 1051 4051 1816 38 4052 1815 1062 4053 1829 1061 4054 1806 1051 4055 1828 1064 4056 1806 1051 4057 1829 1061 4058 1805 1049 4059 1816 38 4060 1806 1051 4061 1833 1065 4062 1832 1060 4063 1810 1053 4064 1811 32 4065 1822 48 4066 1810 1053 4067 1821 1066 4068 1820 1067 4069 1833 1065 4070 1821 1066 4071 1810 1053 4072 1822 48 4073 1833 1065 4074 1810 1053 4075 1821 1066 4076 1827 1068 4077 1812 1054 4078 1809 1052 4079 1826 1069 4080 1825 1070 4081 1812 1054 4082 1828 1064 4083 1827 1068 4084 1809 1052 4085 1824 54 4086 1811 32 4087 1812 1054 4088 1826 1069 4089 1813 50 4090 1825 1070 4091 1812 1054 4092 1825 1070 4093 1824 54 4094 1832 1060 4095 1807 1048 4096 1810 1053 4097 1837 1071 4098 1836 1072 4099 1838 1073 4100 1839 1074 4101 1838 1073 4102 1840 1075 4103 1841 1076 4104 1840 1075 4105 1842 1077 4106 1843 1078 4107 1842 1077 4108 1844 1079 4109 1835 1080 4110 1856 1081 4111 1863 1082 4112 1834 1083 4113 1863 1082 4114 1856 1081 4115 1862 1084 4116 1835 1080 4117 1863 1082 4118 1856 1081 4119 1837 1071 4120 1857 1085 4121 1839 1074 4122 1857 1085 4123 1837 1071 4124 1861 1086 4125 1836 1072 4126 1862 1084 4127 1836 1072 4128 1835 1080 4129 1862 1084 4130 1861 1086 4131 1860 1087 4132 1855 1088 4133 1855 1088 4134 1836 1072 4135 1861 1086 4136 1854 1089 4137 1840 1075 4138 1838 1073 4139 1838 1073 4140 1855 1088 4141 1854 1089 4142 1858 1090 4143 1841 1076 4144 1859 1091 4145 1843 1078 4146 1859 1091 4147 1841 1076 4148 1859 1091 4149 1843 1078 4150 1847 1092 4151 1847 1092 4152 1843 1078 4153 1848 1093 4154 1846 1094 4155 1859 1091 4156 1847 1092 4157 1848 1093 4158 1843 1078 4159 1849 1095 4160 1852 1096 4161 1844 1079 4162 1842 1077 4163 1842 1077 4164 1853 1097 4165 1852 1096 4166 1852 1096 4167 1851 1098 4168 1844 1079 4169 1844 1079 4170 1850 1099 4171 1849 1095 4172 1852 1096 4173 1845 1100 4174 1851 1098 4175 1844 1079 4176 1851 1098 4177 1850 1099 4178 1844 1079 4179 1849 1095 4180 1843 1078 4181 1867 1101 4182 1866 1102 4183 1868 1103 4184 1869 1104 4185 1868 1103 4186 1870 1105 4187 1871 1106 4188 1870 1105 4189 1872 1107 4190 1873 1108 4191 1872 1107 4192 1874 1109 4193 1890 1110 4194 1889 1111 4195 1883 1112 4196 1865 1113 4197 1883 1112 4198 1882 1114 4199 1867 1101 4200 1891 1115 4201 1890 1110 4202 1881 1116 4203 1865 1113 4204 1882 1114 4205 1890 1110 4206 1865 1113 4207 1867 1101 4208 1883 1112 4209 1865 1113 4210 1890 1110 4211 1866 1102 4212 1881 1116 4213 1880 1117 4214 1888 1118 4215 1879 1119 4216 1864 1120 4217 1879 1119 4218 1866 1102 4219 1880 1117 4220 1888 1118 4221 1868 1103 4222 1866 1102 4223 1865 1113 4224 1881 1116 4225 1866 1102 4226 1887 1121 4227 1868 1103 4228 1888 1118 4229 1879 1119 4230 1888 1118 4231 1866 1102 4232 1892 1122 4233 1869 1104 4234 1871 1106 4235 1871 1106 4236 1893 1123 4237 1892 1122 4238 1876 1124 4239 1875 1125 4240 1893 1123 4241 1877 1126 4242 1876 1124 4243 1873 1108 4244 1893 1123 4245 1873 1108 4246 1876 1124 4247 1870 1105 4248 1886 1127 4249 1872 1107 4250 1885 1128 4251 1872 1107 4252 1886 1127 4253 1878 1129 4254 1877 1126 4255 1874 1109 4256 1878 1129 4257 1885 1128 4258 1884 1130 4259 1874 1109 4260 1885 1128 4261 1878 1129 4262 1873 1108 4263 1874 1109 4264 1877 1126 4265 1898 1131 4266 1896 1132 4267 1899 1133 4268 1899 1133 4269 1897 1134 4270 1900 1135 4271 1901 1136 4272 1899 1133 4273 1902 1137 4274 1902 1137 4275 1900 1135 4276 1903 1138 4277 1921 1139 4278 1920 1027 4279 1909 1140 4280 1895 1141 4281 1909 1140 4282 1908 1142 4283 1895 1141 4284 1922 1143 4285 1921 1139 4286 1908 1142 4287 1896 1132 4288 1895 1141 4289 1922 1143 4290 1895 1141 4291 1898 1131 4292 1898 1131 4293 1923 1144 4294 1922 1143 4295 1909 1140 4296 1895 1141 4297 1921 1139 4298 1896 1132 4299 1907 1145 4300 1906 1146 4301 1919 1147 4302 1905 1148 4303 1894 1037 4304 1905 1148 4305 1897 1134 4306 1906 1146 4307 1905 1148 4308 1919 1147 4309 1897 1134 4310 1897 1134 4311 1919 1147 4312 1918 1149 4313 1918 1149 4314 1900 1135 4315 1897 1134 4316 1896 1132 4317 1906 1146 4318 1897 1134 4319 1901 1136 4320 1924 1150 4321 1923 1144 4322 1910 1151 4323 1924 1150 4324 1901 1136 4325 1924 1150 4326 1910 1151 4327 1904 1152 4328 1902 1137 4329 1911 1153 4330 1901 1136 4331 1901 1136 4332 1911 1153 4333 1910 1151 4334 1903 1138 4335 1917 1154 4336 1916 1155 4337 1913 1156 4338 1902 1137 4339 1903 1138 4340 1918 1149 4341 1917 1154 4342 1900 1135 4343 1903 1138 4344 1916 1155 4345 1914 1157 4346 1914 1157 4347 1916 1155 4348 1915 1047 4349 1913 1156 4350 1903 1138 4351 1914 1157 4352 1923 1144 4353 1898 1131 4354 1901 1136 4355 1929 1158 4356 1927 1159 4357 1930 1160 4358 1930 1160 4359 1928 1161 4360 1931 1162 4361 1932 1163 4362 1930 1160 4363 1933 1164 4364 1933 1164 4365 1931 1162 4366 1934 1165 4367 1952 1166 4368 1925 1167 4369 1941 1168 4370 1926 1169 4371 1941 1168 4372 1940 1170 4373 1926 1169 4374 1953 1171 4375 1952 1166 4376 1940 1170 4377 1927 1159 4378 1926 1169 4379 1929 1158 4380 1954 1172 4381 1953 1171 4382 1941 1168 4383 1926 1169 4384 1952 1166 4385 1927 1159 4386 1939 1173 4387 1938 1174 4388 1945 1175 4389 1937 1176 4390 1936 1177 4391 1937 1176 4392 1928 1161 4393 1938 1174 4394 1937 1176 4395 1945 1175 4396 1928 1161 4397 1944 1178 4398 1928 1161 4399 1945 1175 4400 1927 1159 4401 1938 1174 4402 1928 1161 4403 1955 1179 4404 1954 1172 4405 1932 1163 4406 1933 1164 4407 1948 1180 4408 1932 1163 4409 1947 1181 4410 1946 1182 4411 1955 1179 4412 1947 1181 4413 1932 1163 4414 1948 1180 4415 1955 1179 4416 1932 1163 4417 1947 1181 4418 1943 1183 4419 1934 1165 4420 1931 1162 4421 1942 1184 4422 1951 1185 4423 1934 1165 4424 1944 1178 4425 1943 1183 4426 1931 1162 4427 1950 1186 4428 1933 1164 4429 1934 1165 4430 1942 1184 4431 1935 1187 4432 1951 1185 4433 1934 1165 4434 1951 1185 4435 1950 1186 4436 1954 1172 4437 1929 1158 4438 1932 1163 4439 1962 1188 4440 1960 1189 4441 1963 1190 4442 1963 1190 4443 1961 1191 4444 1964 1192 4445 1965 1193 4446 1963 1190 4447 1966 1194 4448 1966 1194 4449 1964 1192 4450 1967 1195 4451 1979 1196 4452 1956 1197 4453 1986 1198 4454 1959 1199 4455 1986 1198 4456 1985 1200 4457 1959 1199 4458 1980 1201 4459 1979 1196 4460 1985 1200 4461 1960 1189 4462 1959 1199 4463 1962 1188 4464 1981 1202 4465 1980 1201 4466 1986 1198 4467 1959 1199 4468 1979 1196 4469 1960 1189 4470 1957 1203 4471 1984 1204 4472 1978 1205 4473 1983 1206 4474 1958 1207 4475 1983 1206 4476 1961 1191 4477 1984 1204 4478 1983 1206 4479 1978 1205 4480 1961 1191 4481 1961 1191 4482 1978 1205 4483 1977 1208 4484 1977 1208 4485 1964 1192 4486 1961 1191 4487 1960 1189 4488 1984 1204 4489 1961 1191 4490 1982 1209 4491 1981 1202 4492 1965 1193 4493 1966 1194 4494 1971 1210 4495 1965 1193 4496 1970 1211 4497 1969 1212 4498 1982 1209 4499 1970 1211 4500 1965 1193 4501 1971 1210 4502 1982 1209 4503 1965 1193 4504 1970 1211 4505 1976 1213 4506 1967 1195 4507 1964 1192 4508 1975 1214 4509 1974 1215 4510 1967 1195 4511 1977 1208 4512 1976 1213 4513 1964 1192 4514 1973 1216 4515 1966 1194 4516 1967 1195 4517 1975 1214 4518 1968 1217 4519 1974 1215 4520 1967 1195 4521 1974 1215 4522 1973 1216 4523 1981 1202 4524 1962 1188 4525 1965 1193 4526 1991 1218 4527 1989 1219 4528 1992 1220 4529 1992 1220 4530 1990 1221 4531 1993 1222 4532 1994 1223 4533 1992 1220 4534 1995 1224 4535 1995 1224 4536 1993 1222 4537 1996 1225 4538 2014 1226 4539 2013 1227 4540 2004 1228 4541 1988 1229 4542 2004 1228 4543 2003 1230 4544 1988 1229 4545 2015 1231 4546 2014 1226 4547 2003 1230 4548 1989 1219 4549 1988 1229 4550 1991 1218 4551 2016 1232 4552 2015 1231 4553 2004 1228 4554 1988 1229 4555 2014 1226 4556 2001 1233 4557 1989 1219 4558 2002 1234 4559 2012 1235 4560 2000 1236 4561 1987 1007 4562 2000 1236 4563 1990 1221 4564 2001 1233 4565 2000 1236 4566 2012 1235 4567 1990 1221 4568 2011 1237 4569 1990 1221 4570 2012 1235 4571 2016 1232 4572 1994 1223 4573 2017 1238 4574 1995 1224 4575 2006 1239 4576 1994 1223 4577 2005 1240 4578 1997 1012 4579 2017 1238 4580 2005 1240 4581 1994 1223 4582 2006 1239 4583 2017 1238 4584 1994 1223 4585 2005 1240 4586 2010 1241 4587 1996 1225 4588 1993 1222 4589 2009 1242 4590 2008 1243 4591 1996 1225 4592 2011 1237 4593 2010 1241 4594 1993 1222 4595 2007 1244 4596 1995 1224 4597 1996 1225 4598 2009 1242 4599 1999 1017 4600 2008 1243 4601 1996 1225 4602 2008 1243 4603 2007 1244 4604 2022 1245 4605 2020 1246 4606 2023 1247 4607 2023 1247 4608 2021 1248 4609 2024 1249 4610 2025 1250 4611 2023 1247 4612 2026 1251 4613 2026 1251 4614 2024 1249 4615 2027 1252 4616 2040 1253 4617 2039 1037 4618 2038 1254 4619 2019 1255 4620 2038 1254 4621 2037 1142 4622 2019 1255 4623 2041 1256 4624 2040 1253 4625 2037 1142 4626 2020 1246 4627 2019 1255 4628 2022 1245 4629 2042 1257 4630 2041 1256 4631 2038 1254 4632 2019 1255 4633 2040 1253 4634 2035 1258 4635 2020 1246 4636 2036 1145 4637 2048 1259 4638 2034 1260 4639 2018 1261 4640 2034 1260 4641 2021 1248 4642 2035 1258 4643 2034 1260 4644 2048 1259 4645 2021 1248 4646 2047 1262 4647 2021 1248 4648 2048 1259 4649 2042 1257 4650 2025 1250 4651 2043 1263 4652 2029 1264 4653 2043 1263 4654 2025 1250 4655 2043 1263 4656 2029 1264 4657 2028 1265 4658 2026 1251 4659 2030 1153 4660 2025 1250 4661 2025 1250 4662 2030 1153 4663 2029 1264 4664 2027 1252 4665 2046 1266 4666 2045 1267 4667 2032 1156 4668 2026 1251 4669 2027 1252 4670 2047 1262 4671 2046 1266 4672 2024 1249 4673 2027 1252 4674 2045 1267 4675 2033 1268 4676 2033 1268 4677 2045 1267 4678 2044 1269 4679 2032 1156 4680 2027 1252 4681 2033 1268 4682 2061 1270 4683 2062 1271 4684 2050 1272 4685 2064 1273 4686 2065 1274 4687 2051 1275 4688 2050 1272 4689 2066 1276 4690 2064 1273 4691 2051 1275 4692 2068 1277 4693 2067 1278 4694 2064 1273 4695 2052 1279 4696 2050 1272 4697 2053 1280 4698 2064 1273 4699 2051 1275 4700 2052 1279 4701 2064 1273 4702 2053 1280 4703 2054 1281 4704 2053 1280 4705 2055 1282 4706 2056 1283 4707 2055 1282 4708 2057 1284 4709 2073 1285 4710 2057 1284 4711 2059 1286 4712 2056 1283 4713 2073 1285 4714 2058 1287 4715 2057 1284 4716 2073 1285 4717 2056 1283 4718 2071 1288 4719 2058 1287 4720 2069 1289 4721 2074 1290 4722 2059 1286 4723 2072 1291 4724 2069 1289 4725 2073 1285 4726 2074 1290 4727 2072 1291 4728 2075 1292 4729 2076 1293 4730 2063 1294 4731 2089 1295 4732 2049 1296 4733 2062 1271 4734 2063 1294 4735 2080 1297 4736 2049 1296 4737 2080 1297 4738 2063 1294 4739 2079 1298 4740 2062 1271 4741 2080 1297 4742 2061 1270 4743 2089 1295 4744 2063 1294 4745 2052 1279 4746 2090 1299 4747 2061 1270 4748 2089 1295 4749 2061 1270 4750 2090 1299 4751 2061 1270 4752 2050 1272 4753 2052 1279 4754 2090 1299 4755 2052 1279 4756 2054 1281 4757 2054 1281 4758 2091 1300 4759 2090 1299 4760 2079 1298 4761 2065 1274 4762 2066 1276 4763 2068 1277 4764 2078 1301 4765 2077 1302 4766 2065 1274 4767 2078 1301 4768 2068 1277 4769 2053 1280 4770 2051 1275 4771 2067 1278 4772 2083 1303 4773 2067 1278 4774 2084 1304 4775 2068 1277 4776 2084 1304 4777 2067 1278 4778 2053 1280 4779 2067 1278 4780 2083 1303 4781 2055 1282 4782 2053 1280 4783 2083 1303 4784 2077 1302 4785 2084 1304 4786 2068 1277 4787 2070 1305 4788 2092 1306 4789 2091 1300 4790 2058 1287 4791 2070 1305 4792 2056 1283 4793 2091 1300 4794 2056 1283 4795 2070 1305 4796 2071 1288 4797 2092 1306 4798 2070 1305 4799 2086 1307 4800 2085 1308 4801 2071 1288 4802 2092 1306 4803 2071 1288 4804 2085 1308 4805 2087 1309 4806 2069 1289 4807 2074 1290 4808 2071 1288 4809 2069 1289 4810 2086 1307 4811 2082 1310 4812 2057 1284 4813 2055 1282 4814 2082 1310 4815 2075 1292 4816 2057 1284 4817 2059 1286 4818 2057 1284 4819 2075 1292 4820 2081 1311 4821 2075 1292 4822 2082 1310 4823 2083 1303 4824 2082 1310 4825 2055 1282 4826 2087 1309 4827 2072 1291 4828 2088 1312 4829 2076 1293 4830 2088 1312 4831 2072 1291 4832 2060 1313 4833 2076 1293 4834 2081 1311 4835 2076 1293 4836 2075 1292 4837 2081 1311 4838 2088 1312 4839 2076 1293 4840 2060 1313 4841 2091 1300 4842 2054 1281 4843 2056 1283 4844 2105 1314 4845 2106 1315 4846 2094 1316 4847 2108 1099 4848 2109 1317 4849 2095 1318 4850 2094 1316 4851 2110 1319 4852 2108 1099 4853 2095 1318 4854 2112 1320 4855 2111 1321 4856 2108 1099 4857 2096 1322 4858 2094 1316 4859 2097 1323 4860 2108 1099 4861 2095 1318 4862 2096 1322 4863 2108 1099 4864 2097 1323 4865 2098 1324 4866 2097 1323 4867 2099 1325 4868 2100 1326 4869 2099 1325 4870 2101 1327 4871 2117 1328 4872 2101 1327 4873 2103 1329 4874 2100 1326 4875 2117 1328 4876 2102 1330 4877 2101 1327 4878 2117 1328 4879 2100 1326 4880 2115 1331 4881 2102 1330 4882 2113 1332 4883 2118 1333 4884 2103 1329 4885 2116 1334 4886 2113 1332 4887 2117 1328 4888 2118 1333 4889 2116 1334 4890 2119 1335 4891 2120 1336 4892 2107 1337 4893 2130 1338 4894 2129 1339 4895 2106 1315 4896 2107 1337 4897 2136 1340 4898 2129 1339 4899 2136 1340 4900 2107 1337 4901 2135 1341 4902 2106 1315 4903 2136 1340 4904 2105 1314 4905 2130 1338 4906 2107 1337 4907 2096 1322 4908 2131 1342 4909 2105 1314 4910 2130 1338 4911 2105 1314 4912 2131 1342 4913 2105 1314 4914 2094 1316 4915 2096 1322 4916 2131 1342 4917 2096 1322 4918 2098 1324 4919 2098 1324 4920 2132 1343 4921 2131 1342 4922 2109 1317 4923 2110 1319 4924 2135 1341 4925 2112 1320 4926 2134 1344 4927 2093 1345 4928 2135 1341 4929 2134 1344 4930 2109 1317 4931 2109 1317 4932 2134 1344 4933 2112 1320 4934 2097 1323 4935 2095 1318 4936 2111 1321 4937 2127 1346 4938 2111 1321 4939 2128 1347 4940 2112 1320 4941 2128 1347 4942 2111 1321 4943 2097 1323 4944 2111 1321 4945 2127 1346 4946 2099 1325 4947 2097 1323 4948 2127 1346 4949 2093 1345 4950 2128 1347 4951 2112 1320 4952 2114 1348 4953 2133 1349 4954 2132 1343 4955 2102 1330 4956 2114 1348 4957 2100 1326 4958 2132 1343 4959 2100 1326 4960 2114 1348 4961 2115 1331 4962 2133 1349 4963 2114 1348 4964 2121 1350 4965 2104 1351 4966 2115 1331 4967 2133 1349 4968 2115 1331 4969 2104 1351 4970 2113 1332 4971 2122 1352 4972 2121 1350 4973 2115 1331 4974 2113 1332 4975 2121 1350 4976 2126 1353 4977 2101 1327 4978 2099 1325 4979 2126 1353 4980 2119 1335 4981 2101 1327 4982 2103 1329 4983 2101 1327 4984 2119 1335 4985 2125 1354 4986 2119 1335 4987 2126 1353 4988 2127 1346 4989 2126 1353 4990 2099 1325 4991 2116 1334 4992 2122 1352 4993 2118 1333 4994 2120 1336 4995 2123 1355 4996 2116 1334 4997 2124 1356 4998 2120 1336 4999 2125 1354 5000 2120 1336 5001 2119 1335 5002 2125 1354 5003 2123 1355 5004 2120 1336 5005 2124 1356 5006 2132 1343 5007 2098 1324 5008 2100 1326 5009 2149 1357 5010 2150 1358 5011 2138 1359 5012 2152 1360 5013 2153 1361 5014 2139 1362 5015 2138 1359 5016 2154 1363 5017 2152 1360 5018 2139 1362 5019 2156 1364 5020 2155 1365 5021 2152 1360 5022 2140 1366 5023 2138 1359 5024 2141 1367 5025 2152 1360 5026 2139 1362 5027 2140 1366 5028 2152 1360 5029 2141 1367 5030 2142 1368 5031 2141 1367 5032 2143 1369 5033 2144 1370 5034 2143 1369 5035 2145 1371 5036 2161 1372 5037 2145 1371 5038 2147 1373 5039 2144 1370 5040 2161 1372 5041 2146 1374 5042 2145 1371 5043 2161 1372 5044 2144 1370 5045 2159 1375 5046 2146 1374 5047 2157 1376 5048 2162 1377 5049 2147 1373 5050 2160 1378 5051 2157 1376 5052 2161 1372 5053 2162 1377 5054 2160 1378 5055 2163 1379 5056 2164 1380 5057 2151 1381 5058 2177 1382 5059 2176 1383 5060 2150 1358 5061 2151 1381 5062 2167 1384 5063 2176 1383 5064 2167 1384 5065 2151 1381 5066 2166 1385 5067 2150 1358 5068 2167 1384 5069 2149 1357 5070 2177 1382 5071 2151 1381 5072 2140 1366 5073 2178 1386 5074 2149 1357 5075 2177 1382 5076 2149 1357 5077 2178 1386 5078 2149 1357 5079 2138 1359 5080 2140 1366 5081 2178 1386 5082 2140 1366 5083 2142 1368 5084 2142 1368 5085 2179 1387 5086 2178 1386 5087 2153 1361 5088 2154 1363 5089 2166 1385 5090 2156 1364 5091 2165 1388 5092 2137 1389 5093 2166 1385 5094 2165 1388 5095 2153 1361 5096 2153 1361 5097 2165 1388 5098 2156 1364 5099 2141 1367 5100 2139 1362 5101 2155 1365 5102 2171 1390 5103 2155 1365 5104 2172 1391 5105 2156 1364 5106 2172 1391 5107 2155 1365 5108 2141 1367 5109 2155 1365 5110 2171 1390 5111 2143 1369 5112 2141 1367 5113 2171 1390 5114 2137 1389 5115 2172 1391 5116 2156 1364 5117 2158 1392 5118 2180 1393 5119 2179 1387 5120 2146 1374 5121 2158 1392 5122 2144 1370 5123 2179 1387 5124 2144 1370 5125 2158 1392 5126 2159 1375 5127 2180 1393 5128 2158 1392 5129 2173 1394 5130 2148 1395 5131 2159 1375 5132 2180 1393 5133 2159 1375 5134 2148 1395 5135 2157 1376 5136 2174 1396 5137 2173 1394 5138 2159 1375 5139 2157 1376 5140 2173 1394 5141 2170 1397 5142 2145 1371 5143 2143 1369 5144 2170 1397 5145 2163 1379 5146 2145 1371 5147 2147 1373 5148 2145 1371 5149 2163 1379 5150 2169 1398 5151 2163 1379 5152 2170 1397 5153 2171 1390 5154 2170 1397 5155 2143 1369 5156 2160 1378 5157 2174 1396 5158 2162 1377 5159 2164 1380 5160 2175 1399 5161 2160 1378 5162 2168 1400 5163 2164 1380 5164 2169 1398 5165 2164 1380 5166 2163 1379 5167 2169 1398 5168 2175 1399 5169 2164 1380 5170 2168 1400 5171 2179 1387 5172 2142 1368 5173 2144 1370 5174 2193 1401 5175 2194 1402 5176 2182 1403 5177 2196 1404 5178 2197 1405 5179 2183 1406 5180 2182 1403 5181 2198 1407 5182 2196 1404 5183 2183 1406 5184 2200 1408 5185 2199 1409 5186 2196 1404 5187 2184 1410 5188 2182 1403 5189 2185 1411 5190 2196 1404 5191 2183 1406 5192 2184 1410 5193 2196 1404 5194 2185 1411 5195 2186 1412 5196 2185 1411 5197 2187 1413 5198 2188 1414 5199 2187 1413 5200 2189 1415 5201 2205 1416 5202 2189 1415 5203 2191 1417 5204 2188 1414 5205 2205 1416 5206 2190 1418 5207 2189 1415 5208 2205 1416 5209 2188 1414 5210 2203 1419 5211 2190 1418 5212 2201 1420 5213 2206 1421 5214 2191 1417 5215 2204 1422 5216 2201 1420 5217 2205 1416 5218 2206 1421 5219 2204 1422 5220 2207 1423 5221 2208 1424 5222 2195 1425 5223 2221 1426 5224 2181 1427 5225 2194 1402 5226 2195 1425 5227 2212 1428 5228 2181 1427 5229 2212 1428 5230 2195 1425 5231 2211 1429 5232 2194 1402 5233 2212 1428 5234 2193 1401 5235 2221 1426 5236 2195 1425 5237 2184 1410 5238 2222 1430 5239 2193 1401 5240 2221 1426 5241 2193 1401 5242 2222 1430 5243 2193 1401 5244 2182 1403 5245 2184 1410 5246 2222 1430 5247 2184 1410 5248 2186 1412 5249 2186 1412 5250 2223 1431 5251 2222 1430 5252 2211 1429 5253 2197 1405 5254 2198 1407 5255 2200 1408 5256 2210 1432 5257 2209 1433 5258 2197 1405 5259 2210 1432 5260 2200 1408 5261 2185 1411 5262 2183 1406 5263 2199 1409 5264 2219 1434 5265 2199 1409 5266 2220 1435 5267 2200 1408 5268 2220 1435 5269 2199 1409 5270 2185 1411 5271 2199 1409 5272 2219 1434 5273 2187 1413 5274 2185 1411 5275 2219 1434 5276 2209 1433 5277 2220 1435 5278 2200 1408 5279 2202 1436 5280 2224 1437 5281 2223 1431 5282 2190 1418 5283 2202 1436 5284 2188 1414 5285 2223 1431 5286 2188 1414 5287 2202 1436 5288 2203 1419 5289 2224 1437 5290 2202 1436 5291 2214 1438 5292 2213 1439 5293 2203 1419 5294 2224 1437 5295 2203 1419 5296 2213 1439 5297 2215 1440 5298 2201 1420 5299 2206 1421 5300 2203 1419 5301 2201 1420 5302 2214 1438 5303 2218 1441 5304 2189 1415 5305 2187 1413 5306 2218 1441 5307 2207 1423 5308 2189 1415 5309 2191 1417 5310 2189 1415 5311 2207 1423 5312 2217 1442 5313 2207 1423 5314 2218 1441 5315 2219 1434 5316 2218 1441 5317 2187 1413 5318 2215 1440 5319 2204 1422 5320 2216 1443 5321 2208 1424 5322 2216 1443 5323 2204 1422 5324 2192 1444 5325 2208 1424 5326 2217 1442 5327 2208 1424 5328 2207 1423 5329 2217 1442 5330 2216 1443 5331 2208 1424 5332 2192 1444 5333 2225 1445 5334 2228 1446 5335 2227 1447 5336 2238 1448 5337 2229 1449 5338 2228 1446 5339 2230 1450 5340 2237 1451 5341 2236 1452 5342 2235 1453 5343 2232 1454 5344 2231 1455 5345 2234 1456 5346 2226 1457 5347 2232 1454 5348 2231 1455 5349 2236 1452 5350 2235 1453 5351 2247 1458 5352 2242 1459 5353 2239 1460 5354 2252 1461 5355 2243 1462 5356 2242 1459 5357 2244 1463 5358 2251 1464 5359 2250 1465 5360 2249 1466 5361 2246 1467 5362 2245 1468 5363 2248 1466 5364 2241 1469 5365 2246 1467 5366 2245 1468 5367 2250 1465 5368 2249 1466 5369 2255 1470 5370 2257 1471 5371 2258 1472 5372 2256 1473 5373 2258 1472 5374 2259 1474 5375 2258 1472 5376 2260 1475 5377 2261 1476 5378 2259 1474 5379 2261 1476 5380 2262 1477 5381 2280 1478 5382 2274 1479 5383 2279 1480 5384 2254 1481 5385 2273 1482 5386 2274 1479 5387 2254 1481 5388 2280 1478 5389 2281 1483 5390 2255 1470 5391 2273 1482 5392 2254 1481 5393 2281 1483 5394 2257 1471 5395 2254 1481 5396 2257 1471 5397 2281 1483 5398 2282 1484 5399 2274 1479 5400 2280 1478 5401 2254 1481 5402 2271 1485 5403 2255 1470 5404 2256 1473 5405 2278 1486 5406 2253 1487 5407 2270 1488 5408 2270 1488 5409 2271 1485 5410 2256 1473 5411 2270 1488 5412 2256 1473 5413 2278 1486 5414 2256 1473 5415 2277 1489 5416 2278 1486 5417 2277 1489 5418 2256 1473 5419 2259 1474 5420 2282 1484 5421 2260 1475 5422 2257 1471 5423 2261 1476 5424 2267 1490 5425 2264 1491 5426 2266 1492 5427 2283 1493 5428 2263 1494 5429 2266 1492 5430 2267 1490 5431 2260 1475 5432 2283 1493 5433 2266 1492 5434 2260 1475 5435 2262 1477 5436 2276 1495 5437 2259 1474 5438 2275 1496 5439 2262 1477 5440 2269 1497 5441 2277 1489 5442 2259 1474 5443 2276 1495 5444 2261 1476 5445 2268 1498 5446 2262 1477 5447 2275 1496 5448 2269 1497 5449 2265 1499 5450 2262 1477 5451 2268 1498 5452 2269 1497 5453 2286 1500 5454 2288 1501 5455 2289 1502 5456 2287 1503 5457 2289 1502 5458 2290 1504 5459 2289 1502 5460 2291 1505 5461 2292 1506 5462 2290 1504 5463 2292 1506 5464 2293 1507 5465 2311 1508 5466 2309 1509 5467 2310 1510 5468 2285 1511 5469 2308 1512 5470 2309 1509 5471 2312 1513 5472 2285 1511 5473 2311 1508 5474 2286 1500 5475 2308 1512 5476 2285 1511 5477 2288 1501 5478 2312 1513 5479 2313 1514 5480 2309 1509 5481 2311 1508 5482 2285 1511 5483 2306 1515 5484 2286 1500 5485 2287 1503 5486 2304 1516 5487 2284 1510 5488 2305 1517 5489 2305 1517 5490 2306 1515 5491 2287 1503 5492 2305 1517 5493 2287 1503 5494 2304 1516 5495 2303 1518 5496 2287 1503 5497 2290 1504 5498 2314 1519 5499 2291 1505 5500 2313 1514 5501 2292 1506 5502 2298 1520 5503 2295 1521 5504 2297 1522 5505 2314 1519 5506 2294 1523 5507 2297 1522 5508 2298 1520 5509 2291 1505 5510 2314 1519 5511 2297 1522 5512 2291 1505 5513 2293 1507 5514 2302 1524 5515 2290 1504 5516 2301 1525 5517 2293 1507 5518 2300 1526 5519 2303 1518 5520 2290 1504 5521 2302 1524 5522 2292 1506 5523 2299 1527 5524 2293 1507 5525 2301 1525 5526 2300 1526 5527 2296 1528 5528 2293 1507 5529 2299 1527 5530 2300 1526 5531 2313 1514 5532 2291 1505 5533 2288 1501 5534 2317 1529 5535 2319 1530 5536 2320 1531 5537 2318 1532 5538 2320 1531 5539 2321 1533 5540 2320 1531 5541 2322 1534 5542 2323 1535 5543 2321 1533 5544 2323 1535 5545 2324 1536 5546 2338 1537 5547 2333 1538 5548 2315 1539 5549 2316 1540 5550 2332 1541 5551 2333 1538 5552 2339 1542 5553 2316 1540 5554 2338 1537 5555 2317 1529 5556 2332 1541 5557 2316 1540 5558 2319 1530 5559 2339 1542 5560 2340 1543 5561 2333 1538 5562 2338 1537 5563 2316 1540 5564 2330 1544 5565 2317 1529 5566 2318 1532 5567 2337 1545 5568 2328 1539 5569 2329 1546 5570 2329 1546 5571 2330 1544 5572 2318 1532 5573 2329 1546 5574 2318 1532 5575 2337 1545 5576 2336 1547 5577 2318 1532 5578 2321 1533 5579 2341 1548 5580 2322 1534 5581 2340 1543 5582 2323 1535 5583 2343 1549 5584 2326 1550 5585 2342 1551 5586 2341 1548 5587 2325 1552 5588 2342 1551 5589 2343 1549 5590 2322 1534 5591 2341 1548 5592 2342 1551 5593 2322 1534 5594 2324 1536 5595 2335 1553 5596 2321 1533 5597 2334 1554 5598 2324 1536 5599 2345 1555 5600 2336 1547 5601 2321 1533 5602 2335 1553 5603 2323 1535 5604 2344 1556 5605 2324 1536 5606 2334 1554 5607 2345 1555 5608 2327 1557 5609 2324 1536 5610 2344 1556 5611 2345 1555 5612 2340 1543 5613 2322 1534 5614 2319 1530 5615 2348 1558 5616 2350 1559 5617 2351 1560 5618 2349 1561 5619 2351 1560 5620 2352 1562 5621 2351 1560 5622 2353 1563 5623 2354 1564 5624 2352 1562 5625 2354 1564 5626 2355 1565 5627 2373 1566 5628 2368 1567 5629 2346 1568 5630 2347 1569 5631 2367 1570 5632 2368 1567 5633 2374 1571 5634 2347 1569 5635 2373 1566 5636 2348 1558 5637 2367 1570 5638 2347 1569 5639 2350 1559 5640 2374 1571 5641 2375 1572 5642 2368 1567 5643 2373 1566 5644 2347 1569 5645 2365 1573 5646 2348 1558 5647 2349 1561 5648 2372 1574 5649 2363 1575 5650 2364 1576 5651 2364 1576 5652 2365 1573 5653 2349 1561 5654 2364 1576 5655 2349 1561 5656 2372 1574 5657 2371 1577 5658 2349 1561 5659 2352 1562 5660 2375 1572 5661 2353 1563 5662 2350 1559 5663 2354 1564 5664 2360 1578 5665 2357 1579 5666 2359 1580 5667 2376 1581 5668 2356 1582 5669 2359 1580 5670 2360 1578 5671 2353 1563 5672 2376 1581 5673 2359 1580 5674 2353 1563 5675 2355 1565 5676 2370 1583 5677 2352 1562 5678 2369 1584 5679 2355 1565 5680 2362 1585 5681 2371 1577 5682 2352 1562 5683 2370 1583 5684 2354 1564 5685 2361 1586 5686 2355 1565 5687 2369 1584 5688 2362 1585 5689 2358 1587 5690 2355 1565 5691 2361 1586 5692 2362 1585 5693 5 0 5694 2 11 5695 3 1 5696 6 2 5697 3 1 5698 4 3 5699 8 5 5700 5 0 5701 6 2 5702 9 6 5703 6 2 5704 7 4 5705 16 12 5706 15 15 5707 3 1 5708 14 14 5709 4 3 5710 3 1 5711 9 6 5712 24 1588 5713 23 20 5714 25 24 5715 24 1588 5716 9 6 5717 31 26 5718 28 37 5719 29 27 5720 32 28 5721 29 27 5722 30 29 5723 34 31 5724 31 26 5725 32 28 5726 35 32 5727 32 28 5728 33 30 5729 28 37 5730 31 26 5731 39 39 5732 46 38 5733 45 42 5734 29 27 5735 44 41 5736 30 29 5737 29 27 5738 40 40 5739 31 26 5740 34 31 5741 35 32 5742 55 1589 5743 54 48 5744 49 51 5745 48 52 5746 36 33 5747 56 54 5748 55 1589 5749 35 32 5750 58 56 5751 60 56 5752 61 56 5753 65 56 5754 63 56 5755 64 56 5756 66 56 5757 68 56 5758 69 56 5759 70 56 5760 72 56 5761 73 56 5762 74 56 5763 76 56 5764 77 56 5765 78 56 5766 80 56 5767 81 56 5768 82 56 5769 84 56 5770 85 56 5771 86 56 5772 88 56 5773 89 56 5774 90 56 5775 92 56 5776 93 56 5777 94 56 5778 96 56 5779 97 56 5780 98 56 5781 100 56 5782 101 56 5783 102 56 5784 104 56 5785 105 56 5786 106 56 5787 108 56 5788 109 56 5789 110 56 5790 112 56 5791 113 56 5792 114 56 5793 116 56 5794 117 56 5795 137 64 5796 136 154 5797 149 99 5798 145 128 5799 144 132 5800 131 129 5801 128 64 5802 141 158 5803 152 146 5804 300 204 5805 299 215 5806 302 205 5807 301 207 5808 300 204 5809 303 206 5810 303 206 5811 302 205 5812 305 209 5813 304 208 5814 303 206 5815 306 210 5816 322 217 5817 302 205 5818 299 215 5819 300 204 5820 317 220 5821 318 216 5822 312 224 5823 313 221 5824 301 207 5825 323 218 5826 324 228 5827 305 209 5828 306 210 5829 305 209 5830 326 225 5831 307 211 5832 310 231 5833 311 230 5834 306 210 5835 327 226 5836 328 233 5837 341 56 5838 340 56 5839 342 56 5840 362 243 5841 353 251 5842 355 244 5843 362 243 5844 356 245 5845 357 246 5846 352 248 5847 361 247 5848 359 249 5849 366 237 5850 367 237 5851 369 237 5852 363 256 5853 365 254 5854 373 255 5855 376 257 5856 375 268 5857 378 258 5858 377 260 5859 376 257 5860 379 259 5861 379 259 5862 378 258 5863 381 262 5864 380 261 5865 379 259 5866 382 263 5867 376 257 5868 397 273 5869 398 269 5870 403 271 5871 404 281 5872 381 262 5873 382 263 5874 381 262 5875 386 278 5876 383 264 5877 391 284 5878 392 283 5879 382 263 5880 387 279 5881 388 286 5882 418 288 5883 406 1590 5884 407 289 5885 417 290 5886 407 289 5887 408 291 5888 415 293 5889 409 299 5890 410 294 5891 413 295 5892 411 298 5893 405 296 5894 414 293 5895 410 294 5896 411 298 5897 416 292 5898 408 291 5899 409 299 5900 421 300 5901 420 311 5902 423 301 5903 422 303 5904 421 300 5905 424 302 5906 424 302 5907 423 301 5908 426 305 5909 425 304 5910 424 302 5911 427 306 5912 447 313 5913 423 301 5914 420 311 5915 421 300 5916 443 315 5917 444 312 5918 448 314 5919 449 323 5920 426 305 5921 427 306 5922 426 305 5923 431 320 5924 428 307 5925 436 326 5926 437 325 5927 427 306 5928 432 321 5929 433 328 5930 454 330 5931 463 330 5932 450 330 5933 455 330 5934 462 330 5935 463 330 5936 462 330 5937 455 330 5938 456 330 5939 458 330 5940 459 330 5941 460 330 5942 451 330 5943 452 330 5944 459 330 5945 461 330 5946 456 330 5947 457 330 5948 465 331 5949 464 342 5950 467 332 5951 466 334 5952 465 331 5953 468 333 5954 468 333 5955 467 332 5956 470 336 5957 469 335 5958 468 333 5959 471 337 5960 492 344 5961 467 332 5962 464 342 5963 465 331 5964 487 347 5965 488 343 5966 493 345 5967 494 353 5968 470 336 5969 471 337 5970 470 336 5971 475 355 5972 471 337 5973 476 356 5974 477 359 5975 508 362 5976 495 1591 5977 496 363 5978 507 364 5979 496 363 5980 497 365 5981 505 367 5982 498 374 5983 499 368 5984 503 370 5985 500 373 5986 501 371 5987 504 369 5988 499 368 5989 500 373 5990 506 366 5991 497 365 5992 498 374 5993 511 375 5994 510 386 5995 513 376 5996 512 378 5997 511 375 5998 514 377 5999 514 377 6000 513 376 6001 516 380 6002 515 379 6003 514 377 6004 517 381 6005 511 375 6006 533 1592 6007 534 387 6008 532 390 6009 533 1592 6010 511 375 6011 538 389 6012 539 398 6013 516 380 6014 517 381 6015 516 380 6016 522 395 6017 518 382 6018 526 401 6019 527 400 6020 517 381 6021 523 396 6022 524 403 6023 540 56 6024 542 56 6025 543 56 6026 553 56 6027 543 56 6028 544 56 6029 551 56 6030 545 56 6031 546 56 6032 549 56 6033 547 56 6034 541 56 6035 550 56 6036 546 56 6037 547 56 6038 552 56 6039 544 56 6040 545 56 6041 556 405 6042 555 416 6043 558 406 6044 557 408 6045 556 405 6046 559 407 6047 559 407 6048 558 406 6049 561 410 6050 560 409 6051 559 407 6052 562 411 6053 556 405 6054 577 835 6055 578 417 6056 576 420 6057 577 835 6058 556 405 6059 562 411 6060 561 410 6061 568 426 6062 563 412 6063 571 431 6064 572 430 6065 562 411 6066 565 427 6067 569 433 6068 585 435 6069 592 1593 6070 593 436 6071 591 437 6072 593 436 6073 594 438 6074 589 440 6075 595 446 6076 596 441 6077 587 443 6078 597 445 6079 598 435 6080 588 442 6081 596 441 6082 597 445 6083 590 439 6084 594 438 6085 595 446 6086 675 481 6087 676 456 6088 670 482 6089 672 486 6090 658 546 6091 659 450 6092 718 489 6093 731 488 6094 732 491 6095 670 482 6096 717 450 6097 732 491 6098 655 450 6099 668 450 6100 669 566 6101 786 64 6102 785 64 6103 778 64 6104 787 64 6105 784 64 6106 785 64 6107 784 64 6108 787 64 6109 788 64 6110 790 64 6111 781 64 6112 782 64 6113 779 64 6114 780 64 6115 781 64 6116 783 64 6117 788 64 6118 789 64 6119 848 330 6120 851 330 6121 825 595 6122 794 330 6123 793 330 6124 837 330 6125 799 330 6126 798 330 6127 841 330 6128 801 330 6129 800 330 6130 843 330 6131 805 330 6132 804 330 6133 847 330 6134 807 330 6135 806 330 6136 849 330 6137 803 330 6138 802 330 6139 845 330 6140 797 330 6141 796 330 6142 839 330 6143 811 330 6144 810 330 6145 853 330 6146 826 590 6147 827 606 6148 828 600 6149 813 330 6150 812 330 6151 855 330 6152 825 595 6153 823 615 6154 822 607 6155 815 330 6156 814 330 6157 857 330 6158 817 330 6159 816 330 6160 859 330 6161 819 330 6162 818 330 6163 861 330 6164 821 330 6165 820 330 6166 863 330 6167 945 623 6168 948 622 6169 949 625 6170 940 235 6171 895 235 6172 966 235 6173 938 235 6174 897 235 6175 965 235 6176 934 235 6177 899 235 6178 963 235 6179 932 235 6180 900 235 6181 962 235 6182 928 235 6183 902 235 6184 960 235 6185 926 235 6186 903 235 6187 959 235 6188 950 235 6189 926 235 6190 927 235 6191 930 235 6192 901 235 6193 961 235 6194 947 235 6195 951 235 6196 948 622 6197 950 235 6198 951 235 6199 910 235 6200 918 235 6201 907 235 6202 955 235 6203 1026 643 6204 1023 654 6205 1024 644 6206 1027 645 6207 1024 644 6208 1025 646 6209 1030 648 6210 1026 643 6211 1027 645 6212 1031 649 6213 1027 645 6214 1028 647 6215 1024 644 6216 1023 654 6217 1038 655 6218 1045 656 6219 1044 651 6220 1023 654 6221 1048 659 6222 1029 665 6223 1028 647 6224 1024 644 6225 1021 652 6226 1037 657 6227 1026 643 6228 1030 648 6229 1046 661 6230 1031 649 6231 1034 1594 6232 1041 662 6233 1032 650 6234 1028 647 6235 1029 665 6236 1042 668 6237 1034 1594 6238 1031 649 6239 1067 670 6240 1062 672 6241 1063 675 6242 1068 676 6243 1063 675 6244 1064 677 6245 1068 676 6246 1060 1595 6247 1061 679 6248 1059 680 6249 1060 1595 6250 1068 676 6251 1070 681 6252 1058 689 6253 1059 680 6254 1064 677 6255 1065 682 6256 1070 681 6257 1066 685 6258 1072 687 6259 1071 683 6260 1075 692 6261 1076 700 6262 1073 693 6263 1080 695 6264 1079 699 6265 1077 696 6266 1083 56 6267 1082 56 6268 1084 56 6269 1088 698 6270 1087 698 6271 1085 698 6272 1092 696 6273 1091 697 6274 1089 695 6275 1096 56 6276 1095 56 6277 1093 56 6278 1100 693 6279 1099 694 6280 1097 692 6281 1104 695 6282 1103 699 6283 1101 696 6284 1108 56 6285 1107 56 6286 1105 56 6287 1111 701 6288 1112 700 6289 1109 702 6290 1116 703 6291 1115 697 6292 1113 704 6293 1119 56 6294 1118 56 6295 1120 56 6296 1124 702 6297 1123 698 6298 1121 701 6299 1128 699 6300 1127 699 6301 1125 699 6302 1132 56 6303 1131 56 6304 1129 56 6305 1136 698 6306 1135 698 6307 1133 698 6308 1140 704 6309 1139 705 6310 1137 703 6311 1144 56 6312 1143 56 6313 1141 56 6314 1148 706 6315 1147 698 6316 1145 707 6317 1152 699 6318 1151 699 6319 1149 699 6320 1155 56 6321 1154 56 6322 1153 56 6323 1160 706 6324 1159 698 6325 1157 707 6326 1164 699 6327 1163 699 6328 1161 699 6329 1168 56 6330 1167 56 6331 1165 56 6332 1172 708 6333 1171 694 6334 1169 709 6335 1176 699 6336 1175 699 6337 1173 699 6338 1180 56 6339 1179 56 6340 1177 56 6341 1184 711 6342 1183 717 6343 1181 712 6344 1188 713 6345 1187 720 6346 1185 714 6347 1191 56 6348 1190 56 6349 1189 56 6350 1196 698 6351 1195 698 6352 1193 698 6353 1200 699 6354 1199 699 6355 1197 699 6356 1204 56 6357 1203 56 6358 1201 56 6359 1207 708 6360 1208 710 6361 1205 716 6362 1212 718 6363 1211 699 6364 1209 719 6365 1215 56 6366 1214 56 6367 1216 56 6368 1220 716 6369 1219 717 6370 1217 708 6371 1224 721 6372 1223 699 6373 1221 721 6374 1227 56 6375 1226 56 6376 1225 56 6377 1232 722 6378 1231 698 6379 1229 723 6380 1236 724 6381 1235 715 6382 1233 725 6383 1240 56 6384 1239 56 6385 1237 56 6386 1244 721 6387 1243 699 6388 1241 721 6389 1248 56 6390 1247 56 6391 1245 56 6392 1251 708 6393 1250 710 6394 1249 716 6395 1255 64 6396 1254 64 6397 1256 64 6398 1260 237 6399 1259 237 6400 1257 237 6401 1263 450 6402 1262 450 6403 1264 450 6404 1268 56 6405 1267 56 6406 1265 56 6407 1273 726 6408 1270 734 6409 1271 727 6410 1274 728 6411 1271 727 6412 1272 729 6413 1277 731 6414 1273 726 6415 1274 728 6416 1278 732 6417 1274 728 6418 1275 730 6419 1273 726 6420 1277 731 6421 1294 740 6422 1284 741 6423 1272 729 6424 1271 727 6425 1288 744 6426 1276 749 6427 1275 730 6428 1278 732 6429 1279 733 6430 1283 748 6431 1299 753 6432 1298 761 6433 1301 754 6434 1300 756 6435 1299 753 6436 1302 755 6437 1302 755 6438 1301 754 6439 1304 758 6440 1303 757 6441 1302 755 6442 1305 759 6443 1319 766 6444 1304 758 6445 1301 754 6446 1299 753 6447 1315 1596 6448 1316 764 6449 1314 767 6450 1315 1596 6451 1299 753 6452 1305 759 6453 1304 758 6454 1309 772 6455 1305 759 6456 1310 773 6457 1311 777 6458 1330 56 6459 1329 56 6460 1324 56 6461 1332 56 6462 1331 56 6463 1327 56 6464 1323 56 6465 1332 56 6466 1326 56 6467 1331 56 6468 1330 56 6469 1328 56 6470 1339 235 6471 1333 235 6472 1338 235 6473 1337 235 6474 1341 235 6475 1340 235 6476 1342 235 6477 1336 235 6478 1335 235 6479 1341 235 6480 1337 235 6481 1336 235 6482 1346 237 6483 1345 237 6484 1344 237 6485 1348 237 6486 1347 237 6487 1351 237 6488 1343 237 6489 1348 237 6490 1350 237 6491 1347 237 6492 1346 237 6493 1352 237 6494 1359 330 6495 1353 330 6496 1358 330 6497 1357 330 6498 1361 330 6499 1360 330 6500 1362 330 6501 1356 330 6502 1355 330 6503 1361 330 6504 1357 330 6505 1356 330 6506 1372 237 6507 1371 237 6508 1370 237 6509 1373 237 6510 1372 237 6511 1368 237 6512 1375 237 6513 1374 237 6514 1366 237 6515 1369 237 6516 1376 237 6517 1364 237 6518 1376 237 6519 1375 237 6520 1365 237 6521 1374 237 6522 1373 237 6523 1367 237 6524 1377 330 6525 1378 330 6526 1385 330 6527 1385 330 6528 1384 330 6529 1387 330 6530 1384 330 6531 1383 330 6532 1388 330 6533 1382 330 6534 1381 330 6535 1390 330 6536 1381 330 6537 1380 330 6538 1379 330 6539 1389 330 6540 1388 330 6541 1383 330 6542 1400 56 6543 1399 56 6544 1392 56 6545 1401 56 6546 1400 56 6547 1398 56 6548 1403 56 6549 1402 56 6550 1396 56 6551 1391 56 6552 1404 56 6553 1394 56 6554 1404 56 6555 1403 56 6556 1395 56 6557 1402 56 6558 1401 56 6559 1397 56 6560 1407 779 6561 1406 789 6562 1412 780 6563 1408 782 6564 1407 779 6565 1418 781 6566 1410 784 6567 1409 782 6568 1416 785 6569 1405 787 6570 1411 790 6571 1414 788 6572 1411 790 6573 1410 784 6574 1415 786 6575 1409 782 6576 1408 782 6577 1417 783 6578 1422 237 6579 1421 237 6580 1420 237 6581 1423 237 6582 1422 237 6583 1432 237 6584 1425 237 6585 1424 237 6586 1430 237 6587 1419 237 6588 1426 237 6589 1428 237 6590 1426 237 6591 1425 237 6592 1429 237 6593 1424 237 6594 1423 237 6595 1431 237 6596 1440 56 6597 1439 56 6598 1434 56 6599 1437 792 6600 1442 56 6601 1441 793 6602 1443 56 6603 1442 56 6604 1437 792 6605 1435 56 6606 1433 56 6607 1444 56 6608 1445 235 6609 1446 235 6610 1458 235 6611 1449 235 6612 1458 235 6613 1457 235 6614 1450 235 6615 1457 235 6616 1456 235 6617 1452 235 6618 1455 235 6619 1454 235 6620 1453 235 6621 1454 235 6622 1448 235 6623 1451 235 6624 1456 235 6625 1455 235 6626 1462 235 6627 1459 235 6628 1472 235 6629 1463 235 6630 1472 235 6631 1471 235 6632 1464 235 6633 1471 235 6634 1470 235 6635 1466 235 6636 1469 235 6637 1468 235 6638 1467 235 6639 1468 235 6640 1461 235 6641 1465 235 6642 1470 235 6643 1469 235 6644 1480 794 6645 1482 796 6646 1481 795 6647 1477 797 6648 1484 798 6649 1483 237 6650 1488 56 6651 1487 56 6652 1486 56 6653 1489 56 6654 1488 56 6655 1498 56 6656 1491 56 6657 1490 56 6658 1496 56 6659 1485 56 6660 1492 56 6661 1494 56 6662 1492 56 6663 1491 56 6664 1495 56 6665 1490 56 6666 1489 56 6667 1497 56 6668 1508 237 6669 1507 237 6670 1500 237 6671 1509 237 6672 1508 237 6673 1506 237 6674 1511 237 6675 1510 237 6676 1504 237 6677 1499 237 6678 1512 237 6679 1502 237 6680 1512 237 6681 1511 237 6682 1503 237 6683 1510 237 6684 1509 237 6685 1505 237 6686 1513 330 6687 1514 330 6688 1521 330 6689 1521 330 6690 1520 330 6691 1523 330 6692 1520 330 6693 1519 330 6694 1524 330 6695 1518 330 6696 1517 330 6697 1526 330 6698 1517 330 6699 1516 330 6700 1515 330 6701 1525 330 6702 1524 330 6703 1519 330 6704 1536 56 6705 1535 56 6706 1528 56 6707 1537 56 6708 1536 56 6709 1534 56 6710 1539 56 6711 1538 56 6712 1532 56 6713 1527 56 6714 1540 56 6715 1530 56 6716 1540 56 6717 1539 56 6718 1531 56 6719 1538 56 6720 1537 56 6721 1533 56 6722 1550 801 6723 1549 801 6724 1548 801 6725 1551 801 6726 1550 801 6727 1547 801 6728 1553 802 6729 1552 808 6730 1545 803 6731 1541 805 6732 1554 807 6733 1543 806 6734 1554 807 6735 1553 802 6736 1544 804 6737 1552 808 6738 1551 801 6739 1546 801 6740 1559 809 6741 1556 820 6742 1557 810 6743 1560 811 6744 1557 810 6745 1558 812 6746 1562 814 6747 1559 809 6748 1560 811 6749 1563 815 6750 1560 811 6751 1561 813 6752 1556 820 6753 1559 809 6754 1578 822 6755 1584 821 6756 1583 825 6757 1557 810 6758 1582 824 6759 1558 812 6760 1557 810 6761 1579 823 6762 1559 809 6763 1562 814 6764 1563 815 6765 1573 1597 6766 1572 832 6767 1564 816 6768 1561 813 6769 1567 833 6770 1574 835 6771 1573 1597 6772 1563 815 6773 1590 838 6774 1587 850 6775 1588 839 6776 1591 840 6777 1588 839 6778 1589 841 6779 1593 843 6780 1590 838 6781 1591 840 6782 1594 844 6783 1591 840 6784 1592 842 6785 1612 849 6786 1611 854 6787 1588 839 6788 1590 838 6789 1593 843 6790 1606 853 6791 1617 859 6792 1616 1598 6793 1592 842 6794 1594 844 6795 1600 865 6796 1599 861 6797 1592 842 6798 1616 1598 6799 1615 866 6800 1623 870 6801 1620 882 6802 1621 871 6803 1624 872 6804 1621 871 6805 1622 873 6806 1626 875 6807 1623 870 6808 1624 872 6809 1627 876 6810 1624 872 6811 1625 874 6812 1633 881 6813 1632 886 6814 1621 871 6815 1623 870 6816 1626 875 6817 1650 885 6818 1639 891 6819 1638 1599 6820 1625 874 6821 1627 876 6822 1643 897 6823 1642 893 6824 1625 874 6825 1638 1599 6826 1637 898 6827 1658 902 6828 1655 913 6829 1656 903 6830 1659 904 6831 1656 903 6832 1657 905 6833 1661 907 6834 1658 902 6835 1659 904 6836 1662 908 6837 1659 904 6838 1660 906 6839 1666 914 6840 1653 917 6841 1656 903 6842 1662 908 6843 1676 1600 6844 1675 926 6845 1677 929 6846 1676 1600 6847 1662 908 6848 1686 932 6849 1683 940 6850 1684 933 6851 1687 934 6852 1684 933 6853 1685 935 6854 1689 937 6855 1686 932 6856 1687 934 6857 1690 938 6858 1687 934 6859 1688 936 6860 1686 932 6861 1689 937 6862 1707 945 6863 1703 943 6864 1702 947 6865 1684 933 6866 1701 946 6867 1685 935 6868 1684 933 6869 1690 938 6870 1696 1601 6871 1695 953 6872 1697 956 6873 1696 1601 6874 1690 938 6875 1716 958 6876 1713 969 6877 1714 959 6878 1717 960 6879 1714 959 6880 1715 961 6881 1719 963 6882 1716 958 6883 1717 960 6884 1720 964 6885 1717 960 6886 1718 962 6887 1713 969 6888 1716 958 6889 1738 971 6890 1725 970 6891 1711 973 6892 1714 959 6893 1720 964 6894 1730 1602 6895 1729 980 6896 1734 983 6897 1733 984 6898 1721 965 6899 1731 986 6900 1730 1602 6901 1720 964 6902 1745 988 6903 1742 999 6904 1743 989 6905 1746 990 6906 1743 989 6907 1744 991 6908 1748 993 6909 1745 988 6910 1746 990 6911 1749 994 6912 1746 990 6913 1747 992 6914 1757 1000 6915 1756 1004 6916 1743 989 6917 1755 1003 6918 1744 991 6919 1743 989 6920 1765 1008 6921 1747 992 6922 1744 991 6923 1770 1002 6924 1745 988 6925 1748 993 6926 1749 994 6927 1752 1603 6928 1760 1010 6929 1764 1013 6930 1763 1014 6931 1750 995 6932 1761 1016 6933 1752 1603 6934 1749 994 6935 1776 1018 6936 1773 1029 6937 1774 1019 6938 1777 1020 6939 1774 1019 6940 1775 1021 6941 1779 1023 6942 1776 1018 6943 1777 1020 6944 1780 1024 6945 1777 1020 6946 1778 1022 6947 1791 1030 6948 1790 1034 6949 1774 1019 6950 1789 1033 6951 1775 1021 6952 1774 1019 6953 1801 1032 6954 1776 1018 6955 1779 1023 6956 1780 1024 6957 1785 1604 6958 1784 1042 6959 1781 1025 6960 1778 1022 6961 1795 1043 6962 1786 1045 6963 1785 1604 6964 1780 1024 6965 1807 1048 6966 1804 1058 6967 1805 1049 6968 1808 1050 6969 1805 1049 6970 1806 1051 6971 1810 1053 6972 1807 1048 6973 1808 1050 6974 1811 32 6975 1808 1050 6976 1809 1052 6977 1804 1058 6978 1807 1048 6979 1831 1059 6980 1818 38 6981 1817 42 6982 1805 1049 6983 1828 1064 6984 1809 1052 6985 1806 1051 6986 1811 32 6987 1823 1589 6988 1822 48 6989 1827 1068 6990 1826 1069 6991 1812 1054 6992 1824 54 6993 1823 1589 6994 1811 32 6995 1837 1071 6996 1835 1080 6997 1836 1072 6998 1839 1074 6999 1837 1071 7000 1838 1073 7001 1841 1076 7002 1839 1074 7003 1840 1075 7004 1843 1078 7005 1841 1076 7006 1842 1077 7007 1856 1081 7008 1835 1080 7009 1837 1071 7010 1839 1074 7011 1858 1090 7012 1857 1085 7013 1854 1089 7014 1853 1097 7015 1840 1075 7016 1838 1073 7017 1836 1072 7018 1855 1088 7019 1858 1090 7020 1839 1074 7021 1841 1076 7022 1842 1077 7023 1840 1075 7024 1853 1097 7025 1867 1101 7026 1865 1113 7027 1866 1102 7028 1869 1104 7029 1867 1101 7030 1868 1103 7031 1871 1106 7032 1869 1104 7033 1870 1105 7034 1873 1108 7035 1871 1106 7036 1872 1107 7037 1867 1101 7038 1869 1104 7039 1891 1115 7040 1887 1121 7041 1870 1105 7042 1868 1103 7043 1892 1122 7044 1891 1115 7045 1869 1104 7046 1871 1106 7047 1873 1108 7048 1893 1123 7049 1870 1105 7050 1887 1121 7051 1886 1127 7052 1885 1128 7053 1874 1109 7054 1872 1107 7055 1898 1131 7056 1895 1141 7057 1896 1132 7058 1899 1133 7059 1896 1132 7060 1897 1134 7061 1901 1136 7062 1898 1131 7063 1899 1133 7064 1902 1137 7065 1899 1133 7066 1900 1135 7067 1908 1142 7068 1907 1145 7069 1896 1132 7070 1902 1137 7071 1912 1605 7072 1911 1153 7073 1903 1138 7074 1900 1135 7075 1917 1154 7076 1913 1156 7077 1912 1605 7078 1902 1137 7079 1929 1158 7080 1926 1169 7081 1927 1159 7082 1930 1160 7083 1927 1159 7084 1928 1161 7085 1932 1163 7086 1929 1158 7087 1930 1160 7088 1933 1164 7089 1930 1160 7090 1931 1162 7091 1926 1169 7092 1929 1158 7093 1953 1171 7094 1940 1170 7095 1939 1173 7096 1927 1159 7097 1944 1178 7098 1931 1162 7099 1928 1161 7100 1933 1164 7101 1949 1606 7102 1948 1180 7103 1943 1183 7104 1942 1184 7105 1934 1165 7106 1950 1186 7107 1949 1606 7108 1933 1164 7109 1962 1188 7110 1959 1199 7111 1960 1189 7112 1963 1190 7113 1960 1189 7114 1961 1191 7115 1965 1193 7116 1962 1188 7117 1963 1190 7118 1966 1194 7119 1963 1190 7120 1964 1192 7121 1959 1199 7122 1962 1188 7123 1980 1201 7124 1985 1200 7125 1957 1203 7126 1960 1189 7127 1966 1194 7128 1972 1607 7129 1971 1210 7130 1976 1213 7131 1975 1214 7132 1967 1195 7133 1973 1216 7134 1972 1607 7135 1966 1194 7136 1991 1218 7137 1988 1229 7138 1989 1219 7139 1992 1220 7140 1989 1219 7141 1990 1221 7142 1994 1223 7143 1991 1218 7144 1992 1220 7145 1995 1224 7146 1992 1220 7147 1993 1222 7148 1988 1229 7149 1991 1218 7150 2015 1231 7151 2003 1230 7152 2002 1234 7153 1989 1219 7154 2001 1233 7155 1990 1221 7156 1989 1219 7157 2011 1237 7158 1993 1222 7159 1990 1221 7160 2016 1232 7161 1991 1218 7162 1994 1223 7163 1995 1224 7164 1998 1608 7165 2006 1239 7166 2010 1241 7167 2009 1242 7168 1996 1225 7169 2007 1244 7170 1998 1608 7171 1995 1224 7172 2022 1245 7173 2019 1255 7174 2020 1246 7175 2023 1247 7176 2020 1246 7177 2021 1248 7178 2025 1250 7179 2022 1245 7180 2023 1247 7181 2026 1251 7182 2023 1247 7183 2024 1249 7184 2019 1255 7185 2022 1245 7186 2041 1256 7187 2037 1142 7188 2036 1145 7189 2020 1246 7190 2035 1258 7191 2021 1248 7192 2020 1246 7193 2047 1262 7194 2024 1249 7195 2021 1248 7196 2042 1257 7197 2022 1245 7198 2025 1250 7199 2026 1251 7200 2031 1605 7201 2030 1153 7202 2027 1252 7203 2024 1249 7204 2046 1266 7205 2032 1156 7206 2031 1605 7207 2026 1251 7208 2061 1270 7209 2063 1294 7210 2062 1271 7211 2064 1273 7212 2066 1276 7213 2065 1274 7214 2050 1272 7215 2062 1271 7216 2066 1276 7217 2051 1275 7218 2065 1274 7219 2068 1277 7220 2054 1281 7221 2052 1279 7222 2053 1280 7223 2056 1283 7224 2054 1281 7225 2055 1282 7226 2071 1288 7227 2070 1305 7228 2058 1287 7229 2074 1290 7230 2073 1285 7231 2059 1286 7232 2069 1289 7233 2058 1287 7234 2073 1285 7235 2072 1291 7236 2059 1286 7237 2075 1292 7238 2079 1298 7239 2066 1276 7240 2062 1271 7241 2079 1298 7242 2078 1301 7243 2065 1274 7244 2087 1309 7245 2086 1307 7246 2069 1289 7247 2087 1309 7248 2074 1290 7249 2072 1291 7250 2105 1314 7251 2107 1337 7252 2106 1315 7253 2108 1099 7254 2110 1319 7255 2109 1317 7256 2094 1316 7257 2106 1315 7258 2110 1319 7259 2095 1318 7260 2109 1317 7261 2112 1320 7262 2098 1324 7263 2096 1322 7264 2097 1323 7265 2100 1326 7266 2098 1324 7267 2099 1325 7268 2115 1331 7269 2114 1348 7270 2102 1330 7271 2118 1333 7272 2117 1328 7273 2103 1329 7274 2113 1332 7275 2102 1330 7276 2117 1328 7277 2116 1334 7278 2103 1329 7279 2119 1335 7280 2135 1341 7281 2110 1319 7282 2106 1315 7283 2113 1332 7284 2118 1333 7285 2122 1352 7286 2116 1334 7287 2123 1355 7288 2122 1352 7289 2149 1357 7290 2151 1381 7291 2150 1358 7292 2152 1360 7293 2154 1363 7294 2153 1361 7295 2138 1359 7296 2150 1358 7297 2154 1363 7298 2139 1362 7299 2153 1361 7300 2156 1364 7301 2142 1368 7302 2140 1366 7303 2141 1367 7304 2144 1370 7305 2142 1368 7306 2143 1369 7307 2159 1375 7308 2158 1392 7309 2146 1374 7310 2162 1377 7311 2161 1372 7312 2147 1373 7313 2157 1376 7314 2146 1374 7315 2161 1372 7316 2160 1378 7317 2147 1373 7318 2163 1379 7319 2166 1385 7320 2154 1363 7321 2150 1358 7322 2157 1376 7323 2162 1377 7324 2174 1396 7325 2160 1378 7326 2175 1399 7327 2174 1396 7328 2193 1401 7329 2195 1425 7330 2194 1402 7331 2196 1404 7332 2198 1407 7333 2197 1405 7334 2182 1403 7335 2194 1402 7336 2198 1407 7337 2183 1406 7338 2197 1405 7339 2200 1408 7340 2186 1412 7341 2184 1410 7342 2185 1411 7343 2188 1414 7344 2186 1412 7345 2187 1413 7346 2203 1419 7347 2202 1436 7348 2190 1418 7349 2206 1421 7350 2205 1416 7351 2191 1417 7352 2201 1420 7353 2190 1418 7354 2205 1416 7355 2204 1422 7356 2191 1417 7357 2207 1423 7358 2211 1429 7359 2198 1407 7360 2194 1402 7361 2186 1412 7362 2188 1414 7363 2223 1431 7364 2211 1429 7365 2210 1432 7366 2197 1405 7367 2215 1440 7368 2214 1438 7369 2201 1420 7370 2215 1440 7371 2206 1421 7372 2204 1422 7373 2225 1445 7374 2238 1448 7375 2228 1446 7376 2238 1448 7377 2237 1451 7378 2229 1449 7379 2230 1450 7380 2229 1449 7381 2237 1451 7382 2235 1453 7383 2234 1456 7384 2232 1454 7385 2234 1456 7386 2233 1609 7387 2226 1457 7388 2231 1455 7389 2230 1450 7390 2236 1452 7391 2247 1458 7392 2252 1461 7393 2242 1459 7394 2252 1461 7395 2251 1464 7396 2243 1462 7397 2244 1463 7398 2243 1462 7399 2251 1464 7400 2249 1466 7401 2248 1466 7402 2246 1467 7403 2248 1466 7404 2240 1610 7405 2241 1469 7406 2245 1468 7407 2244 1463 7408 2250 1465 7409 2255 1470 7410 2254 1481 7411 2257 1471 7412 2256 1473 7413 2255 1470 7414 2258 1472 7415 2258 1472 7416 2257 1471 7417 2260 1475 7418 2259 1474 7419 2258 1472 7420 2261 1476 7421 2255 1470 7422 2272 1485 7423 2273 1482 7424 2271 1485 7425 2272 1485 7426 2255 1470 7427 2282 1484 7428 2283 1493 7429 2260 1475 7430 2261 1476 7431 2260 1475 7432 2267 1490 7433 2262 1477 7434 2275 1496 7435 2276 1495 7436 2261 1476 7437 2264 1491 7438 2268 1498 7439 2286 1500 7440 2285 1511 7441 2288 1501 7442 2287 1503 7443 2286 1500 7444 2289 1502 7445 2289 1502 7446 2288 1501 7447 2291 1505 7448 2290 1504 7449 2289 1502 7450 2292 1506 7451 2312 1513 7452 2288 1501 7453 2285 1511 7454 2286 1500 7455 2307 1611 7456 2308 1512 7457 2306 1515 7458 2307 1611 7459 2286 1500 7460 2303 1518 7461 2304 1516 7462 2287 1503 7463 2292 1506 7464 2291 1505 7465 2298 1520 7466 2293 1507 7467 2301 1525 7468 2302 1524 7469 2292 1506 7470 2295 1521 7471 2299 1527 7472 2317 1529 7473 2316 1540 7474 2319 1530 7475 2318 1532 7476 2317 1529 7477 2320 1531 7478 2320 1531 7479 2319 1530 7480 2322 1534 7481 2321 1533 7482 2320 1531 7483 2323 1535 7484 2339 1542 7485 2319 1530 7486 2316 1540 7487 2317 1529 7488 2331 1612 7489 2332 1541 7490 2330 1544 7491 2331 1612 7492 2317 1529 7493 2336 1547 7494 2337 1545 7495 2318 1532 7496 2323 1535 7497 2322 1534 7498 2343 1549 7499 2324 1536 7500 2334 1554 7501 2335 1553 7502 2323 1535 7503 2326 1550 7504 2344 1556 7505 2348 1558 7506 2347 1569 7507 2350 1559 7508 2349 1561 7509 2348 1558 7510 2351 1560 7511 2351 1560 7512 2350 1559 7513 2353 1563 7514 2352 1562 7515 2351 1560 7516 2354 1564 7517 2374 1571 7518 2350 1559 7519 2347 1569 7520 2348 1558 7521 2366 1613 7522 2367 1570 7523 2365 1573 7524 2366 1613 7525 2348 1558 7526 2371 1577 7527 2372 1574 7528 2349 1561 7529 2375 1572 7530 2376 1581 7531 2353 1563 7532 2354 1564 7533 2353 1563 7534 2360 1578 7535 2355 1565 7536 2369 1584 7537 2370 1583 7538 2354 1564 7539 2357 1579 7540 2361 1586 7541</p>
        </triangles>
      </mesh>
    </geometry>
  </library_geometries>
  <library_visual_scenes>
    <visual_scene id="场景" name="场景">
      <node id="tmp_export_圆角9_010" name="tmp_export_圆角9.010" type="NODE">
        <matrix sid="transform">1 0 0 0 0 1 0 0 0 0 1 0 0 0 0 1</matrix>
        <instance_geometry url="#圆角9_010-mesh" name="tmp_export_圆角9.010">
          <bind_material>
            <technique_common>
              <instance_material symbol="夹子-material" target="#夹子-material">
                <bind_vertex_input semantic="RhinoUVMap" input_semantic="TEXCOORD" input_set="0"/>
              </instance_material>
            </technique_common>
          </bind_material>
        </instance_geometry>
      </node>
    </visual_scene>
  </library_visual_scenes>
  <scene>
    <instance_visual_scene url="#场景"/>
  </scene>
</COLLADA>