<?xml version="1.0" encoding="utf-8"?>
<COLLADA xmlns="http://www.collada.org/2005/11/COLLADASchema" version="1.4.1" xmlns:xsi="http://www.w3.org/2001/XMLSchema-instance">
  <asset>
    <contributor>
      <author>Blender User</author>
      <authoring_tool>Blender 3.6.23 commit date:2025-06-16, commit time:11:52, hash:e467db79ca8c</authoring_tool>
    </contributor>
    <created>2026-04-18T17:07:04</created>
    <modified>2026-04-18T17:07:04</modified>
    <unit name="meter" meter="1"/>
    <up_axis>Z_UP</up_axis>
  </asset>
  <library_effects>
    <effect id="金属_006-effect">
      <profile_COMMON>
        <technique sid="common">
          <lambert>
            <emission>
              <color sid="emission">0 0 0 1</color>
            </emission>
            <diffuse>
              <color sid="diffuse">0.4 0.4 0.4 1</color>
            </diffuse>
            <reflectivity>
              <float sid="specular">1</float>
            </reflectivity>
            <index_of_refraction>
              <float sid="ior">1.5</float>
            </index_of_refraction>
          </lambert>
        </technique>
      </profile_COMMON>
    </effect>
    <effect id="法兰盘_011-effect">
      <profile_COMMON>
        <technique sid="common">
          <lambert>
            <emission>
              <color sid="emission">0 0 0 1</color>
            </emission>
            <diffuse>
              <color sid="diffuse">0.06301002 0.06301002 0.06301002 1</color>
            </diffuse>
            <index_of_refraction>
              <float sid="ior">1.5</float>
            </index_of_refraction>
          </lambert>
        </technique>
      </profile_COMMON>
    </effect>
    <effect id="法兰盘_010-effect">
      <profile_COMMON>
        <technique sid="common">
          <lambert>
            <emission>
              <color sid="emission">0 0 0 1</color>
            </emission>
            <diffuse>
              <color sid="diffuse">0.06301002 0.06301002 0.06301002 1</color>
            </diffuse>
            <index_of_refraction>
              <float sid="ior">1.5</float>
            </index_of_refraction>
          </lambert>
        </technique>
      </profile_COMMON>
    </effect>
  </library_effects>
  <library_images/>
  <library_materials>
    <material id="金属_006-material" name="金属.006">
      <instance_effect url="#金属_006-effect"/>
    </material>
    <material id="法兰盘_011-material" name="法兰盘.011">
      <instance_effect url="#法兰盘_011-effect"/>
    </material>
    <material id="法兰盘_010-material" name="法兰盘.010">
      <instance_effect url="#法兰盘_010-effect"/>
    </material>
  </library_materials>
  <library_geometries>
    <geometry id="_左侧肩部_-_转换实体1__002-mesh" name="&lt;左侧肩部&gt;-&lt;转换实体1&gt;.002">
      <mesh>
        <source id="_左侧肩部_-_转换实体1__002-mesh-positions">
          <float_array id="_左侧肩部_-_转换实体1__002-mesh-positions-array" count="19452">-0.01682496 0.005000233 0.01516413 -0.01832258 0.005037367 0.0152961 -0.01682591 0.00511682 0.01278418 -0.01832497 0.005000233 0.01316195 -0.01832389 0.005951285 0.01357477 -0.01682484 0.005833923 0.0148006 -0.01682388 3.93372e-6 0.01018041 -0.01832562 2.22136e-5 0.01024717 -0.01682531 1.51936e-5 0.008103251 -0.01832395 1.98052e-5 0.008078038 -0.01832681 0.00106281 0.009276866 -0.01682251 0.001155376 0.009001374 -0.01682496 -0.004999756 0.01516413 -0.01832562 -0.004977762 0.01524716 -0.01682531 -0.004985153 0.01310169 -0.01832497 -0.004999756 0.01316195 -0.01832509 -0.003959894 0.01373285 -0.01682424 -0.003904104 0.01443505 0.01682406 0.005010485 0.01311993 0.01682573 0.005042076 0.01532477 0.01832407 0.005027472 0.01527875 0.0183258 0.005012214 0.01311004 0.01832681 0.006062805 0.01404917 0.01682323 0.006043374 0.01392513 0.01682388 3.9337e-6 0.00814563 0.01682573 4.2124e-5 0.01032477 0.01832407 2.75154e-5 0.01027876 0.01832562 2.22133e-5 0.008078873 0.0183261 0.001065194 0.009045779 0.01682323 0.001043379 0.008925139 0.01682406 -0.004989445 0.01311993 0.01682573 -0.004957854 0.01532477 0.01832407 -0.004972457 0.01527875 0.0183258 -0.004987776 0.01311004 0.01832681 -0.003937125 0.01404917 0.01682323 -0.003956556 0.01392513 -0.006001055 2.37047e-7 0.00149995 -0.006084144 2.22135e-5 -6.48169e-7 -0.003940224 1.51937e-5 0.001499593 -0.003998875 2.36975e-7 0 -0.004683315 0.001061201 -2.00925e-7 -0.005271971 0.001095831 0.001500666 0.003915846 2.22134e-5 0.001500606 0.003920972 1.84252e-5 2.19599e-6 0.006059706 1.51939e-5 0.001499593 0.006001055 2.37075e-7 0 0.005485057 9.66988e-4 1.08895e-6 0.004956722 0.001108646 0.001501679 -0.001084148 0.005022168 0.001500606 -0.001078963 0.005018413 2.19605e-6 0.00100106 0.005000233 0.00149995 0.00105971 0.005015134 3.49571e-7 2.36642e-4 0.006020665 3.98729e-7 2.39936e-4 0.006137073 0.001501619 -0.001099884 0.01035159 0.00149995 -0.001099467 0.01035153 0 -0.001581132 0.009439408 0.00149995 -0.001589953 0.009449958 2.10579e-7 -0.001619994 0.009488463 0 -0.001619994 0.009488463 0.00149995 -0.006816148 0.006488442 0 -0.006816148 0.006488442 0.00149995 -0.006813049 0.006478905 0.00149995 -0.00822401 0.006821572 0 -0.006792545 0.006405472 0 -0.008258342 0.00679171 0.00149995 -0.008182168 0.006854474 0 -0.008182168 0.006854474 0.00149995 -0.009682178 0.009452581 0 -0.009682178 0.009452581 0.00149995 -0.009690225 0.009450078 0.00149995 -0.009326338 0.01083171 0 -0.00985223 0.009406745 0 -0.009368777 0.01088362 0.00149995 -0.009316146 0.0108186 0.00149995 -0.004119992 0.01381856 0.00149995 -0.009316146 0.0108186 0 -0.004119992 0.01381856 0 -0.00414586 0.01390659 0 -0.002708673 0.01348841 0 -0.004122436 0.0138266 0.00149995 -0.002680957 0.01351177 0.00149995 -0.002753973 0.01345258 0.00149995 -0.001253962 0.01085448 0 -0.002753973 0.01345258 0 -0.001253962 0.01085448 0.00149995 4.53823e-5 0.006156384 -0.03514921 1.98054e-5 0.006084978 -0.03365099 3.93371e-6 0.003982543 -0.0336489 0.001043379 0.004762053 -0.03364825 2.22134e-5 0.003915846 -0.03515064 0.001065194 0.004882693 -0.03515106 0.005022168 -0.001084148 -0.03515064 0.004999995 0.000999987 -0.03514999 0.005008399 0.001037001 -0.03365039 0.005018413 -0.001078963 -0.03365218 0.006011366 2.27505e-4 -0.03365087 0.006177604 2.60186e-4 -0.03515213 -0.00494647 0.001200973 -0.03514939 -0.00499159 0.001037001 -0.03365039 -0.004981517 -0.001078963 -0.03365218 -0.003992378 2.3111e-4 -0.03365093 -0.004977762 -0.001084148 -0.03515064 -0.003971874 -2.40908e-4 -0.03515088 -0.002352535 0.01896739 -0.03365004 -5.89948e-4 0.0179004 -0.0336492 -5.97631e-4 0.01783877 -0.03515058 -0.002344369 0.01897436 -0.03514981 -5.7735e-4 0.01799994 -0.03514999 -5.7735e-4 0.01799994 -0.03364998 0.002058625 0.01799994 -0.03364998 0.002058625 0.01799994 -0.03514999 0.00383681 0.01703429 -0.03514993 0.002072572 0.01810938 -0.03515076 0.002062678 0.01803362 -0.03365021 0.003920197 0.01709812 -0.03364938 0.003790676 0.01699995 -0.03364998 0.003790676 0.01699995 -0.03514999 0.01056647 0.005264043 -0.03514999 0.01056647 0.005264043 -0.03364998 0.01086783 0.00426656 -0.03514993 0.01084405 0.004264712 -0.03364998 0.01059114 0.005276024 -0.03364998 0.01057553 0.005268454 -0.03514999 0.01057451 0.003260076 -0.03514999 0.01059377 0.003250718 -0.03364998 0.01087129 0.004261374 -0.03514999 0.01084518 0.004263281 -0.03364998 0.01056647 0.003264009 -0.03364998 0.01056647 0.003264009 -0.03514999 0.007332026 -0.002338111 -0.03364998 0.007332026 -0.002338111 -0.03514999 0.005618095 -0.003481447 -0.03515076 0.005606591 -0.003395736 -0.03364938 0.007407069 -0.002395689 -0.03364825 0.007370591 -0.002366304 -0.03514987 0.003599941 -0.001338124 -0.03364998 0.003515064 -0.001348793 -0.03514897 0.00401616 -0.002743661 -0.03364884 0.005599975 -0.003338098 -0.03514999 0.005596876 -0.003366887 -0.03365021 0.004568278 -0.003113567 -0.03515064 0.003599941 -0.001338124 -0.03514999 0.003599941 0 -0.03364998 0.003599941 -0.001338124 -0.03364998 0.003599941 0 -0.03514999 1.42341e-5 0.00374943 -0.03515112 5.94728e-6 0.003675103 -0.03365021 0.003661572 5.49333e-6 -0.03364849 0.002664506 0.002561032 -0.03364896 0.003620743 1.55881e-6 -0.03514975 0.003045678 0.002052962 -0.03515011 -1.55881e-6 0.003620743 -0.03514975 -5.49333e-6 0.003661572 -0.03364849 -0.003675103 5.94728e-6 -0.03365021 -0.002562999 0.002662777 -0.03364896 -0.003646612 4.08401e-6 -0.03514951 -0.002652645 0.0026443 -0.035151 -0.003599941 -0.001338124 -0.03514999 -0.003599941 0 -0.03364998 -0.003599941 0 -0.03514999 -0.003599941 -0.001338124 -0.03364998 -0.005513489 -0.003418564 -0.03364735 -0.003599941 -0.001338124 -0.03514999 -0.005818367 -0.00339061 -0.03514921 -0.003392398 -0.001365363 -0.03364807 -0.007385134 -0.002379834 -0.03364866 -0.007346868 -0.002349674 -0.03514999 -0.003888547 -0.002537488 -0.03514868 -0.007332026 -0.002338111 -0.03364998 -0.007332026 -0.002338111 -0.03514999 -0.01460182 0.01025348 -0.03364998 -0.01460182 0.01025348 -0.03514999 -0.01472282 0.01049977 -0.03514999 -0.01460593 0.01025122 -0.03515005 -0.01460218 0.01025331 -0.03364998 -0.0147224 0.01049995 -0.03364998 -0.01550883 0.01186203 -0.03364998 -0.0147224 0.01049995 -0.03514999 -0.0147224 0.01049995 -0.03364998 -0.01550883 0.01186203 -0.03514999 -0.01550883 0.01186203 -0.03514999 -0.01587712 0.01249998 -0.03291338 -0.01552301 0.01188665 -0.03367578 -0.01582056 0.01240199 -0.03332996 -0.01662713 0.01379901 -0.03291338 -0.01651698 0.01360833 -0.03394079 -0.0160225 0.01275181 -0.03492975 -0.01662713 0.01379901 -0.03291338 -0.01587712 0.01249998 -0.03291338 -0.01587712 0.01249998 -0.03191339 -0.01662713 0.01379901 -0.03191339 -0.01660132 0.01381403 -0.03190863 -0.01585477 0.01251274 -0.03190928 -0.01721137 0.0134617 -0.03085649 -0.01647818 0.01215338 -0.03089481 -0.01650619 0.01214706 -0.0309472 -0.01790672 0.01287668 -0.03091144 -0.01671582 0.01195263 -0.03091347 -0.01726418 0.0134539 -0.03095358 -0.01790112 0.01287192 -0.03091335 -0.01671582 0.01195263 -0.03091335 -0.016891 0.01151835 -0.03091335 -0.01837033 0.01150125 -0.03091335 -0.0182498 0.01222562 -0.03091335 -0.01687031 0.01150125 -0.03091335 -0.01687031 0.008022248 -0.03091335 -0.01837033 0.008022248 -0.03091335 -0.01837033 0.01150125 -0.03091335 -0.01686984 0.005799055 -0.03015607 -0.01837074 0.005873441 -0.03006786 -0.01687037 0.008018016 -0.03096222 -0.01837122 0.008011221 -0.03103214 -0.01837033 0.005900979 -0.03003472 -0.01687031 0.005900979 -0.03003472 -0.01687031 0.004658281 -0.02879208 -0.01837033 0.004658281 -0.02879208 -0.0168693 0.003644585 -0.02668237 -0.01837074 0.003736734 -0.02667468 -0.01837128 0.004548251 -0.02888321 -0.01686996 0.004621088 -0.02882331 -0.01687031 0.003779649 -0.006979227 -0.01837033 0.003779649 -0.02667075 -0.01687031 0.003779649 -0.02667075 -0.01837033 0.003779649 -0.006979227 -0.0168693 0.004554569 -0.004770636 -0.01837074 0.004625141 -0.00483036 -0.01686996 0.003731191 -0.006974995 -0.01837128 0.003637373 -0.006965816 -0.01837033 0.004658281 -0.004857897 -0.01687031 0.004658281 -0.004857897 -0.01687031 0.005900979 -0.00361526 -0.01837033 0.005900979 -0.00361526 -0.01837074 0.008018195 -0.002692818 -0.01686996 0.005869686 -0.003578007 -0.01837122 0.005824804 -0.003523409 -0.01686936 0.008008182 -0.002575695 -0.01687031 0.008022248 -0.002736568 -0.01837033 0.008022248 -0.002736568 -0.01687031 0.01150125 -0.002736568 -0.01837033 0.01150125 -0.002736568 -0.01837033 0.01150125 -0.002736568 -0.01687031 0.01150125 -0.002736568 -0.01674264 0.01195186 -0.002736568 -0.01790112 0.01287192 -0.002736568 -0.0182498 0.01222562 -0.002736568 -0.01671582 0.01195263 -0.002736389 -0.01726335 0.01345449 -0.002696216 -0.01650649 0.01214689 -0.002699375 -0.01790595 0.01287752 -0.002739608 -0.01721268 0.01345962 -0.002788841 -0.01660937 0.01380896 -0.00173974 -0.01585334 0.01251393 -0.001740992 -0.01648074 0.01215338 -0.002750217 -0.01662713 0.01379901 -7.366e-4 -0.01662713 0.01379901 -0.001736581 -0.01587712 0.01249998 -0.001736581 -0.01587712 0.01249998 -7.366e-4 -0.01665633 0.01384967 -6.91641e-4 -0.0155313 0.01190102 0.001558482 -0.01552301 0.01188665 2.57994e-5 -0.01587712 0.01249998 -7.366e-4 -0.01582056 0.01240199 -3.20002e-4 -0.0163089 0.0132479 8.63621e-4 -0.01550883 0.01186203 0 -0.01550883 0.01186203 0.00149995 -0.0147224 0.01049995 0 -0.0147224 0.01049995 0.00149995 -0.01469451 0.01051348 0.00149995 -0.01469719 0.01051235 0 -0.01444357 0.009500741 0.00149995 -0.01444578 0.009500563 0 -0.0144025 0.009491443 0.001499176 -0.01437079 0.009486019 3.55582e-7 -0.01603657 0.007396221 -3.26399e-7 -0.0159949 0.007278561 0.001501619 -0.01608836 0.007533788 0 -0.01663297 0.007491946 5.61e-5 -0.01626807 0.007501244 0.001522183 -0.0160883 0.007532954 0.00149995 -0.01832497 0.007499992 0.002236545 -0.01663362 0.007499992 6.7473e-5 -0.01626795 0.007499992 0.001522183 -0.01682496 0.007499992 0.002236545 -0.01820349 0.007499992 0.001509428 -0.01762115 0.007499992 5.67873e-4 -0.0166822 0.007499992 0.001773536 -0.01682496 0.007499992 0.01416301 -0.01682496 0.007499992 0.002236545 -0.01832497 0.007499992 0.002236545 -0.01832497 0.007499992 0.01416301 -0.01682442 0.006418228 0.01813727 -0.01832646 0.006551086 0.01820713 -0.01832395 0.007563889 0.01416873 -0.01682651 0.007658421 0.01417529 -0.01682502 0.006376862 0.01811552 -0.01832336 0.006411254 0.0181483 -0.0183224 0.004221081 0.01879787 -0.01832497 0.003599941 0.01732373 -0.01682496 0.003600597 0.01732361 -0.01682573 0.004042267 0.01847982 -0.01682394 0.005528986 0.01881277 -0.01832497 0.003599941 0.01732373 -0.01682496 0.003599941 0.01416301 -0.01682496 0.003599941 0.01732373 -0.01832497 0.003599941 0.01416301 -0.01682519 0.003620743 0.01416146 -0.01832646 0.003661572 0.01415753 -0.01832455 4.084e-6 0.0105164 -0.01832598 0.002664506 0.01160198 -0.01682484 0.003045678 0.01211005 -0.01682364 2.3294e-5 0.01032143 -0.01682382 -0.00374794 0.01414936 -0.01832467 -0.00366795 0.01415723 -0.01832646 -5.4933e-6 0.01050144 -0.01832634 -0.002713918 0.01161551 -0.01682519 -1.5588e-6 0.01054227 -0.01682484 -0.002052962 0.01111727 -0.01682496 -0.003599941 0.01416301 -0.01832497 -0.003599941 0.01732373 -0.01832497 -0.003599941 0.01416301 -0.01682496 -0.003599941 0.01732373 -0.01682496 -0.003600597 0.01732361 -0.01832455 -0.003551721 0.01733332 -0.01832383 -0.004309892 0.01864302 -0.0183227 -0.00654453 0.01828068 -0.01682341 -0.00640434 0.01813995 -0.016824 -0.00418657 0.01879352 -0.01682627 -0.007616281 0.01417487 -0.01682668 -0.006436705 0.01814502 -0.01832473 -0.006407916 0.01813155 -0.01832234 -0.007683932 0.01417744 -0.01832497 -0.007499992 0.01416301 -0.01682496 -0.007499992 0.01416301 -0.01832497 -0.007499992 0.002236545 -0.01682496 -0.007499992 0.002236545 -0.01608836 -0.007499992 0 -0.01832497 -0.007499992 0.002236545 -0.01608836 -0.007499992 0.00149995 -0.01711577 -0.007499992 2.20203e-4 -0.01810479 -0.007499992 0.001209139 -0.01685076 -0.007499992 0.002208173 -0.016505 -0.007499992 0.00161308 -0.01608836 -0.007499992 0 -0.01608836 -0.007499992 0.00149995 -0.005599975 -0.007499992 0 -0.005599975 -0.007499992 0.00149995 -0.003599941 -0.005499958 0 -0.003530204 -0.005508065 0.001498281 -0.004013061 -0.006902873 -1.1549e-6 -0.004569888 -0.007275164 0.001500368 -0.005599975 -0.007499992 0.00149995 -0.005596399 -0.007532596 3.01877e-7 -0.003599941 -0.005499958 0 -0.003599941 -0.005499958 0.00149995 -0.003599941 0 0 -0.003599941 0 0.00149995 -0.0037992 2.93167e-5 0.00149995 -0.003786146 2.65183e-5 0 -0.00184822 0.003201246 0.00149995 0.001423954 0.003437757 0.00149995 -0.001423954 0.003437757 0 0.002734184 0.002734184 0 0.003861844 3.92248e-5 0.00149995 0.003599941 0 0 0.003599941 0 0 0.003599941 -0.005499958 0 0.003599941 -0.005499958 0.00149995 0.003599941 0 0.00149995 0.005593299 -0.007558882 0.001498997 0.005571424 -0.00770545 3.22502e-6 0.003877818 -0.006615996 0.001499891 0.003524124 -0.005509257 1.67744e-6 0.003599941 -0.005499958 0.00149995 0.005599975 -0.007499992 0 0.005599975 -0.007499992 0.00149995 0.01608836 -0.007499992 0 0.01608836 -0.007499992 0.00149995 0.01832497 -0.007499992 0.002236545 0.01608836 -0.007499992 0 0.01608836 -0.007499992 0.00149995 0.01685076 -0.007499992 0.002208173 0.01810479 -0.007499992 0.001209139 0.01711577 -0.007499992 2.20203e-4 0.016505 -0.007499992 0.00161308 0.01682496 -0.007499992 0.002236545 0.01832497 -0.007499992 0.01416301 0.01832497 -0.007499992 0.002236545 0.01682496 -0.007499992 0.01416301 0.01832473 -0.006404936 0.01812988 0.01682412 -0.006462216 0.01815992 0.01682651 -0.007555842 0.01416736 0.01832211 -0.007703423 0.01418054 0.01832556 -0.005110859 0.01891142 0.01682502 -0.005104184 0.01885849 0.0183252 -0.006399929 0.01813399 0.01682466 -0.00646466 0.01818585 0.01682347 -0.003339111 0.01737117 0.01832652 -0.00351417 0.01733976 0.01682537 -0.005085647 0.01889771 0.01832824 -0.005063533 0.01901572 0.01832497 -0.003599941 0.01732373 0.01682496 -0.003599941 0.01416301 0.01682496 -0.003599941 0.01732373 0.01832497 -0.003599941 0.01416301 0.01832497 -0.003695547 0.01414966 0.01832497 -0.001781404 0.01076883 0.01682496 0.003695547 0.01414966 0.01832497 0.003736972 0.0141437 0.01682496 -0.003736972 0.0141437 0.01832497 0.001943945 0.01104235 0.01682496 -0.001943945 0.01104235 0.01682496 0.001781404 0.01076883 0.01682496 0.003599941 0.01416301 0.01832497 0.003599941 0.01732373 0.01832497 0.003599941 0.01416301 0.01682496 0.003599941 0.01732373 0.01832962 0.005061447 0.01902532 0.01682353 0.005085885 0.01889669 0.01832646 0.003518521 0.01733899 0.01682108 0.003305554 0.01737701 0.01682472 0.006401538 0.01813513 0.01832538 0.006440043 0.0181663 0.01832491 0.005104064 0.01885676 0.0168243 0.005114197 0.01893997 0.01682668 0.007565855 0.01416891 0.01682412 0.006468057 0.01816296 0.01832473 0.006404936 0.01812988 0.01832234 0.007683932 0.01417744 0.01832497 0.007499992 0.01416301 0.01682496 0.007499992 0.007056891 0.01682496 0.007499992 0.01416301 0.01832497 0.007499992 0.007056891 0.01832509 0.007436215 0.007055222 0.01832497 0.007889747 0.002236545 0.01682496 0.007499992 0.007056891 0.01682484 0.007834851 0.002228975 0.01832497 0.007887244 0.002236127 0.01609581 0.008397281 -2.71988e-5 0.01684725 0.007825672 0.002196788 0.01608836 0.008365809 0.00149995 0.01714783 0.008237779 2.54904e-4 0.01782554 0.008118808 8.1118e-4 0.0182386 0.007995545 0.001583933 0.016505 0.008187294 0.00161308 0.01606541 0.008286118 0.001499831 0.01601922 0.00812292 -1.40635e-6 0.006845951 0.01226526 3.54522e-6 0.006760478 0.0121203 0.001494526 0.006893157 0.01234734 0 0.005549192 0.01322102 0 0.006893157 0.01234734 0.00149995 0.005549192 0.01322102 0.00149995 0.005504012 0.01315778 0.001497745 -0.001980304 0.01965266 2.15307e-6 0.005442619 0.01306998 3.00843e-6 -0.002075552 0.01956361 0.001496732 -0.001925647 0.01970463 0.00149995 -0.0027951 0.02084785 0.001000821 -0.003161668 0.02127903 3.22462e-4 -0.001927316 0.01970332 0 -0.002265512 0.01999157 -1.14983e-4 -0.002675175 0.02015763 -7.24419e-4 -0.003407061 0.02146345 -7.3276e-4 -0.002318739 0.02023053 0.001413702 -0.002627432 0.02014964 -7.3646e-4 -0.003467977 0.02139645 -0.001632452 -0.003378093 0.02144831 -7.36363e-4 -0.002717494 0.02009767 -0.001632511 -0.003604233 0.02131497 -0.001655161 -0.002848982 0.02002149 -0.001651644 -0.001936137 0.02054959 -0.002780675 -0.002675056 0.02185422 -0.00273478 -0.002674758 0.0218544 -0.002733409 -0.002460122 0.02196335 -0.002736628 -0.001904666 0.02055448 -0.00272721 -0.002460122 0.02196335 -0.002736568 -0.001854062 0.02059125 -0.002736568 -0.001556456 0.02065408 -0.002736568 -0.001569688 0.02218341 -0.002736568 0.002311646 0.02065408 -0.002736568 0.002311646 0.02215409 -0.002736568 -0.001556456 0.02065408 -0.002736568 -0.001556456 0.02215409 -0.002736568 0.004461288 0.02215403 -0.003581166 0.00232023 0.02215462 -0.002649247 0.002314686 0.02065414 -0.002699434 0.00453478 0.02065354 -0.003494024 0.004432976 0.02215409 -0.00361526 0.005675613 0.02065408 -0.004857897 0.004432976 0.02065408 -0.00361526 0.005675613 0.02215409 -0.004857897 0.006678521 0.02215462 -0.006967484 0.006603538 0.02065366 -0.006974995 0.005699753 0.02215391 -0.004837751 0.005743741 0.02065289 -0.00480163 0.006554305 0.02215409 -0.02667075 0.006554305 0.02065408 -0.006979227 0.006554305 0.02215409 -0.006979227 0.006554305 0.02065408 -0.02667075 0.005739688 0.02215486 -0.02884465 0.006598591 0.02215445 -0.0266748 0.006696105 0.0206536 -0.02668321 0.005706906 0.02065414 -0.0288186 0.004432976 0.02215409 -0.03003472 0.005675613 0.02215409 -0.02879208 0.005675613 0.02065408 -0.02879208 0.004432976 0.02065408 -0.03003472 0.002325415 0.02065354 -0.03107106 0.002315759 0.02215445 -0.03095716 0.00450915 0.02215492 -0.03012651 0.004464864 0.02065408 -0.03007262 0.002311646 0.02215409 -0.03091335 0.002311646 0.02065408 -0.03091335 -0.001556456 0.02065408 -0.03091335 -0.001556456 0.02215409 -0.03091335 -0.001556456 0.02215409 -0.03091335 -0.001565098 0.0206685 -0.03091335 -0.001924753 0.02055537 -0.03091335 -0.002673923 0.02190548 -0.03091335 -0.00201112 0.02050548 -0.03091335 -0.002746701 0.02181285 -0.03091335 -0.002035915 0.02049106 -0.03082621 -0.002932667 0.01997363 -0.03190332 -0.003769099 0.02122324 -0.03188335 -0.002776384 0.02179539 -0.0308761 -0.003636717 0.021299 -0.03191339 -0.002886712 0.01999998 -0.03191339 -0.002886712 0.01999998 -0.03291338 -0.003636717 0.021299 -0.03291338 -0.002518415 0.01936203 -0.03514999 -0.003636717 0.021299 -0.03291338 -0.002886712 0.01999998 -0.03291338 -0.002532601 0.01938664 -0.03367578 -0.002830147 0.01990199 -0.03332996 -0.003032147 0.02025181 -0.03492975 -0.003526628 0.02110832 -0.03394079 -0.001119971 0.01035451 0.00149995 -0.001107215 0.01035547 0 -0.001253962 0.01085448 0 -0.001242518 0.01086008 0.001499772 0.001084148 0.004977762 0.001500606 0.001078963 0.004981517 2.19603e-6 -0.00100106 0.004999756 0.00149995 -0.00105971 0.004984796 3.49571e-7 -2.39937e-4 0.003862857 0.001501619 -2.36642e-4 0.003979265 3.98737e-7 0.006001055 -2.37047e-7 0.00149995 0.006084144 -2.22135e-5 -6.48169e-7 0.003940224 -1.51937e-5 0.001499593 0.003998875 -2.36975e-7 0 0.005271971 -0.001095831 0.001500666 0.004683315 -0.001061201 -2.00925e-7 -0.003915846 -2.22134e-5 0.001500606 -0.003920972 -1.84252e-5 2.19599e-6 -0.006059706 -1.51939e-5 0.001499593 -0.006001055 -2.37075e-7 0 -0.004952669 -0.001110732 0.001500785 -0.005494177 -9.5486e-4 1.12364e-6 -0.01682406 -0.005010485 0.01311993 -0.01682573 -0.005042076 0.01532477 -0.01832407 -0.005027472 0.01527875 -0.0183258 -0.005012214 0.01311004 -0.01682323 -0.006043374 0.01392513 -0.01832681 -0.006062805 0.01404917 -0.01682388 -3.9337e-6 0.00814563 -0.01682573 -4.2124e-5 0.01032477 -0.01832407 -2.75154e-5 0.01027876 -0.01832562 -2.22133e-5 0.008078873 -0.01682323 -0.001043379 0.008925139 -0.0183261 -0.001065194 0.009045779 -0.01682406 0.004989445 0.01311993 -0.01682573 0.004957854 0.01532477 -0.01832407 0.004972457 0.01527875 -0.0183258 0.004987776 0.01311004 -0.01682323 0.003956556 0.01392513 -0.01832681 0.003937125 0.01404917 0.01682496 -0.005000233 0.01516413 0.01832258 -0.005037367 0.0152961 0.01682591 -0.00511682 0.01278418 0.01832497 -0.005000233 0.01316195 0.01682484 -0.005833923 0.0148006 0.01832389 -0.005951285 0.01357477 0.01682388 -3.93372e-6 0.01018041 0.01832562 -2.22136e-5 0.01024717 0.01682531 -1.51936e-5 0.008103251 0.01832395 -1.98052e-5 0.008078038 0.01682251 -0.001155376 0.009001374 0.01832681 -0.00106281 0.009276866 0.01682496 0.004999756 0.01516413 0.01832562 0.004977762 0.01524716 0.01682531 0.004985153 0.01310169 0.01832497 0.004999756 0.01316195 0.01682424 0.003904104 0.01443505 0.01832509 0.003959894 0.01373285 -0.005022168 0.001084148 -0.03515064 -0.005018413 0.001078963 -0.03365218 -0.004999995 -0.000999987 -0.03514999 -0.005008399 -0.001037001 -0.03365039 -0.006137073 -2.39936e-4 -0.0351516 -0.006020665 -2.36642e-4 -0.03365039 0.004977762 0.001084148 -0.03515064 0.004981517 0.001078963 -0.03365218 0.004999995 -0.000999987 -0.03514999 0.00499159 -0.001037001 -0.03365039 0.003862857 -2.39937e-4 -0.0351516 0.003979265 -2.36642e-4 -0.03365039 -2.22135e-5 0.006084144 -0.03515064 -1.84253e-5 0.006078958 -0.03365218 -1.51937e-5 0.003940224 -0.03514963 -1.98053e-5 0.003914952 -0.03365099 -0.001164197 0.004875779 -0.03515255 -0.001018226 0.00486952 -0.03365075 -0.002518415 0.01936203 -0.03364998 -0.002309381 0.01899999 -0.03514999 -0.002309381 0.01899999 -0.03364998 -0.002518415 0.01936203 -0.03514999 -0.01551216 0.01186788 -0.03368157 -0.002521276 0.01936697 -0.03367722 -0.00293523 0.02008402 -0.03293454 -0.01591634 0.01256793 -0.03293114 0 0.005999982 -0.03364998 6.37794e-4 0.00579971 -0.03364998 0.001022934 0.004999995 -0.03364998 7.81831e-4 0.004376471 -0.03364998 2.27626e-4 0.00400269 -0.03364998 0.004772365 9.97293e-4 -0.03364998 0.005637764 7.99767e-4 -0.03364998 0.00602293 0 -0.03364998 0.005637764 -7.99767e-4 -0.03364998 0.004772365 -9.97293e-4 -0.03364998 -0.004772365 9.97293e-4 -0.03364998 -0.004078328 4.43838e-4 -0.03364998 -0.004078328 -4.43838e-4 -0.03364998 -0.004772365 -9.97293e-4 -0.03364998 -0.001162588 0.01805371 -0.03364998 -0.002073407 0.01864957 -0.03364998 0.002480089 0.0179708 -0.03364998 0.003451526 0.01748001 -0.03364998 0.01075989 0.004868924 -0.03364998 0.0108059 0.003776729 -0.03364998 0.005950748 -0.003327488 -0.03364998 0.006992876 -0.002818167 -0.03364998 0.003653705 -0.001923441 -0.03364998 0.004180431 -0.002757668 -0.03364998 0.004909098 -0.003236353 -0.03364998 0.003584504 3.78549e-4 -0.03364998 0 0.0036242 -0.03364998 0.001261234 0.00338149 -0.03364998 0.002373337 0.002739012 -0.03364998 0.003296732 0.001505553 -0.03364998 -0.003584504 3.78549e-4 -0.03364998 -0.003296732 0.001505553 -0.03364998 -0.002373337 0.002739012 -0.03364998 -0.001261234 0.00338149 -0.03364998 -0.00711441 -0.002656996 -0.03364998 -0.006371736 -0.003201246 -0.03364998 -0.005336761 -0.003337502 -0.03364998 -0.004372298 -0.002938032 -0.03364998 -0.003666162 -0.001969635 -0.03364998 -0.01547431 0.01188099 -0.03364998 -0.005637764 -7.99767e-4 -0.03364998 -0.00602293 0 -0.03364998 -0.005637764 7.99767e-4 -0.03364998 0.004078328 -4.43838e-4 -0.03364998 0.004078328 4.43838e-4 -0.03364998 -6.37793e-4 0.00420022 -0.03364998 -0.001022934 0.004999995 -0.03364998 -6.37794e-4 0.00579971 -0.03364998 -0.002518415 0.01936203 -0.03364998 -0.00155735 0.02066582 -0.002736568 -0.001927673 0.02056139 -0.03091335 -0.001926124 0.02055817 -0.002734482 -0.001556456 0.02065408 -0.03091335 -0.001556456 0.02065408 -0.002736568 0.003935635 0.02065408 -0.003181576 0.002785861 0.02065408 -0.002761125 0.006509304 0.02065408 -0.006320893 0.005993604 0.02065408 -0.005210578 0.006529808 0.02065408 -0.02714496 0.006109297 0.02065408 -0.02829468 0.002970039 0.02065408 -0.03086835 0.004080355 0.02065408 -0.03035265 -0.001556456 0.02065408 -0.03091335 -0.01688718 0.01150393 -0.002736568 -0.01693028 0.01151114 -0.03090703 -0.01651477 0.01215392 -0.002713501 -0.016505 0.01214265 -0.03094589 -0.01687031 0.0062536 -0.03035265 -0.01687031 0.007363915 -0.03086835 -0.01687031 0.003804147 -0.02714496 -0.01687031 0.004224598 -0.02829468 -0.01687031 0.003804147 -0.006505012 -0.01687031 0.004224598 -0.005355238 -0.01687031 0.007548034 -0.002761125 -0.01687031 0.00639832 -0.003181576 -0.01687031 0.01150125 -0.002736568 -0.01687031 0.01150125 -0.03091335 -0.01589161 0.01252508 -7.30508e-4 -0.002672493 0.02023214 -7.15757e-4 -0.001932144 0.01970964 3.65117e-5 -0.01552122 0.01188355 1.15224e-4 -0.01587712 0.01249998 -0.03291338 -0.0164411 0.0121743 -0.0309332 -0.0159049 0.01248395 -0.0316025 -0.0159049 0.01248395 -0.002047419 -0.01649516 0.01214313 -0.002758443 -0.01587712 0.01249998 -7.366e-4 -0.002626895 0.02015 -7.36606e-4 -0.001924753 0.02055537 -0.002733409 -0.001930415 0.02055209 -0.002819359 -0.002732694 0.02008891 -0.002021431 -0.001925826 0.02055478 -0.03090864 -0.002833425 0.02003073 -0.03147447 -0.00235486 0.02030706 -0.03098177 -0.002886712 0.01999998 -0.03291338 -0.01045823 0.01563024 -0.03291606 -0.01003813 0.0158714 -7.36593e-4 0.016092 0.00836569 -3.39599e-5 0.01608836 -0.007499992 0 0.01832497 -0.007499992 0.002236545 0.01780772 0.008111774 6.91875e-4 0.01834857 0.007889926 0.00223416 0.01773393 -0.007499814 5.87084e-4 0.01832497 -0.007499992 0.002236545 0.01832497 0.007889747 0.002236545 0.01832497 0.004772365 0.01516032 0.01832497 0.005637764 0.01496279 0.01832497 0.00602293 0.01416301 0.01832497 0.005781829 0.01353955 0.01832497 0.005227625 0.01316571 0.01832497 0 0.010163 0.01832497 6.37793e-4 0.009962797 0.01832497 0.001022934 0.009163022 0.01832497 6.37793e-4 0.008363246 0.01832497 0 0.008163034 0.01832497 -0.004772365 0.01516032 0.01832497 -0.004078328 0.01460689 0.01832497 -0.004078328 0.0137192 0.01832497 -0.004772365 0.01316571 0.01832497 -0.007486462 0.01467388 0.01832497 -0.006311476 0.01825147 0.01832497 -0.007233738 0.01622283 0.01832497 -0.005460441 0.01880919 0.01832497 -0.003692269 0.01798206 0.01832497 -0.004521191 0.0187211 0.01832497 -0.003547728 0.01347011 0.01832497 0.003547728 0.01347011 0.01832497 0.002879798 0.01195323 0.01832497 0.001389086 0.01080936 0.01832497 0 0.01056301 0.01832497 -0.001389086 0.01080936 0.01832497 -0.002879798 0.01195323 0.01832497 0.003692269 0.01798206 0.01832497 0.004521191 0.0187211 0.01832497 0.0062173 0.01834332 0.01832497 0.005460441 0.01880919 0.01832497 0.007469415 0.01500064 0.01832497 0.007012605 0.01688194 0.01832497 0.007862269 0.002237439 0.01832497 0.007518827 0.0057047 0.01832497 -0.005637764 0.01336324 0.01832497 -0.00602293 0.01416301 0.01832497 -0.005637764 0.01496279 0.01832497 -6.37793e-4 0.008363246 0.01832497 -0.001022934 0.009163022 0.01832497 -6.37793e-4 0.009962797 0.01832497 0.004566073 0.01326203 0.01832497 0.004078328 0.0137192 0.01832497 0.004078328 0.01460689 -0.01609462 -0.007500171 -5.19762e-5 -0.01832497 -0.007499992 0.002236545 -0.01609128 0.007526993 -2.92429e-5 -0.01803004 -0.007500231 8.36451e-4 -0.01846194 0.007500231 0.002221226 -0.01771199 0.007500112 6.70759e-4 -0.01832497 0.007499992 0.002236545 -0.01832497 -0.007499992 0.002236545 -0.01832497 0.005227625 0.01316571 -0.01832497 0.005781829 0.01353955 -0.01832497 0.00602293 0.01416301 -0.01832497 0.005637764 0.01496279 -0.01832497 0.004999995 0.015163 -0.01832497 0 0.008163034 -0.01832497 6.37793e-4 0.008363246 -0.01832497 0.001022934 0.009163022 -0.01832497 6.37793e-4 0.009962797 -0.01832497 0 0.010163 -0.01832497 -0.004772365 0.01316571 -0.01832497 -0.004078328 0.0137192 -0.01832497 -0.004025042 0.01438552 -0.01832497 -0.004362165 0.01496279 -0.01832497 -0.004999995 0.015163 -0.01832497 0.007486462 0.01467388 -0.01832497 0.006266653 0.01832145 -0.01832497 0.007233738 0.01622283 -0.01832497 0.003643631 0.01773023 -0.01832497 0.004181325 0.01853984 -0.01832497 0.005240201 0.01884138 -0.01832497 0.003584504 0.01378446 -0.01832497 7.74895e-4 0.01060092 -0.01832497 0.002577662 0.01158529 -0.01832497 0.00338149 0.01290178 -0.01832497 -0.003584504 0.01378446 -0.01832497 -0.00338149 0.01290178 -0.01832497 -0.002577662 0.01158529 -0.01832497 -0.001021027 0.01068556 -0.01832497 -0.003643631 0.01773023 -0.01832497 -0.006266653 0.01832145 -0.01832497 -0.005240201 0.01884138 -0.01832497 -0.004181325 0.01853984 -0.01832497 -0.007486462 0.01467388 -0.01832497 -0.007233738 0.01622283 -0.01832497 -0.005637764 0.01496279 -0.01832497 -0.00602293 0.01416301 -0.01832497 -0.005637764 0.01336324 -0.01832497 -6.37793e-4 0.009962797 -0.01832497 -0.001022934 0.009163022 -0.01832497 -6.37793e-4 0.008363246 -0.01832497 0.004362165 0.01496279 -0.01832497 0.004025042 0.01438552 -0.01832497 0.004078328 0.0137192 -0.01832497 0.004566073 0.01326203 -0.01608836 -0.007499992 0 -0.00400269 2.27626e-4 0 -0.004376471 7.81831e-4 0 -0.004999995 0.001022934 0 -0.00579971 6.37794e-4 0 -0.005999982 0 0 0.005999982 0 0 0.00579971 6.37794e-4 0 0.004999995 0.001022934 0 0.00420022 6.37793e-4 0 0.00400269 -2.27626e-4 0 9.97293e-4 0.004772365 0 7.99767e-4 0.005637764 0 0 0.00602293 0 -7.99767e-4 0.005637764 0 -9.97293e-4 0.004772365 0 -0.001270651 0.009761214 0 -0.001124739 0.0105645 0 -0.007995665 0.006597578 0 -0.007227003 0.006322264 0 -0.009573042 0.01063203 0 -0.009848356 0.009863436 0 -0.003026723 0.01380193 0 -0.003830015 0.01394778 0 -0.01550883 0.01186203 0 -0.01447302 0.00995773 0 -0.01608836 0.007533788 0 -0.01543545 0.007763862 0 -0.01463323 0.008592545 0 -0.00517857 -0.007470786 0 -0.003653705 -0.006085276 0 -0.004301488 -0.007047414 0 -0.003599941 0 0 0.003599941 0 0 0.003353655 0.001389086 0 0.002545535 0.002545535 0 0.001389086 0.003353655 0 0 0.003599941 0 -0.001389086 0.003353655 0 -0.002545535 0.002545535 0 -0.003353655 0.001389086 0 0.00517857 -0.007470786 0 0.004301488 -0.007047414 0 0.003653705 -0.006085276 0 0.004397034 0.01396191 0 0.009052813 0.01105535 0 0.01209342 0.009636521 0 0.01608473 0.008334636 0 9.61991e-4 0.0167461 0 -4.43838e-4 0.004078328 0 4.43838e-4 0.004078328 0 0.004376471 -7.81831e-4 0 0.004999995 -0.001022934 0 0.00579971 -6.37794e-4 0 -0.00579971 -6.37794e-4 0 -0.004999995 -0.001022934 0 -0.00420022 -6.37793e-4 0 -0.001949548 0.01969021 0 0.01608836 -0.007499992 0 -0.01662713 0.01379901 -0.03291338 -0.003636717 0.021299 -0.03291338 -0.003453373 0.02098149 -0.03440487 -0.002518415 0.01936203 -0.03514999 -0.01551216 0.0118674 -0.03520268 -0.01643633 0.0134685 -0.03424948 0 0.005999982 -0.03514999 6.37794e-4 0.00579971 -0.03514999 0.001022934 0.004999995 -0.03514999 7.81831e-4 0.004376471 -0.03514999 2.27626e-4 0.00400269 -0.03514999 0.004772365 9.97293e-4 -0.03514999 0.005637764 7.99767e-4 -0.03514999 0.00602293 0 -0.03514999 0.005637764 -7.99767e-4 -0.03514999 0.004772365 -9.97293e-4 -0.03514999 -0.004772365 9.97293e-4 -0.03514999 -0.004078328 4.43838e-4 -0.03514999 -0.004078328 -4.43838e-4 -0.03514999 -0.004772365 -9.97293e-4 -0.03514999 -0.001162588 0.01805371 -0.03514999 -0.002073407 0.01864957 -0.03514999 0.002480089 0.0179708 -0.03514999 0.003451526 0.01748001 -0.03514999 0.01075989 0.004868924 -0.03514999 0.0108059 0.003776729 -0.03514999 0.005950748 -0.003327488 -0.03514999 0.006992876 -0.002818167 -0.03514999 0.003653705 -0.001923441 -0.03514999 0.004180431 -0.002757668 -0.03514999 0.004909098 -0.003236353 -0.03514999 0.003584504 3.78549e-4 -0.03514999 0 0.0036242 -0.03514999 0.001261234 0.00338149 -0.03514999 0.002373337 0.002739012 -0.03514999 0.003296732 0.001505553 -0.03514999 -0.003535568 8.61878e-4 -0.03514999 -0.002739012 0.002373337 -0.03514999 -0.001505553 0.003296732 -0.03514999 -0.00711441 -0.002656996 -0.03514999 -0.006371736 -0.003201246 -0.03514999 -0.005336761 -0.003337502 -0.03514999 -0.004372298 -0.002938032 -0.03514999 -0.003666162 -0.001969635 -0.03514999 -0.01547384 0.01188009 -0.03514999 -0.005637764 -7.99767e-4 -0.03514999 -0.00602293 0 -0.03514999 -0.005637764 7.99767e-4 -0.03514999 0.004078328 -4.43838e-4 -0.03514999 0.004078328 4.43838e-4 -0.03514999 -6.37793e-4 0.00420022 -0.03514999 -0.001022934 0.004999995 -0.03514999 -6.37794e-4 0.00579971 -0.03514999 -0.002518415 0.01936203 -0.03514999 -0.002680838 0.02186685 -0.002734482 -0.002697408 0.02190071 -0.03091335 -0.001558721 0.02218377 -0.002736568 -0.001556456 0.02215409 -0.03091335 -0.001556456 0.02215409 -0.002736568 0.003935635 0.02215409 -0.003181576 0.002785861 0.02215409 -0.002761125 0.006509304 0.02215409 -0.006320893 0.005993604 0.02215409 -0.005210578 0.006529808 0.02215409 -0.02714496 0.006109297 0.02215409 -0.02829468 0.002970039 0.02215409 -0.03086835 0.004080355 0.02215409 -0.03035265 -0.001556456 0.02215409 -0.03091335 -0.01854085 0.01152849 -0.002736687 -0.01841783 0.01150834 -0.03091311 -0.01727563 0.01346939 -0.002712905 -0.01729685 0.01349645 -0.03093701 -0.01837033 0.0062536 -0.03035265 -0.01837033 0.007363915 -0.03086835 -0.01837033 0.003804147 -0.02714496 -0.01837033 0.004224598 -0.02829468 -0.01837033 0.003804147 -0.006505012 -0.01837033 0.004224598 -0.005355238 -0.01837033 0.007548034 -0.002761125 -0.01837033 0.00639832 -0.003181576 -0.01837033 0.01150125 -0.002736568 -0.01837033 0.01150125 -0.03091335 -0.01662713 0.01379901 -7.366e-4 -0.001928865 0.01970571 0.001527011 -0.00285083 0.02094638 9.74656e-4 -0.003392875 0.02147775 -7.33158e-4 -0.01550883 0.01186203 0.00149995 -0.01632112 0.01326936 9.44968e-4 -0.01662713 0.01379901 -0.03291338 -0.01719111 0.01347339 -0.0309332 -0.01665484 0.01378297 -0.0316025 -0.01665484 0.01378297 -0.002047419 -0.01724517 0.01344215 -0.002758443 -0.01662713 0.01379901 -7.366e-4 -0.003377735 0.02144855 -7.36636e-4 -0.002674758 0.0218544 -0.002733409 -0.00268042 0.02185112 -0.002819359 -0.003473401 0.02139329 -0.002040684 -0.002675831 0.0218538 -0.03090864 -0.003583431 0.02132976 -0.03147447 -0.003104865 0.02160608 -0.03098177 -0.003636717 0.021299 -0.03291338 -0.01059961 0.01727569 -7.36572e-4 -0.008634448 0.01841503 -0.03291314 0.01611363 0.008364915 0.001395106 0.01609319 -0.007499992 0.001476585 0.01686102 0.007891058 0.002228915 0.01689904 -0.007499992 0.002220571 0.01682496 -0.007499992 0.002236545 0.01682496 0.007889747 0.002236545 0.01682496 0.004772365 0.01516032 0.01682496 0.005637764 0.01496279 0.01682496 0.00602293 0.01416301 0.01682496 0.005781829 0.01353955 0.01682496 0.005227625 0.01316571 0.01682496 0 0.010163 0.01682496 6.37793e-4 0.009962797 0.01682496 0.001022934 0.009163022 0.01682496 6.37793e-4 0.008363246 0.01682496 0 0.008163034 0.01682496 -0.004772365 0.01516032 0.01682496 -0.004078328 0.01460689 0.01682496 -0.004078328 0.0137192 0.01682496 -0.004772365 0.01316571 0.01682496 -0.007486462 0.01467388 0.01682496 -0.006311476 0.01825147 0.01682496 -0.007233738 0.01622283 0.01682496 -0.005460441 0.01880919 0.01682496 -0.003692269 0.01798206 0.01682496 -0.004521191 0.0187211 0.01682496 -0.003547728 0.01347011 0.01682496 0.003547728 0.01347011 0.01682496 0.002879798 0.01195323 0.01682496 0.001389086 0.01080936 0.01682496 0 0.01056301 0.01682496 -0.001389086 0.01080936 0.01682496 -0.002879798 0.01195323 0.01682496 0.003692269 0.01798206 0.01682496 0.004521191 0.0187211 0.01682496 0.0062173 0.01834332 0.01682496 0.005460441 0.01880919 0.01682496 0.007469415 0.01500064 0.01682496 0.007012605 0.01688194 0.01682496 0.007862329 0.002236843 0.01682496 0.007518827 0.0057047 0.01682496 -0.005637764 0.01336324 0.01682496 -0.00602293 0.01416301 0.01682496 -0.005637764 0.01496279 0.01682496 -6.37793e-4 0.008363246 0.01682496 -0.001022934 0.009163022 0.01682496 -6.37793e-4 0.009962797 0.01682496 0.004566073 0.01326203 0.01682496 0.004078328 0.0137192 0.01682496 0.004078328 0.01460689 -0.01611268 -0.007499992 0.001399099 -0.01609325 0.007521986 0.001476824 -0.01690423 0.007499814 0.002218842 -0.01685976 -0.007499992 0.002229154 -0.01682496 0.007499992 0.002236545 -0.01682496 0.005227625 0.01316571 -0.01682496 0.005781829 0.01353955 -0.01682496 0.00602293 0.01416301 -0.01682496 0.005637764 0.01496279 -0.01682496 0.004999995 0.015163 -0.01682496 0 0.008163034 -0.01682496 6.37793e-4 0.008363246 -0.01682496 0.001022934 0.009163022 -0.01682496 6.37793e-4 0.009962797 -0.01682496 0 0.010163 -0.01682496 -0.005227625 0.01316571 -0.01682496 -0.004566073 0.01326203 -0.01682496 -0.004078328 0.0137192 -0.01682496 -0.004025042 0.01438552 -0.01682496 -0.004362165 0.01496279 -0.01682496 -0.004999995 0.015163 -0.01682496 0.007486462 0.01467388 -0.01682496 0.006266653 0.01832145 -0.01682496 0.007233738 0.01622283 -0.01682496 0.003643631 0.01773023 -0.01682496 0.004181325 0.01853984 -0.01682496 0.005240201 0.01884138 -0.01682496 0.003584504 0.01378446 -0.01682496 -7.74895e-4 0.01060092 -0.01682496 0.001021027 0.01068556 -0.01682496 0.002577662 0.01158529 -0.01682496 0.00338149 0.01290178 -0.01682496 -0.003584504 0.01378446 -0.01682496 -0.00338149 0.01290178 -0.01682496 -0.002577662 0.01158529 -0.01682496 -0.003643631 0.01773023 -0.01682496 -0.006266653 0.01832145 -0.01682496 -0.005240201 0.01884138 -0.01682496 -0.004181325 0.01853984 -0.01682496 -0.007486462 0.01467388 -0.01682496 -0.007233738 0.01622283 -0.01682496 -0.007499992 0.002236545 -0.01682496 -0.005637764 0.01496279 -0.01682496 -0.00602293 0.01416301 -0.01682496 -0.005781829 0.01353955 -0.01682496 -6.37793e-4 0.009962797 -0.01682496 -0.001022934 0.009163022 -0.01682496 -6.37793e-4 0.008363246 -0.01682496 0.004362165 0.01496279 -0.01682496 0.004025042 0.01438552 -0.01682496 0.004078328 0.0137192 -0.01682496 0.004566073 0.01326203 -0.01608836 -0.007499992 0.00149995 -0.00400269 -2.27626e-4 0.00149995 -0.00420022 6.37793e-4 0.00149995 -0.004999995 0.001022934 0.00149995 -0.00579971 6.37794e-4 0.00149995 -0.005999982 0 0.00149995 0.005999982 0 0.00149995 0.00579971 6.37794e-4 0.00149995 0.004999995 0.001022934 0.00149995 0.004376471 7.81831e-4 0.00149995 0.00400269 2.27626e-4 0.00149995 9.97293e-4 0.004772365 0.00149995 7.99767e-4 0.005637764 0.00149995 0 0.00602293 0.00149995 -7.99767e-4 0.005637764 0.00149995 -9.97293e-4 0.004772365 0.00149995 -0.001270651 0.009761214 0.00149995 -0.001124739 0.0105645 0.00149995 -0.007995665 0.006597578 0.00149995 -0.007227003 0.006322264 0.00149995 -0.009573042 0.01063203 0.00149995 -0.009848356 0.009863436 0.00149995 -0.003026723 0.01380193 0.00149995 -0.003830015 0.01394778 0.00149995 -0.01550883 0.01186203 0.00149995 -0.01447302 0.00995773 0.00149995 -0.01608836 0.007533788 0.00149995 -0.01543545 0.007763862 0.00149995 -0.01463323 0.008592545 0.00149995 -0.00517857 -0.007470786 0.00149995 -0.003653705 -0.006085276 0.00149995 -0.004301488 -0.007047414 0.00149995 -0.003599941 0 0.00149995 0.003599941 0 0.00149995 0.003353655 0.001389086 0.00149995 0.002545535 0.002545535 0.00149995 0.001389086 0.003353655 0.00149995 0 0.003599941 0.00149995 -0.001389086 0.003353655 0.00149995 -0.002545535 0.002545535 0.00149995 -0.003353655 0.001389086 0.00149995 0.00517857 -0.007470786 0.00149995 0.004301488 -0.007047414 0.00149995 0.003653705 -0.006085276 0.00149995 0.004397034 0.01396191 0.00149995 0.009052813 0.01105535 0.00149995 0.01209342 0.009636521 0.00149995 0.01608473 0.008334636 0.00149995 -0.001949131 0.01968979 0.00149995 9.61991e-4 0.0167461 0.00149995 -4.43838e-4 0.004078328 0.00149995 4.43838e-4 0.004078328 0.00149995 0.00420022 -6.37793e-4 0.00149995 0.004999995 -0.001022934 0.00149995 0.00579971 -6.37794e-4 0.00149995 -0.00579971 -6.37794e-4 0.00149995 -0.004999995 -0.001022934 0.00149995 -0.004376471 -7.81831e-4 0.00149995 0.01608836 -0.007499992 0.00149995 0.01466614 -0.003512561 0.009742796 0.01462572 -0.002823114 0.01023864 0.01462686 -0.00351274 0.01151645 0.01486933 -0.003465592 0.01158589 0.01657503 -0.003530919 0.009841442 0.01647901 -0.003514051 0.009790301 0.01656907 -0.002783894 0.01047575 0.01462429 -0.004227936 0.01353949 0.01462501 -0.004992365 0.01497137 0.01492112 -0.004963994 0.01509618 0.01475721 -0.004614412 0.01345121 0.01653426 -0.004995882 0.01334047 0.01656341 -0.004633426 0.01346921 0.01462769 -0.003533482 0.01693975 0.01462519 -0.002755999 0.01755613 0.01462554 -0.003514885 0.018579 0.01497507 -0.003533124 0.01846683 0.01489913 -0.002789437 0.01799148 0.01480138 -0.003227531 0.01697689 0.01657545 -9.84443e-7 0.01992326 0.01642727 -5.88919e-5 0.02006083 0.01656258 -6.78784e-4 0.01878291 0.01657539 -6.22186e-4 0.01965034 0.01466614 0.003512561 0.01857489 0.01462572 0.002823114 0.01807904 0.01462686 0.00351274 0.01680123 0.01486933 0.003465592 0.01673179 0.01657503 0.003530979 0.01847624 0.01656907 0.002783894 0.01784187 0.01647901 0.003514051 0.01852738 0.01462429 0.004227936 0.01477819 0.01462501 0.004992365 0.01334631 0.01492112 0.004963994 0.0132215 0.01475721 0.004614412 0.01486647 0.01653426 0.004995882 0.01497721 0.01656341 0.004633426 0.01484847 0.01462769 0.003533482 0.01137793 0.01462554 0.002695262 0.01048004 0.01462543 0.00353378 0.009861409 0.01497501 0.00353372 0.009856283 0.01489913 0.002789437 0.0103262 0.01480132 0.003227293 0.01134073 0.01657545 9.87168e-7 0.00839436 0.01642727 5.88886e-5 0.008256852 0.01656258 6.78788e-4 0.009534776 0.01657539 6.22189e-4 0.008667349 0.01762497 1.22293e-6 0.01633381 0.01462495 2.619e-6 0.01633381 0.01857554 -6.03584e-7 0.01085215 0.01857525 -0.003306388 0.01415824 0.01837313 -0.003504037 0.01415866 0.01857376 -8.5745e-4 0.01096147 0.01856142 -0.002174973 0.01163077 0.0185703 -0.00313574 0.01306152 0.01837176 -0.003342807 0.01304733 0.01836591 -0.002410173 0.01156914 0.01837462 -0.001108586 0.01082766 0.01837098 -1.0394e-6 0.01064509 0.01462495 -0.003010153 0.01121628 0.01462495 -0.00278151 0.01043748 0.01462495 -0.003106415 0.01000165 0.01462495 -0.003584742 0.009856283 0.01462495 -0.004484891 0.01475328 0.01462495 -0.004242599 0.01415884 0.01462495 -0.004418313 0.01365482 0.01462495 -0.005165994 0.01338809 0.01462495 -0.003612577 0.01847553 0.01462495 -0.002998888 0.01823097 0.01462495 -0.00276196 0.01769435 0.01462495 -0.002998888 0.01715779 0.01462495 -0.003502905 0.0169261 0.01462495 0.003467082 0.01691704 0.01462495 0.00290656 0.01726025 0.01462495 0.00278151 0.0178802 0.01462495 0.003106415 0.01831603 0.01462495 0.003584742 0.0184614 0.01462495 0.004484891 0.0135644 0.01462495 0.004242599 0.01415884 0.01462495 0.004418313 0.01466286 0.01462495 0.005165994 0.01492959 0.01462495 0.003553986 0.009847939 0.01462495 0.002998888 0.01008671 0.01462495 0.002751529 0.01074749 0.01462495 0.003190994 0.01129949 0.01462495 0.003780484 0.01135593 0.01462495 -2.72581e-4 0.01200222 0.01462495 -6.52809e-4 0.01161628 0.01462495 2.72571e-4 0.01200199 0.01462495 0 0.01153385 0.01462495 0.002169609 0.01429539 0.01462495 0.002619802 0.01399403 0.01462495 0 0.01633322 0.01462495 -0.002169489 0.01429539 0.01462495 -0.002578496 0.0146507 0.01462495 3.42495e-4 0.02069419 0.01462495 -0.002015888 0.02036321 0.01462495 -0.003544986 0.01961761 0.01462495 -0.005085885 0.01827734 0.01462495 -0.006204307 0.01617473 0.01462495 -0.006523609 0.01415884 0.01462495 -0.006287038 0.01247423 0.01462495 -0.005488514 0.01059454 0.01462495 -0.003834486 0.008881092 0.01462495 -0.001693785 0.007837474 0.01462495 6.81908e-4 0.007670938 0.01462495 0.002332568 0.00808227 0.01462495 0.003834486 0.008881092 0.01462495 0.005058288 0.01006269 0.01462495 0.006109654 0.01181358 0.01462495 0.006523609 0.01415884 0.01462495 0.006287038 0.01584345 0.01462495 0.005488514 0.01772314 0.01462495 0.003834486 0.01943659 0.01462495 0.002332508 0.02023541 0.01462495 -8.0026e-4 0.01213759 0.01462495 6.52813e-4 0.01161628 0.01462495 8.00264e-4 0.01213759 0.01462495 0.001264572 0.01185852 0.01462495 0.001277744 0.01240015 0.01462495 0.001796901 0.01224529 0.01462495 0.001675009 0.01277315 0.01462495 0.002216339 0.01275229 0.01462495 0.001966953 0.01323324 0.01462495 0.00249648 0.01334768 0.01462495 0.002135336 0.0137515 0.01462495 0.002578496 0.0146507 0.01462495 0.002067446 0.01483058 0.01462495 0.002375125 0.01527649 0.01462495 0.001835465 0.01532369 0.01462495 0.002022564 0.01583206 0.01462495 0.001488089 0.01574355 0.01462495 0.001542925 0.01628249 0.01462495 0.001047253 0.0160638 0.01462495 9.66328e-4 0.01659947 0.01462495 5.40626e-4 0.01626443 0.01462495 3.29001e-4 0.01676315 0.01462495 -3.28998e-4 0.01676315 0.01462495 -5.40623e-4 0.01626443 0.01462495 -9.66326e-4 0.01659947 0.01462495 -0.001047253 0.0160638 0.01462495 -0.001542925 0.01628249 0.01462495 -0.001488089 0.01574355 0.01462495 -0.002022564 0.01583206 0.01462495 -0.001835465 0.01532369 0.01462495 -0.002375125 0.01527649 0.01462495 -0.002067446 0.01483058 0.01462495 -0.002619802 0.01399403 0.01462495 -0.002135336 0.0137515 0.01462495 -0.00249648 0.01334768 0.01462495 -0.001966953 0.01323324 0.01462495 -0.002216339 0.01275229 0.01462495 -0.001675009 0.01277315 0.01462495 -0.001796901 0.01224529 0.01462495 -0.001277744 0.01240015 0.01462495 -0.001264572 0.01185852 0.01462495 9.96757e-5 0.009939014 0.01462495 7.1904e-4 0.009456694 0.01462495 7.01667e-4 0.008868217 0.01462495 3.61908e-4 0.00848174 0.01462495 -2.55511e-4 0.008430778 0.01462495 -7.83949e-4 0.009034693 0.01462495 -5.36601e-4 0.00969547 0.01462495 0.004219651 0.01096397 0.01462495 0.004241645 0.01026892 0.01462495 0.005731046 0.01441234 0.01462495 0.00567615 0.01381433 0.01462495 0.005242943 0.01342493 0.01462495 0.004180312 0.01814371 0.01462495 0.004212021 0.01728886 0.01462495 2.55515e-4 0.01988685 0.01462495 7.83952e-4 0.01928299 0.01462495 4.54677e-4 0.01853305 0.01462495 -2.08434e-4 0.01841837 0.01462495 -7.19038e-4 0.01886099 0.01462495 -7.01663e-4 0.01944947 0.01462495 -3.61904e-4 0.01983594 0.01462495 -0.004067778 0.01713693 0.01462495 -0.004289388 0.01760691 0.01462495 -0.00419712 0.0180794 0.01462495 -0.005731046 0.01390534 0.01462495 -0.00567615 0.01450335 0.01462495 -0.005242943 0.01489269 0.01462495 -0.004180312 0.01017397 0.01462495 -0.004270613 0.01080745 0.01462495 -0.003878712 0.01133251 0.01462495 -4.70052e-6 0.02073836 0.01657497 -9.64131e-7 0.02067655 0.01462495 -0.006543755 0.01347106 0.01657497 -0.006684541 0.01497626 0.01462495 -3.24838e-6 0.007601201 0.01657497 -3.52385e-6 0.00759828 0.01657497 -0.004518032 0.009141027 0.01657497 -0.003632426 0.01975232 0.01462495 -0.005075395 0.01872879 0.01462495 -0.004494667 0.009166955 0.01462495 3.25242e-6 0.007601201 0.01657497 9.85719e-7 0.007641136 0.01462495 9.8477e-7 0.02067655 0.01657497 1.06152e-5 0.02083259 0.01657497 0.004318594 0.01910996 0.01657497 0.006509065 0.01554238 0.01657497 0.005993485 0.01149034 0.01657497 0.00332725 0.00839585 0.01462495 0.004494667 0.009166955 0.01462495 0.006543755 0.01347106 0.01462495 0.005694985 0.01757419 0.01462495 0.002577185 0.02020215 0.01657491 -0.002823948 0.01035791 0.01657497 -0.003121852 0.009979665 0.01657497 -0.003595113 0.009865283 0.01657497 -0.004629194 0.01349353 0.01657497 -0.005226671 0.01340866 0.01657503 -7.54845e-4 0.01894366 0.01657497 -5.75244e-4 0.01968324 0.01657497 1.04286e-4 0.01993286 0.01657497 0.00280261 0.01788496 0.01657497 0.003034472 0.01827263 0.01657497 0.003538906 0.01846015 0.01657515 0.004800379 0.01492005 0.01657497 7.048e-4 0.009465098 0.01657491 6.96792e-4 0.008811831 0.01657497 1.95546e-4 0.008418738 0.01657497 3.42495e-4 0.02069419 0.01657497 -0.002015888 0.02036321 0.01657503 -0.004118442 0.01924473 0.01657497 -0.005649626 0.01742064 0.01657497 -0.006287038 0.01584345 0.01657497 -0.006523609 0.01415884 0.01657497 -0.006204307 0.01214289 0.01657497 -0.005277693 0.01032435 0.01657497 -0.003564238 0.00867033 0.01657497 -0.001684606 0.007871747 0.01657497 0 0.007635176 0.01657497 0.002015888 0.007954478 0.01657497 0.003544986 0.008700013 0.01657497 0.004848003 0.009793639 0.01657497 0.006109654 0.01181358 0.01657497 0.006523609 0.01415884 0.01657497 0.006287038 0.01584345 0.01657497 0.005649626 0.01742064 0.01657497 0.004118442 0.01924473 0.01657497 0.002332508 0.02023541 0.01657497 -7.13336e-4 0.008801639 0.01657497 -8.58098e-4 0.009325087 0.01657491 -6.70669e-4 0.009801089 0.01657497 0.003629565 0.009840548 0.01657503 0.002862274 0.01006537 0.01657485 0.002607166 0.01060318 0.01657497 0.005354344 0.01344394 0.01657497 0.004833757 0.01330071 0.01657491 0.004357755 0.01348817 0.01657497 0.004292488 0.01744252 0.01657497 0.004024744 0.01697003 0.01657485 0.003555595 0.01676601 0.01657497 7.13339e-4 0.01951605 0.01657497 8.58101e-4 0.0189926 0.01657491 6.70674e-4 0.0185166 0.01657497 -0.003350794 0.01845329 0.01657503 -0.002862274 0.01825231 0.01657485 -0.002607166 0.0177145 0.01657497 -0.005354344 0.01487374 0.01657497 -0.004833757 0.01501691 0.01657491 -0.004357755 0.01482951 0.01657497 -0.004292488 0.01087516 0.01657497 -0.004024744 0.01134759 0.01657485 -0.003555595 0.01155167 0.01657491 -0.001238524 0.01083809 0.01657497 -0.00283724 0.01203489 0.01657497 -0.003428637 0.01341295 0.01657497 -0.003463149 0.01491218 0.01657497 -0.002808928 0.01626163 0.01657491 -0.001698493 0.01726949 0.01657497 2.52836e-4 0.01769399 0.01657497 0.001681566 0.01723849 0.01657497 0.002662897 0.01646631 0.01657497 0.003380835 0.01515156 0.01657497 0.003463149 0.01340544 0.01657503 0.002506077 0.0116527 0.01657497 7.53371e-4 0.01069563 0.01657474 -2.96369e-4 0.009994983 0.0165748 2.5104e-4 0.00993818 0.01657497 -2.89394e-4 0.008460164 0.01657468 0.00273472 0.01100498 0.0165748 0.003197669 0.01136916 0.01657491 0.003826141 0.01132494 0.01657491 0.004292488 0.01085293 0.01657491 0.00416696 0.01020133 0.01657474 0.004163861 0.01386249 0.0165748 0.004220664 0.01440989 0.01657497 0.005569279 0.01468509 0.01657497 0.005760371 0.01400756 0.01657468 0.00315386 0.01689356 0.0165748 0.002806901 0.01732081 0.01657497 0.004155099 0.01816982 0.01657474 2.96372e-4 0.0183227 0.0165748 -2.51031e-4 0.0183795 0.01657468 -0.00273472 0.0173127 0.0165748 -0.003197669 0.01694852 0.01657491 -0.00403732 0.01708292 0.01657497 -0.004298806 0.01784622 0.01657497 -0.003897368 0.01837146 0.01657474 -0.004163861 0.01445519 0.01657474 -0.004217207 0.01391708 0.01657497 -0.005746126 0.01394838 0.01657497 -0.005685687 0.01447498 0.01657468 -0.00315386 0.01142412 0.01657497 -0.002783536 0.01094824 0.01657497 -0.004155099 0.01014786 0.01657503 -1.61686e-5 0.01789242 0.01837497 -1.38892e-7 0.01766264 0.01657497 -8.70491e-7 0.01063752 0.01837503 -4.2609e-6 0.01056522 0.01837497 -0.003419816 0.01256877 0.01657503 -0.00345695 0.01542896 0.01657503 -0.00259602 0.01154315 0.01837491 -0.002440333 0.0169515 0.01857417 -0.003305315 0.01415908 0.01837307 -0.00351566 0.01416164 0.01856231 -2.55558e-5 0.01750338 0.01855546 -0.003010511 0.01561009 0.01857149 -0.001768589 0.0169726 0.01837313 -1.82214e-7 0.01766294 0.01837176 -0.001111447 0.01750165 0.01836591 -0.002589643 0.01656907 0.01837462 -0.003331124 0.01526749 0.01857495 -0.003253102 0.01341634 0.01857495 -0.002664387 0.01219236 0.01857495 -0.001668393 0.01126909 0.01857495 -3.69718e-4 0.01086801 0.01857495 -9.83541e-4 0.01734739 0.01857495 -0.002160012 0.01666885 0.01857495 -0.002803921 0.01592063 0.01857495 -0.003235161 0.01489722 0.01857495 6.30595e-4 0.01090735 0.01857495 0.001696228 0.01130563 0.01857495 0.002722203 0.0122441 0.01857495 0.003224909 0.01340419 0.01857495 0.003297388 0.01453953 0.01857495 0.002916038 0.01574456 0.01857495 0.001920759 0.01688957 0.01857495 5.0761e-4 0.01743906 0.01857495 0 0.01543253 0.01857495 8.4462e-4 0.01511222 0.01857495 0.001264393 0.01431238 0.01857495 9.68773e-4 0.01330059 0.01857495 0 0.01288515 0.01857495 -8.44617e-4 0.01320546 0.01857495 -0.001294255 0.01415884 0.01857495 -8.44617e-4 0.01511222 0.01857537 0 0.01745927 0.01837497 0 0.01765882 0.01855152 2.67138e-5 0.01082277 0.01837545 9.80725e-6 0.01059734 0.01836967 0.002065539 0.01127928 0.01836764 0.003187596 0.0126661 0.01837146 0.003523766 0.0141564 0.01837235 0.003090202 0.01589888 0.01837396 0.002040922 0.01701521 0.0183686 8.86766e-4 0.01756626 0.01856201 0.001006901 0.01732814 0.01857298 0.002203524 0.01662892 0.01857221 0.003043711 0.0155245 0.01857268 0.003314375 0.01402902 0.01856523 0.002872467 0.01245212 0.01857537 0.001697123 0.01130574 0.01657497 1.06037e-6 0.01063323 0.01657497 1.61646e-5 0.01788985 0.01837497 4.3931e-7 0.01767015 0.01837497 0.00253421 0.0168479 0.01837497 0.003379821 0.01247721 0.01837503 3.6337e-6 0.01057714 0.01657497 0.002188622 0.01129519 0.01657509 0.003690361 0.01497977 0.01762497 5.33205e-6 0.0128678 0.01857495 1.07888e-5 0.01283061 0.01762497 2.24466e-5 0.01556348 0.01857495 1.07886e-5 0.01548701 0.01762497 0.001323044 0.01383274 0.01857495 0.001412212 0.01415884 0.01762497 -1.26347e-6 0.01541882 0.01857495 -1.07858e-5 0.01548701 0.01762497 -5.32876e-6 0.0128678 0.01857495 -3.66134e-6 0.01288044 0.01762497 -0.00146979 0.0143373 0.01857495 -0.001441895 0.01398378 0.01762497 0 0.01288515 0.01762497 9.68773e-4 0.01330059 0.01762497 0.001264393 0.01431238 0.01762497 8.44621e-4 0.01511222 0.01762497 0 0.01543253 0.01762497 -8.44618e-4 0.01511222 0.01762497 -0.001264393 0.01431238 0.01762497 -9.6877e-4 0.01330059 0.01762497 0 0.01633322 0.01762497 -8.00261e-4 0.01213759 0.01762497 -6.52809e-4 0.01161628 0.01762497 -2.72459e-4 0.01200211 0.01762497 0 0.01153385 0.01762497 2.72462e-4 0.01200211 0.01762497 6.52813e-4 0.01161628 0.01762497 8.00264e-4 0.01213759 0.01762497 0.001264572 0.01185852 0.01762497 0.001277744 0.01240015 0.01762497 0.001796901 0.01224529 0.01762497 0.001675009 0.01277315 0.01762497 0.002216339 0.01275229 0.01762497 0.001966953 0.01323324 0.01762497 0.00249648 0.01334768 0.01762497 0.002135336 0.0137515 0.01762497 0.002619802 0.01399403 0.01762497 0.002169549 0.01429533 0.01762497 0.002578496 0.0146507 0.01762497 0.002067446 0.01483058 0.01762497 0.002375125 0.01527649 0.01762497 0.001835465 0.01532369 0.01762497 0.002022564 0.01583206 0.01762497 0.001488089 0.01574355 0.01762497 0.001542925 0.01628249 0.01762497 0.001047253 0.0160638 0.01762497 9.66328e-4 0.01659947 0.01762497 5.40626e-4 0.01626443 0.01762497 3.29001e-4 0.01676315 0.01762497 -3.28998e-4 0.01676315 0.01762497 -5.40623e-4 0.01626443 0.01762497 -9.66326e-4 0.01659947 0.01762497 -0.001047253 0.0160638 0.01762497 -0.001542925 0.01628249 0.01762497 -0.001488089 0.01574355 0.01762497 -0.002022564 0.01583206 0.01762497 -0.001835465 0.01532363 0.01762497 -0.002375125 0.01527649 0.01762497 -0.002067446 0.01483058 0.01762497 -0.002578496 0.0146507 0.01762497 -0.002169549 0.01429533 0.01762497 -0.002619802 0.01399403 0.01762497 -0.002135336 0.0137515 0.01762497 -0.00249648 0.01334768 0.01762497 -0.001966953 0.01323324 0.01762497 -0.002216339 0.01275229 0.01762497 -0.001675009 0.01277315 0.01762497 -0.001796901 0.01224529 0.01762497 -0.001277744 0.01240015 0.01762497 -0.001264572 0.01185852 0.01762497 -8.00633e-4 0.01213663 0.01462495 -8.00637e-4 0.01213663 0.01762497 -7.97748e-4 0.01213544 0.01462495 -6.52809e-4 0.01161628 0.01762497 -6.52809e-4 0.01161628 0.01462495 -7.97748e-4 0.01213544 0.01462495 -6.52809e-4 0.01161628 0.01762497 -6.52809e-4 0.01161628 0.01462495 -2.7603e-4 0.01200139 0.01762497 -2.75685e-4 0.01200133 0.01462495 -2.71546e-4 0.01200139 0.01762497 -2.73795e-4 0.01200062 0.01462495 0 0.01153385 0.01762497 0 0.01153385 0.01762497 -2.69482e-4 0.01200062 0.01462495 -2.69557e-4 0.01200073 0.01462495 2.69674e-4 0.01200067 0.01462495 0 0.01153385 0.01762497 0 0.01153385 0.01762497 2.69484e-4 0.01200062 0.01462495 2.73779e-4 0.01199948 0.01762497 2.71899e-4 0.01200079 0.01762497 2.75717e-4 0.01200139 0.01462495 6.52813e-4 0.01161628 0.01762497 6.52813e-4 0.01161628 0.01462495 2.75846e-4 0.01200127 0.01462495 7.97752e-4 0.01213544 0.01462495 6.52813e-4 0.01161628 0.01762497 7.97752e-4 0.01213544 0.01762497 6.52813e-4 0.01161628 0.01762497 8.00636e-4 0.01213663 0.01462495 8.0064e-4 0.01213663 0.01762497 8.03592e-4 0.01213771 0.01462495 0.001264572 0.01185852 0.01762497 0.001264572 0.01185852 0.01462495 8.03592e-4 0.01213771 0.01462495 0.001275837 0.0123974 0.01462495 0.001264572 0.01185852 0.01762497 0.001275837 0.0123974 0.01762497 0.001264572 0.01185852 0.01762497 0.00127834 0.01239931 0.01462495 0.00127834 0.01239931 0.01762497 0.001280963 0.0124011 0.01462495 0.001796901 0.01224529 0.01762497 0.001796901 0.01224529 0.01462495 0.001280963 0.0124011 0.01762497 0.001796901 0.01224529 0.01762497 0.001673817 0.01276999 0.01462495 0.001796901 0.01224529 0.01462495 0.001673817 0.01276999 0.01762497 0.001676082 0.01277291 0.01462495 0.001675426 0.01277208 0.01762497 0.001677811 0.01277488 0.01462495 0.002216339 0.01275229 0.01762497 0.002216339 0.01275229 0.01462495 0.001677811 0.01277488 0.01762497 0.002216339 0.01275229 0.01762497 0.001966655 0.0132299 0.01462495 0.002216339 0.01275229 0.01462495 0.001966655 0.0132299 0.01462495 0.00196892 0.01323491 0.01762497 0.00196743 0.01323175 0.01462495 0.00249648 0.01334768 0.01762497 0.00249648 0.01334768 0.01762497 0.001969277 0.01323562 0.01462495 0.001969277 0.01323562 0.01762497 0.00249648 0.01334768 0.01462495 0.00249648 0.01334768 0.01462495 0.002135872 0.01374822 0.01762497 0.002135872 0.01374822 0.01762497 0.00213629 0.01375079 0.01462495 0.002136409 0.0137518 0.01462495 0.002619802 0.01399403 0.01762497 0.002619802 0.01399403 0.01762497 0.002137005 0.01375436 0.01462495 0.002137005 0.01375436 0.01762497 0.002619802 0.01399403 0.01462495 0.002619802 0.01399403 0.01462495 0.00217086 0.01429235 0.01762497 0.00217086 0.01429229 0.01462495 0.002171397 0.01429605 0.01762497 0.002170741 0.0142951 0.01462495 0.002578496 0.0146507 0.01762497 0.002578496 0.0146507 0.01762497 0.002170503 0.01429855 0.01462495 0.002170562 0.01429861 0.01762497 0.002578496 0.0146507 0.01762497 0.002069473 0.01482796 0.01462495 0.002578496 0.0146507 0.01462495 0.002069473 0.01482796 0.01762497 0.002068579 0.01483052 0.01462495 0.002068221 0.01483166 0.01462495 0.002375125 0.01527649 0.01762497 0.002375125 0.01527649 0.01762497 0.002067565 0.01483392 0.01462495 0.002067565 0.01483392 0.01762497 0.002375125 0.01527649 0.01462495 0.002375125 0.01527649 0.01462495 0.001838088 0.01532161 0.01762497 0.001838088 0.01532161 0.01762497 0.001835465 0.01532554 0.01462495 0.001837193 0.01532292 0.01462495 0.002022564 0.01583206 0.01762497 0.002022564 0.01583206 0.01762497 0.00183469 0.01532691 0.01462495 0.00183469 0.01532691 0.01762497 0.002022564 0.01583206 0.01462495 0.002022564 0.01583206 0.01462495 0.001491129 0.01574218 0.01762497 0.001491129 0.01574218 0.01762497 0.001489996 0.01574325 0.01462495 0.001487672 0.01574534 0.01462495 0.001542925 0.01628249 0.01762497 0.001542925 0.01628249 0.01762497 0.001486599 0.01574647 0.01462495 0.001486599 0.01574647 0.01762497 0.001542925 0.01628249 0.01762497 0.001050531 0.01606327 0.01462495 0.001542925 0.01628249 0.01462495 0.001050531 0.01606327 0.01762497 0.00104773 0.0160647 0.01462495 0.00104773 0.0160647 0.01762497 0.001045048 0.01606631 0.01762497 9.66328e-4 0.01659947 0.01462495 9.66328e-4 0.01659947 0.01462495 0.001045048 0.01606631 0.01762497 9.66328e-4 0.01659947 0.01462495 9.66328e-4 0.01659947 0.01462495 5.43943e-4 0.01626473 0.01762497 5.43942e-4 0.01626473 0.01462495 5.39999e-4 0.01626563 0.01762497 5.42103e-4 0.01626515 0.01762497 5.3786e-4 0.01626628 0.01762497 3.29001e-4 0.01676315 0.01462495 3.29001e-4 0.01676315 0.01462495 5.3786e-4 0.01626628 0.01762497 3.29001e-4 0.01676315 0.01762497 3.14223e-6 0.01633381 0.01462495 3.29001e-4 0.01676315 0.01462495 3.1422e-6 0.01633381 0.01762497 -1.2202e-6 0.01633381 0.01462495 -2.61628e-6 0.01633381 0.01762497 -3.13947e-6 0.01633381 0.01762497 -3.28998e-4 0.01676315 0.01462495 -3.13951e-6 0.01633381 0.01462495 -3.28998e-4 0.01676315 0.01762497 -3.28998e-4 0.01676315 0.01762497 -5.37857e-4 0.01626628 0.01462495 -3.28998e-4 0.01676315 0.01462495 -5.37857e-4 0.01626628 0.01462495 -5.40359e-4 0.01626551 0.01762497 -5.41385e-4 0.01626527 0.01762497 -5.4394e-4 0.01626473 0.01762497 -9.66326e-4 0.01659947 0.01462495 -9.66326e-4 0.01659947 0.01462495 -5.4394e-4 0.01626473 0.01762497 -9.66326e-4 0.01659947 0.01762497 -0.001045048 0.01606631 0.01462495 -9.66326e-4 0.01659947 0.01462495 -0.001045048 0.01606631 0.01762497 -0.001046657 0.01606535 0.01462495 -0.001048564 0.01606428 0.01762497 -0.001542925 0.01628249 0.01462495 -0.001050531 0.01606327 0.01462495 -0.001542925 0.01628249 0.01762497 -0.001050531 0.01606327 0.01462495 -0.001542925 0.01628249 0.01762497 -0.001542925 0.01628249 0.01462495 -0.001486539 0.01574647 0.01762497 -0.001486539 0.01574647 0.01762497 -0.001488506 0.01574456 0.01462495 -0.0014894 0.01574373 0.01762497 -0.001491129 0.01574218 0.01762497 -0.002022564 0.01583206 0.01462495 -0.002022564 0.01583206 0.01462495 -0.001491129 0.01574218 0.01462495 -0.002022564 0.01583206 0.01762497 -0.002022564 0.01583206 0.01462495 -0.00183469 0.01532691 0.01762497 -0.00183469 0.01532691 0.01762497 -0.001836597 0.01532375 0.01462495 -0.001836001 0.01532465 0.01762497 -0.001838088 0.01532161 0.01762497 -0.002375125 0.01527649 0.01462495 -0.002375125 0.01527649 0.01462495 -0.001838088 0.01532161 0.01462495 -0.002375125 0.01527649 0.01762497 -0.002375125 0.01527649 0.01762497 -0.002067565 0.01483392 0.01462495 -0.002067565 0.01483392 0.01762497 -0.0020684 0.01483094 0.01462495 -0.002068459 0.01483094 0.01762497 -0.002069473 0.01482796 0.01762497 -0.002578496 0.0146507 0.01462495 -0.002578496 0.0146507 0.01462495 -0.002069473 0.01482796 0.01462495 -0.002578496 0.0146507 0.01762497 -0.002578496 0.0146507 0.01762497 -0.002170503 0.01429855 0.01462495 -0.002170503 0.01429867 0.01762497 -0.002170324 0.01429492 0.01462495 -0.002170264 0.0142976 0.01762497 -0.002619802 0.01399403 0.01462495 -0.002170801 0.01429229 0.01462495 -0.002619802 0.01399403 0.01762497 -0.00217086 0.01429229 0.01462495 -0.002619802 0.01399403 0.01762497 -0.002619802 0.01399403 0.01762497 -0.002137005 0.01375436 0.01462495 -0.002137005 0.01375436 0.01762497 -0.00213623 0.01375079 0.01462495 -0.002136468 0.0137518 0.01762497 -0.002135872 0.01374822 0.01762497 -0.00249648 0.01334768 0.01462495 -0.00249648 0.01334768 0.01462495 -0.002135872 0.01374822 0.01462495 -0.00249648 0.01334768 0.01762497 -0.00249648 0.01334768 0.01462495 -0.001969277 0.01323562 0.01762497 -0.001969277 0.01323562 0.01762497 -0.001967489 0.01323199 0.01462495 -0.001968443 0.01323395 0.01762497 -0.001966655 0.0132299 0.01762497 -0.002216339 0.01275229 0.01462495 -0.002216339 0.01275229 0.01462495 -0.001966655 0.0132299 0.01462495 -0.001677811 0.01277488 0.01462495 -0.002216339 0.01275229 0.01762497 -0.001677811 0.01277488 0.01762497 -0.002216339 0.01275229 0.01762497 -0.001675724 0.0127725 0.01462495 -0.001675784 0.0127725 0.01762497 -0.001673817 0.01276999 0.01762497 -0.001796901 0.01224529 0.01462495 -0.001796901 0.01224529 0.01462495 -0.001673817 0.01276999 0.01462495 -0.001280963 0.0124011 0.01462495 -0.001796901 0.01224529 0.01762497 -0.001280963 0.0124011 0.01762497 -0.001796901 0.01224529 0.01762497 -0.00127834 0.01239931 0.01462495 -0.00127834 0.01239931 0.01762497 -0.001275837 0.0123974 0.01462495 -0.001264572 0.01185852 0.01762497 -0.001264572 0.01185852 0.01462495 -0.001275837 0.0123974 0.01462495 -8.03589e-4 0.01213771 0.01462495 -0.001264572 0.01185852 0.01762497 -8.03589e-4 0.01213771 0.01762497 -0.001264572 0.01185852 0.01645165 4.2419e-4 0.008523464 0.01650333 7.28171e-4 0.00894612 0.01654344 7.04978e-4 0.009455025 0.0165587 -4.19855e-4 0.009977459 0.01650464 1.07888e-4 0.01008969 0.0164572 7.2031e-4 0.009759008 0.01642787 9.27922e-4 0.009227395 0.01637166 7.79291e-4 0.008630454 0.01633763 2.41454e-4 0.008258044 0.016272 -4.08895e-4 0.008316576 0.01623082 -8.91822e-4 0.008872747 0.01618206 -8.42775e-4 0.009566724 0.01611036 -2.47245e-4 0.010064 0.01606947 5.56856e-4 0.009918153 0.01603102 9.22084e-4 0.009323716 0.01597321 7.85947e-4 0.008639514 0.01594299 2.91927e-4 0.008275628 0.01588386 -3.22469e-4 0.008276343 0.01581752 -8.92597e-4 0.008862495 0.01579457 -8.58316e-4 0.009511709 0.01602238 3.07782e-5 0.008398711 0.01605212 5.34181e-4 0.008609712 0.01611703 7.58716e-4 0.009235382 0.01621913 2.51986e-5 0.009916901 0.01625329 -5.40951e-4 0.009700775 0.01631408 -7.50731e-4 0.009012997 0.01637327 -2.37633e-4 0.008424699 0.01656812 2.49569e-4 0.009934723 0.01657074 -5.7717e-4 0.009872317 0.01617568 4.8182e-4 0.009746611 0.01586049 -7.06347e-4 0.009436845 0.01593542 -5.81034e-4 0.008658587 0.01622569 -5.18214e-7 0.009910643 0.01629996 -7.46479e-4 0.009467005 0.0164048 -2.33459e-4 0.008437097 0.01657217 -7.8685e-4 0.00856018 0.01643943 -1.61363e-4 0.009904444 0.01657807 -6.94514e-4 0.0097723 0.01659125 -8.52839e-4 0.009199857 0.01661187 -6.98434e-4 0.008873522 0.01579648 -8.62944e-4 0.00951457 0.0158509 -9.10259e-4 0.008901774 0.01589769 -4.76395e-4 0.008353352 0.01593941 1.23919e-4 0.008231282 0.01599276 7.35703e-4 0.008567154 0.01603889 9.31143e-4 0.009237468 0.01609867 5.94755e-4 0.009895741 0.0161398 -1.19796e-4 0.01008683 0.01619905 -7.6359e-4 0.009721636 0.01623946 -9.23869e-4 0.008998036 0.01630318 -5.27831e-4 0.008371651 0.01633906 1.56092e-4 0.008238732 0.01638233 6.6537e-4 0.008501112 0.01642405 9.29662e-4 0.009053766 0.01647078 7.75442e-4 0.009690165 0.0164988 3.64661e-4 0.01001185 0.01655423 -1.97032e-4 0.01007896 0.01649898 -6.77539e-4 0.009498596 0.01646119 -3.2766e-4 0.00984615 0.01641291 2.18667e-4 0.009890079 0.01636278 6.85344e-4 0.009507596 0.01631969 6.98243e-4 0.00884962 0.01621693 -2.1466e-4 0.008429467 0.01616346 -6.8405e-4 0.008806109 0.0161159 -6.98532e-4 0.009468555 0.01605558 -2.81327e-4 0.009863853 0.01601558 2.0743e-4 0.009891152 0.01597303 6.95527e-4 0.00948584 0.01581776 -2.74485e-4 0.008447229 0.01578128 -7.06028e-4 0.008901119 0.01570808 -6.99767e-4 0.009444892 0.01625484 2.74959e-4 0.008451819 0.01590442 6.86203e-4 0.008823037 0.01585638 2.87695e-4 0.008455991 0.01580798 -8.56393e-4 0.009517848 0.01570218 -6.96511e-4 0.009447753 0.01570218 -2.53593e-4 0.009879946 0.01559597 4.55749e-4 0.009769439 0.01554816 7.60222e-4 0.009231567 0.01538133 -5.3477e-4 0.008624494 0.01534312 -7.571e-4 0.009084701 0.01530319 -5.39798e-4 0.009696722 0.01523733 1.87305e-4 0.009897172 0.01516354 6.48665e-4 0.009550392 0.01512873 7.5338e-4 0.009050667 0.01502734 -1.00409e-5 0.008402407 0.01499295 -4.82968e-4 0.008571088 0.01495248 -7.6242e-4 0.009157419 0.01488173 -4.83025e-4 0.009746193 0.01482909 -1.9408e-7 0.009916007 0.01479291 4.83615e-4 0.009746491 0.01474374 7.41417e-4 0.009303331 0.01470601 6.69636e-4 0.008799076 0.0146436 5.08994e-5 0.008378624 0.01548743 5.86928e-4 0.008674681 0.0154547 3.72096e-5 0.008395314 0.0150758 4.5707e-4 0.008548259 0.01472526 1.79284e-6 0.008225142 0.01476567 4.90712e-4 0.008367896 0.01482433 8.85974e-4 0.008855998 0.01489526 7.92901e-4 0.009658515 0.01497852 -1.96295e-5 0.01009553 0.01499271 -7.38895e-4 0.009731471 0.01506668 -9.26433e-4 0.00900489 0.01508921 -5.64255e-4 0.008418738 0.01513117 -3.25785e-5 0.008223891 0.01519912 6.69435e-4 0.008493959 0.01528275 9.14336e-4 0.009389936 0.01529598 4.47075e-4 0.009977042 0.01535493 -1.7204e-4 0.01008045 0.01538473 -7.11702e-4 0.009759545 0.01544302 -9.37141e-4 0.009171545 0.0155369 -5.46602e-4 0.008397221 0.01554948 2.47085e-4 0.008255958 0.01563906 8.65575e-4 0.008781731 0.01566416 8.30083e-4 0.00958985 0.01571667 3.09188e-4 0.01004725 0.01577156 -4.39077e-4 0.009988963 0.01462495 1.19836e-6 0.009920299 0.01482492 4.1961e-7 0.009912848 0.01475816 7.10796e-4 0.009567499 0.0146377 2.61641e-4 0.008381485 0.01462501 8.309e-4 0.009382128 0.01462721 -1.89221e-6 0.009913504 0.01462519 -7.79743e-4 0.009295344 0.01462781 -3.56232e-6 0.008397161 0.01500254 -2.7768e-4 0.008397758 0.01486659 -5.36489e-4 0.009839415 0.01482492 0 0.008408844 0.01469165 0 0.008331954 0.01472783 3.75731e-6 0.008223712 0.01478987 5.19675e-6 0.00841248 0.01503455 -5.32145e-4 0.009693861 0.01508826 -7.27127e-4 0.00894159 0.0151757 -1.48205e-4 0.008416593 0.0152418 5.40146e-4 0.008616507 0.01532334 7.56375e-4 0.009158611 0.01541501 2.82906e-5 0.009915113 0.01545345 -5.40897e-4 0.009700775 0.0154941 -7.3023e-4 0.008941709 0.01558792 -1.8574e-4 0.008421957 0.01563525 4.55503e-4 0.008549094 0.01571315 7.57486e-4 0.009085893 0.01580506 -1.80647e-5 0.009923756 0.01587802 -6.95143e-4 0.009505629 0.01579827 -8.7062e-4 0.009526312 0.01571714 -2.01057e-4 0.01009333 0.01566332 6.94181e-4 0.009810447 0.01561325 9.33975e-4 0.009092807 0.01555949 5.97778e-4 0.008417069 0.01550859 -1.36721e-4 0.008232474 0.0154314 -8.19364e-4 0.008673965 0.01538193 -8.36861e-4 0.009610533 0.01530253 -4.26009e-5 0.01011115 0.01526331 7.00824e-4 0.009779274 0.01520991 9.48052e-4 0.009066283 0.01515924 5.65706e-4 0.008412599 0.01508873 -2.28687e-4 0.008230507 0.01501625 -9.29087e-4 0.008939862 0.01498579 -7.74482e-4 0.009679555 0.01494634 -3.32703e-4 0.01003754 0.01486033 4.81452e-4 0.009977877 0.0148378 9.11355e-4 0.009360969 0.01479262 8.62942e-4 0.008795082 0.01474833 4.88486e-4 0.008370518 0.01481193 6.43919e-4 0.008782804 0.01535063 5.67754e-4 0.009674012 0.01574629 5.8693e-4 0.009642004 0.01494586 6.53446e-4 0.009565889 0.01500856 9.88123e-5 0.009915232 0.014925 7.51622e-4 0.009158909 0.01520901 1.82116e-4 0.009903967 0.01512569 7.7972e-4 0.009159922 0.01499533 3.44474e-4 0.009880542 0.01512575 8.71121e-4 0.0091421 0.01502567 2.51351e-6 0.00837773 0.01482427 4.54224e-6 0.008346199 0.01492512 8.32082e-4 0.009149968 0.01542466 -4.32342e-7 0.008407354 0.01534587 -7.76507e-4 0.008895754 0.01524078 -1.6204e-4 0.009901821 0.01502811 -8.22451e-6 0.009922444 0.01518219 -5.43991e-4 0.008460104 0.01532495 7.5174e-4 0.009158849 0.01562523 3.67339e-6 0.009956061 0.01552462 8.21761e-4 0.009164988 0.01541095 7.01607e-5 0.009920418 0.01552563 8.55684e-4 0.009147286 0.01542574 2.50507e-6 0.008377671 0.01522386 1.66466e-5 0.008256375 0.01532518 7.80506e-4 0.00915724 0.01578205 -5.26069e-4 0.008499026 0.01565086 -2.89234e-4 0.009884536 0.01546639 -5.73832e-4 0.00988543 0.01560431 -2.41791e-4 0.008437931 0.01572471 7.5862e-4 0.009159326 0.01600128 3.20498e-4 0.009895145 0.01592499 7.6538e-4 0.009159922 0.01579821 3.04875e-4 0.009883582 0.01592504 7.73703e-4 0.009157598 0.01582503 1.7189e-5 0.008322656 0.01562339 1.71795e-5 0.008246302 0.01572519 7.83335e-4 0.009157359 0.01621115 -1.64494e-4 0.00840795 0.01612395 -8.29472e-4 0.009171128 0.01602452 -5.4381e-6 0.009968459 0.01582622 -2.88194e-5 0.01008927 0.01599347 -3.75957e-4 0.008440554 0.01632493 7.51086e-4 0.00915879 0.01602464 4.82871e-6 0.008349776 0.01612484 8.44945e-4 0.009141206 0.01622629 1.80529e-5 0.008305907 0.01612448 7.63282e-4 0.009159505 0.01620173 2.42149e-4 0.009893238 0.01639783 3.43968e-4 0.009902775 0.01632565 7.76255e-4 0.009160697 0.0165587 0.002659738 0.01090526 0.01650464 0.002953588 0.01135778 0.01647514 0.003490209 0.01155191 0.01642495 0.0040434 0.01141047 0.01636505 0.004456341 0.0108 0.01633602 0.004342377 0.01015746 0.01627194 0.003841876 0.009738624 0.01623082 0.00310719 0.00979036 0.01618206 0.002651154 0.01031577 0.01613318 0.002682983 0.01100987 0.01608318 0.003184914 0.0114904 0.01599627 0.003998756 0.01143759 0.01598048 0.00445199 0.01081043 0.01591807 0.004330694 0.01012569 0.01587533 0.003725945 0.009705483 0.01582646 0.003040134 0.009827852 0.01579511 0.002678811 0.01026582 0.01600688 0.004077792 0.0100798 0.01606434 0.004286289 0.01076936 0.01611441 0.003758609 0.01135659 0.01620352 0.002994418 0.01116514 0.01627081 0.002778291 0.01062351 0.01630896 0.002947449 0.01013869 0.01635962 0.003462076 0.009864449 0.01640307 0.004076421 0.01008164 0.01647019 0.00429356 0.01069551 0.01651537 0.003932416 0.01128458 0.01656812 0.003163337 0.01134842 0.01657074 0.002622842 0.01071971 0.01589757 0.002839148 0.01033443 0.01590317 0.003275096 0.009903788 0.01637494 0.003535926 0.009869337 0.01644176 0.004246354 0.01021486 0.01656198 0.003798007 0.01140034 0.01657497 0.003536701 0.009861826 0.01657497 0.004366397 0.01039993 0.01619821 0.003252863 0.01136374 0.01630043 0.002761542 0.01029956 0.016375 0.003534734 0.00987333 0.01654839 0.003202021 0.009880304 0.01641523 0.003012835 0.01133519 0.01657819 0.002605676 0.01062041 0.01659321 0.002869606 0.01007348 0.01656848 0.003415822 0.009865701 0.01579898 0.002674996 0.01026546 0.01585233 0.003040671 0.009827375 0.01590216 0.003726303 0.009706497 0.01596873 0.004356563 0.01016277 0.01601713 0.004406034 0.01097857 0.01606339 0.003880083 0.01149499 0.01611191 0.003183543 0.01149219 0.01614236 0.002750098 0.01112043 0.01621204 0.002605438 0.01048219 0.01625996 0.00306791 0.009807884 0.01630616 0.003800749 0.009724557 0.01637434 0.004391968 0.01023346 0.0163995 0.004416942 0.01092797 0.01644915 0.004043519 0.01141238 0.0165221 0.003271579 0.01152503 0.01654595 0.002729654 0.01109129 0.01654368 0.00299561 0.01008343 0.01649796 0.00278747 0.01078963 0.01640826 0.003211498 0.0113129 0.01636409 0.003803372 0.01133835 0.0163117 0.004192531 0.01099985 0.01627731 0.004284977 0.0104677 0.0162183 0.003907024 0.009955704 0.016164 0.003274798 0.009905695 0.01611262 0.00288403 0.01023721 0.01607543 0.002779006 0.01072567 0.01603198 0.003118693 0.01126432 0.01596432 0.003789067 0.01134324 0.01591229 0.004181742 0.01101946 0.01587617 0.00429356 0.01053208 0.01582705 0.00406897 0.01008486 0.01579529 0.00359404 0.009859919 0.0157355 0.003069818 0.01002448 0.01569843 0.002837538 0.01033234 0.01582247 0.002672195 0.0102719 0.01569998 0.002842605 0.01033627 0.01568603 0.002790808 0.01078939 0.01564025 0.003330111 0.01135909 0.01554852 0.004021465 0.01121205 0.01548677 0.004293143 0.01069593 0.01534307 0.003052651 0.01003557 0.01530319 0.002773523 0.0106219 0.01523137 0.003052413 0.01121091 0.01517856 0.003530085 0.01138007 0.01514518 0.004012882 0.01121824 0.01510417 0.004300892 0.01057404 0.01495254 0.002997338 0.01008319 0.01488167 0.002778649 0.01069712 0.01487189 0.003234624 0.01132577 0.01476389 0.004025757 0.01120787 0.01469713 0.004289567 0.01050364 0.01463639 0.004103899 0.01005703 0.01544433 0.004146397 0.01016688 0.01539546 0.003642559 0.009869158 0.01505482 0.003796339 0.009908616 0.01479423 0.004460036 0.0104196 0.01482474 0.004275023 0.01119685 0.01488 0.003680169 0.01155167 0.01497864 0.002859354 0.01127171 0.01499271 0.00260812 0.01050573 0.01506668 0.002989292 0.009859383 0.01515179 0.003908276 0.009762823 0.0152238 0.004470169 0.01056307 0.01522713 0.004211962 0.01126402 0.01532334 0.003525078 0.01156288 0.01535546 0.002762556 0.01115339 0.01538473 0.002607464 0.01054483 0.01544302 0.002863883 0.009969651 0.0155313 0.003687441 0.009694933 0.01554989 0.004348576 0.01015996 0.01563942 0.004414141 0.01096826 0.01566416 0.003817677 0.01151502 0.01574015 0.003069758 0.01143825 0.0157622 0.002646505 0.01089757 0.01478105 0.003575682 0.01152098 0.01465392 0.004336416 0.01045453 0.01462656 0.003563642 0.01154839 0.01487493 0.004432082 0.01064968 0.01517474 0.003535866 0.01137471 0.01507413 0.004391849 0.01063698 0.01497155 0.003570616 0.01137453 0.01462495 0.004068374 0.01008987 0.01507538 0.004354596 0.0106163 0.01462495 0.00353682 0.009860455 0.01497471 0.003548264 0.009798347 0.01487493 0.004289865 0.01062291 0.01482516 0.004076838 0.01008105 0.01475828 0.004120171 0.01003855 0.01462501 0.004065811 0.01009297 0.01462495 0.004065811 0.01009297 0.01471674 0.004194915 0.009969532 0.01474493 0.004079878 0.01011306 0.01500678 0.003052711 0.01121103 0.01504647 0.002773702 0.0106247 0.01511877 0.003052353 0.01003563 0.01517158 0.003531754 0.009866297 0.01520514 0.004015922 0.01003098 0.01525419 0.004294574 0.01057243 0.01536136 0.003387749 0.01137286 0.01543289 0.002907514 0.01104563 0.01546841 0.002778589 0.01054942 0.01552087 0.00300002 0.01008814 0.01555055 0.003534376 0.009859204 0.01561921 0.00412178 0.01013863 0.01566922 0.004291772 0.01062339 0.01570743 0.004123091 0.01110696 0.01573985 0.003494441 0.01138556 0.01579272 0.002822697 0.01088196 0.01589983 0.002842664 0.01033633 0.0157988 0.002672612 0.01026773 0.01574951 0.00262624 0.01083779 0.01571446 0.002920567 0.01132142 0.01561218 0.003630697 0.01155316 0.01560235 0.004318296 0.01113462 0.01549875 0.004424452 0.01033461 0.01543211 0.003684043 0.009698569 0.01538783 0.002818465 0.01001727 0.01535743 0.002607524 0.01073628 0.0152834 0.002985596 0.01138454 0.01526397 0.00365585 0.01154804 0.01515996 0.004297912 0.01116621 0.01515942 0.004448652 0.01043355 0.01505839 0.004020154 0.009820342 0.01505249 0.003277719 0.009728252 0.01495093 0.002699673 0.01020157 0.01488012 0.002780079 0.01117515 0.01486915 0.003489017 0.0115574 0.01479589 0.004193007 0.01129513 0.01475143 0.004469335 0.01053512 0.01488584 0.00426954 0.01081871 0.01530438 0.004054188 0.01118451 0.01489204 0.003793179 0.01133656 0.0161488 0.003208339 0.009880125 0.01605957 0.002764165 0.01081401 0.01598161 0.003473043 0.01137191 0.01582378 0.002825796 0.01131045 0.01596266 0.003398954 0.009877145 0.01601564 0.004097402 0.009893417 0.0161547 0.003768026 0.01136404 0.01635563 0.003774881 0.01137936 0.01626205 0.004339456 0.01045721 0.0161786 0.003567636 0.009873151 0.0159505 0.003844261 0.01137751 0.01586067 0.004309654 0.01044666 0.01578176 0.003598034 0.009870171 0.01559507 0.003787994 0.009837388 0.01573801 0.004000723 0.0113433 0.0157352 0.003060936 0.009951412 0.01560211 0.003215193 0.01134735 0.01537513 0.003535449 0.01137363 0.01543766 0.002865135 0.01107168 0.01554793 0.003225028 0.009907305 0.01527434 0.004303395 0.01062428 0.01555234 0.003840625 0.01136517 0.01547491 0.004300117 0.01062363 0.01535439 0.003775417 0.01135611 0.01547616 0.004410028 0.01061111 0.01537579 0.003537237 0.00984621 0.01517421 0.00353676 0.009853661 0.01527136 0.004418969 0.01058048 0.01536148 0.003372192 0.009860873 0.01525831 0.002710044 0.01084536 0.01517546 0.003534317 0.01137334 0.0149911 0.003347516 0.01136332 0.01509159 0.002710044 0.01040124 0.0151745 0.003534555 0.009873211 0.0165587 0.004181325 0.01373898 0.01650464 0.004069149 0.01426672 0.01647555 0.004311144 0.01478362 0.01642614 0.004802346 0.01507526 0.01636511 0.005526185 0.01493495 0.01633602 0.005899906 0.0144 0.01627194 0.005842149 0.01374995 0.01623082 0.005286037 0.01326698 0.01618361 0.004591763 0.01331526 0.01611894 0.004089832 0.01391047 0.0160675 0.004241466 0.01471483 0.01602184 0.004877805 0.01508891 0.01598048 0.005515694 0.01493918 0.01591807 0.005914151 0.01436924 0.01587539 0.005783677 0.01364451 0.01582616 0.005212008 0.01324623 0.01579511 0.004645407 0.01330059 0.01594543 0.005289018 0.01346004 0.01598352 0.005670189 0.01379722 0.01602602 0.005706071 0.01445072 0.01609557 0.00522232 0.01488655 0.01612734 0.004501163 0.01474469 0.01620566 0.004261195 0.01394939 0.01628661 0.004817187 0.01341569 0.01635968 0.0054847 0.0135703 0.01640307 0.005765497 0.01415836 0.01647019 0.005484938 0.01474595 0.01651757 0.004790186 0.01489633 0.01656812 0.004224061 0.0144084 0.01657074 0.004286468 0.01358169 0.015877 0.00472474 0.01345032 0.01632517 0.005000114 0.01340842 0.01640439 0.005813896 0.01388245 0.01655095 0.004994153 0.01491057 0.01652568 0.005004525 0.01340866 0.01658302 0.005741596 0.01376909 0.01657795 0.004386484 0.01346427 0.01659095 0.004959166 0.01330584 0.016577 0.005378305 0.01349419 0.01579988 0.004645884 0.01330322 0.01586854 0.005212903 0.01324301 0.01589763 0.005805492 0.01368242 0.01593935 0.005927562 0.01428276 0.01599276 0.00559163 0.01489454 0.01603889 0.004921317 0.01508998 0.01609867 0.004263043 0.01475358 0.01613986 0.00407201 0.01403903 0.01619905 0.004437148 0.01339524 0.0162394 0.005160748 0.01323491 0.01629388 0.005759537 0.01359659 0.01635909 0.005914092 0.01440525 0.01643025 0.005286812 0.01506382 0.01647078 0.004468679 0.0149343 0.0164988 0.004146933 0.0145235 0.01655393 0.004079639 0.01396173 0.0165143 0.00485897 0.01341444 0.01648557 0.004404485 0.01367992 0.01642799 0.004253149 0.01432263 0.01636022 0.004626452 0.01482939 0.01631605 0.00513333 0.01490354 0.01627713 0.005592584 0.01465004 0.01622855 0.005749404 0.01400601 0.01616126 0.00538212 0.01349312 0.01611649 0.004874289 0.01341307 0.01607811 0.004414618 0.013659 0.0160306 0.004249095 0.01430064 0.01597315 0.004672944 0.01485437 0.01590448 0.005335748 0.01484507 0.01585644 0.005702853 0.01444655 0.01581549 0.005734562 0.01395887 0.01571589 0.004718363 0.01344847 0.0157808 0.005369722 0.01349431 0.01580613 0.004642724 0.01329994 0.0157085 0.004697501 0.01345521 0.01567625 0.004253089 0.01399677 0.01558172 0.004472672 0.01472431 0.01553755 0.005273759 0.01487964 0.01545608 0.005769014 0.01420617 0.01532793 0.004849791 0.01340389 0.01526689 0.004372 0.01373636 0.01523095 0.004242718 0.01423263 0.01517564 0.004463434 0.01469576 0.01516622 0.005070865 0.01491856 0.01507246 0.005665898 0.01452034 0.01504588 0.005669832 0.01379984 0.01494729 0.005074799 0.01340407 0.01489645 0.004459083 0.0136168 0.01485502 0.004269361 0.01437646 0.01476186 0.004814147 0.01489579 0.0147261 0.005415201 0.01478362 0.01469588 0.005734026 0.01418077 0.01538163 0.005475103 0.01356261 0.01471459 0.005951821 0.01416653 0.01478374 0.005598783 0.01490533 0.01484155 0.004858732 0.0150845 0.01491868 0.004178166 0.01463967 0.01496821 0.004165351 0.01370304 0.01501625 0.004771769 0.0132507 0.01509344 0.005571424 0.01339733 0.01514285 0.00594598 0.01425588 0.01519089 0.005562007 0.01490783 0.01526814 0.004767954 0.01508218 0.01533389 0.004069805 0.01437324 0.01536434 0.004228055 0.01363432 0.0154038 0.004671573 0.01327854 0.01548975 0.005485475 0.01334214 0.01555967 0.005948185 0.01421874 0.01558226 0.00559163 0.01488077 0.01565688 0.004934787 0.01509803 0.01568675 0.004270911 0.01474827 0.0157327 0.004063844 0.01415336 0.0157662 0.004242062 0.01361471 0.01462489 0.005004525 0.01494067 0.01472115 0.005021393 0.01499128 0.01463085 0.00575149 0.0143069 0.01462495 0.004999995 0.01340883 0.01462769 0.005902767 0.01413702 0.01509648 0.005344986 0.01488173 0.01496857 0.005574762 0.01348221 0.01482474 0.005768239 0.01415741 0.01490849 0.005171656 0.01489692 0.01475828 0.00582689 0.01415872 0.01462501 0.00574994 0.01415884 0.01462495 0.00575 0.01415884 0.01472598 0.005934476 0.01416003 0.01472687 0.005719125 0.01420211 0.01531779 0.004921615 0.01491373 0.0153703 0.004465222 0.01469427 0.01540195 0.004245638 0.01423358 0.01545816 0.004371583 0.01373726 0.01549679 0.004848897 0.01340401 0.0155425 0.00551176 0.01359444 0.01561713 0.005752563 0.01408618 0.01576751 0.004314422 0.01451063 0.01584339 0.004289329 0.01389902 0.01588761 0.004676163 0.01345121 0.01579886 0.004641234 0.01329725 0.01574856 0.004164874 0.01371842 0.01566392 0.004155278 0.01459372 0.01560163 0.004936814 0.01509815 0.01555949 0.005741775 0.01475661 0.01547735 0.005894601 0.01382935 0.01543807 0.005300641 0.0132724 0.01538294 0.004548192 0.01332134 0.01533389 0.004092931 0.0139262 0.01525664 0.004235744 0.01472651 0.01520889 0.00509274 0.01510626 0.01515924 0.005746185 0.01472455 0.01512569 0.005932807 0.01418906 0.01505362 0.005672574 0.01347941 0.01502054 0.004959762 0.01322656 0.01494753 0.004272282 0.01353996 0.01489287 0.004098474 0.01446163 0.01484471 0.004616558 0.01501309 0.01481109 0.00518018 0.01507455 0.01475685 0.005725741 0.0147587 0.01486992 0.005358517 0.0148217 0.01490604 0.004639446 0.01482933 0.01500558 0.004243612 0.01423305 0.01503455 0.004464924 0.01362669 0.01512175 0.004988551 0.01340186 0.01515388 0.005454123 0.01354694 0.01519376 0.005761563 0.01412189 0.01564294 0.005649089 0.01455134 0.01568502 0.005042314 0.0149284 0.01526612 0.005487501 0.01474803 0.01522433 0.005785465 0.01416134 0.01552498 0.005001127 0.01492732 0.01542484 0.005842328 0.01417058 0.01532053 0.005032896 0.01491862 0.01542574 0.005837976 0.0141521 0.01532489 0.005006194 0.01335304 0.01512438 0.005011379 0.01328283 0.01522529 0.005784869 0.01415729 0.01569807 0.004641473 0.01338934 0.01556444 0.00449568 0.01485431 0.01534026 0.004848778 0.01489782 0.01544743 0.004218399 0.01386892 0.01552456 0.004998862 0.01340878 0.0156241 0.005780637 0.01415973 0.0159018 0.005316853 0.01489663 0.01582503 0.005761742 0.01415938 0.01570445 0.005241572 0.01489126 0.01582503 0.005765378 0.01415854 0.01572567 0.005025267 0.01330935 0.01552349 0.005017161 0.01324582 0.01562511 0.005779922 0.01415723 0.01609605 0.004633486 0.01341611 0.01596409 0.004480302 0.01488161 0.01572531 0.004999577 0.01491045 0.01579093 0.004315733 0.01456362 0.01589566 0.004652261 0.0134297 0.01594746 0.005276203 0.01340979 0.01605099 0.00577116 0.01448899 0.0161249 0.005001425 0.01490885 0.01630496 0.005245923 0.01490902 0.01620811 0.00580275 0.01393961 0.01612681 0.005012869 0.01340878 0.01616454 0.004463016 0.014876 0.0162999 0.004716634 0.0134353 0.01650369 0.004740059 0.01341295 0.01642405 0.004212975 0.01417124 0.01634037 0.004830896 0.01490211 0.01532185 0.004992485 0.01339584 0.01520192 0.00421667 0.01445454 0.01512569 0.004997074 0.01490926 0.01496154 0.004487931 0.01492565 0.01510226 0.004750788 0.01343077 0.0165587 0.003253519 0.01681864 0.01650464 0.002801001 0.01711249 0.01644879 0.002604365 0.01782411 0.01641738 0.002920687 0.01839613 0.01635646 0.003530561 0.01863396 0.01631081 0.004209458 0.01834553 0.01624172 0.004472374 0.01761192 0.01621729 0.004152059 0.01699483 0.01616537 0.003588616 0.01675885 0.01610136 0.002858519 0.01703727 0.01607221 0.002602934 0.01768451 0.01602172 0.002791583 0.01826578 0.01596742 0.003434598 0.01863098 0.01593255 0.004066467 0.01846116 0.01587384 0.004446685 0.01792782 0.01582831 0.004331886 0.01719844 0.0157954 0.003893077 0.01683747 0.01589918 0.003823161 0.01700019 0.01592445 0.004124879 0.01721197 0.01597231 0.004295229 0.01770877 0.01610511 0.002854943 0.0180549 0.01619833 0.002860128 0.01734423 0.01624667 0.003248751 0.01699388 0.01626527 0.003899753 0.01702004 0.01635962 0.004294395 0.01762104 0.01640868 0.004163265 0.01811724 0.0164417 0.003685355 0.01844608 0.01650351 0.003048777 0.01828432 0.01656085 0.002800464 0.0178669 0.01656812 0.002810418 0.01732218 0.01657074 0.003439128 0.01678174 0.01601183 0.004131138 0.01816767 0.0160467 0.003549993 0.01846683 0.01630133 0.003863036 0.01695156 0.01640552 0.004270136 0.01807576 0.01655602 0.003400206 0.01845145 0.01657915 0.004334747 0.0178129 0.01649105 0.003700256 0.01694971 0.01657801 0.003592789 0.01676946 0.01659029 0.004110395 0.01706242 0.01657938 0.004284739 0.0175541 0.01579612 0.003894269 0.01683247 0.01584321 0.004305899 0.01716339 0.0159173 0.004454255 0.01793098 0.0159561 0.003917932 0.01855343 0.01601362 0.003179848 0.01856696 0.01605957 0.002661645 0.01803976 0.01609665 0.00264132 0.01742631 0.01615279 0.003031432 0.01689791 0.01618528 0.003631532 0.01677012 0.01622354 0.004120171 0.01696377 0.01625496 0.004415571 0.01739329 0.016303 0.004436075 0.01796019 0.01633411 0.004108488 0.01842772 0.0163843 0.003573358 0.01863133 0.01644557 0.002848088 0.01834422 0.01649242 0.002599477 0.01756048 0.01655381 0.003024101 0.01690417 0.0165289 0.004021346 0.01710724 0.01647806 0.003537774 0.01693665 0.01643955 0.003071546 0.01709169 0.01640027 0.002777159 0.01760089 0.01634103 0.003042519 0.01829248 0.01626604 0.0036875 0.01844006 0.01622605 0.004145264 0.01815205 0.0161786 0.004293024 0.01768165 0.01603966 0.003088235 0.01707816 0.0159927 0.002774655 0.0175777 0.01594525 0.002971887 0.01821035 0.01587986 0.00350809 0.01845663 0.01583927 0.004071593 0.01824641 0.01578003 0.00429511 0.01770901 0.0156992 0.003823816 0.01699948 0.01614362 0.004091858 0.01716995 0.01608055 0.003581166 0.01693582 0.01572525 0.004130542 0.01720637 0.01580673 0.003890037 0.01683485 0.01570129 0.003822863 0.01699948 0.01568305 0.00338006 0.01694434 0.01561701 0.002907574 0.01727205 0.01558274 0.002779245 0.01776617 0.01552891 0.002999901 0.01822954 0.01549017 0.003455877 0.01845234 0.01544433 0.003991961 0.01830524 0.01539367 0.004271388 0.01787608 0.0152381 0.002901077 0.01726913 0.0151689 0.002807557 0.01791328 0.01511889 0.00311315 0.01832097 0.01508867 0.003680765 0.01844346 0.0150429 0.004264175 0.01791775 0.01495254 0.004075646 0.01715624 0.01488167 0.003461658 0.01693749 0.01482909 0.003000259 0.01715892 0.01479285 0.002778112 0.01762086 0.01474541 0.002949893 0.01817756 0.01469099 0.003455758 0.0184518 0.01463216 0.004056632 0.01826697 0.01535779 0.004224061 0.01736819 0.01533955 0.003655254 0.0169453 0.01472878 0.004198551 0.01836591 0.01477259 0.003621876 0.01862233 0.01481854 0.003068268 0.01850366 0.01485329 0.002689898 0.01808309 0.01493 0.002647459 0.01739466 0.01494866 0.003097057 0.01687294 0.01499265 0.003653109 0.01676696 0.01506668 0.004299461 0.01714813 0.01515412 0.00439465 0.0180667 0.01522254 0.003596067 0.01862984 0.01523745 0.002848386 0.01832801 0.01531136 0.002599418 0.0176205 0.01534205 0.002955615 0.01696115 0.01541352 0.003680229 0.01676499 0.01543617 0.004271149 0.01712197 0.01552772 0.004465937 0.0178467 0.01554989 0.003998816 0.01850742 0.01562732 0.003253221 0.01858907 0.01564711 0.00272262 0.01814889 0.01575022 0.002645969 0.01740586 0.01577335 0.003259658 0.0167979 0.01466548 0.003539502 0.0185126 0.01463651 0.003901541 0.01838427 0.01462548 0.003535687 0.01694351 0.01487511 0.003537893 0.01694458 0.01507502 0.003535509 0.01844435 0.01498252 0.00446099 0.01780998 0.01462525 0.004344344 0.0174731 0.01487499 0.003535509 0.01844435 0.01479065 0.00409013 0.01824051 0.01486247 0.003681659 0.01842963 0.01487499 0.003535509 0.01844435 0.01487898 0.003535509 0.01844435 0.01482492 0.004065811 0.01822471 0.01482486 0.004065811 0.01822471 0.01469165 0.004120111 0.01827913 0.01472598 0.004195451 0.01835596 0.01472675 0.004013359 0.01823341 0.01526981 0.003350615 0.0184319 0.01531112 0.0028041 0.01791697 0.01540189 0.002949237 0.01721382 0.01545453 0.00357145 0.01692867 0.01552414 0.004122376 0.01721149 0.01556718 0.004297196 0.01772958 0.01566845 0.00345689 0.01844966 0.01572173 0.003000199 0.01823037 0.01575559 0.002768754 0.01769387 0.01581686 0.003052949 0.01710772 0.01588642 0.00377506 0.01695835 0.0157985 0.003891348 0.01681876 0.01573133 0.003075659 0.01686197 0.01568323 0.00262624 0.01747065 0.01560616 0.002776801 0.01826959 0.01557946 0.003444015 0.01862299 0.01552909 0.004057347 0.01848036 0.01549255 0.004427194 0.01796948 0.01544272 0.004409372 0.0173372 0.01538324 0.003808379 0.01678258 0.01533389 0.003058671 0.01688849 0.01525664 0.002593696 0.01755541 0.01520735 0.002931535 0.01842898 0.01515924 0.003663122 0.01862204 0.01512539 0.004173576 0.01837533 0.01505362 0.004491508 0.01768952 0.01502043 0.004166245 0.01700675 0.01494795 0.003458559 0.01674199 0.01489287 0.002683937 0.01727104 0.01484471 0.002660334 0.0180273 0.01481109 0.003015458 0.01846927 0.01475685 0.003624498 0.01863175 0.01487016 0.003320217 0.01841652 0.01490628 0.002806425 0.01791363 0.01500558 0.002948224 0.01721203 0.01502567 0.003606796 0.01694583 0.01513135 0.004167795 0.0172711 0.0151689 0.004283905 0.01784062 0.01561635 0.004023075 0.01828378 0.01522344 0.003928244 0.01834315 0.01517415 0.00431627 0.01769524 0.01544034 0.003902137 0.0182774 0.01537495 0.004297792 0.01769495 0.01526463 0.00363636 0.01843392 0.01537519 0.004327178 0.01769274 0.01527452 0.00354278 0.01687026 0.01507431 0.003538012 0.0169087 0.01517546 0.00438416 0.01768451 0.01567423 0.003534078 0.01694035 0.0155645 0.002673625 0.0178374 0.01548749 0.003389358 0.01842963 0.01547497 0.003535509 0.01844435 0.01527494 0.003535509 0.01844435 0.01531684 0.003052115 0.01831883 0.01543575 0.00305438 0.01699489 0.01546835 0.003535509 0.01844435 0.01547497 0.003535509 0.01844435 0.01557433 0.004312396 0.01769602 0.01587545 0.00354129 0.01850879 0.0157746 0.004357159 0.01770454 0.01567047 0.003568887 0.01845371 0.01577502 0.00429219 0.01769405 0.0156762 0.00356698 0.01683819 0.01547354 0.003552198 0.01677978 0.01557528 0.00431931 0.01769286 0.01604264 0.003085196 0.0169236 0.01590168 0.003235876 0.01841634 0.0157029 0.003189444 0.0184316 0.01580464 0.002801597 0.01732671 0.0158748 0.003534674 0.01694434 0.0159747 0.00429356 0.01769477 0.01605176 0.003774583 0.01843154 0.01624923 0.003866136 0.01845163 0.01617556 0.00431168 0.01769614 0.01617515 0.004322886 0.01769107 0.01597487 0.004322409 0.01769125 0.01607429 0.00356388 0.01683491 0.01587378 0.003545582 0.01682305 0.01607942 0.003515124 0.01847308 0.01623296 0.002970337 0.01698589 0.01646482 0.003418266 0.01693916 0.01637965 0.002729475 0.01763522 0.0162878 0.003388404 0.01844125 0.01524931 0.003213346 0.01694613 0.01511448 0.003053665 0.01838421 0.01492142 0.002954542 0.01834517 0.0150572 0.003354668 0.01695954 0.01640784 1.17262e-5 0.01992285 0.01646584 -4.87413e-4 0.0197401 0.01650416 -7.45536e-4 0.0193181 0.01654487 -6.12522e-4 0.0186975 0.01655983 4.98665e-4 0.01838833 0.01650464 -1.07882e-4 0.01822799 0.0164572 -7.20305e-4 0.01855862 0.01642787 -9.27918e-4 0.01909023 0.01637166 -7.79289e-4 0.01968723 0.01633763 -2.41451e-4 0.02005964 0.016272 4.08897e-4 0.02000105 0.0161941 9.25639e-4 0.01931852 0.01615518 6.69724e-4 0.01850134 0.01612496 7.5627e-5 0.0182299 0.01606762 -5.56114e-4 0.01840037 0.01602268 -9.30596e-4 0.01903676 0.0159747 -7.58269e-4 0.01971226 0.01594233 -2.91842e-4 0.02004164 0.01585787 4.03346e-4 0.02000898 0.01582056 9.25797e-4 0.01932805 0.01579833 8.54743e-4 0.01880526 0.01601999 3.46691e-5 0.01991486 0.01605486 -3.94512e-4 0.01981014 0.01607918 -7.64373e-4 0.01923066 0.01616936 -4.24333e-4 0.01851946 0.01621472 3.63552e-4 0.01848441 0.0163089 7.58501e-4 0.0190857 0.01635962 5.8848e-4 0.0196436 0.01656025 4.53197e-5 0.0183044 0.01589912 6.94707e-4 0.01887118 0.01592457 7.57469e-4 0.01921623 0.01596522 5.14064e-4 0.01972538 0.01657181 7.87917e-4 0.01975208 0.01626586 5.65004e-4 0.01843142 0.01640492 2.32479e-4 0.01988005 0.01643234 7.7487e-5 0.01841074 0.01657807 6.94514e-4 0.01854538 0.01659125 8.52844e-4 0.01911783 0.01661187 6.98439e-4 0.01944416 0.01579636 8.6301e-4 0.01880306 0.0158686 8.89291e-4 0.01950043 0.01590847 2.81537e-4 0.02005892 0.01596599 -4.58301e-4 0.01998561 0.01601374 -8.9164e-4 0.0194388 0.01605957 -8.62163e-4 0.01878517 0.01609665 -4.42717e-4 0.01833701 0.0161398 1.19799e-4 0.01823085 0.01619905 7.63604e-4 0.01859605 0.01623952 9.23815e-4 0.01931965 0.01630318 5.2783e-4 0.01994597 0.01633906 -1.56083e-4 0.02007889 0.01638233 -6.65367e-4 0.01981657 0.01642411 -9.29634e-4 0.01926392 0.01647078 -7.75434e-4 0.01862752 0.0164988 -3.64642e-4 0.01830577 0.01655423 1.97032e-4 0.01823866 0.01649898 6.77542e-4 0.01881909 0.01646119 3.27663e-4 0.01847153 0.01641291 -2.18658e-4 0.01842761 0.01636248 -6.89175e-4 0.01881623 0.01631498 -6.93894e-4 0.01947879 0.01625484 -2.74961e-4 0.01986587 0.01621693 2.14666e-4 0.01988822 0.01616358 6.81519e-4 0.01951551 0.01611882 7.01331e-4 0.0188561 0.01602834 -3.63565e-4 0.01847702 0.01594525 -7.63361e-4 0.01912516 0.01588994 -4.44591e-4 0.01979064 0.01581776 2.74487e-4 0.01987046 0.01577293 6.90221e-4 0.01946008 0.01573127 6.99971e-4 0.01888382 0.01605558 2.81339e-4 0.01845383 0.01580184 8.61251e-4 0.01880079 0.01584893 5.99411e-4 0.01880645 0.01485496 -2.17616e-4 0.01842814 0.01475757 -7.27238e-4 0.01894193 0.01474374 -5.8786e-4 0.01962757 0.01462018 -4.06534e-6 0.01992076 0.01567965 -1.8229e-4 0.01842403 0.01556599 -7.21886e-4 0.01894098 0.01552689 -6.26667e-4 0.01958 0.0154429 -1.18562e-4 0.01990765 0.0154106 4.24803e-4 0.01978856 0.01536154 7.63638e-4 0.01915913 0.01524662 -3.26284e-4 0.01846003 0.01516628 -7.59747e-4 0.01922971 0.01507246 -3.615e-4 0.01982474 0.01504588 3.58979e-4 0.01982867 0.01494729 7.54763e-4 0.01923364 0.01489645 5.42021e-4 0.01861792 0.01528602 4.24439e-4 0.01852887 0.01471304 -8.03633e-6 0.02011156 0.01478439 -7.46003e-4 0.01975762 0.01484155 -9.25675e-4 0.01901757 0.01491868 -4.80848e-4 0.01833707 0.01496821 4.55763e-4 0.01832419 0.01501625 9.0815e-4 0.01893067 0.01509344 7.61493e-4 0.01973032 0.01514285 -9.70273e-5 0.02010488 0.01519089 -7.48975e-4 0.01972091 0.01526814 -9.23363e-4 0.01892679 0.01533246 -2.14459e-4 0.01822775 0.01538556 6.84558e-4 0.0184971 0.01543647 9.34328e-4 0.01921081 0.01550501 5.59259e-4 0.01993507 0.01557743 -4.35482e-4 0.02000898 0.01560902 -8.98378e-4 0.01941126 0.01568323 -8.14271e-4 0.01866066 0.01571375 -1.83927e-4 0.0182439 0.01576298 4.4126e-4 0.01832407 0.01462721 1.9223e-6 0.01840418 0.01462519 7.79746e-4 0.01902234 0.01462781 4.59494e-6 0.0199204 0.01500123 2.89701e-4 0.01990741 0.01486665 5.37291e-4 0.01847606 0.01475828 0 0.01998573 0.01462501 0 0.01990884 0.01472663 -1.18006e-6 0.02009367 0.01477855 -9.39236e-6 0.01990067 0.0152266 -1.17636e-4 0.01990747 0.0152468 -6.24232e-4 0.01958221 0.01531118 -6.74535e-4 0.01879912 0.01540207 -4.35387e-5 0.01840013 0.0154674 4.84432e-4 0.01856863 0.01548069 7.62902e-4 0.01919299 0.01561981 -1.84408e-4 0.01989638 0.01565515 -7.28729e-4 0.01937782 0.01576316 -6.29955e-4 0.01873475 0.01580089 -1.70083e-4 0.01840823 0.01585376 4.22185e-4 0.01852566 0.01586997 7.35216e-4 0.01885646 0.0157364 5.44718e-4 0.01838004 0.01570057 -2.47011e-4 0.01825582 0.015652 -8.05668e-4 0.0186671 0.01561534 -9.24714e-4 0.01928758 0.01555669 -5.96707e-4 0.0198993 0.01547735 3.29492e-4 0.0200535 0.01543813 8.8643e-4 0.01945948 0.0153855 8.38807e-4 0.01870632 0.01533377 2.32614e-4 0.01825189 0.01525664 -5.67681e-4 0.01839458 0.01519095 -9.41424e-4 0.01931673 0.01516056 -5.12463e-4 0.01993882 0.01508742 2.28692e-4 0.0200864 0.01505559 8.16379e-4 0.01961094 0.01498407 9.08506e-4 0.01886063 0.014943 3.32819e-4 0.01828229 0.0149067 -2.35308e-4 0.01825606 0.0148254 -8.38019e-4 0.0187112 0.01479262 -8.62938e-4 0.01952254 0.01474833 -4.8848e-4 0.01994717 0.01483303 -6.24023e-4 0.01957964 0.01492899 -6.79165e-4 0.01879483 0.01498979 9.9434e-6 0.01839464 0.01506292 6.29402e-4 0.01873469 0.01513212 7.46838e-4 0.01930671 0.0155735 3.93068e-4 0.01980745 0.01516783 4.25347e-4 0.01979082 0.0151236 9.07075e-4 0.0191732 0.01542526 3.72322e-6 0.01995593 0.01532477 8.25126e-4 0.01916915 0.01522451 3.60955e-6 0.01991105 0.01532638 8.72851e-4 0.01914936 0.0152257 2.48028e-6 0.0183776 0.01502496 1.99104e-7 0.01840513 0.01511895 8.80868e-4 0.01910531 0.01561957 -1.46077e-5 0.01838964 0.01546055 -4.09483e-4 0.0198701 0.01525098 -3.23267e-4 0.01990574 0.01538735 -4.59941e-4 0.01844191 0.01552408 7.80748e-4 0.01915961 0.01582515 -2.07496e-6 0.01991152 0.0157265 8.57241e-4 0.01917552 0.0156185 5.07566e-5 0.01990771 0.01572924 9.14243e-4 0.01913839 0.01562577 1.39916e-6 0.01839041 0.01542448 5.53229e-5 0.01818931 0.01552492 7.64824e-4 0.01915788 0.01602506 -1.10149e-6 0.01838064 0.01594519 -7.6953e-4 0.01890611 0.01582413 -1.34078e-5 0.02003866 0.01562488 -1.78224e-6 0.01993453 0.01571154 -8.20072e-4 0.01933699 0.01582592 -5.34745e-6 0.01833397 0.01592487 7.57855e-4 0.01915925 0.01619827 3.36219e-4 0.01990318 0.01612591 7.749e-4 0.01916033 0.0160005 2.43226e-4 0.01989102 0.01612508 7.62973e-4 0.01915794 0.0160247 1.73422e-5 0.01829403 0.01582419 3.22918e-5 0.0182209 0.01592499 7.76624e-4 0.01915699 0.01602488 0 0.01990884 0.01607233 -5.42583e-4 0.01974511 0.01618826 -4.65959e-4 0.01844114 0.01638203 -5.78425e-4 0.01844549 0.01625293 -3.49595e-4 0.01990073 0.01520472 -2.49704e-4 0.018399 0.01510125 -7.82506e-4 0.0194621 0.01502513 -2.13181e-6 0.0199089 0.01484423 -2.34479e-4 0.01990878 0.01494336 -8.05373e-4 0.01891928 0.01502448 -2.99699e-6 0.01840883 0.01462495 -1.19516e-6 0.01839739 0.01482492 -4.15953e-7 0.01840484 0.01475816 -7.10792e-4 0.01875019 0.0146377 -2.61637e-4 0.0199362 0.01462501 -8.30898e-4 0.01893556 0.01655983 -0.002638041 0.01750212 0.01650464 -0.002953588 0.0169599 0.01647514 -0.003490209 0.01676577 0.01642495 -0.0040434 0.01690721 0.01636505 -0.004456341 0.01751768 0.01633602 -0.004342377 0.01816022 0.01627194 -0.003841876 0.01857906 0.01623082 -0.00310719 0.01852726 0.01618206 -0.002651154 0.01800191 0.01613318 -0.002682983 0.01730781 0.01608318 -0.003184914 0.01682728 0.01602518 -0.003921151 0.01684027 0.01595985 -0.004445791 0.01746481 0.01592314 -0.004305779 0.01822769 0.01587533 -0.003725945 0.0186122 0.01582646 -0.003040134 0.01848983 0.01579511 -0.002678811 0.01805186 0.01600688 -0.004077792 0.01823782 0.01607072 -0.004293859 0.01762211 0.01611423 -0.003963291 0.01706033 0.0161845 -0.003316998 0.01696425 0.01621282 -0.002802968 0.0174722 0.01630896 -0.002947449 0.01817899 0.01635962 -0.003462076 0.01845324 0.01640874 -0.004020154 0.01828211 0.01645863 -0.004293799 0.01776736 0.01650303 -0.004077434 0.01715362 0.0165739 -0.003421247 0.01692605 0.01656025 -0.002899229 0.0171222 0.01589757 -0.002839148 0.01798325 0.01590317 -0.003275096 0.0184139 0.01637494 -0.003535926 0.01844835 0.01644176 -0.004246354 0.01810282 0.01656198 -0.003798067 0.01691734 0.01657497 -0.003536701 0.01845586 0.01657497 -0.004366397 0.01791775 0.01619821 -0.003252744 0.01695406 0.01630043 -0.002761542 0.01801812 0.016375 -0.003534674 0.01844429 0.01654875 -0.003205299 0.01844054 0.01641535 -0.003012835 0.01698309 0.01657819 -0.002605617 0.01769721 0.01659327 -0.002869606 0.0182442 0.01658463 -0.003297805 0.01841938 0.01579898 -0.002674996 0.01805222 0.01585233 -0.003040671 0.01849031 0.01590216 -0.003726303 0.01861113 0.01596873 -0.004356563 0.01815491 0.01601713 -0.004406034 0.01733905 0.01606339 -0.003880083 0.01682269 0.01611149 -0.003183364 0.01682537 0.01616662 -0.002660453 0.01734787 0.01619958 -0.002654492 0.01800167 0.01625996 -0.00306791 0.01850974 0.01630616 -0.003800749 0.01859313 0.01633441 -0.004269123 0.01826679 0.01638501 -0.004472017 0.01773226 0.01643353 -0.004239559 0.01707595 0.01650196 -0.003532111 0.01675331 0.01655054 -0.00279802 0.01711183 0.01653778 -0.002781629 0.01782625 0.01643282 -0.003023386 0.01712977 0.01638293 -0.003484666 0.01693868 0.01634997 -0.004003703 0.01709002 0.01628941 -0.004280388 0.01755511 0.01627063 -0.004145324 0.01815825 0.01619058 -0.00342381 0.01845276 0.01611745 -0.002903699 0.0181182 0.01609182 -0.002805173 0.01746708 0.01596683 -0.004051923 0.01712995 0.01587617 -0.00429356 0.0177856 0.01583158 -0.003960192 0.0183314 0.0157743 -0.003210127 0.01838815 0.01569843 -0.002837538 0.01798534 0.01600641 -0.003332972 0.01695805 0.01580679 -0.00267595 0.01804888 0.01570099 -0.002840816 0.01798176 0.01567453 -0.002777636 0.01763719 0.01561558 -0.003849029 0.01700073 0.01549923 -0.0042997 0.01769345 0.01543867 -0.003962397 0.01832658 0.01536482 -0.003364443 0.01843321 0.01532858 -0.002924323 0.01814842 0.01529139 -0.002803146 0.01747405 0.01516455 -0.003718852 0.01695942 0.01514458 -0.004211366 0.01733839 0.01507467 -0.004160344 0.01813375 0.01498699 -0.003585278 0.01845329 0.01495254 -0.002997338 0.01823449 0.01488167 -0.002778649 0.01762056 0.01487189 -0.003234624 0.01699185 0.01476395 -0.004025757 0.01710975 0.01469713 -0.004289507 0.01781404 0.01463639 -0.004103899 0.01826065 0.01564371 -0.003056704 0.01709866 0.01520633 -0.0032444 0.01699143 0.01479423 -0.004460036 0.01789808 0.01482474 -0.004275023 0.01712083 0.01488 -0.003680169 0.01676601 0.01497864 -0.002859294 0.01704597 0.01499271 -0.00260812 0.01781195 0.01506668 -0.002989232 0.0184583 0.01509845 -0.003722727 0.01860964 0.0151692 -0.004339396 0.01818233 0.01525306 -0.004367351 0.01725685 0.01527065 -0.00371778 0.01677668 0.01531392 -0.003096163 0.01686811 0.01534885 -0.002702414 0.01727682 0.0154041 -0.002619266 0.01790231 0.01549297 -0.003180146 0.01856756 0.01551735 -0.003986656 0.01851272 0.01561713 -0.004457831 0.01785629 0.01566022 -0.004152357 0.01698583 0.01574343 -0.003246009 0.01680094 0.01577115 -0.002637684 0.0174182 0.01478105 -0.003575682 0.0167967 0.01465392 -0.004336416 0.01786309 0.01462656 -0.003563642 0.01676928 0.01462495 -0.003535509 0.01844435 0.01499378 -0.003753364 0.01842111 0.01517438 -0.003536581 0.01694077 0.01508748 -0.004347145 0.0175333 0.01462519 -0.004086911 0.01824909 0.01482439 -0.004117429 0.01827251 0.01494485 -0.00390309 0.01696652 0.01482492 -0.004065811 0.01822471 0.01482486 -0.004065811 0.01822471 0.01469165 -0.00412029 0.01827901 0.01472783 -0.004199385 0.01835292 0.0148046 -0.004070103 0.01822501 0.0151692 -0.003555774 0.01845777 0.01520848 -0.004164695 0.01813924 0.01528441 -0.004275619 0.01753729 0.01531147 -0.003968119 0.01706492 0.01536309 -0.003148674 0.01703345 0.0154674 -0.002775609 0.01761966 0.015621 -0.004294574 0.01776975 0.01571011 -0.003859043 0.01698553 0.01579469 -0.003057718 0.01709634 0.01587259 -0.00276947 0.01767444 0.01589989 -0.002842664 0.01798135 0.01580226 -0.002670705 0.01805037 0.01575267 -0.002624392 0.01747947 0.0157147 -0.002963483 0.01694917 0.01564294 -0.003695189 0.01676273 0.01561534 -0.004280388 0.01713156 0.01555669 -0.004481017 0.01779603 0.01547628 -0.00393486 0.01855933 0.01543813 -0.003121316 0.01853376 0.01540499 -0.002714693 0.01813846 0.01535421 -0.002608954 0.01751762 0.01529127 -0.003088772 0.01685714 0.01521599 -0.004026353 0.01687651 0.01513987 -0.004483401 0.01775896 0.01507759 -0.003965675 0.01853173 0.01501864 -0.003032565 0.01850736 0.01496446 -0.002583563 0.0176829 0.01491451 -0.002908289 0.01699918 0.01488095 -0.003425717 0.01676762 0.01480239 -0.004152178 0.01696914 0.01475709 -0.00447303 0.01778334 0.01479357 -0.004251003 0.01750427 0.01494258 -0.003684222 0.01694405 0.01500433 -0.003144979 0.01704597 0.01504236 -0.002789139 0.01750653 0.01549804 -0.002967476 0.01820719 0.01554352 -0.003717303 0.01844447 0.01509624 -0.002969443 0.01820755 0.01507472 -0.002679347 0.01770567 0.01534545 -0.00314486 0.01841992 0.01527494 -0.002773225 0.01769489 0.01517206 -0.00350672 0.01844334 0.01527589 -0.002673208 0.01768237 0.01517581 -0.003532946 0.01691269 0.01497441 -0.003521203 0.01680696 0.01507508 -0.002760052 0.0176931 0.01555532 -0.003780364 0.0169298 0.01545089 -0.004316627 0.0180009 0.01527625 -0.003535449 0.01844435 0.01526516 -0.004443585 0.01783382 0.0153743 -0.003538608 0.01694428 0.015675 -0.00276196 0.01769328 0.01557499 -0.003518819 0.01685541 0.01537364 -0.003518402 0.01678371 0.01547521 -0.002752244 0.01769286 0.01547437 -0.002660155 0.01770579 0.01577484 -0.003535509 0.01844453 0.0156756 -0.002661526 0.01773965 0.0155707 -0.003488242 0.018444 0.0159493 -0.003855466 0.01695042 0.01581895 -0.004117667 0.01837599 0.01559388 -0.003731071 0.01844888 0.01574057 -0.003954112 0.01699113 0.01587438 -0.002766788 0.01769542 0.01617467 -0.003532648 0.01844447 0.01607638 -0.002684295 0.01772403 0.01595318 -0.003283739 0.01842135 0.01607495 -0.002782344 0.01769423 0.01597666 -0.003480792 0.01681381 0.0157749 -0.003535151 0.01693868 0.01586997 -0.00267589 0.01766115 0.01597493 -0.003535509 0.01844435 0.01603913 -0.004239439 0.01814264 0.0161547 -0.003767967 0.01695352 0.01635569 -0.003774762 0.01693826 0.01626205 -0.004339456 0.01786047 0.01617854 -0.00356698 0.01844459 0.01653701 -0.004089355 0.01439911 0.01647096 -0.00421679 0.01362538 0.01641368 -0.004973948 0.01320976 0.01636725 -0.005692839 0.01352095 0.01633107 -0.005923569 0.01404559 0.01627671 -0.005805671 0.01464837 0.01623815 -0.005244255 0.01506412 0.01616489 -0.004470884 0.01494902 0.01612979 -0.004070043 0.01427906 0.01607185 -0.004239201 0.01360154 0.01604026 -0.004752218 0.01326191 0.01599186 -0.005323886 0.01327806 0.01595211 -0.005819201 0.01370501 0.01589798 -0.005913197 0.01439869 0.01583576 -0.005379319 0.01502805 0.01579868 -0.004648745 0.01502794 0.01593178 -0.005327999 0.01483845 0.01598495 -0.005754709 0.01430666 0.01606631 -0.005588114 0.013673 0.01609873 -0.005015909 0.01339036 0.01617109 -0.004489958 0.01359683 0.01620936 -0.004245638 0.01403111 0.01637685 -0.005611836 0.01461714 0.01642602 -0.005756199 0.0140503 0.01647007 -0.005455613 0.01354998 0.01652204 -0.004891276 0.01340508 0.0165733 -0.004278063 0.01379805 0.01654994 -0.004178762 0.01454156 0.01625168 -0.004439473 0.01468622 0.01631611 -0.005075395 0.01491934 0.01586979 -0.004718303 0.01485753 0.01632499 -0.005000054 0.01490932 0.01640498 -0.005822956 0.01442623 0.01653957 -0.00501424 0.01340514 0.01657485 -0.00578767 0.01422619 0.01653987 -0.005135953 0.01490306 0.01657819 -0.004344463 0.01481837 0.01659536 -0.00491786 0.01501721 0.0165888 -0.005328297 0.01484614 0.01580023 -0.004645943 0.01501423 0.01585376 -0.005170345 0.01508361 0.01590085 -0.005783796 0.01467263 0.01594901 -0.0059219 0.0139904 0.01601809 -0.005480945 0.01335024 0.01606667 -0.004666805 0.01328039 0.01611196 -0.004136741 0.01379346 0.01614212 -0.004092931 0.01436263 0.01619184 -0.00437659 0.01485836 0.01624917 -0.005075395 0.01509511 0.0163145 -0.005781352 0.01468294 0.01634693 -0.005913078 0.01395922 0.01640528 -0.005526304 0.01338022 0.01643192 -0.004931151 0.01323121 0.01650124 -0.004331827 0.0134955 0.01655131 -0.004067063 0.01426833 0.01650673 -0.004764318 0.01487696 0.01647543 -0.004383027 0.01460617 0.01642751 -0.004245042 0.01417279 0.01633185 -0.004988372 0.01339924 0.01630598 -0.005589544 0.01366925 0.0162177 -0.005738198 0.01435309 0.01616704 -0.00538063 0.01482152 0.01612585 -0.004665136 0.01484727 0.01604598 -0.004261195 0.01434499 0.01591283 -0.005173265 0.01342058 0.01587617 -0.005600512 0.01368731 0.01584339 -0.005736231 0.01437252 0.01576292 -0.005180239 0.01490378 0.01569926 -0.004712402 0.01485455 0.01640641 -0.004424095 0.01365536 0.01600492 -0.004289388 0.01389533 0.01597076 -0.004637241 0.01348435 0.01580065 -0.004639446 0.01501935 0.01579564 -0.004691898 0.01482433 0.01563644 -0.004236638 0.01421922 0.01554352 -0.005265355 0.01343345 0.01546663 -0.005762755 0.01411116 0.01538652 -0.005343198 0.01485836 0.01531004 -0.004577577 0.01479136 0.01524239 -0.004263222 0.01434111 0.01516777 -0.005527734 0.01362657 0.01504588 -0.005669832 0.01451778 0.01494729 -0.005074799 0.01491361 0.01489645 -0.004459083 0.01470082 0.01485502 -0.004269361 0.01394122 0.01476186 -0.004814147 0.01342183 0.0147261 -0.005415201 0.013534 0.01469588 -0.005734026 0.01413691 0.01559388 -0.004497945 0.0135746 0.0152086 -0.004298746 0.01386767 0.01516801 -0.004714131 0.01345145 0.01471459 -0.005951821 0.01415115 0.01478374 -0.005598783 0.01341235 0.01484155 -0.004858732 0.01323318 0.01491868 -0.004178166 0.01367801 0.01496821 -0.004165351 0.01461458 0.01501625 -0.004771769 0.01506698 0.01509344 -0.005571424 0.01492035 0.01514285 -0.00594598 0.0140618 0.01522314 -0.005403578 0.01329576 0.01526147 -0.004589915 0.01331746 0.01529455 -0.004181385 0.01371073 0.01536595 -0.004092812 0.01446151 0.01540708 -0.004671454 0.015037 0.0154463 -0.005238652 0.01505893 0.01552766 -0.005837976 0.01460272 0.01554828 -0.005880832 0.0138517 0.0156219 -0.005434274 0.01332354 0.01565212 -0.004685521 0.0132758 0.01572525 -0.004097461 0.01384472 0.01576709 -0.004204034 0.01465225 0.01462489 -0.005004525 0.01337701 0.01472115 -0.005021393 0.0133264 0.01463085 -0.00575149 0.01401072 0.01462495 -0.004999995 0.01490885 0.01462769 -0.005902767 0.01418066 0.01509726 -0.00533837 0.01342815 0.01496851 -0.005574882 0.01483875 0.01482474 -0.005768239 0.01416027 0.01491194 -0.005125463 0.0134198 0.01475828 -0.00582689 0.01415896 0.01462501 -0.00574994 0.01415884 0.01470297 -0.005932509 0.01415306 0.01482021 -0.00575608 0.01415598 0.01514363 -0.005289554 0.01485699 0.015181 -0.005669355 0.01451873 0.01523089 -0.005741477 0.01401442 0.01526898 -0.00548464 0.01357269 0.01532 -0.004893541 0.01340585 0.01537442 -0.004438579 0.01364898 0.01540392 -0.004235565 0.01419496 0.01548779 -0.005427837 0.01478689 0.01561129 -0.005749046 0.01401352 0.01566255 -0.005229473 0.01342785 0.01575374 -0.004630804 0.01349455 0.01579111 -0.004281401 0.01390248 0.01590245 -0.004705607 0.01485949 0.01579856 -0.004641354 0.01502031 0.01576185 -0.004242479 0.01470249 0.01571911 -0.00406301 0.01416319 0.01568186 -0.004237473 0.01362341 0.01563823 -0.004685759 0.01327764 0.01556146 -0.005434453 0.0133273 0.01553153 -0.005901396 0.01391255 0.01545709 -0.005796432 0.01465535 0.01543533 -0.005238115 0.01505839 0.01539444 -0.004672229 0.01503556 0.01532596 -0.004126906 0.01451689 0.01524102 -0.004244446 0.01359552 0.01522839 -0.004899978 0.01323211 0.01518213 -0.005455136 0.01334273 0.01508247 -0.005923092 0.01400136 0.01503896 -0.005613267 0.0148701 0.01498168 -0.004768431 0.01507133 0.01495754 -0.00421369 0.01465916 0.01491403 -0.004065155 0.01411104 0.01482146 -0.004446387 0.01339638 0.0148077 -0.005180358 0.01324522 0.01476454 -0.005678296 0.01351475 0.01485675 -0.005626976 0.01373654 0.01488947 -0.005149424 0.01340836 0.01493936 -0.004459857 0.01361769 0.01502132 -0.004246711 0.01427 0.01546311 -0.004606068 0.014813 0.01584088 -0.00431782 0.01450294 0.01505494 -0.004644036 0.01483368 0.01502496 -0.004246711 0.01415896 0.015325 -0.004999637 0.01491522 0.01522749 -0.004146635 0.01419663 0.0151118 -0.004937708 0.01492035 0.01522624 -0.004126727 0.01414906 0.01512569 -0.004997491 0.0133776 0.01492404 -0.004985153 0.0132724 0.01502519 -0.004216372 0.01415729 0.01547855 -0.005532443 0.01356399 0.01535838 -0.005385398 0.01487308 0.01514643 -0.005260944 0.01490932 0.01524889 -0.005781769 0.0138539 0.01542365 -0.004999995 0.0134083 0.015625 -0.004248142 0.01415872 0.01552641 -0.004953742 0.01328903 0.01532417 -0.004985868 0.01326525 0.01542508 -0.004218697 0.01415634 0.01542413 -0.004219174 0.01415973 0.01562446 -0.004196703 0.01416254 0.01550465 -0.004760563 0.01489144 0.01571828 -0.004930019 0.01490783 0.0159108 -0.005173623 0.01339584 0.01583582 -0.005776584 0.01402556 0.01574486 -0.005226671 0.01490402 0.01553314 -0.005017757 0.01493179 0.01565504 -0.005731642 0.01378685 0.01572489 -0.005001127 0.01340883 0.01582431 -0.004221022 0.01416087 0.01610904 -0.004807054 0.01491135 0.01602488 -0.004196465 0.01416325 0.01590985 -0.004832148 0.01489955 0.01602512 -0.004219472 0.01415777 0.01592439 -0.004979312 0.013309 0.01572436 -0.004999041 0.0133925 0.01582306 -0.004122734 0.01414012 0.01593029 -0.005022525 0.01493883 0.01605916 -0.005721747 0.01373046 0.0161249 -0.004999995 0.01340883 0.0162881 -0.005492329 0.01342397 0.01615494 -0.005361676 0.01488447 0.01642495 -0.00423038 0.01415807 0.01612496 -0.004999816 0.01340562 0.01617348 -0.004453837 0.0135979 0.01622468 -0.004240095 0.01415854 0.01632559 -0.004977881 0.01331841 0.01622426 -0.004218578 0.01415967 0.01630479 -0.004763126 0.01489156 0.01650482 -0.00475037 0.01490265 0.0164259 -0.004228055 0.01415985 0.01653701 -0.003061532 0.01143711 0.01647096 -0.002604484 0.01079988 0.01641368 -0.002846002 0.009970605 0.01636725 -0.00357443 0.009682357 0.01633107 -0.004108548 0.009890139 0.01628696 -0.004438519 0.01035809 0.01622557 -0.004335939 0.01113396 0.01617258 -0.003632605 0.01156377 0.01613724 -0.003038108 0.01140958 0.01606827 -0.002612948 0.01085466 0.01602584 -0.002789437 0.01005071 0.01597636 -0.003390491 0.009694755 0.0159434 -0.003953933 0.009792268 0.01589232 -0.004391908 0.01022475 0.01585054 -0.004415035 0.01096785 0.01579475 -0.00391519 0.01148623 0.01581966 -0.003830373 0.01129949 0.01594108 -0.004267573 0.01079648 0.01598119 -0.004152715 0.01017642 0.01606434 -0.003608345 0.009866774 0.01610314 -0.003101706 0.009995102 0.01615571 -0.002791762 0.01046395 0.01632219 -0.004145383 0.01107972 0.01637679 -0.004292249 0.01051473 0.01642602 -0.003993511 0.01001179 0.01646995 -0.003427088 0.009870707 0.0165221 -0.002925693 0.010167 0.0165733 -0.002769887 0.01087868 0.01654994 -0.003225505 0.0114746 0.01619607 -0.002890944 0.01103514 0.01623469 -0.003516674 0.01138842 0.01657462 -0.003882646 0.009922981 0.01634275 -0.004261136 0.01102334 0.01644831 -0.003855645 0.009899616 0.01630908 -0.00353527 0.01137244 0.01655441 -0.004303336 0.01094675 0.01659637 -0.004084169 0.01128786 0.01657938 -0.004284739 0.01076358 0.01585716 -0.004308283 0.01115554 0.0159415 -0.004417955 0.01030647 0.01596051 -0.00387609 0.009753346 0.01601701 -0.003180205 0.00975269 0.01606339 -0.002663791 0.01027876 0.01611149 -0.002666473 0.01097542 0.01614236 -0.003038406 0.01140868 0.0161916 -0.003589332 0.01155883 0.01624888 -0.004251062 0.01123213 0.0163145 -0.004458665 0.01044136 0.01634609 -0.004040181 0.009835958 0.01640617 -0.00335741 0.009701073 0.01643264 -0.00283122 0.01001638 0.01648193 -0.0026021 0.01053929 0.01652956 -0.002801239 0.01120656 0.01659458 -0.003445327 0.011554 0.01652824 -0.004021763 0.0112105 0.01648211 -0.00333476 0.01136231 0.01640945 -0.002872943 0.01099222 0.01637631 -0.002800881 0.01040565 0.01626533 -0.004012227 0.01002544 0.01618337 -0.004297733 0.0106464 0.0161345 -0.004030823 0.01120734 0.01609182 -0.003308236 0.01135361 0.01600587 -0.002853453 0.01095145 0.01597124 -0.002780735 0.01050895 0.0159046 -0.003773868 0.009892642 0.01580041 -0.004284918 0.01047343 0.01574647 -0.004139304 0.01109129 0.01576888 -0.003875255 0.01144087 0.01631355 -0.003267347 0.009907305 0.01592552 -0.003066122 0.01002079 0.01582539 -0.00387597 0.01148664 0.01572072 -0.003823339 0.01133018 0.01566606 -0.003142356 0.01127934 0.01559472 -0.002780795 0.01073276 0.01547718 -0.003614246 0.009865522 0.01543104 -0.004121601 0.01013869 0.01538127 -0.004291415 0.01062357 0.01534307 -0.00412327 0.01110619 0.01529353 -0.003616571 0.01137942 0.01525425 -0.003022313 0.01118934 0.01518565 -0.002775132 0.01055037 0.01507699 -0.003614306 0.009865403 0.01503098 -0.004070341 0.01008868 0.01499295 -0.004292726 0.01054924 0.01495254 -0.004075646 0.01116144 0.01488167 -0.003461658 0.01138019 0.01482909 -0.003000259 0.01115876 0.01479285 -0.002778112 0.01069682 0.01474541 -0.002949893 0.01014012 0.01469099 -0.003455758 0.00986588 0.01463216 -0.004056632 0.01005071 0.01556301 -0.00299555 0.01008439 0.01512897 -0.003079235 0.01001411 0.01472878 -0.004198551 0.00995171 0.01483327 -0.003365218 0.00969851 0.01485353 -0.002714693 0.01017665 0.01493 -0.002647459 0.01092302 0.01494866 -0.003096997 0.01144474 0.01499265 -0.003653049 0.01155072 0.01506668 -0.004299461 0.01116955 0.01515412 -0.00439465 0.01025098 0.01521611 -0.003596246 0.009683966 0.01528167 -0.002724826 0.01014006 0.01535332 -0.002736866 0.01112395 0.01537561 -0.003423035 0.01155209 0.01545411 -0.004141867 0.01133799 0.01547199 -0.004461228 0.0107277 0.01551735 -0.00435388 0.01017212 0.01561075 -0.003698229 0.009697318 0.01562047 -0.002973973 0.009880065 0.0156638 -0.002643585 0.01034104 0.01573401 -0.002717256 0.01109021 0.01575911 -0.003260791 0.01151406 0.01466548 -0.003539502 0.009805023 0.01463651 -0.003901541 0.009933412 0.01462548 -0.003535687 0.01137411 0.01487511 -0.003537893 0.0113731 0.01507323 -0.003539621 0.009864985 0.01496005 -0.004382848 0.01082247 0.01462525 -0.004344344 0.01084458 0.01462495 -0.004065811 0.01009297 0.01482498 -0.004156351 0.009932816 0.01482492 -0.004065811 0.01009297 0.01482486 -0.004065811 0.01009297 0.01469165 -0.004120171 0.01003855 0.01472598 -0.004195451 0.009961664 0.01481819 -0.004067301 0.01008737 0.01503801 -0.003753125 0.01135128 0.01513594 -0.004258871 0.01084327 0.01517623 -0.004196524 0.0102691 0.01523143 -0.003722369 0.009890437 0.01528459 -0.00308007 0.01001411 0.0153622 -0.002769172 0.01062345 0.01549416 -0.004205346 0.01098608 0.01559269 -0.004203021 0.01026219 0.01563698 -0.003648281 0.009864389 0.01571273 -0.003051757 0.01003628 0.01574581 -0.002772688 0.01058655 0.01589995 -0.003822863 0.01132678 0.01579791 -0.003891229 0.01149857 0.01571744 -0.00301671 0.01142632 0.01566338 -0.002583861 0.01059323 0.01561284 -0.002921938 0.009916365 0.01555818 -0.003637015 0.009676873 0.01550859 -0.004287242 0.01006495 0.0154314 -0.004457712 0.01085984 0.01538366 -0.003807902 0.01153546 0.01530271 -0.002892136 0.0113269 0.01526373 -0.002601027 0.01056647 0.01519453 -0.002980053 0.009844303 0.01512211 -0.003975152 0.00977534 0.01509046 -0.004435122 0.01037526 0.01501625 -0.004347264 0.01112544 0.01496475 -0.003524065 0.01157546 0.01488476 -0.002711057 0.01110374 0.01484417 -0.002660512 0.0102908 0.01481115 -0.003015339 0.009848415 0.01475775 -0.003624379 0.009685397 0.01487529 -0.003659069 0.009863018 0.01488971 -0.003111422 0.009992957 0.01496106 -0.002777636 0.01051312 0.01541656 -0.002998828 0.01116055 0.01546287 -0.00353825 0.01139163 0.01577895 -0.003149509 0.01127278 0.0149905 -0.002994537 0.011164 0.01497417 -0.002754688 0.01062417 0.01525187 -0.003224313 0.01135915 0.01517498 -0.002773225 0.01062381 0.01505476 -0.003297686 0.0113545 0.01517558 -0.002679765 0.01061177 0.01507574 -0.003533005 0.009842157 0.01487386 -0.003518879 0.009720861 0.01497519 -0.002754986 0.01062166 0.0154345 -0.004076719 0.009899735 0.01529645 -0.00377047 0.01136142 0.01507502 -0.003535568 0.01137357 0.01517319 -0.004444062 0.01065152 0.01527452 -0.00353676 0.00987327 0.01557534 -0.002690255 0.01061582 0.01547569 -0.003533005 0.009842097 0.01527363 -0.003518939 0.0097211 0.01537519 -0.002751767 0.01062178 0.01537495 -0.002782225 0.01062345 0.015675 -0.003535151 0.01137971 0.01557749 -0.002682149 0.01066112 0.0154618 -0.003473103 0.01138508 0.01587456 -0.003535866 0.009872019 0.0158044 -0.004255354 0.01026219 0.01569354 -0.003739714 0.01135617 0.01551991 -0.004167735 0.0113399 0.01566296 -0.003676295 0.009879052 0.01577472 -0.00277853 0.01062345 0.01604491 -0.003127694 0.01136505 0.01597493 -0.002770662 0.01062417 0.01585251 -0.003300011 0.01135748 0.01597505 -0.002765476 0.01062184 0.01587498 -0.003523707 0.009781062 0.015675 -0.003480732 0.00965178 0.01577502 -0.002772927 0.0106225 0.01597124 -0.004429936 0.01068413 0.01607429 -0.003540813 0.00987333 0.01623535 -0.004094362 0.009881138 0.01609736 -0.003798484 0.01136791 0.01587516 -0.003535568 0.01137381 0.01637697 -0.002633213 0.01060676 0.01607543 -0.003520786 0.00977379 0.01617479 -0.002753257 0.01062148 0.01627582 -0.003534376 0.009850084 0.01617461 -0.002725064 0.01062822 0.01626533 -0.003434002 0.0113697 0.01644885 -0.003199994 0.01137638 0.01637613 -0.002762138 0.01062494 -0.01464921 0.003419697 0.009879827 -0.01462501 0.00353533 0.01137816 -0.01462543 0.002694725 0.01088112 -0.01478123 0.003533959 0.01139891 -0.01473033 0.002739667 0.01086682 -0.01464688 0.005135416 0.01340299 -0.01462513 0.004236996 0.01387459 -0.01462596 0.004970967 0.01505732 -0.01481294 0.004982054 0.01505422 -0.01472985 0.004271447 0.01375883 -0.01462537 0.003219723 0.01697492 -0.01462501 0.003534138 0.01845872 -0.01462507 0.002774596 0.01802545 -0.01484364 0.003535091 0.01845049 -0.01479691 0.002756953 0.01802241 -0.01473027 0.003303349 0.01696801 -0.01464921 -0.003419697 0.01844185 -0.01462501 -0.00353533 0.01694351 -0.01462543 -0.002694725 0.01744055 -0.01478123 -0.003533959 0.01692277 -0.01473033 -0.002739667 0.01745486 -0.01464688 -0.005135416 0.01491868 -0.01462513 -0.004236996 0.01444709 -0.0146262 -0.004983901 0.01328223 -0.01481276 -0.004968941 0.01325577 -0.01472985 -0.004271447 0.01456284 -0.01462537 -0.003219723 0.01134675 -0.01462501 -0.003534138 0.009862959 -0.01462501 -0.002774596 0.01029622 -0.01484364 -0.003535091 0.009871184 -0.01479691 -0.002756953 0.01029926 -0.01473027 -0.003303349 0.01135367 -0.018525 0.003528237 0.01416301 -0.01657497 0.003557026 0.01416522 -0.018525 -0.003528237 0.01416295 -0.01657497 -0.003557026 0.01416522 -0.018525 0.002834618 0.01638311 -0.018525 5.06705e-4 0.01768505 -0.018525 -0.002543747 0.01682448 -0.01657497 -0.001736164 0.01752489 -0.01657497 0.002374887 0.01690167 -0.018525 -0.00357896 0.01415443 -0.01657497 -0.003517568 0.01415956 -0.018525 -4.36009e-4 0.01054728 -0.01657497 -7.70338e-5 0.01059198 -0.018525 0.003651797 0.01414746 -0.01657497 0.003557026 0.01415646 -0.01657497 0.002489507 0.01155781 -0.01657497 -0.0027408 0.01178592 -0.018525 -0.002792656 0.01198017 -0.018525 0.002331554 0.01147001 -0.018525 -0.003487706 0.01365935 -0.018525 -0.003428637 0.0149067 -0.018525 -0.00283724 0.01628476 -0.018525 -0.001463711 0.01736599 -0.018525 -2.50322e-4 0.01766073 -0.018525 9.92707e-4 0.0175417 -0.018525 0.002102732 0.01696979 -0.018525 0.002964198 0.01606583 -0.018525 0.003428637 0.0149067 -0.018525 0.003487706 0.01365935 -0.018525 0.002964198 0.01225584 -0.018525 0.001698493 0.01105016 -0.018525 -2.52837e-4 0.01062572 -0.018525 -0.002123892 0.01132357 -0.018525 -0.003079593 0.01247924 -0.018525 -2.00221e-4 0.01644939 -0.018525 -0.001624405 0.01578527 -0.018525 -0.002242982 0.01455634 -0.018525 -0.002186298 0.01357501 -0.018525 -0.001744687 0.01269686 -0.018525 -5.94585e-4 0.01194179 -0.018525 9.70886e-4 0.01207876 -0.018525 0.001854121 0.01286256 -0.018525 0.002242982 0.01376533 -0.018525 0.002082049 0.01513171 -0.018525 0.001138746 0.0161333 -0.01462495 -8.80215e-6 0.01181548 -0.018525 -2.51282e-6 0.01187872 -0.01462495 -7.46284e-6 0.01649123 -0.018525 -1.53373e-6 0.0164327 -0.01462495 -0.002220571 0.01328176 -0.01462495 -0.001817345 0.01560556 -0.018525 -0.002271771 0.01522022 -0.018525 -0.001538872 0.01242244 -0.01462495 3.96172e-5 0.01671051 -0.018525 1.53644e-6 0.0164327 -0.01462495 1.5663e-6 0.01188898 -0.018525 3.72716e-6 0.01186597 -0.01462495 0.002354681 0.01436686 -0.01462495 0.001444697 0.01234346 -0.018525 0.001889288 0.01275938 -0.018525 0.002028346 0.01549744 -0.01462495 0.003409326 0.01139575 -0.01462495 0.002907276 0.01105362 -0.01462495 0.002772152 0.01045107 -0.01462495 0.003250956 0.009905576 -0.01462495 0.004966318 0.01493048 -0.01462495 0.00433129 0.01457488 -0.01462495 0.004306137 0.01381534 -0.01462495 0.00478518 0.01342636 -0.01462495 0.00366187 0.01846349 -0.01462495 0.003088355 0.01831185 -0.01462495 0.002782225 0.01785647 -0.01462495 0.002876698 0.01731598 -0.01462495 0.003288805 0.01696783 -0.01462495 -0.003257691 0.01698857 -0.01462495 -0.002838015 0.0173605 -0.01462495 -0.002880156 0.01814317 -0.01462495 -0.003570616 0.01846617 -0.01462495 -0.004966318 0.01339119 -0.01462495 -0.00433129 0.01374679 -0.01462495 -0.004306077 0.01450634 -0.01462495 -0.00478518 0.01489531 -0.01462495 -0.003395557 0.00985229 -0.01462495 -0.002791702 0.01038366 -0.01462495 -0.002876639 0.01100569 -0.01462495 -0.003288805 0.01135385 -0.01462495 -5.85823e-4 0.01634722 -0.01462495 -0.001624405 0.01578527 -0.01462495 -0.002242982 0.01455634 -0.01462495 -0.002082049 0.01318997 -0.01462495 -0.001138746 0.01218837 -0.01462495 0 0.01188325 -0.01462495 0.001138746 0.01218837 -0.01462495 0.001854121 0.01286256 -0.01462495 0.002242982 0.01376533 -0.01462495 0.002186298 0.01474666 -0.01462495 0.001624405 0.01578527 -0.01462495 3.95501e-4 0.01640385 -0.01462495 -0.006523609 0.01416087 -0.01462495 -0.006109595 0.01650613 -0.01462495 -0.004848003 0.01852601 -0.01462495 -0.003261804 0.01981049 -0.01462495 -0.001023709 0.02062457 -0.01462495 0.001356303 0.02054196 -0.01462495 0.003564298 0.01964938 -0.01462495 0.005488514 0.01772516 -0.01462495 0.006287038 0.01584547 -0.01462495 0.006523609 0.01416087 -0.01462495 0.006109654 0.01181554 -0.01462495 0.005058288 0.01006466 -0.01462495 0.003834486 0.008883118 -0.01462495 0.002332568 0.008084297 -0.01462495 6.81908e-4 0.007672905 -0.01462495 -0.001693785 0.0078395 -0.01462495 -0.003834486 0.008883118 -0.01462495 -0.005488514 0.01059657 -0.01462495 -0.006287038 0.0124762 -0.01462495 -2.0469e-4 0.009899139 -0.01462495 -6.43667e-4 0.009574472 -0.01462495 -7.5753e-4 0.009106636 -0.01462495 -5.45902e-4 0.008614957 -0.01462495 -6.4184e-6 0.008396327 -0.01462495 5.06775e-4 0.00858879 -0.01462495 7.76561e-4 0.009160816 -0.01462495 4.41139e-4 0.009799957 -0.01462495 -0.004071652 0.01007908 -0.01462495 -0.003995239 0.01126426 -0.01462495 -0.004306077 0.01060748 -0.01462495 -0.005619585 0.0136854 -0.01462495 -0.005421757 0.01481711 -0.01462495 -0.005746364 0.01430732 -0.01462495 -0.004159748 0.01816427 -0.01462495 -0.004257023 0.01739752 -0.01462495 -0.003750026 0.01696211 -0.01462495 -4.95399e-5 0.0199185 -0.01462495 -5.06771e-4 0.01973289 -0.01462495 -7.86453e-4 0.01906538 -0.01462495 -2.87185e-4 0.0184409 -0.01462495 2.65411e-4 0.01844924 -0.01462495 6.77593e-4 0.01879084 -0.01462495 7.34137e-4 0.01937639 -0.01462495 4.13662e-4 0.01980453 -0.01462495 0.003945291 0.01703453 -0.01462495 0.004313111 0.01766043 -0.01462495 0.004128396 0.01816517 -0.01462495 0.005421757 0.01350456 -0.01462495 0.005746364 0.01401436 -0.01462495 0.005619585 0.01463627 -0.01462495 0.003827393 0.009920656 -0.01462495 0.004309415 0.01043355 -0.01462495 0.004077553 0.0111674 -0.01657497 0.006542205 0.01416319 -0.01462495 0.006528317 0.01416242 -0.01657497 1.14212e-4 0.02089422 -0.01462495 2.39585e-4 0.02094632 -0.01657497 -0.006703972 0.0141735 -0.01462495 -0.006579458 0.01416552 -0.01657497 0.005264878 0.01827967 -0.01657497 -0.004591882 0.0189048 -0.01462495 -0.0051831 0.01835805 -0.01462495 0.005544185 0.01789528 -0.01657497 -0.006517648 0.01415985 -0.01462495 -0.006579458 0.01415616 -0.01657497 3.44954e-4 0.00757873 -0.01462495 -0.001272618 0.007643342 -0.01657497 0.006542205 0.01415848 -0.01462495 0.006825506 0.01413559 -0.01462495 0.003734409 0.008616626 -0.01462495 -0.00530678 0.01016891 -0.01657497 -0.005959033 0.01139426 -0.01657497 -0.003505229 0.008565843 -0.01657497 0.005017757 0.009642779 -0.01657497 0.003487706 0.01466232 -0.01657497 0.002964198 0.01606583 -0.01657497 0.002102732 0.01696979 -0.01657497 9.92707e-4 0.0175417 -0.01657497 -7.53366e-4 0.01762402 -0.01657497 -0.002102732 0.01696979 -0.01657497 -0.003110647 0.01585936 -0.01657497 -0.003535091 0.01390802 -0.01657497 -0.00283724 0.01203691 -0.01657497 -0.001238524 0.01084011 -0.01657497 7.53371e-4 0.01069766 -0.01657497 0.002506077 0.01165473 -0.01657497 0.003380835 0.01316815 -0.01657491 -0.006523609 0.01416087 -0.01657503 -0.006287038 0.01584547 -0.01657503 -0.005488514 0.01772511 -0.01657474 -0.003834486 0.01943856 -0.01657503 -0.002015888 0.02036517 -0.01657503 -3.40652e-4 0.02066081 -0.01657491 0.001356303 0.02054196 -0.01657497 0.002954959 0.01996028 -0.01657491 0.004627525 0.01878839 -0.01657515 0.006109654 0.01650613 -0.01657491 0.006523609 0.01416087 -0.01657521 0.006109654 0.01181554 -0.01657503 0.004848003 0.009795665 -0.01657497 0.003544986 0.008702039 -0.01657503 0.002015888 0.007956504 -0.01657491 0 0.007637202 -0.01657503 -0.001684606 0.007873773 -0.01657503 -0.003564238 0.008672297 -0.0165748 -0.005277693 0.01032632 -0.01657503 -0.006204307 0.01214492 -0.01657497 5.89039e-4 0.009769797 -0.01657497 -7.61793e-6 0.01006203 -0.01657497 -6.641e-4 0.00982511 -0.01657497 -8.71305e-4 0.009230911 -0.01657468 -7.30893e-4 0.008748531 -0.01657474 -3.0156e-4 0.00843209 -0.01657497 2.78192e-4 0.008443415 -0.01657497 -0.002929449 0.010118 -0.01657497 -0.002688407 0.0106393 -0.01657497 -0.00290364 0.0112679 -0.01657497 -0.00346446 0.01155847 -0.01657497 -0.004026234 0.01136296 -0.01657468 -0.004340648 0.01088559 -0.01657474 -0.00417149 0.01014316 -0.01657497 -0.004391014 0.01357179 -0.01657497 -0.004098773 0.01416844 -0.01657497 -0.004235088 0.01468545 -0.01657497 -0.004652798 0.01500457 -0.01657468 -0.00535202 0.01493328 -0.01657474 -0.005728721 0.01446241 -0.01657497 -0.005717396 0.01388263 -0.01657497 -0.003521502 0.01684927 -0.01657497 -0.002892911 0.01706451 -0.01657497 -0.002623736 0.01752644 -0.01657497 -0.002693414 0.01804751 -0.01657474 -0.00323826 0.0184915 -0.0165748 -0.003837585 0.01842492 -0.01657497 -0.004239499 0.01800698 -0.01657497 -5.89039e-4 0.01855188 -0.01657497 7.62372e-6 0.01825964 -0.01657497 5.24583e-4 0.01839596 -0.01657497 8.43738e-4 0.01881366 -0.01657468 7.72454e-4 0.01951289 -0.01657474 3.01561e-4 0.01988959 -0.01657497 -2.78193e-4 0.01987826 -0.01657497 0.002688407 0.01768237 -0.01657497 0.00290364 0.01705378 -0.01657503 0.003535389 0.01675707 -0.01657497 0.004102051 0.01703071 -0.01657474 0.004343867 0.01747107 -0.0165748 0.004264056 0.01799845 -0.01657503 0.0038203 0.01841592 -0.01657497 0.004391014 0.01474988 -0.01657497 0.004098773 0.01415324 -0.01657503 0.004335701 0.01349675 -0.01657509 0.0050354 0.01328456 -0.01657474 0.005672156 0.01366615 -0.01657497 0.005717396 0.01443904 -0.01657497 0.003521502 0.0114724 -0.01657497 0.002892911 0.01125723 -0.01657497 0.002602338 0.01069635 -0.01657497 0.002797842 0.01013457 -0.01657468 0.003275215 0.009820163 -0.0165748 0.003837585 0.009896755 -0.01657497 0.004239499 0.0103147 -0.01657503 7.87712e-4 0.009014666 -0.01657497 -0.003466904 0.009857475 -0.01657503 -0.005146145 0.01337313 -0.01657503 -0.004195868 0.01724278 -0.01657503 -7.87709e-4 0.01930701 -0.01657497 0.00305885 0.01833713 -0.01657503 0.005146145 0.01494854 -0.01657503 0.004195868 0.01107889 -0.01653778 -8.50731e-4 0.008888721 -0.01572388 4.45118e-4 0.009770989 -0.01570653 7.63758e-4 0.009221792 -0.01575034 2.7357e-4 0.00844419 -0.01584154 -4.57029e-4 0.008549332 -0.01587265 -7.55511e-4 0.00905162 -0.01590341 -6.11243e-4 0.009617626 -0.01593428 -1.09256e-4 0.009915828 -0.01596504 4.56479e-4 0.009771704 -0.01599645 7.54819e-4 0.009269893 -0.01602709 6.10571e-4 0.008704423 -0.01606214 1.81961e-4 0.008424878 -0.01607465 -3.96081e-4 0.008504807 -0.01612061 -7.62675e-4 0.009087622 -0.0161494 -5.16183e-4 0.009728014 -0.01619869 0 0.009917378 -0.01621598 4.56816e-4 0.009772121 -0.01624655 7.54854e-4 0.009270012 -0.01626867 5.66878e-4 0.00864613 -0.01631402 -7.25219e-5 0.008399188 -0.0163542 -5.34602e-4 0.008626163 -0.01637285 -7.55615e-4 0.009051561 -0.01640468 -6.11846e-4 0.009618103 -0.01642769 -3.69622e-5 0.009927332 -0.01647174 5.90603e-4 0.009648799 -0.0165112 7.56599e-4 0.009160876 -0.0165255 5.90412e-4 0.008673787 -0.0165472 -1.11158e-4 0.008388102 -0.01649338 -5.92743e-4 0.008435547 -0.01647412 -6.28705e-5 0.008231103 -0.01643669 5.2696e-4 0.00838375 -0.0164116 9.13202e-4 0.008952438 -0.01638519 8.30321e-4 0.009596705 -0.01636826 4.53109e-4 0.009972751 -0.0163381 -6.30675e-5 0.01009541 -0.01632088 -5.86592e-4 0.009885072 -0.01628988 -9.02185e-4 0.009413659 -0.01626032 -8.49596e-4 0.008767664 -0.01623171 -3.90645e-4 0.008310317 -0.01620453 2.55584e-4 0.008259773 -0.01613724 8.63768e-4 0.008787274 -0.01611882 7.92381e-4 0.009667336 -0.01609885 1.93197e-4 0.01007759 -0.01606625 -4.85898e-4 0.009965896 -0.01603972 -9.0149e-4 0.009417474 -0.01601082 -8.51513e-4 0.008770227 -0.01598161 -3.93067e-4 0.008311271 -0.01593858 3.30732e-4 0.008281171 -0.01591211 8.72696e-4 0.008816599 -0.01588797 8.7144e-4 0.009503364 -0.01587307 5.39197e-4 0.009918153 -0.01584231 3.81175e-5 0.01009649 -0.01582473 -5.07665e-4 0.009942173 -0.01579433 -8.69911e-4 0.009509444 -0.01575952 -8.75756e-4 0.008821249 -0.01574236 -4.77497e-4 0.008361041 -0.01570445 1.17104e-4 0.008229911 -0.01568007 7.19225e-4 0.008561134 -0.01563441 9.33932e-4 0.009254395 -0.01560914 5.55457e-4 0.009914994 -0.01647931 3.83801e-6 0.009943664 -0.01649117 6.81924e-4 0.00956273 -0.01655066 4.88946e-4 0.008501231 -0.01657164 8.50482e-4 0.008990049 -0.0166288 -3.33565e-4 0.01002341 -0.01659983 5.38552e-4 0.0098145 -0.01660376 7.51579e-4 0.009206116 -0.01654934 4.60913e-4 0.009769141 -0.01650011 -8.81994e-5 0.009913206 -0.01647758 -5.27154e-4 0.009708762 -0.01642751 -7.64094e-4 0.009263277 -0.01653206 -8.92334e-4 0.008877277 -0.01656216 -8.65824e-4 0.009517848 -0.01656877 -8.10906e-4 0.00890839 -0.01656419 -8.62712e-4 0.009446561 -0.01656538 -7.11018e-4 0.009750366 -0.01651644 -8.92346e-4 0.008883059 -0.01653975 -8.83733e-4 0.008855819 -0.01642662 -7.18014e-4 0.008927047 -0.01564335 5.81985e-4 0.008662641 -0.01555883 7.25481e-4 0.009396612 -0.01552283 4.46695e-4 0.0097723 -0.01562565 5.47151e-4 0.00991255 -0.01565647 8.7281e-4 0.009500205 -0.0156759 9.03302e-4 0.008933365 -0.01571416 5.75664e-4 0.008420109 -0.01573556 -8.43809e-5 0.008226633 -0.01576399 -6.71152e-4 0.008505642 -0.0157817 -9.11861e-4 0.00898081 -0.01581168 -8.6913e-4 0.009509623 -0.01582908 -5.07343e-4 0.009942233 -0.01586019 3.83393e-5 0.0100966 -0.01588934 6.36463e-4 0.009847223 -0.01591658 9.3034e-4 0.009269535 -0.01594299 7.78951e-4 0.008638679 -0.01597088 2.53086e-4 0.008257567 -0.01601296 -4.69573e-4 0.008343756 -0.01603376 -9.07982e-4 0.008925795 -0.01605534 -8.70384e-4 0.009493231 -0.01608812 -4.85872e-4 0.009967327 -0.0161159 1.93829e-4 0.01007831 -0.01615804 7.94021e-4 0.009667575 -0.01617103 9.2282e-4 0.009031891 -0.01620787 6.5279e-4 0.008485794 -0.01623249 1.73275e-5 0.00822401 -0.01624852 -4.93262e-4 0.008372843 -0.01627731 -8.50882e-4 0.008767127 -0.01630574 -9.02444e-4 0.009414076 -0.01632571 -5.85903e-4 0.009884655 -0.01635217 -6.31577e-5 0.01009768 -0.01637214 4.53134e-4 0.009972453 -0.01640015 8.30974e-4 0.009596347 -0.01642912 9.14102e-4 0.008951961 -0.01646441 5.26927e-4 0.008383035 -0.01653313 -3.02442e-4 0.008272111 -0.01640981 -4.48507e-4 0.008544325 -0.01638466 2.03984e-4 0.008423924 -0.01635009 7.20923e-4 0.008902549 -0.0163002 6.71955e-4 0.00951749 -0.01629638 1.32804e-4 0.009916007 -0.01623493 -2.76514e-4 0.009858071 -0.01623445 -2.86876e-4 0.00985378 -0.01623564 -6.0337e-4 0.009628593 -0.01618742 -7.43444e-4 0.008989393 -0.01615405 -4.51093e-4 0.008547723 -0.01613736 6.76662e-5 0.008398234 -0.01609784 6.11257e-4 0.008703947 -0.01606971 7.51001e-4 0.009306728 -0.01602834 4.5449e-4 0.009768247 -0.01600706 -5.95733e-5 0.009925723 -0.01597386 -4.79817e-4 0.009743273 -0.0159772 -7.63546e-4 0.009202837 -0.01590931 -4.77333e-4 0.008565425 -0.01590061 1.57568e-4 0.008412599 -0.01583838 6.72089e-4 0.008803606 -0.01583051 7.08265e-4 0.00945276 -0.01577931 1.12721e-4 0.00991851 -0.0157302 -5.14456e-4 0.009724557 -0.0156992 -7.62239e-4 0.009195744 -0.01566582 -6.06871e-4 0.008706808 -0.01564562 -1.62234e-4 0.008414566 -0.01574039 -1.43431e-5 0.01000124 -0.01567453 -7.7854e-4 0.00889641 -0.01560705 -1.52585e-6 0.008387386 -0.01560729 -5.79006e-4 0.008620798 -0.01565998 -6.83037e-4 0.009603738 -0.01493966 7.24517e-5 0.009922862 -0.01497596 6.10387e-4 0.009617388 -0.01501184 7.57232e-4 0.009052276 -0.01502609 3.64011e-4 0.008484542 -0.01508504 -3.63448e-4 0.008484542 -0.01511585 -7.51235e-4 0.009014248 -0.01514738 -5.46791e-4 0.009707093 -0.01519656 1.08884e-4 0.009916365 -0.01521921 6.78867e-4 0.009527206 -0.01526433 6.71683e-4 0.008799016 -0.01530832 2.54902e-4 0.008446991 -0.01533162 -2.94012e-4 0.008451282 -0.01535457 -7.43064e-4 0.008977234 -0.01540213 -5.91263e-4 0.009648203 -0.01543945 -1.08257e-4 0.009910523 -0.01546221 4.28009e-4 0.009797215 -0.01549869 7.56151e-4 0.009269595 -0.01552754 6.1095e-4 0.008704543 -0.01555693 3.71054e-5 0.008391916 -0.01559716 -5.91955e-4 0.008673965 -0.01563465 -7.5535e-4 0.009274065 -0.01566708 -5.08584e-4 0.009723305 -0.01568269 2.93284e-5 0.009929299 -0.01572483 4.40795e-4 0.009767532 -0.01562523 5.46087e-4 0.00991404 -0.01480144 -6.46551e-6 0.008402943 -0.01484841 -5.91207e-4 0.008672237 -0.01488578 -7.56561e-4 0.009269654 -0.014916 -4.84298e-4 0.009747207 -0.0156002 9.49427e-5 0.01009118 -0.01557689 -4.62975e-4 0.009974837 -0.0155493 -8.69898e-4 0.009517908 -0.01551461 -8.81572e-4 0.008827388 -0.01549667 -5.16251e-4 0.008387386 -0.01545625 1.14018e-4 0.008216679 -0.01541268 8.39087e-4 0.008719742 -0.01539468 8.81142e-4 0.009487509 -0.01536369 4.57467e-4 0.009979844 -0.01533275 -2.25803e-4 0.01007598 -0.01528096 -8.78957e-4 0.009528517 -0.01525706 -8.10996e-4 0.008681774 -0.01523518 -3.03765e-4 0.008275389 -0.01520812 2.65481e-4 0.008265018 -0.01519066 7.06343e-4 0.008550941 -0.01515966 9.33754e-4 0.0090698 -0.01513713 7.90116e-4 0.009662985 -0.01510858 3.14284e-4 0.01004624 -0.01508301 -2.96984e-4 0.01004809 -0.01506376 -7.32433e-4 0.009739995 -0.01500904 -9.40978e-4 0.009084761 -0.01498967 -5.099e-4 0.008361577 -0.0149312 3.77906e-4 0.008289992 -0.01489996 9.38617e-4 0.00902462 -0.01486515 6.46406e-4 0.009857952 -0.0148456 -4.33537e-5 0.01009625 -0.01481992 -5.7936e-4 0.009896099 -0.01478368 -9.36305e-4 0.009305179 -0.01475626 -7.53206e-4 0.008599936 -0.0146991 -6.15578e-5 0.008221805 -0.0148245 -1.73399e-5 0.008297801 -0.01491266 -7.86799e-4 0.009161829 -0.0149644 -2.26088e-4 0.009904444 -0.01487451 -1.92834e-5 0.008292198 -0.01495987 1.06289e-5 0.009987831 -0.01501393 7.91202e-4 0.009135663 -0.01508194 9.92668e-6 0.008316636 -0.01508665 6.84674e-4 0.008687257 -0.01503229 5.63277e-4 0.009708166 -0.01522177 -5.80149e-4 0.009833037 -0.01512122 -7.80742e-4 0.008823037 -0.01518607 -2.64338e-4 0.009894549 -0.0151174 -2.9365e-5 0.008258938 -0.01523995 1.35072e-5 0.01001882 -0.01524031 6.99206e-4 0.009594798 -0.01530802 7.61164e-4 0.008916616 -0.01535004 2.6072e-6 0.008375287 -0.01535075 -5.50829e-4 0.008442819 -0.01545184 -3.01616e-4 0.009903788 -0.01544213 -8.2655e-4 0.00925517 -0.01538193 -1.23728e-4 0.008412718 -0.01561564 -1.80777e-6 0.008413314 -0.01556092 8.94057e-4 0.009164869 -0.01546835 2.26949e-4 0.009899854 -0.01553398 7.19843e-4 0.008727312 -0.01564013 5.45815e-4 0.009922385 -0.01558339 3.92573e-4 0.009802997 -0.01472544 -8.2719e-7 0.008230984 -0.01475465 -5.07355e-4 0.008372485 -0.01477473 -8.65162e-4 0.008813738 -0.01481157 -9.02578e-4 0.009422123 -0.01483529 -4.81127e-4 0.009966254 -0.0148651 1.579e-4 0.01008474 -0.01488173 6.31908e-4 0.009842455 -0.01491111 9.08577e-4 0.0093894 -0.01492995 8.69399e-4 0.008827328 -0.01496183 5.18399e-4 0.008381903 -0.01498806 -1.1164e-4 0.008230686 -0.01501619 -6.88902e-4 0.008525848 -0.01504504 -9.35891e-4 0.009125292 -0.01511269 -6.22012e-4 0.009866774 -0.0151304 2.36943e-4 0.01007115 -0.01515102 8.12001e-4 0.009627759 -0.01518517 9.14771e-4 0.008947849 -0.01522439 4.56031e-4 0.008337378 -0.01526039 -3.44095e-4 0.008285522 -0.01532018 -9.18504e-4 0.00895667 -0.01532316 -7.36067e-4 0.009739875 -0.01534932 -1.83719e-4 0.01008021 -0.01537829 4.56885e-4 0.00997889 -0.0154072 8.78089e-4 0.009486258 -0.01542651 8.98972e-4 0.008919775 -0.01545369 6.008e-4 0.008440434 -0.01547145 1.10597e-4 0.00823754 -0.01551771 -4.8795e-4 0.008356928 -0.01554387 -9.22272e-4 0.008984446 -0.01556879 -7.92959e-4 0.009659767 -0.01561141 -2.00107e-4 0.01008015 -0.01549297 -3.25183e-4 0.009851396 -0.01546555 -7.31067e-4 0.009385347 -0.01543635 -6.15113e-4 0.008705079 -0.01538628 -3.48569e-5 0.008398413 -0.01535624 5.14088e-4 0.008597612 -0.01533132 7.66311e-4 0.009198129 -0.0152868 4.56237e-4 0.009771406 -0.01525807 -1.45844e-4 0.009911119 -0.01521617 -6.07199e-4 0.009615182 -0.01519459 -7.62822e-4 0.009126245 -0.0151636 -5.149e-4 0.008597135 -0.01514148 1.11791e-4 0.008402347 -0.01509648 6.76279e-4 0.008801877 -0.01505619 7.35299e-4 0.009347796 -0.01503962 4.22736e-4 0.009798049 -0.01501786 -2.91884e-4 0.009869337 -0.0149548 -7.13385e-4 0.009418904 -0.01493549 -7.17925e-4 0.008907079 -0.01492065 -2.27863e-4 0.008432328 -0.01485663 4.85548e-4 0.008573055 -0.01483231 7.66799e-4 0.009160637 -0.01478654 4.85848e-4 0.009748518 -0.01475375 1.84461e-6 0.009918093 -0.01473277 -4.43198e-4 0.009782731 -0.0147019 -7.55496e-4 0.009284377 -0.01466965 -6.42854e-4 0.008752226 -0.01464658 -7.1566e-5 0.008385956 -0.0146259 -1.28695e-5 0.01002681 -0.01475089 -1.4042e-5 0.01001036 -0.01465427 -8.05417e-4 0.008905708 -0.0146439 -4.11417e-4 0.00851196 -0.01462543 1.6128e-7 0.009911537 -0.01462525 1.24872e-7 0.008410274 -0.01485294 4.51672e-4 0.008421301 -0.01476979 3.85204e-4 0.009873211 -0.01462644 9.01657e-4 0.009164929 -0.0148248 0 0.008410871 -0.0146777 0 0.008374512 -0.01574188 -6.08252e-7 0.009898364 -0.01584428 3.13336e-4 0.008434176 -0.0157895 6.79256e-4 0.00960797 -0.01574534 7.79555e-4 0.009539306 -0.0160005 -4.708e-6 0.00996387 -0.01583641 -9.75009e-6 0.008349001 -0.01588356 -7.77542e-4 0.009080886 -0.01595008 -2.68664e-5 0.01004284 -0.01593095 -8.70544e-4 0.008993506 -0.01597481 2.59356e-6 0.00994575 -0.01601314 6.98345e-4 0.009509503 -0.01605892 3.13137e-4 0.008421063 -0.01609939 5.51639e-4 0.008442819 -0.01611012 -9.91162e-6 0.008333861 -0.01613676 -8.66442e-4 0.009140372 -0.016227 -2.49147e-6 0.009936571 -0.01623451 -2.84808e-4 0.009854614 -0.01623451 -2.85229e-4 0.009854435 -0.01621681 -5.73973e-4 0.009674966 -0.01618069 -7.70689e-4 0.009026169 -0.01619946 1.74222e-5 0.01002413 -0.0162853 7.84401e-4 0.009109437 -0.01634174 2.05952e-4 0.008414208 -0.0162515 4.67278e-5 0.01007831 -0.01646095 -2.87413e-4 0.009887158 -0.01634472 -1.11857e-4 0.008415579 -0.01640325 -7.5163e-4 0.009058237 -0.01657038 -0.004341185 0.01056164 -0.01653236 -0.004327416 0.01103848 -0.01578712 -0.003638088 0.009869813 -0.01582276 -0.004070103 0.0100907 -0.01584154 -0.004291117 0.01051604 -0.01587265 -0.004146993 0.01108229 -0.01590335 -0.003644764 0.01138049 -0.01593428 -0.003078877 0.01123636 -0.01596504 -0.002780795 0.01073443 -0.01599645 -0.002924621 0.01016867 -0.0160247 -0.003462493 0.009863972 -0.01606547 -0.003989279 0.01001793 -0.01608473 -0.004286885 0.01047891 -0.01612061 -0.004126548 0.01111286 -0.0161494 -0.003499448 0.01139134 -0.01619625 -0.002924442 0.01108253 -0.01622974 -0.002779066 0.01062536 -0.01624655 -0.002924561 0.01016873 -0.01626867 -0.003498613 0.009860515 -0.01631402 -0.004125356 0.01013797 -0.0163542 -0.004291594 0.01062524 -0.01637285 -0.004147052 0.01108235 -0.0164048 -0.003646254 0.01138103 -0.01641696 -0.002994537 0.01116836 -0.01647472 -0.002784967 0.01047337 -0.01655167 -0.003977596 0.01000022 -0.01649636 -0.003241837 0.009916365 -0.01649338 -0.004467487 0.0105316 -0.01647412 -0.004237353 0.01001232 -0.01643663 -0.003712356 0.009703218 -0.0164119 -0.003036916 0.009832084 -0.01638627 -0.002639591 0.01034623 -0.01636844 -0.002640902 0.01087898 -0.01633745 -0.002919495 0.01133042 -0.01632058 -0.003438293 0.01155203 -0.01628988 -0.003994643 0.01144206 -0.01626032 -0.00441426 0.01094806 -0.01623171 -0.004413187 0.01030009 -0.01620453 -0.003991961 0.009807407 -0.0161373 -0.003188848 0.009750425 -0.01611882 -0.002617061 0.01042312 -0.01609885 -0.002750635 0.01113694 -0.01606625 -0.003309845 0.01153814 -0.01603972 -0.003991484 0.01144421 -0.01601082 -0.004413783 0.01095122 -0.01598161 -0.0044142 0.01030248 -0.01593858 -0.003923654 0.009769439 -0.01591217 -0.003161847 0.00976479 -0.01588797 -0.002677142 0.01025128 -0.01587307 -0.00261873 0.01077955 -0.01584237 -0.002846956 0.01125997 -0.01582473 -0.003342032 0.01153677 -0.01579433 -0.003904104 0.01148694 -0.01575952 -0.004394888 0.01100444 -0.01574236 -0.004438698 0.01039743 -0.01570618 -0.004111528 0.009883403 -0.01568114 -0.003451049 0.009692013 -0.01564025 -0.002806067 0.01002907 -0.01561003 -0.002609729 0.0107547 -0.01571857 -0.002784788 0.01074147 -0.01571744 -0.002959072 0.01012027 -0.01654499 -0.003536999 0.00984621 -0.01656222 -0.003760278 0.009890973 -0.01657265 -0.00398606 0.01001685 -0.01652348 -0.002722918 0.01062184 -0.01651161 -0.002975046 0.01007139 -0.01657724 -0.003394663 0.009885489 -0.01650911 -0.002773821 0.01062625 -0.01644796 -0.00301814 0.0112099 -0.016465 -0.003515779 0.01150298 -0.01657688 -0.003382921 0.01154118 -0.01658535 -0.002908349 0.01126408 -0.01658874 -0.002696573 0.0106402 -0.01660454 -0.002982378 0.01012337 -0.01656597 -0.002772033 0.01058334 -0.01642823 -0.004031002 0.01120531 -0.01653283 -0.004366636 0.01105552 -0.01650685 -0.002995371 0.01115965 -0.01648765 -0.003532946 0.01139074 -0.01656192 -0.003895282 0.01149016 -0.01656877 -0.004287421 0.01102018 -0.01656419 -0.003943502 0.01143735 -0.01656538 -0.003621399 0.01154494 -0.01651644 -0.00436294 0.01105988 -0.0165404 -0.004375696 0.01103436 -0.01646113 -0.004222929 0.01095938 -0.01560586 -0.003368735 0.009878575 -0.01555907 -0.002863407 0.01026529 -0.01552414 -0.002785444 0.01074087 -0.01562905 -0.002602398 0.01076662 -0.01570314 -0.002862036 0.009967923 -0.01571154 -0.003652334 0.009692966 -0.01573532 -0.00425589 0.0100243 -0.01576399 -0.004473328 0.01063662 -0.0157817 -0.004307568 0.01114279 -0.01581174 -0.003903448 0.01148647 -0.01582908 -0.003341674 0.01153659 -0.01586043 -0.002846777 0.01125985 -0.01588928 -0.002600073 0.01066058 -0.01591658 -0.002800822 0.01004433 -0.0159319 -0.003239989 0.00974363 -0.01596921 -0.00381118 0.009727716 -0.01598525 -0.004299163 0.01009172 -0.01602905 -0.004472494 0.01071703 -0.01604866 -0.004124522 0.01135545 -0.01608306 -0.003468215 0.01156342 -0.01610094 -0.002910614 0.01131665 -0.01613157 -0.002621173 0.0108273 -0.01617419 -0.002747893 0.01011079 -0.01619434 -0.003351628 0.009706497 -0.01622009 -0.003993332 0.009806215 -0.01625114 -0.004413843 0.01030027 -0.01627731 -0.004415571 0.01094853 -0.01630532 -0.003994584 0.01144278 -0.01632499 -0.003437995 0.01155185 -0.01635539 -0.002918779 0.01133078 -0.01639086 -0.002601444 0.01072019 -0.01640677 -0.00274676 0.01012927 -0.01644259 -0.003216683 0.009741246 -0.01646912 -0.003904223 0.009764194 -0.01651173 -0.004412055 0.01028388 -0.01639461 -0.004227221 0.01031184 -0.01637381 -0.003823101 0.009915828 -0.01634049 -0.003176093 0.00995022 -0.01630556 -0.002786219 0.01047307 -0.01628464 -0.002994358 0.01116675 -0.01621931 -0.003625094 0.01138383 -0.01619261 -0.004045784 0.01118409 -0.01616853 -0.004276156 0.01080083 -0.0161429 -0.004203498 0.01025611 -0.01611584 -0.00391674 0.00997436 -0.01610362 -0.003454744 0.009864985 -0.01606971 -0.002901315 0.01019746 -0.01602834 -0.002784609 0.01073342 -0.01600742 -0.003020703 0.0111891 -0.0159763 -0.00357002 0.01138782 -0.01595485 -0.004150331 0.01108235 -0.01590967 -0.004267156 0.01040112 -0.01586884 -0.003923177 0.009973227 -0.01585209 -0.003383696 0.009875833 -0.01582807 -0.002826809 0.01033049 -0.01572996 -0.00350064 0.01138776 -0.0156992 -0.004049777 0.01118898 -0.01567739 -0.004300475 0.01058822 -0.01562958 -0.003992319 0.01001447 -0.01577937 -0.002920091 0.01108127 -0.01571267 -0.003543019 0.01137346 -0.01567262 -0.004282474 0.01094877 -0.01562184 -0.004043817 0.01002711 -0.01555502 -0.003697693 0.009874343 -0.01562285 -0.004317581 0.01098036 -0.01493966 -0.002945423 0.01111292 -0.01497596 -0.002781093 0.01051652 -0.01501184 -0.003076791 0.0100131 -0.0150423 -0.003535449 0.00986886 -0.01505744 -0.004022538 0.0100345 -0.01509535 -0.004285037 0.010517 -0.01511591 -0.004170358 0.0110529 -0.01514726 -0.003535926 0.01139813 -0.01519662 -0.002924263 0.0110827 -0.01521921 -0.002796411 0.01040434 -0.01526439 -0.003316342 0.009894549 -0.01530832 -0.003859996 0.009940266 -0.01533162 -0.004245102 0.01033145 -0.01536571 -0.004258632 0.01084315 -0.01538151 -0.00396341 0.01126015 -0.01542013 -0.003427147 0.0113753 -0.01543819 -0.002945959 0.01111215 -0.01547873 -0.002779662 0.0106256 -0.01549869 -0.002923905 0.01016753 -0.0155279 -0.003426015 0.009870469 -0.01555126 -0.004049956 0.01005703 -0.01560199 -0.00429368 0.01058655 -0.01562476 -0.004170358 0.01104664 -0.01565057 -0.003758788 0.01135295 -0.01567816 -0.003220558 0.01132225 -0.01570481 -0.00278896 0.01080423 -0.01562339 -0.002617776 0.01077139 -0.01482403 -0.004069983 0.01009249 -0.01483851 -0.004281163 0.0104767 -0.01487433 -0.004165351 0.01106786 -0.01489448 -0.003554999 0.01138925 -0.01471769 -0.004205822 0.009963572 -0.01559871 -0.002811372 0.01121574 -0.01556944 -0.003366172 0.0115534 -0.01554816 -0.003968656 0.01145184 -0.01551461 -0.00439465 0.01101285 -0.01548737 -0.004425168 0.01032495 -0.01546877 -0.004110336 0.009894192 -0.01544362 -0.003619968 0.009689211 -0.0154196 -0.003069758 0.009818971 -0.01539468 -0.002681493 0.01023322 -0.01536375 -0.002632856 0.010881 -0.01533275 -0.003048062 0.01143205 -0.01528096 -0.00389707 0.01150679 -0.01525706 -0.004447698 0.01086002 -0.01523518 -0.004376411 0.01021397 -0.01520812 -0.003981232 0.009804129 -0.01519066 -0.003467321 0.009694576 -0.01515966 -0.002939641 0.009900629 -0.01513713 -0.00262171 0.01042169 -0.01510858 -0.002687215 0.01102918 -0.01508301 -0.003118097 0.01146268 -0.01506376 -0.003643929 0.01155275 -0.01502615 -0.004196763 0.01129382 -0.01500111 -0.004472851 0.01066291 -0.01497632 -0.004274427 0.01004433 -0.01494508 -0.003719508 0.009705424 -0.01489996 -0.002968132 0.009865283 -0.01486515 -0.00258547 0.01066118 -0.0148456 -0.002904713 0.01131743 -0.01481997 -0.00342524 0.01155489 -0.01479399 -0.004024863 0.01142883 -0.01474231 -0.004480063 0.01076185 -0.01462495 -0.003535509 0.009875297 -0.01462513 -0.004097104 0.0100578 -0.01482504 -0.004067242 0.01009339 -0.01486402 -0.004338383 0.01077872 -0.01495701 -0.003544628 0.01143264 -0.01490706 -0.004340946 0.01063978 -0.0148428 -0.003546297 0.009758651 -0.01477217 -0.004091441 0.01006925 -0.01462513 -0.004065811 0.010095 -0.01563376 -0.002607345 0.01077836 -0.01553112 -0.00278443 0.01075088 -0.01462447 -0.004069626 0.01009267 -0.01473045 -0.004206717 0.009962975 -0.01477622 -0.00447613 0.01067984 -0.01479732 -0.004152774 0.01133149 -0.01483404 -0.003504872 0.01156377 -0.01485008 -0.002938628 0.01134037 -0.01488888 -0.002619087 0.01082277 -0.01491117 -0.002731442 0.01014447 -0.01492995 -0.003156602 0.009774684 -0.01495856 -0.003720045 0.009706079 -0.01498717 -0.00427258 0.01004624 -0.0150159 -0.004471838 0.0106635 -0.01504313 -0.004223227 0.01126277 -0.01510781 -0.003476262 0.01156729 -0.01512825 -0.002723217 0.01110213 -0.01516306 -0.00265026 0.01030248 -0.01519209 -0.00318247 0.009755015 -0.01521682 -0.003870248 0.009750008 -0.01525491 -0.00440073 0.01024842 -0.01526999 -0.004427313 0.01089721 -0.01530432 -0.004075825 0.01139593 -0.01532095 -0.003526747 0.01155465 -0.01534938 -0.003015339 0.01140528 -0.01537829 -0.002633988 0.0108807 -0.0154072 -0.002684473 0.01023453 -0.01542651 -0.003070294 0.009819149 -0.01545363 -0.003620088 0.009690999 -0.01547151 -0.004110157 0.009894251 -0.01551759 -0.004449069 0.01040184 -0.01554387 -0.004312396 0.01115268 -0.01556855 -0.00374341 0.01153898 -0.01560944 -0.003026306 0.01141786 -0.01551151 -0.002875864 0.01098227 -0.01551103 -0.002880454 0.0109905 -0.01550316 -0.00297898 0.01113629 -0.0154848 -0.003373205 0.01136851 -0.01545792 -0.003925204 0.01128131 -0.01543635 -0.004292726 0.01073801 -0.01538646 -0.00409919 0.01011091 -0.01535606 -0.003570258 0.009863495 -0.01533132 -0.002967298 0.01010984 -0.0152868 -0.002781093 0.01073443 -0.01527255 -0.003174662 0.01130026 -0.01520949 -0.003945708 0.01127004 -0.01517081 -0.004288375 0.01075237 -0.01514029 -0.004160404 0.01018881 -0.01514029 -0.003536641 0.009851992 -0.01506537 -0.002881944 0.0102297 -0.01502901 -0.002783715 0.01069825 -0.01501971 -0.002999544 0.0111714 -0.01497799 -0.003671288 0.01137757 -0.01494055 -0.004197716 0.01100659 -0.01490175 -0.004283428 0.01048934 -0.01487588 -0.004006505 0.0100246 -0.01484805 -0.003549396 0.009867072 -0.01483231 -0.002993702 0.01008284 -0.01478642 -0.002776443 0.01069766 -0.01475489 -0.00304985 0.01121342 -0.01472049 -0.003594398 0.01138305 -0.01469463 -0.004022777 0.01120656 -0.0146715 -0.00426346 0.01083773 -0.01464688 -0.004259407 0.01039737 -0.01462537 -0.003539681 0.01140326 -0.01471841 -0.003536522 0.01138329 -0.01463693 -0.00426501 0.01033645 -0.0146538 -0.004258334 0.01100963 -0.01493728 -0.003535866 0.0113666 -0.01498317 -0.002885401 0.01103484 -0.01502931 -0.002894937 0.01022273 -0.01508104 -0.003502845 0.009878873 -0.01505994 -0.003701627 0.00987941 -0.01510673 -0.00432229 0.01063311 -0.01516151 -0.003721237 0.01137542 -0.01518851 -0.004086911 0.01120042 -0.01513397 -0.00422126 0.01018726 -0.01518601 -0.003524959 0.01144975 -0.01525825 -0.002726793 0.0104013 -0.01531875 -0.003532886 0.009839951 -0.01526623 -0.002792358 0.01091891 -0.01530885 -0.003545999 0.009805738 -0.01537334 -0.004319787 0.01098346 -0.01545733 -0.003703057 0.01137012 -0.0153957 -0.004336118 0.01039701 -0.01555311 -0.003283739 0.009888112 -0.01553267 -0.002750575 0.0106067 -0.01544612 -0.002955019 0.01132613 -0.01551109 -0.002879858 0.01098954 -0.01551103 -0.002880454 0.0109905 -0.01548069 -0.00330913 0.01136994 -0.01583802 -0.003497421 0.009874641 -0.01577419 -0.002661168 0.01061302 -0.01576262 -0.002956926 0.01008254 -0.01575618 -0.002790033 0.01062524 -0.01571542 -0.003508627 0.0115025 -0.01570063 -0.002985775 0.01117807 -0.01582551 -0.003836393 0.009890079 -0.0158807 -0.004204869 0.01110422 -0.01596289 -0.00354278 0.01137286 -0.01591283 -0.004384219 0.01076483 -0.01594549 -0.003270864 0.01136475 -0.01599609 -0.002792418 0.01033163 -0.01606976 -0.00337255 0.009880363 -0.01602208 -0.002733945 0.01081347 -0.01605683 -0.003583908 0.009884476 -0.01611763 -0.004402935 0.01086717 -0.01620388 -0.003796219 0.01136803 -0.01613718 -0.004266142 0.01023697 -0.01618051 -0.003366827 0.01136988 -0.01623266 -0.002744138 0.01059985 -0.01631003 -0.003321647 0.00988543 -0.01626509 -0.002750873 0.01097923 -0.0163033 -0.0036453 0.009875833 -0.01637232 -0.004341006 0.01095414 -0.01644349 -0.003987014 0.01135975 -0.01637482 -0.004088044 0.01005983 -0.01656812 -0.005582869 0.01473701 -0.01657497 -0.005259275 0.01495802 -0.01576477 -0.005138218 0.0134117 -0.01578468 -0.005633294 0.01373398 -0.01582604 -0.005746245 0.01430571 -0.01585453 -0.005457937 0.01477283 -0.01588672 -0.004891157 0.01491796 -0.01591074 -0.004366219 0.01458835 -0.01595562 -0.00425595 0.01397788 -0.01597529 -0.00463742 0.01348936 -0.01601827 -0.005182206 0.01342535 -0.01603728 -0.005634188 0.01373243 -0.01605236 -0.005704402 0.01445275 -0.01612436 -0.005183279 0.01490503 -0.01614993 -0.004711329 0.014858 -0.01616156 -0.004329085 0.01452291 -0.01620507 -0.004264652 0.01397949 -0.01622951 -0.004541814 0.01354902 -0.01626193 -0.005000352 0.01340389 -0.01627689 -0.00545597 0.01355016 -0.01631122 -0.00575608 0.01405203 -0.0163412 -0.005611419 0.01461762 -0.01637369 -0.005217969 0.01488399 -0.01639169 -0.004706442 0.01486891 -0.01640665 -0.004238367 0.01427626 -0.01651364 -0.005146324 0.01341497 -0.01653927 -0.005610764 0.013704 -0.01657575 -0.005762934 0.01423275 -0.01652407 -0.005308449 0.01505303 -0.01645189 -0.00589466 0.01446366 -0.01645672 -0.005847811 0.01377832 -0.01643151 -0.005507826 0.01336991 -0.0163806 -0.004707872 0.01325207 -0.01636207 -0.004126191 0.01381218 -0.01631581 -0.004148364 0.01458162 -0.01629173 -0.004746437 0.015064 -0.01626116 -0.005433022 0.01499813 -0.01623684 -0.00586605 0.01451414 -0.01620525 -0.005895018 0.01386386 -0.01617586 -0.005450069 0.01333767 -0.01614516 -0.004765033 0.01324772 -0.01612561 -0.00426054 0.01359099 -0.01609694 -0.004060685 0.01412689 -0.01607149 -0.004242777 0.01471126 -0.01604729 -0.004704535 0.01504921 -0.01599931 -0.005431234 0.01500481 -0.01597702 -0.005920886 0.01436585 -0.0159524 -0.00582695 0.01372253 -0.01592177 -0.005346179 0.01328271 -0.01589149 -0.00465703 0.01328736 -0.01587271 -0.004242718 0.01362186 -0.01584744 -0.004061341 0.01412248 -0.01580029 -0.004338502 0.01484078 -0.01575964 -0.005226314 0.01508879 -0.01573783 -0.005845665 0.01456892 -0.0157153 -0.005918979 0.01400452 -0.01569205 -0.005686759 0.01352453 -0.01566708 -0.005188465 0.01324415 -0.01564127 -0.004621922 0.01330596 -0.01562714 -0.004247725 0.01361197 -0.01572388 -0.004391074 0.01371818 -0.01573956 -0.00465548 0.01348567 -0.01647043 -0.004543542 0.0135408 -0.01652288 -0.005003988 0.01332741 -0.01656156 -0.005654871 0.01363253 -0.01652747 -0.00528562 0.01504206 -0.01661521 -0.004122912 0.01403146 -0.01659166 -0.004617393 0.01344078 -0.0166428 -0.004847824 0.01343965 -0.01653933 -0.004272282 0.01393038 -0.01648414 -0.004312336 0.0144757 -0.01641994 -0.004703581 0.01490575 -0.01655119 -0.004815697 0.01507699 -0.01658326 -0.004297018 0.01477491 -0.01651442 -0.005249977 0.01502299 -0.01655662 -0.004764497 0.01503914 -0.01656818 -0.004442155 0.01489377 -0.0165733 -0.004308938 0.01477038 -0.01653844 -0.005295574 0.01505106 -0.01642936 -0.005239367 0.01488029 -0.01552361 -0.004385769 0.01370793 -0.01563054 -0.00424087 0.01360154 -0.0157026 -0.004988551 0.01321947 -0.01571208 -0.005741655 0.01358443 -0.01573532 -0.005934357 0.01424527 -0.01576399 -0.005655109 0.01483201 -0.0157817 -0.005180001 0.0150727 -0.01581174 -0.004651188 0.01502996 -0.01582908 -0.004218518 0.01466816 -0.01586043 -0.004064321 0.01412254 -0.01588934 -0.004313588 0.01352435 -0.0159164 -0.004891276 0.01323038 -0.0159319 -0.005414426 0.01332843 -0.01596903 -0.005829691 0.01372098 -0.01598525 -0.005917251 0.01432353 -0.01602905 -0.005597651 0.01488822 -0.01604849 -0.004900157 0.01509374 -0.01608318 -0.00428909 0.01477652 -0.01610094 -0.004069268 0.01420783 -0.01613157 -0.004210591 0.01365715 -0.01614898 -0.004647493 0.01329821 -0.01617938 -0.005211055 0.0132479 -0.01619946 -0.00569719 0.01354306 -0.01623481 -0.005937933 0.01410311 -0.0162484 -0.005788028 0.01465415 -0.01628041 -0.00539273 0.01501017 -0.01630818 -0.004747092 0.01506191 -0.01632481 -0.004275798 0.01474708 -0.01635539 -0.004064977 0.01422357 -0.01637214 -0.004188358 0.01370769 -0.01640021 -0.004564464 0.01332992 -0.01642954 -0.005208969 0.01324701 -0.01646369 -0.005778253 0.01363378 -0.01652866 -0.005891382 0.0144639 -0.01640486 -0.005588233 0.01463657 -0.01641154 -0.005755305 0.01403951 -0.01634055 -0.005324602 0.01346957 -0.01632738 -0.004640102 0.01348507 -0.0162664 -0.004245698 0.01404678 -0.01623868 -0.004409134 0.01464617 -0.01619935 -0.004965126 0.01492297 -0.01616692 -0.00551474 0.01472491 -0.01614451 -0.005765914 0.01412361 -0.01609778 -0.005456805 0.01354962 -0.01606965 -0.004854023 0.01340997 -0.01602834 -0.004392564 0.01370632 -0.01600736 -0.004237294 0.01419544 -0.01597648 -0.004485189 0.01472437 -0.01595467 -0.005111575 0.01491892 -0.01590967 -0.005675852 0.01451963 -0.01586878 -0.005735158 0.01397389 -0.01585227 -0.005422532 0.01352363 -0.01583075 -0.004708051 0.01345264 -0.01577937 -0.00424236 0.01404815 -0.01573014 -0.004436314 0.01467525 -0.01569902 -0.004965007 0.01492309 -0.01567739 -0.005567073 0.01467555 -0.01562958 -0.005754947 0.01405191 -0.01559597 -0.005534887 0.01362651 -0.01560288 -0.004968583 0.0133931 -0.01564478 -0.005004107 0.01496642 -0.01566183 -0.005466222 0.01478189 -0.01562142 -0.005783498 0.01409161 -0.01556187 -0.005014419 0.01330691 -0.01551228 -0.005022883 0.01328301 -0.01558309 -0.005790174 0.01432722 -0.01488488 -0.005010128 0.01491796 -0.01489979 -0.004513144 0.01475083 -0.01494044 -0.004249691 0.01426935 -0.01495963 -0.004365205 0.01373314 -0.01499462 -0.0049268 0.01339882 -0.01502424 -0.005567073 0.01364475 -0.01507365 -0.005756497 0.01416075 -0.01509052 -0.005611002 0.0146175 -0.01512128 -0.00510919 0.01491546 -0.01514422 -0.004484951 0.014728 -0.01518923 -0.004238128 0.01408833 -0.0152269 -0.004543006 0.01354998 -0.01526045 -0.004999995 0.01340472 -0.0152769 -0.005487501 0.01356977 -0.01530587 -0.005766212 0.01419693 -0.01535499 -0.005534946 0.01469576 -0.01537233 -0.00510925 0.01491612 -0.01540291 -0.004543364 0.01477181 -0.01543635 -0.004264414 0.01434248 -0.01545423 -0.004326879 0.01379865 -0.01549518 -0.004781663 0.01343238 -0.0155164 -0.005402386 0.0135107 -0.01555019 -0.005766749 0.01416051 -0.01559644 -0.005427718 0.01479333 -0.01564252 -0.004885852 0.01490747 -0.01565825 -0.004455983 0.01470136 -0.0156905 -0.004236519 0.01415896 -0.01572561 -0.004387915 0.01371794 -0.01561981 -0.004233121 0.01361161 -0.01481008 -0.005764842 0.01417678 -0.01484864 -0.005484461 0.01474779 -0.01470816 -0.005936086 0.01416689 -0.01554775 -0.004100799 0.01444095 -0.01553732 -0.004680871 0.01504421 -0.01551258 -0.005368471 0.01502251 -0.01548558 -0.005840659 0.01457673 -0.01546818 -0.005923032 0.0140503 -0.01543939 -0.005719602 0.01356011 -0.01541954 -0.005240976 0.01326143 -0.01538801 -0.004674494 0.01328349 -0.01536083 -0.004182159 0.01370459 -0.01534581 -0.004072368 0.01422506 -0.01531463 -0.004252851 0.01472544 -0.01527971 -0.004838109 0.01508539 -0.01526504 -0.005438446 0.01498335 -0.01522052 -0.005876421 0.01450449 -0.01518577 -0.005823493 0.01370388 -0.01515883 -0.005212664 0.01324522 -0.01513254 -0.004532635 0.01334863 -0.01508951 -0.004089415 0.01392459 -0.01507776 -0.00416249 0.01456838 -0.01504141 -0.004587888 0.01500445 -0.01502925 -0.005154073 0.01507782 -0.01499855 -0.005635023 0.0148493 -0.0149703 -0.005929768 0.01427203 -0.01494407 -0.0057801 0.01364099 -0.0149241 -0.005333662 0.01329129 -0.01489305 -0.004770874 0.01325285 -0.01487833 -0.00431776 0.01352864 -0.01484829 -0.004075765 0.01400339 -0.01481878 -0.004195988 0.0146414 -0.01478481 -0.004739522 0.01506328 -0.01471751 -0.005562782 0.01491308 -0.01462566 -0.005020618 0.0132693 -0.01462501 -0.005766808 0.01415985 -0.01481246 -0.005000233 0.01340621 -0.0148651 -0.005796015 0.01414316 -0.01487898 -0.005206704 0.01491326 -0.01491808 -0.005399405 0.01490259 -0.01482474 -0.00574994 0.01416087 -0.0146777 -0.005786299 0.01416093 -0.0156368 -0.004232347 0.01362413 -0.0155285 -0.004389464 0.01371812 -0.01462763 -0.005755484 0.01416295 -0.01472246 -0.005931556 0.01416188 -0.01474606 -0.005825817 0.0145936 -0.01477837 -0.005388617 0.01501965 -0.01479661 -0.004819393 0.01507312 -0.0148369 -0.004252374 0.01474893 -0.01485913 -0.00407195 0.01404315 -0.01489233 -0.004366517 0.01346367 -0.01491892 -0.005054414 0.0132175 -0.01496893 -0.005765974 0.0136035 -0.01498675 -0.005919337 0.0143541 -0.01501965 -0.005541443 0.01493263 -0.01506567 -0.004740655 0.01507341 -0.01508772 -0.004155576 0.01457071 -0.01511859 -0.004098355 0.01388388 -0.01514214 -0.004498481 0.01337009 -0.01517504 -0.005133092 0.01322722 -0.0152347 -0.005829572 0.01370185 -0.01524186 -0.005875706 0.01450455 -0.01526391 -0.005539715 0.0149182 -0.01528853 -0.005037844 0.01510053 -0.01531851 -0.004419147 0.01489901 -0.01534581 -0.004078507 0.01434487 -0.01537412 -0.004165649 0.01374125 -0.01540374 -0.004633724 0.01329249 -0.01545006 -0.005481541 0.01333492 -0.01546919 -0.005916714 0.01396965 -0.01549959 -0.005840957 0.01457738 -0.01552265 -0.005369961 0.0150265 -0.01555556 -0.004719138 0.01505643 -0.01558601 -0.004179716 0.01462674 -0.01560199 -0.004074156 0.01410984 -0.01550436 -0.004239439 0.01413577 -0.01547849 -0.004367589 0.01457625 -0.01545697 -0.004757404 0.01488649 -0.01542532 -0.005371689 0.0148245 -0.01541388 -0.005766034 0.01424956 -0.01536715 -0.00543332 0.0135349 -0.01530712 -0.004819691 0.01342487 -0.01528549 -0.004364073 0.01373237 -0.01527267 -0.004295289 0.01445263 -0.01521891 -0.004924476 0.01492619 -0.01516628 -0.005562603 0.01467436 -0.01513391 -0.005761444 0.01401007 -0.01509946 -0.005258262 0.01343965 -0.01506507 -0.00451374 0.01356595 -0.01500499 -0.004235029 0.01423805 -0.01497113 -0.004546701 0.01477611 -0.01493889 -0.005038261 0.01491838 -0.01491928 -0.005513727 0.01472395 -0.01488685 -0.0057621 0.01419597 -0.01485842 -0.005517303 0.01359105 -0.01481413 -0.004999935 0.01340454 -0.01479476 -0.004542171 0.01354908 -0.01476496 -0.004244625 0.01405143 -0.01473742 -0.004430651 0.01467853 -0.01469445 -0.005035996 0.01492363 -0.014674 -0.005584955 0.01464736 -0.01463907 -0.005010366 0.0149939 -0.0146448 -0.005669474 0.01465362 -0.01489925 -0.004831314 0.01490557 -0.01495909 -0.004198968 0.01397436 -0.01503586 -0.00470674 0.01341748 -0.01497542 -0.004331707 0.01464074 -0.01504182 -0.005009889 0.01332861 -0.01507622 -0.005860269 0.01418918 -0.01517009 -0.005010664 0.01498544 -0.0151239 -0.005791187 0.01413333 -0.0151717 -0.00499767 0.01494359 -0.01517784 -0.004300475 0.01459443 -0.01524639 -0.004686951 0.01342099 -0.01529896 -0.0047338 0.01341307 -0.01524084 -0.004198312 0.01434886 -0.01543784 -0.005048155 0.01506227 -0.01529759 -0.00500071 0.0133987 -0.01530867 -0.005791604 0.01380568 -0.01538783 -0.005018889 0.01502329 -0.01535689 -0.005736112 0.01378959 -0.01540875 -0.004998087 0.01492828 -0.01554715 -0.004767119 0.01342034 -0.01547521 -0.00423628 0.01438117 -0.01547282 -0.004296123 0.01370841 -0.01579773 -0.004757404 0.01341819 -0.01573431 -0.004252612 0.01447415 -0.01565903 -0.004997313 0.01493114 -0.0157116 -0.004146695 0.0138992 -0.01577234 -0.005010604 0.01333373 -0.01585274 -0.005797386 0.0142914 -0.01590991 -0.005010962 0.01500016 -0.01584851 -0.005624234 0.01366269 -0.01591235 -0.004997432 0.01494538 -0.01593941 -0.004204869 0.01437473 -0.01602411 -0.004720926 0.01343101 -0.01599085 -0.004198551 0.01434904 -0.01605248 -0.005013465 0.01330286 -0.01605278 -0.005699157 0.01372683 -0.01612055 -0.005761027 0.01440531 -0.01616251 -0.005002558 0.01494646 -0.01616334 -0.004448056 0.0148772 -0.01624077 -0.004201352 0.01402282 -0.01629 -0.004996776 0.01337325 -0.01619446 -0.004875898 0.01490885 -0.0162931 -0.00520426 0.01342588 -0.01634103 -0.005784392 0.0144788 -0.01641935 -0.005218327 0.01490533 -0.01636534 -0.005777716 0.01396411 -0.01648736 -0.004131376 0.01414704 -0.01650965 -0.004650712 0.01341837 -0.01642525 -0.004986226 0.01502519 -0.01641875 -0.004456996 0.01471269 -0.01648014 -0.004234433 0.0141617 -0.0165677 -0.003834962 0.01842182 -0.01656901 -0.003153741 0.01847648 -0.01570093 -0.003420948 0.01694828 -0.01573264 -0.004048585 0.0171321 -0.0157836 -0.004297673 0.0177688 -0.0158233 -0.004070281 0.01823121 -0.01583981 -0.003644704 0.01845091 -0.01587563 -0.003077268 0.01830905 -0.01590067 -0.002773582 0.01776957 -0.0159378 -0.002993404 0.01715421 -0.01597368 -0.003607809 0.01693266 -0.01601141 -0.00407046 0.01716119 -0.01602721 -0.004298329 0.017623 -0.01606464 -0.004100739 0.01821029 -0.01609128 -0.003500103 0.01846504 -0.01613515 -0.002923786 0.01815408 -0.0161665 -0.002779245 0.0175879 -0.01619374 -0.003079533 0.01708632 -0.01623123 -0.00353527 0.0169391 -0.01624637 -0.00399208 0.01708567 -0.01627659 -0.004297912 0.01762294 -0.0163176 -0.004079461 0.01824069 -0.01633846 -0.003426492 0.01845395 -0.01638901 -0.002928316 0.01814991 -0.01641505 -0.00276941 0.0176239 -0.01644676 -0.003106892 0.01705998 -0.01648348 -0.003635406 0.01694595 -0.01650309 -0.004130899 0.01720732 -0.01653897 -0.004273533 0.01792263 -0.01651221 -0.003345727 0.01860654 -0.01647233 -0.003954052 0.0185424 -0.01645499 -0.00441128 0.01802754 -0.0164256 -0.004431426 0.01741594 -0.01640337 -0.004099369 0.01695513 -0.01638168 -0.003610968 0.01676368 -0.01635044 -0.002982556 0.01693165 -0.01632457 -0.002626478 0.01747584 -0.01628845 -0.002710521 0.01816087 -0.01626276 -0.003290295 0.01860326 -0.01620543 -0.004091322 0.01846742 -0.01619005 -0.004472434 0.01775234 -0.01616185 -0.004284024 0.01713013 -0.01613104 -0.00369811 0.01676726 -0.01610738 -0.003058671 0.01689058 -0.01607453 -0.002643227 0.01739114 -0.01603937 -0.002694368 0.0181185 -0.01602411 -0.003099918 0.01851737 -0.01598286 -0.003742218 0.01862406 -0.01596033 -0.004355192 0.01815658 -0.01593101 -0.004456877 0.01751405 -0.01590377 -0.004117846 0.01695895 -0.01587539 -0.003540456 0.01676255 -0.01584649 -0.002927839 0.01697552 -0.01582551 -0.002623677 0.01750248 -0.0157743 -0.002740859 0.01822346 -0.01575207 -0.003483414 0.01863861 -0.01570892 -0.004233539 0.01834189 -0.01568931 -0.004471004 0.01765197 -0.01566386 -0.004269778 0.01711565 -0.01564234 -0.003833353 0.01681262 -0.01562696 -0.003391683 0.01677638 -0.01650017 -0.003543734 0.01686418 -0.01656925 -0.004190683 0.01808494 -0.01654291 -0.004301488 0.01748186 -0.01657718 -0.002619743 0.01754391 -0.01658672 -0.002897858 0.01706922 -0.0165891 -0.003520131 0.01685756 -0.01658529 -0.003968417 0.01706761 -0.01658505 -0.004119038 0.01722258 -0.01654702 -0.003336191 0.0169602 -0.01649576 -0.00286442 0.01734322 -0.01648908 -0.002837002 0.01801681 -0.0164256 -0.003195226 0.01836431 -0.01653087 -0.003099918 0.01852571 -0.01656299 -0.002671241 0.01805603 -0.01651442 -0.00310266 0.0184828 -0.01655662 -0.002747893 0.01815092 -0.01656818 -0.002622783 0.01782017 -0.0165733 -0.002615869 0.0176388 -0.01654112 -0.003126621 0.01853615 -0.01645398 -0.003198742 0.01838201 -0.01562964 -0.003394246 0.01676362 -0.01570057 -0.004193782 0.01702165 -0.01571208 -0.004467487 0.01781326 -0.01573532 -0.004136502 0.01841676 -0.01576489 -0.003524303 0.01863372 -0.01577991 -0.003017365 0.01846927 -0.01580977 -0.002673387 0.01806497 -0.01582849 -0.002623856 0.01750248 -0.01586002 -0.002901017 0.01700735 -0.01588606 -0.003499865 0.01675909 -0.01591658 -0.004116475 0.01696169 -0.01593184 -0.004417181 0.01740086 -0.01596903 -0.004433214 0.01797205 -0.01598525 -0.00406903 0.01846003 -0.01602703 -0.003443658 0.01863449 -0.01604896 -0.002805531 0.01828527 -0.01608097 -0.002596199 0.01762884 -0.01612025 -0.00295484 0.01695239 -0.01615834 -0.003738701 0.0167768 -0.01617938 -0.004330277 0.01720011 -0.01619952 -0.004465341 0.01775252 -0.01623481 -0.004239559 0.01831877 -0.0162484 -0.003743946 0.01860243 -0.01628041 -0.00321263 0.01857465 -0.01630812 -0.002719521 0.01815474 -0.01632481 -0.002608835 0.01759886 -0.01635539 -0.002830028 0.01707965 -0.0163722 -0.00328201 0.01680207 -0.01640027 -0.003815174 0.01680094 -0.01642912 -0.004329562 0.01719766 -0.01646441 -0.004458129 0.01787376 -0.01652711 -0.003951728 0.01854187 -0.01639908 -0.003863632 0.01838415 -0.01639544 -0.004292428 0.01781052 -0.01632863 -0.003990888 0.01707935 -0.01628035 -0.003347992 0.01695561 -0.01625257 -0.002860188 0.01733511 -0.01624417 -0.002880513 0.01809 -0.01616674 -0.00350064 0.01845926 -0.01614457 -0.004103422 0.01821166 -0.01609784 -0.004290819 0.01758718 -0.01608389 -0.003896415 0.01702052 -0.01601892 -0.003210246 0.01701349 -0.01600068 -0.00301373 0.01715761 -0.01600015 -0.003006875 0.0171644 -0.01600348 -0.002813398 0.01744937 -0.01595383 -0.002868711 0.01806658 -0.01593762 -0.003350615 0.01843959 -0.01590758 -0.004076778 0.01823955 -0.01585221 -0.004284858 0.01754456 -0.01582324 -0.003861188 0.01700335 -0.01576864 -0.003168404 0.01702851 -0.01575255 -0.002786397 0.01754575 -0.01571291 -0.002992689 0.01823592 -0.01566356 -0.003627955 0.01845449 -0.01562958 -0.004146397 0.01815319 -0.01560229 -0.004285633 0.01755064 -0.01556074 -0.003989517 0.01708954 -0.01552981 -0.003439903 0.0169261 -0.01564919 -0.003579974 0.01844447 -0.01559793 -0.004363179 0.01778721 -0.0155372 -0.003651976 0.01694375 -0.01549983 -0.003935098 0.01693356 -0.01556766 -0.004210948 0.01816791 -0.01485073 -0.003428816 0.01845085 -0.01488357 -0.002924561 0.01815354 -0.01491421 -0.002780556 0.01758766 -0.01494514 -0.003078699 0.01708585 -0.014979 -0.003535509 0.01694035 -0.01499462 -0.004022598 0.01710581 -0.01502424 -0.004301428 0.01773244 -0.01507365 -0.00407052 0.01823127 -0.01509052 -0.003644764 0.01845133 -0.01512128 -0.003079056 0.0183072 -0.01515263 -0.002780735 0.01780545 -0.01518321 -0.002924978 0.01723998 -0.01521831 -0.003353536 0.01696044 -0.01523071 -0.003931522 0.01704043 -0.0152769 -0.00429821 0.01762318 -0.01530587 -0.004051804 0.01826369 -0.01533502 -0.003315508 0.01843005 -0.01538497 -0.002792894 0.01787984 -0.01543396 -0.00292468 0.0172398 -0.01545381 -0.003512263 0.01692873 -0.01550495 -0.004115343 0.01718789 -0.01554024 -0.004289686 0.01767414 -0.01556175 -0.004153192 0.01814192 -0.01557797 -0.00356698 0.01847171 -0.01563137 -0.003087282 0.01830208 -0.01565021 -0.002816021 0.01794666 -0.01567852 -0.002834022 0.01739835 -0.01570379 -0.00334841 0.01694166 -0.01562213 -0.003381252 0.01676452 -0.01481008 -0.004065036 0.01824849 -0.01470816 -0.004193127 0.01836258 -0.01557636 -0.002740979 0.0171867 -0.01555299 -0.002620637 0.01790511 -0.01551789 -0.003007829 0.01847469 -0.01550012 -0.003598034 0.01862609 -0.01546519 -0.00416243 0.01839685 -0.01543933 -0.004469096 0.01778042 -0.01539272 -0.004228174 0.01705217 -0.01536619 -0.003477334 0.01675856 -0.01532751 -0.002798974 0.01710891 -0.01530611 -0.002604663 0.01780784 -0.01523983 -0.003030598 0.0184924 -0.01522052 -0.00391227 0.01855915 -0.01519924 -0.004410922 0.01803076 -0.0151636 -0.00440526 0.0173431 -0.01514762 -0.003999531 0.01688879 -0.01512074 -0.00344479 0.01676273 -0.0150519 -0.002753674 0.0171715 -0.01504141 -0.002647578 0.01800149 -0.01502925 -0.002996087 0.01845377 -0.01499849 -0.003497719 0.01863217 -0.0149703 -0.004114389 0.01843249 -0.01494401 -0.004454731 0.01788043 -0.0149241 -0.004386365 0.01731747 -0.01489305 -0.004015505 0.01689231 -0.01487833 -0.003500163 0.01676696 -0.01484829 -0.002993285 0.01693153 -0.01481878 -0.002627193 0.01746773 -0.01478332 -0.002713859 0.01814967 -0.01472121 -0.003401458 0.01862841 -0.01462495 -0.003535509 0.01694637 -0.01486659 -0.004065454 0.01822298 -0.0148915 -0.003533363 0.01844382 -0.01462537 -0.004265546 0.01726478 -0.01462501 -0.004078447 0.01823794 -0.01480311 -0.003990828 0.01696592 -0.01482474 -0.004065811 0.01822668 -0.0146777 -0.004091441 0.01825249 -0.01562786 -0.003381907 0.0167647 -0.01553958 -0.003389418 0.01693749 -0.01462763 -0.004068195 0.0182321 -0.01472246 -0.004193484 0.01835584 -0.01474606 -0.003813445 0.01858633 -0.01477837 -0.003203034 0.01857846 -0.01479661 -0.002762794 0.01821374 -0.0148369 -0.002591073 0.0175836 -0.01485913 -0.002962529 0.01695692 -0.01489233 -0.00358057 0.01675552 -0.01491892 -0.004241049 0.01706779 -0.01496893 -0.004471242 0.0178439 -0.01498675 -0.004048943 0.0184831 -0.01501965 -0.003372609 0.01862496 -0.01506567 -0.002706885 0.01815831 -0.01508772 -0.002648651 0.01738911 -0.01511859 -0.003093779 0.01686304 -0.01514214 -0.003740012 0.01678264 -0.01517498 -0.004289805 0.01713037 -0.0152347 -0.004446685 0.01795846 -0.01523554 -0.004014909 0.01849347 -0.01526075 -0.003500163 0.01863604 -0.01529812 -0.00283581 0.01833534 -0.0153343 -0.002598047 0.01756477 -0.01537913 -0.003080964 0.01686424 -0.01539802 -0.003851056 0.01681137 -0.01541852 -0.004270732 0.01712888 -0.01544302 -0.004472792 0.01761651 -0.01547127 -0.004299521 0.01824516 -0.01549899 -0.003796517 0.01859474 -0.01553511 -0.003108799 0.01854169 -0.01555287 -0.002673625 0.01805627 -0.01558643 -0.002626299 0.01744592 -0.01560193 -0.002916932 0.01700562 -0.01553207 -0.002826511 0.01741594 -0.0154531 -0.002920866 0.01815289 -0.01544433 -0.00356245 0.01846843 -0.01538282 -0.004243373 0.01799631 -0.01533854 -0.004181087 0.01728975 -0.01531165 -0.003529727 0.01691186 -0.01525157 -0.002883672 0.01730191 -0.01521724 -0.002785444 0.01780432 -0.0151931 -0.00301969 0.01826059 -0.01516604 -0.003570258 0.01845753 -0.01513391 -0.00418055 0.01812815 -0.0150991 -0.004228234 0.01736891 -0.01506459 -0.003612399 0.01693159 -0.01500499 -0.002939999 0.01721012 -0.01497107 -0.00277996 0.01781094 -0.01493918 -0.003027081 0.01825898 -0.01491892 -0.00350058 0.018458 -0.01488685 -0.004049479 0.01826012 -0.01485842 -0.00430423 0.0176593 -0.01481413 -0.004070281 0.01716148 -0.0147947 -0.003644585 0.01694005 -0.0147773 -0.002992093 0.01715195 -0.01471889 -0.00277692 0.01776897 -0.01469439 -0.003021597 0.01826131 -0.01467418 -0.003605186 0.01845395 -0.01465499 -0.003536999 0.01847547 -0.0146377 -0.003760278 0.0184307 -0.01462727 -0.003986179 0.01830482 -0.01489013 -0.00340569 0.01844394 -0.01490628 -0.002774417 0.01793938 -0.0149852 -0.003260791 0.01696246 -0.01497334 -0.002708971 0.0176019 -0.01499921 -0.003917276 0.01692962 -0.01508337 -0.004222333 0.01811188 -0.01514619 -0.003667831 0.01844286 -0.01504725 -0.003832936 0.0169472 -0.01513147 -0.003488183 0.01844549 -0.01516944 -0.002836644 0.01804405 -0.01521509 -0.003222703 0.01695638 -0.01525551 -0.002983987 0.01697772 -0.01524227 -0.003681719 0.01695042 -0.01531028 -0.004339575 0.01803916 -0.01539671 -0.003669321 0.01844274 -0.0153293 -0.00433743 0.01737803 -0.01551783 -0.003308236 0.01696014 -0.01537191 -0.003389596 0.01844131 -0.01543551 -0.002733647 0.01736509 -0.01545363 -0.00275439 0.01803153 -0.0157541 -0.003526687 0.01687246 -0.01573657 -0.002811789 0.01734846 -0.01568806 -0.002973675 0.01824235 -0.0156477 -0.003535628 0.01844429 -0.01563459 -0.003018438 0.01829236 -0.01567846 -0.002777218 0.01750427 -0.01573956 -0.003535628 0.01694428 -0.01577162 -0.004233658 0.0172618 -0.0158264 -0.004077136 0.01827365 -0.01589494 -0.003704309 0.01844465 -0.01582562 -0.004310727 0.01729983 -0.0159012 -0.003327667 0.01843988 -0.01591986 -0.002675294 0.01767522 -0.01600939 -0.003336429 0.01695513 -0.01597005 -0.002752959 0.01767545 -0.01600646 -0.003583788 0.01694548 -0.01602733 -0.004268527 0.01737868 -0.01606851 -0.00415796 0.01814693 -0.01612979 -0.003798365 0.0184378 -0.01607877 -0.004278659 0.01740276 -0.01612162 -0.003370285 0.01843982 -0.01618587 -0.002751231 0.01733821 -0.01626974 -0.003361642 0.01695144 -0.01620441 -0.002743065 0.01800876 -0.01625049 -0.003935694 0.0169481 -0.01633334 -0.00422275 0.01811194 -0.0163961 -0.003667712 0.01844125 -0.01629793 -0.003846824 0.01695317 -0.01636731 -0.003378093 0.01844108 -0.01642996 -0.002811312 0.01800715 -0.01648646 -0.00330168 0.01695477 -0.01656621 5.76976e-4 0.01974171 -0.01655572 8.16019e-4 0.01942127 -0.01572507 -4.4482e-4 0.01854944 -0.01574182 -7.01255e-4 0.01887172 -0.01576709 -7.2646e-4 0.01939666 -0.01578545 -2.21705e-4 0.01990276 -0.01583981 4.5631e-4 0.01977157 -0.01587563 7.57251e-4 0.01927006 -0.01590067 5.90507e-4 0.01867383 -0.01593226 -3.65759e-5 0.01839393 -0.01598078 -6.12336e-4 0.01870208 -0.01601141 -7.56706e-4 0.01916068 -0.01602721 -5.91268e-4 0.01964837 -0.01606452 -3.63559e-5 0.0199238 -0.01609134 5.68607e-4 0.01967942 -0.01613515 7.56178e-4 0.0190519 -0.0161665 4.58066e-4 0.01854938 -0.01619374 -1.08975e-4 0.01840704 -0.01623123 -5.35323e-4 0.01862519 -0.01624631 -7.547e-4 0.01905184 -0.01627659 -5.91009e-4 0.01964801 -0.0163176 2.28377e-7 0.01993036 -0.01633846 6.1276e-4 0.01961952 -0.01638901 7.50062e-4 0.0190522 -0.01641505 4.90454e-4 0.01856786 -0.01644945 -3.1218e-7 0.01840388 -0.0164653 -4.56319e-4 0.01854968 -0.01649886 -7.64623e-4 0.01908826 -0.01653403 -6.07486e-4 0.01961427 -0.01655572 -1.28901e-4 0.01991802 -0.01651221 7.77752e-4 0.01967024 -0.01648491 3.76549e-4 0.02002042 -0.0164259 -4.27033e-4 0.02000713 -0.01641893 -9.17468e-4 0.01937001 -0.01639151 -8.46771e-4 0.01876169 -0.01635736 -3.87061e-4 0.01830202 -0.01632463 3.81956e-4 0.0182932 -0.01628845 9.11818e-4 0.01890593 -0.01626276 8.14659e-4 0.0196287 -0.01620543 1.52196e-4 0.02009904 -0.01619005 -6.22964e-4 0.01986294 -0.01616185 -9.29715e-4 0.01928973 -0.01613104 -7.71965e-4 0.01861888 -0.01610738 -2.32627e-4 0.01825386 -0.01607453 4.15093e-4 0.01831406 -0.01603931 8.93221e-4 0.01886457 -0.01599133 7.85e-4 0.01970082 -0.01597303 8.1023e-5 0.02009606 -0.01592224 -6.84977e-4 0.0198242 -0.01590377 -9.33235e-4 0.01905119 -0.01587539 -6.63804e-4 0.01850402 -0.01584649 -8.0021e-5 0.01822143 -0.01582551 5.07631e-4 0.01837897 -0.0157743 9.34612e-4 0.01897162 -0.01574188 6.51679e-4 0.01985418 -0.01571196 -1.17172e-4 0.0200963 -0.01569372 -6.32053e-4 0.01984316 -0.01566368 -9.24114e-4 0.01935052 -0.01564246 -8.35621e-4 0.01874649 -0.01562321 -5.47569e-4 0.01841044 -0.01647931 -3.83443e-6 0.01837801 -0.01649117 -6.81917e-4 0.01875895 -0.01655066 -4.8898e-4 0.01982039 -0.01657164 -8.50479e-4 0.01933163 -0.0166288 3.33566e-4 0.01829826 -0.01659983 -5.38547e-4 0.01850718 -0.01660376 -7.51577e-4 0.01911556 -0.01654934 -4.60909e-4 0.01855254 -0.01650011 8.81961e-5 0.01840847 -0.01647758 5.27159e-4 0.01861292 -0.01642739 7.64142e-4 0.01905846 -0.01653224 8.92244e-4 0.0194444 -0.01656216 8.65827e-4 0.01880383 -0.01653391 8.48291e-4 0.01942318 -0.0165531 8.87435e-4 0.01892852 -0.01656776 7.19401e-4 0.01858371 -0.01657372 6.09705e-4 0.01847094 -0.01653975 8.83737e-4 0.01946586 -0.01642668 7.18017e-4 0.01939463 -0.01552283 -4.46691e-4 0.01854938 -0.0156275 -5.60563e-4 0.01840049 -0.01570683 -9.38872e-4 0.0191493 -0.01571416 -5.75661e-4 0.01990157 -0.01573556 8.43808e-5 0.02009505 -0.01576399 6.71152e-4 0.01981604 -0.0157817 9.11865e-4 0.01934087 -0.01581168 8.69134e-4 0.01881206 -0.01582908 5.07342e-4 0.01837944 -0.01586019 -3.83412e-5 0.01822507 -0.01588934 -6.36463e-4 0.01847445 -0.01591658 -9.30336e-4 0.01905214 -0.01594299 -7.78946e-4 0.019683 -0.01596051 -3.63579e-4 0.02001649 -0.01599562 2.0501e-4 0.0200783 -0.01602041 7.73881e-4 0.01969116 -0.0160489 9.32614e-4 0.01906108 -0.01608085 6.16453e-4 0.01844882 -0.016101 4.69325e-5 0.01823014 -0.01613163 -5.03666e-4 0.01837146 -0.01619714 -9.35258e-4 0.01904815 -0.01620793 -6.52782e-4 0.01983594 -0.01622003 -1.36736e-4 0.02008068 -0.0162509 3.91264e-4 0.0200119 -0.01627731 8.50884e-4 0.01955455 -0.01630574 9.02447e-4 0.0189076 -0.01632571 5.85904e-4 0.01843702 -0.01635217 6.3158e-5 0.018224 -0.01637214 -4.53134e-4 0.01834923 -0.01640015 -8.30969e-4 0.01872533 -0.01642912 -9.14099e-4 0.01936972 -0.01646441 -5.26921e-4 0.01993864 -0.01653313 3.02445e-4 0.02004957 -0.01640981 4.48511e-4 0.01977735 -0.01638466 -2.03974e-4 0.01989775 -0.01635009 -7.20921e-4 0.01941913 -0.0163002 -6.71956e-4 0.01880419 -0.01629638 -1.328e-4 0.01840567 -0.01623505 2.76408e-4 0.01846361 -0.01623451 2.85214e-4 0.01846718 -0.01613736 -6.76657e-5 0.01992344 -0.01609784 -6.11252e-4 0.01961773 -0.01606971 -7.50997e-4 0.01901495 -0.01602834 -4.54487e-4 0.01855343 -0.01600706 5.95767e-5 0.01839596 -0.01597386 4.79817e-4 0.01857841 -0.0159772 7.6355e-4 0.01911884 -0.01590931 4.7734e-4 0.01975625 -0.01590061 -1.57562e-4 0.01990914 -0.01583838 -6.72085e-4 0.01951807 -0.01583051 -7.08263e-4 0.01886892 -0.01577931 -1.12714e-4 0.01840317 -0.0157302 5.14457e-4 0.01859712 -0.0156992 7.62242e-4 0.01912593 -0.01566582 6.06872e-4 0.01961487 -0.01564562 1.62235e-4 0.01990717 -0.01564335 -5.81982e-4 0.01965904 -0.01555883 -7.25478e-4 0.01892507 -0.01623558 6.03464e-4 0.0186932 -0.01618742 7.43447e-4 0.01933228 -0.01615405 4.51096e-4 0.01977396 -0.01561564 1.90562e-6 0.01990824 -0.01556092 -8.94057e-4 0.01915681 -0.01546841 -2.27368e-4 0.01842206 -0.01553398 -7.1984e-4 0.01959443 -0.01509535 4.53402e-4 0.0197674 -0.01511591 7.51238e-4 0.01930743 -0.01514738 5.46791e-4 0.01861459 -0.01519656 -1.08885e-4 0.01840531 -0.01521921 -6.78868e-4 0.01879447 -0.01526439 -6.71682e-4 0.01952266 -0.01530832 -2.549e-4 0.01987469 -0.01533162 2.94012e-4 0.0198704 -0.01535457 7.43068e-4 0.01934444 -0.01540213 5.91268e-4 0.01867347 -0.01543945 1.08262e-4 0.01841115 -0.01546221 -4.28005e-4 0.01852446 -0.01549875 -7.56147e-4 0.01905208 -0.01552754 -6.10948e-4 0.01961714 -0.01556122 -2.18048e-4 0.01988399 -0.0155785 2.93437e-4 0.01986855 -0.0156151 6.86261e-4 0.01948243 -0.01563858 7.34454e-4 0.01893645 -0.01567429 3.25658e-4 0.01846903 -0.01569747 -4.06122e-4 0.01849979 -0.01562523 -5.46083e-4 0.01840764 -0.01480144 6.46865e-6 0.01991873 -0.01484841 5.91212e-4 0.01964944 -0.01488578 7.56564e-4 0.01905202 -0.014916 4.84299e-4 0.01857447 -0.01493966 -7.24437e-5 0.01839882 -0.01497596 -6.10386e-4 0.01870429 -0.01501184 -7.57229e-4 0.0192694 -0.0150423 -5.34937e-4 0.01969569 -0.01505744 -7.33704e-5 0.01992297 -0.0156002 -9.49415e-5 0.01823049 -0.01557689 4.62983e-4 0.01834684 -0.0155493 8.699e-4 0.01880377 -0.01551461 8.81576e-4 0.01949429 -0.01548987 4.17009e-4 0.02000379 -0.01546871 -1.10603e-4 0.0200842 -0.01544362 -6.02192e-4 0.01988244 -0.0154196 -8.9951e-4 0.01940166 -0.01539468 -8.81139e-4 0.01883417 -0.01536375 -4.57464e-4 0.01834183 -0.01533275 2.25809e-4 0.01824569 -0.01528096 8.78962e-4 0.01879316 -0.01525706 8.11e-4 0.0196399 -0.01523518 3.03767e-4 0.02004629 -0.01520812 -2.65477e-4 0.02005666 -0.01519066 -7.06341e-4 0.01977074 -0.01515966 -9.33751e-4 0.01925188 -0.01513713 -7.90112e-4 0.01865869 -0.01510858 -3.14282e-4 0.01827543 -0.01508301 2.96986e-4 0.01827359 -0.01506376 7.32435e-4 0.01858168 -0.01500904 9.40981e-4 0.01923692 -0.01498967 5.09902e-4 0.0199601 -0.0149312 -3.779e-4 0.02003169 -0.01489996 -9.38613e-4 0.01929706 -0.01486515 -6.46404e-4 0.01846373 -0.0148456 4.33562e-5 0.01822543 -0.01481992 5.79363e-4 0.01842558 -0.01478368 9.36306e-4 0.0190165 -0.01475626 7.5321e-4 0.01972174 -0.0146991 6.15612e-5 0.02009987 -0.01495987 -1.06262e-5 0.01833385 -0.01501393 -7.91198e-4 0.01918601 -0.01508194 -9.92157e-6 0.02000504 -0.01508665 -6.84672e-4 0.01963448 -0.01503229 -5.63275e-4 0.01861351 -0.01510238 2.22897e-6 0.01994228 -0.01510936 5.89034e-4 0.01966214 -0.01516354 7.86629e-4 0.01930415 -0.01521158 2.79283e-4 0.0184316 -0.01523995 -1.35028e-5 0.01830285 -0.01524031 -6.99203e-4 0.01872688 -0.01530802 -7.61156e-4 0.01940506 -0.01535004 -2.60473e-6 0.01994639 -0.01545 0 0.01841086 -0.01550006 0 0.01841092 -0.01535075 5.50832e-4 0.01987886 -0.01541227 6.23269e-4 0.01871132 -0.015464 4.61817e-4 0.01849782 -0.01542657 7.44185e-4 0.01937276 -0.01538199 1.23715e-4 0.01990902 -0.01545029 0 0.01841086 -0.01545 0 0.01841086 -0.01564061 -5.45653e-4 0.01839947 -0.01556426 -3.98913e-4 0.01850891 -0.01474022 4.05763e-4 0.01851123 -0.01470249 7.55085e-4 0.01903724 -0.01466977 6.42735e-4 0.01956951 -0.01464122 7.1856e-5 0.01993864 -0.01472228 1.08264e-6 0.02009254 -0.01474648 4.3268e-4 0.01998645 -0.01476955 8.16539e-4 0.01961934 -0.01480978 9.18667e-4 0.01893758 -0.0148313 4.82232e-4 0.01835328 -0.01485913 -1.17702e-4 0.01823282 -0.01489233 -6.97159e-4 0.01852738 -0.01491892 -9.43344e-4 0.01921528 -0.01496893 -5.57345e-4 0.01992684 -0.01498675 1.93258e-4 0.0200802 -0.01501965 7.71795e-4 0.01970231 -0.01506567 9.12578e-4 0.01890152 -0.01508772 4.09852e-4 0.01831644 -0.01511859 -2.76933e-4 0.01825922 -0.01514214 -7.90719e-4 0.01865935 -0.01517498 -9.33596e-4 0.01929402 -0.01521021 -5.57807e-4 0.01991885 -0.01526075 2.70507e-4 0.02007293 -0.01527458 8.65241e-4 0.01952779 -0.01529622 9.11513e-4 0.01895964 -0.0153343 5.69806e-4 0.0184049 -0.01534903 2.37777e-5 0.01823353 -0.01539278 -5.65789e-4 0.01839977 -0.01541417 -9.33961e-4 0.01907014 -0.01543742 -7.87724e-4 0.01966732 -0.01547795 -2.31774e-4 0.02007734 -0.01549869 4.50746e-4 0.01998078 -0.01554095 9.1487e-4 0.01941901 -0.01556026 8.13351e-4 0.01869654 -0.01560384 2.42326e-4 0.01824158 -0.01549404 3.24757e-4 0.01847082 -0.01545929 7.19045e-4 0.01890093 -0.01542764 7.23965e-4 0.01938056 -0.01541179 4.26812e-4 0.01979649 -0.01537418 -7.27733e-5 0.01991283 -0.01535195 -5.1594e-4 0.01972573 -0.01532232 -7.50015e-4 0.01926892 -0.01529967 -6.36077e-4 0.01873177 -0.01526588 -1.09413e-4 0.01840603 -0.01524239 5.149e-4 0.01859307 -0.01519948 7.61138e-4 0.01926946 -0.01515603 4.2451e-4 0.01979064 -0.01512473 -3.45474e-5 0.01991963 -0.01510411 -5.11478e-4 0.01972842 -0.01507294 -7.49511e-4 0.01927465 -0.01506495 -5.94934e-4 0.01867461 -0.01500475 7.72227e-5 0.01839566 -0.01497113 6.15297e-4 0.01870757 -0.01493912 7.57354e-4 0.01919919 -0.01491922 5.63086e-4 0.01967453 -0.01488661 3.52085e-5 0.01992303 -0.01485848 -5.6978e-4 0.01967823 -0.01481419 -7.56407e-4 0.01916074 -0.0147947 -6.12055e-4 0.01870316 -0.01476377 -1.80031e-4 0.01842474 -0.01462537 -1.75646e-7 0.01840984 -0.01462525 -1.55096e-7 0.01991164 -0.01485627 -3.83797e-4 0.01990288 -0.01477402 -5.03767e-4 0.01844859 -0.01462632 -9.01479e-4 0.01915812 -0.0148248 0 0.01991081 -0.01469177 2.11321e-7 0.01998758 -0.0148245 1.73427e-5 0.02002388 -0.01491266 7.86801e-4 0.01915985 -0.01496446 2.25753e-4 0.01841628 -0.01487451 1.92864e-5 0.02002948 -0.0146259 1.28717e-5 0.01829487 -0.01475089 1.40455e-5 0.01831132 -0.01465427 8.05421e-4 0.01941597 -0.0146439 4.11413e-4 0.01980972 -0.01571655 -1.40738e-5 0.01833772 -0.01577866 -7.58154e-4 0.0194782 -0.01585459 -2.99684e-4 0.01989746 -0.0157895 -6.79251e-4 0.01871371 -0.0160005 4.71066e-6 0.01835781 -0.01583641 9.75386e-6 0.01997274 -0.01588356 7.77546e-4 0.01924079 -0.01595008 2.68683e-5 0.01827883 -0.01593095 8.70538e-4 0.01932817 -0.0159673 -1.05095e-5 0.01833635 -0.01602154 -8.01202e-4 0.01934862 -0.01610761 -1.04652e-5 0.01998364 -0.01605337 -8.01642e-4 0.01897281 -0.01611012 9.91314e-6 0.01998782 -0.01611381 6.38079e-4 0.01959401 -0.01619452 2.84544e-4 0.01841902 -0.01623564 2.65275e-4 0.01845902 -0.01619064 8.0105e-4 0.01893842 -0.01623451 2.85228e-4 0.01846724 -0.01619946 -1.74191e-5 0.01829755 -0.0162853 -7.84397e-4 0.01921224 -0.01634162 -2.06691e-4 0.0199055 -0.01625156 -4.6725e-5 0.01824337 -0.01648318 3.18513e-4 0.01843601 -0.0163483 2.11961e-4 0.01990008 -0.01642042 6.22851e-4 0.01847982 -0.0164265 7.63738e-4 0.01937383 -0.01571857 9.61189e-6 0.0183289 -0.01568448 7.36454e-4 0.01885241 -0.01562905 5.7669e-4 0.01969331 -0.01560705 1.52903e-6 0.01993429 -0.01657038 0.004341185 0.01776003 -0.01653236 0.004327416 0.0172832 -0.01580309 0.003963112 0.01833105 -0.01584154 0.004291117 0.01780563 -0.01586449 0.004103362 0.0171808 -0.01590883 0.003463029 0.01693403 -0.01594847 0.003000676 0.01716142 -0.01596504 0.002780795 0.01758724 -0.01598805 0.00296837 0.01821148 -0.01603287 0.003608107 0.01845812 -0.01607054 0.004146277 0.01815336 -0.01610159 0.004290342 0.01758754 -0.01613181 0.003991842 0.01708608 -0.01616448 0.003426671 0.0169413 -0.01619631 0.002924442 0.01723915 -0.01622974 0.002779066 0.01769632 -0.01624655 0.002924561 0.01815295 -0.01627767 0.003426432 0.01845115 -0.01630795 0.003991782 0.01830673 -0.01634079 0.00429064 0.01780557 -0.01637285 0.004147052 0.01723933 -0.0164048 0.003646254 0.01694071 -0.01641696 0.002994537 0.01715332 -0.01647442 0.002785205 0.01784825 -0.01649636 0.003241837 0.01840531 -0.01655167 0.003977596 0.01832145 -0.01649338 0.004467487 0.01779013 -0.01647412 0.004237353 0.01830935 -0.01643663 0.003712356 0.01861846 -0.01641196 0.003036975 0.01848959 -0.01638597 0.00263977 0.01797544 -0.01636844 0.002640902 0.0174427 -0.01633745 0.002919495 0.01699125 -0.01632058 0.003438234 0.01676964 -0.01628988 0.003994643 0.01687961 -0.01626032 0.00441426 0.01737362 -0.01623171 0.004413187 0.01802158 -0.01620453 0.003991961 0.01851427 -0.0161373 0.003188848 0.01857125 -0.01611882 0.002617061 0.01789855 -0.01609885 0.002750635 0.01718473 -0.01606625 0.003309845 0.01678353 -0.01603972 0.003991484 0.01687747 -0.01601082 0.004413783 0.01737046 -0.01598161 0.0044142 0.01801919 -0.01593858 0.003923654 0.01855224 -0.01591217 0.003161847 0.01855689 -0.01588797 0.002677142 0.01807039 -0.01587307 0.00261873 0.01754212 -0.01584237 0.002846956 0.01706171 -0.01582473 0.003342032 0.0167849 -0.01579439 0.003904104 0.01683473 -0.01575952 0.004394888 0.01731723 -0.01574236 0.004438698 0.01792424 -0.01570618 0.004111528 0.01843827 -0.0156812 0.003451049 0.01862967 -0.01563823 0.00280714 0.01829195 -0.01560872 0.002610504 0.01756709 -0.01564592 0.002791106 0.01761257 -0.01573163 0.003212153 0.01839101 -0.01654499 0.003536999 0.01847547 -0.01656222 0.003760278 0.0184307 -0.01657265 0.00398606 0.01830482 -0.01644062 0.003078937 0.01697069 -0.0165199 0.003051757 0.018408 -0.0165733 0.003109455 0.0183981 -0.01649224 0.003043293 0.01697194 -0.01657688 0.003382921 0.01678049 -0.01658535 0.002908349 0.01705759 -0.01658099 0.002697765 0.01761579 -0.01659148 0.002858757 0.01807659 -0.01659828 0.003017365 0.01822739 -0.01652294 0.00282365 0.0174297 -0.01649576 0.003141045 0.01704633 -0.01642382 0.003817975 0.01693248 -0.01653158 0.004367232 0.01726573 -0.01656192 0.003895282 0.01683151 -0.01651442 0.004321932 0.01726353 -0.01655662 0.003990054 0.01690876 -0.01656818 0.003659307 0.01678371 -0.0165733 0.003477931 0.01677674 -0.0165404 0.004375696 0.01728731 -0.01646113 0.004222929 0.01736229 -0.01552414 0.002785444 0.0175808 -0.01562905 0.002602398 0.01755505 -0.01570314 0.002862095 0.01835376 -0.01571154 0.003652334 0.01862871 -0.01573532 0.00425589 0.01829737 -0.01576411 0.004473328 0.01768505 -0.0157817 0.004307568 0.01717889 -0.01581174 0.003903448 0.01683521 -0.01582908 0.003341674 0.01678508 -0.01586043 0.002846777 0.01706188 -0.01588934 0.002600133 0.01766109 -0.01591658 0.002800822 0.01827734 -0.01594293 0.003353953 0.01861643 -0.01601159 0.004135906 0.0184217 -0.01602905 0.004472494 0.01760464 -0.01604866 0.004124522 0.01696622 -0.01608306 0.003468215 0.01675826 -0.01610094 0.002910614 0.01700502 -0.01613157 0.002621173 0.01749438 -0.01617419 0.002747893 0.01821088 -0.01619434 0.003351628 0.01861518 -0.01622009 0.003993332 0.01851546 -0.01625114 0.004413843 0.0180214 -0.01627737 0.004415571 0.01737314 -0.01630532 0.003994643 0.0168789 -0.01632499 0.003437995 0.01676988 -0.01635539 0.002918779 0.0169909 -0.01639086 0.002601504 0.01760149 -0.01640677 0.00274676 0.01819241 -0.01644259 0.003216683 0.01858043 -0.01646912 0.003904223 0.01855748 -0.01651173 0.004412055 0.01803779 -0.01639461 0.004227221 0.01800984 -0.01637381 0.003823101 0.01840585 -0.01634055 0.003176093 0.01837146 -0.0162993 0.002836644 0.01798576 -0.01628035 0.002794861 0.0175088 -0.01625877 0.003207445 0.01700329 -0.01621621 0.003933489 0.01704436 -0.01616853 0.004276156 0.01752084 -0.0161429 0.004203498 0.01806557 -0.01611584 0.00391668 0.01834732 -0.01610368 0.003454744 0.01845669 -0.01606971 0.002901315 0.01812428 -0.01602834 0.002784609 0.01758825 -0.01600742 0.003020703 0.01713258 -0.0159763 0.00357002 0.01693385 -0.01595485 0.004150331 0.01723933 -0.01590967 0.004267156 0.01792055 -0.01586884 0.003923177 0.01834845 -0.01585215 0.003383755 0.01844584 -0.01583051 0.00282824 0.01799076 -0.01577937 0.00292015 0.0172404 -0.01572996 0.00350064 0.01693391 -0.0156992 0.004049777 0.01713269 -0.01567667 0.004300892 0.01773345 -0.01560586 0.003368735 0.0184431 -0.01555907 0.002863407 0.01805639 -0.01562958 0.003992319 0.0183072 -0.01558125 0.003370821 0.01844 -0.01553016 0.002740621 0.01766383 -0.01544344 0.003374218 0.01695221 -0.01549625 0.002717435 0.01801913 -0.01551103 0.002880454 0.01733112 -0.01551103 0.002880454 0.01733118 -0.0155003 0.002998888 0.01716095 -0.01506584 0.004020035 0.01828348 -0.01509052 0.004290461 0.01780557 -0.01512128 0.004146337 0.01723986 -0.01514416 0.003572344 0.01693123 -0.01518923 0.002945542 0.01720893 -0.01522696 0.002780437 0.01780515 -0.01526045 0.003000855 0.01823109 -0.01527684 0.003462255 0.01845902 -0.01530587 0.004102826 0.01821267 -0.01535248 0.004290878 0.0175876 -0.01538407 0.003992855 0.01708519 -0.01541697 0.003535568 0.01694011 -0.01542496 0.003020763 0.01712948 -0.0154702 0.00277388 0.01776885 -0.01550507 0.003107666 0.01833033 -0.01554548 0.003643214 0.01844656 -0.01556754 0.00409919 0.01821112 -0.01559031 0.004294276 0.0175842 -0.0156784 0.003220438 0.0169993 -0.01569753 0.002786874 0.01752173 -0.01559633 0.002600252 0.01752471 -0.01494514 0.002924978 0.01723957 -0.014979 0.002779483 0.01769638 -0.01499801 0.002923905 0.01815348 -0.01502633 0.003462314 0.01845866 -0.0155797 0.003099858 0.0168662 -0.01555222 0.003744006 0.01678192 -0.01551634 0.004313051 0.01716917 -0.01549959 0.004464924 0.01775896 -0.01546454 0.004235684 0.01832312 -0.01544046 0.003619551 0.01863062 -0.01541984 0.003069937 0.01850295 -0.01538801 0.00268501 0.01808661 -0.01536083 0.002634644 0.01744073 -0.01534581 0.002925038 0.01699507 -0.01531469 0.003406465 0.01676887 -0.01527971 0.004074811 0.01692819 -0.01526504 0.004427134 0.01742482 -0.01522052 0.004398286 0.01807314 -0.01518577 0.003794729 0.01860183 -0.01515889 0.003038465 0.01849418 -0.01513254 0.00263077 0.01794022 -0.01508951 0.002724587 0.0172196 -0.01507776 0.003231525 0.01681602 -0.01504141 0.003840625 0.01680845 -0.01502925 0.004292905 0.01715695 -0.01499855 0.004471361 0.01765859 -0.0149703 0.004271626 0.01827526 -0.01494407 0.003719568 0.0186156 -0.0149241 0.003156602 0.01854723 -0.01489305 0.002731442 0.01817637 -0.01487833 0.002606093 0.01766103 -0.01484829 0.002770662 0.01715421 -0.01481926 0.003306865 0.01678776 -0.0147829 0.003988862 0.01687496 -0.01471686 0.004464864 0.01756227 -0.01470828 0.004201769 0.01835405 -0.01477342 0.004105389 0.01818954 -0.01483273 0.004220664 0.0173518 -0.01489067 0.003517031 0.01693063 -0.01562815 0.003862679 0.01700353 -0.01493728 0.003535866 0.01695507 -0.01498317 0.002885401 0.01728683 -0.01502931 0.002894997 0.018099 -0.01508104 0.003502845 0.0184428 -0.01506 0.003701508 0.01844185 -0.01510673 0.00432229 0.01768857 -0.01516151 0.003721833 0.01694649 -0.01518851 0.004086911 0.01712125 -0.01513397 0.00422126 0.01813441 -0.01518601 0.003525018 0.01687192 -0.01525825 0.002726793 0.01792037 -0.01531875 0.003532886 0.01848173 -0.01526623 0.002792358 0.01740276 -0.01530885 0.003545999 0.01851594 -0.01545733 0.003703057 0.01695156 -0.01537334 0.004319787 0.01733827 -0.0153957 0.004336118 0.01792472 -0.01563376 0.002607345 0.01754331 -0.01551663 0.002766489 0.0175569 -0.01473045 0.004206717 0.0183587 -0.01477622 0.00447613 0.0176419 -0.01479732 0.004152774 0.01699018 -0.01483404 0.003504872 0.0167579 -0.01485013 0.002938628 0.0169813 -0.01488888 0.002619087 0.01749891 -0.01491117 0.002731442 0.01817721 -0.01492995 0.003156602 0.01854699 -0.01495856 0.003720045 0.0186156 -0.01498717 0.004272639 0.01827543 -0.0150159 0.004471838 0.01765823 -0.01504313 0.004223227 0.01705896 -0.01510781 0.003476321 0.01675438 -0.01512825 0.002723217 0.01721954 -0.01516306 0.00265026 0.01801919 -0.01519209 0.00318247 0.01856666 -0.01521682 0.003870248 0.01857167 -0.01525491 0.00440073 0.01807326 -0.01526999 0.004427313 0.01742446 -0.01530432 0.004075825 0.01692575 -0.01533257 0.003405988 0.01676845 -0.01536118 0.002834558 0.01707524 -0.01538848 0.002598702 0.01767951 -0.01544082 0.002894461 0.01838707 -0.01545363 0.003620088 0.01863068 -0.01547151 0.004110157 0.01842743 -0.01550334 0.004422545 0.01799601 -0.01552993 0.00440514 0.01734721 -0.01556247 0.003934621 0.01684463 -0.01562505 0.003095626 0.01686155 -0.01551103 0.002880394 0.01733124 -0.01551103 0.002880454 0.01733118 -0.01550316 0.00297904 0.01718538 -0.0154848 0.003373205 0.01695317 -0.01545792 0.003925204 0.01704043 -0.01543635 0.004292726 0.01758372 -0.01538646 0.00409919 0.01821076 -0.01535612 0.003570258 0.01845818 -0.01533132 0.002967298 0.0182119 -0.0152868 0.002781093 0.01758724 -0.01527255 0.003174662 0.01702141 -0.01520949 0.003945708 0.01705163 -0.01517081 0.004288375 0.0175693 -0.01514029 0.004160404 0.01813286 -0.01514029 0.003536641 0.01846969 -0.01506537 0.002881944 0.01809197 -0.01502996 0.002794504 0.01751792 -0.01500535 0.003154635 0.01703166 -0.01496297 0.003757834 0.0169723 -0.01494055 0.004197716 0.01731508 -0.01490175 0.004283428 0.01783233 -0.01487588 0.004006505 0.01829707 -0.01484805 0.003549396 0.01845461 -0.01483231 0.002993702 0.01823884 -0.01478642 0.002776443 0.01762402 -0.01475489 0.00304985 0.01710826 -0.01472049 0.003594398 0.01693862 -0.01469463 0.004022777 0.01711511 -0.0146715 0.00426346 0.01748394 -0.01464748 0.004252195 0.01795125 -0.01462483 0.004067003 0.01822757 -0.01462548 0.003540635 0.0169059 -0.01471805 0.003540933 0.0169174 -0.01464682 0.004334926 0.01743245 -0.01463669 0.004225432 0.01803231 -0.01495701 0.003544628 0.01688903 -0.01490706 0.004340946 0.01768195 -0.0148428 0.003546297 0.01856303 -0.01462495 0.003535509 0.01844638 -0.01462513 0.004097104 0.01826387 -0.01482504 0.004067242 0.01822829 -0.01486402 0.004338383 0.01754295 -0.01477217 0.004091441 0.01825243 -0.01462513 0.004065811 0.01822674 -0.01579713 0.002735018 0.01803839 -0.01572722 0.003371059 0.01694977 -0.015693 0.003041803 0.01697552 -0.01578265 0.003206133 0.01844269 -0.01582551 0.003836393 0.01843154 -0.01589202 0.004100799 0.01700204 -0.0159685 0.003534793 0.01694732 -0.01591664 0.004385113 0.01746994 -0.01593416 0.003230631 0.01695269 -0.01600587 0.002756178 0.01774489 -0.01605778 0.003304839 0.01843965 -0.01598507 0.003220856 0.01695698 -0.01605743 0.003747403 0.01845085 -0.01610916 0.004318654 0.01763963 -0.01617521 0.003688573 0.01694875 -0.01618921 0.004066467 0.01712781 -0.01613414 0.004248201 0.01814043 -0.01618051 0.003366827 0.01695173 -0.01624876 0.002752423 0.01805281 -0.01633203 0.003359138 0.01843822 -0.01626509 0.002750873 0.01734244 -0.0163033 0.0036453 0.01844584 -0.01637232 0.004341006 0.01736754 -0.01644355 0.003987193 0.01696103 -0.01637482 0.004088044 0.01826184 -0.01562696 0.004293262 0.0176959 -0.01569783 0.003928899 0.01695674 -0.01564085 0.004025936 0.01709312 -0.01565629 0.004289209 0.01769638 -0.01556867 0.003535985 0.01845562 -0.01559627 0.004092395 0.01826703 -0.01656812 0.005582869 0.01358467 -0.01657497 0.005259275 0.01336365 -0.01576477 0.005138218 0.01490998 -0.01578468 0.005633294 0.0145877 -0.01582604 0.005746245 0.01401597 -0.01585453 0.005457937 0.01354885 -0.01588588 0.005000114 0.01340448 -0.01587706 0.004432976 0.0136457 -0.01595562 0.00425595 0.01434379 -0.01597529 0.00463742 0.01483231 -0.01601827 0.005182206 0.01489633 -0.01603728 0.005634188 0.01458925 -0.01605236 0.005704402 0.01386892 -0.01612436 0.005183279 0.01341664 -0.01614993 0.004711329 0.01346367 -0.01616156 0.004329085 0.01379877 -0.01620507 0.004264652 0.01434218 -0.01622951 0.004541814 0.01477265 -0.01626193 0.005000352 0.01491779 -0.01627689 0.00545597 0.01477152 -0.01631122 0.00575608 0.01426964 -0.0163412 0.005611419 0.01370406 -0.01637369 0.005217969 0.01343768 -0.01639169 0.004706442 0.01345276 -0.01642978 0.004295349 0.01387077 -0.01644307 0.004307806 0.01448744 -0.01647424 0.004958033 0.01493084 -0.01653927 0.005610764 0.01461768 -0.01657575 0.005762934 0.01408892 -0.01652407 0.005308449 0.01326864 -0.01645189 0.00589466 0.01385802 -0.01645672 0.005847811 0.01454335 -0.01643151 0.005507826 0.01495176 -0.01638066 0.004707872 0.0150696 -0.01636862 0.004188001 0.01461416 -0.01634287 0.004062592 0.0140981 -0.01632279 0.004274845 0.01357358 -0.01629173 0.004746437 0.01325774 -0.01626116 0.005433022 0.01332354 -0.01623684 0.00586611 0.01380753 -0.01620525 0.005895018 0.01445782 -0.01617586 0.005450069 0.01498401 -0.01614516 0.004765033 0.01507395 -0.01612561 0.00426054 0.01473069 -0.01609694 0.004060685 0.01419478 -0.01607149 0.004242777 0.01361042 -0.01604729 0.004704535 0.01327246 -0.01599931 0.005431234 0.01331686 -0.01597702 0.005920886 0.01395589 -0.01595246 0.00582695 0.01459914 -0.01592177 0.005346179 0.01503896 -0.01589149 0.00465703 0.01503431 -0.01587271 0.004242718 0.01469981 -0.01584744 0.004061341 0.01419919 -0.01580029 0.004338502 0.0134809 -0.01575964 0.005226314 0.01323288 -0.01573783 0.005845665 0.01375275 -0.0157153 0.005918979 0.01431715 -0.01569205 0.005686759 0.01479715 -0.01566708 0.005188465 0.01507753 -0.01564127 0.004621922 0.01501572 -0.01562714 0.004247725 0.01470971 -0.01572388 0.004391074 0.01460349 -0.01573956 0.00465548 0.01483601 -0.01652288 0.005003988 0.01499426 -0.01656156 0.005654871 0.01468914 -0.01653873 0.005269408 0.0132507 -0.01659184 0.0041067 0.01422011 -0.01659345 0.004516422 0.01479566 -0.01663517 0.004847109 0.01488852 -0.01651769 0.004248321 0.01402139 -0.01642036 0.004705488 0.01341468 -0.01658278 0.004397869 0.01342868 -0.01656877 0.00525242 0.01334995 -0.01656419 0.00471425 0.01329815 -0.01656538 0.004410445 0.01344984 -0.01651638 0.005277752 0.01326847 -0.01653844 0.005295574 0.01327061 -0.01642936 0.005239367 0.01344138 -0.01552361 0.004385769 0.01461374 -0.01563054 0.00424087 0.01472014 -0.0157026 0.004988551 0.0151022 -0.01571208 0.005741655 0.01473724 -0.01573532 0.005934357 0.01407641 -0.01576399 0.005655109 0.01348972 -0.0157817 0.005180001 0.01324898 -0.01581174 0.004651188 0.01329177 -0.01582908 0.004218518 0.01365351 -0.01586043 0.004064321 0.01419913 -0.01588934 0.004313588 0.01479732 -0.0159164 0.004891276 0.0150913 -0.0159319 0.005414426 0.01499325 -0.01596903 0.005829691 0.01460069 -0.01598525 0.005917251 0.01399815 -0.01602905 0.005597651 0.01343345 -0.01604849 0.004900157 0.01322793 -0.01608318 0.00428909 0.01354515 -0.01610094 0.004069268 0.0141139 -0.01613157 0.004210591 0.01466453 -0.01614898 0.004647493 0.01502346 -0.01617938 0.005211055 0.01507377 -0.01619952 0.00569719 0.01477861 -0.01623481 0.005937933 0.01421856 -0.0162484 0.005788028 0.01366752 -0.01628041 0.00539273 0.0133115 -0.01630818 0.004747092 0.01325976 -0.01632481 0.004275798 0.0135746 -0.01635539 0.004064977 0.0140981 -0.01637214 0.004188358 0.01461398 -0.01640021 0.004564464 0.01499176 -0.01642954 0.005208969 0.01507467 -0.01646369 0.005778253 0.01468789 -0.01652866 0.005891382 0.01385778 -0.01640486 0.005588293 0.0136851 -0.01641154 0.005755305 0.01428216 -0.01634055 0.005324602 0.0148521 -0.01632738 0.004640102 0.0148366 -0.0162664 0.004245698 0.01427489 -0.01623868 0.004409134 0.01367551 -0.01619935 0.004965126 0.0133987 -0.01616692 0.00551474 0.01359677 -0.01614451 0.005765914 0.01419806 -0.01609778 0.005456805 0.01477205 -0.01606965 0.004854023 0.01491171 -0.01602834 0.004392564 0.01461535 -0.01600736 0.004237294 0.01412624 -0.01597648 0.004485189 0.0135973 -0.01595467 0.005111575 0.01340276 -0.01590967 0.005675852 0.01380205 -0.01586878 0.005735158 0.01434779 -0.01585227 0.005422532 0.01479804 -0.01583075 0.004708051 0.01486903 -0.01577937 0.00424236 0.01427352 -0.01573014 0.004436314 0.01364642 -0.01569902 0.004965007 0.01339858 -0.01567739 0.005567073 0.01364612 -0.01562958 0.005754947 0.01426976 -0.01559597 0.005534887 0.01469516 -0.01560288 0.004968583 0.01492857 -0.01540875 0.004998087 0.0133934 -0.01554721 0.004767417 0.01490169 -0.01547521 0.00423634 0.01394039 -0.01547282 0.004296123 0.01461327 -0.01500624 0.005364596 0.01483911 -0.01505744 0.005762159 0.01423418 -0.01509535 0.005606532 0.01370745 -0.01511585 0.005146622 0.01340967 -0.01514738 0.004453718 0.01361399 -0.01519662 0.004244387 0.01426964 -0.01521921 0.004633545 0.0148397 -0.01526439 0.005361735 0.01483255 -0.01530832 0.00571382 0.01441574 -0.01533162 0.005709528 0.01386684 -0.01535457 0.005183577 0.01341778 -0.01540505 0.004608333 0.01351225 -0.01543176 0.004248321 0.01397538 -0.0154637 0.004389584 0.01461654 -0.01549845 0.004894316 0.01491761 -0.01552808 0.005444109 0.01478141 -0.01554757 0.00576508 0.01416105 -0.01560515 0.005428731 0.01352417 -0.0156418 0.004886269 0.01341456 -0.01565486 0.004458069 0.01362478 -0.01569378 0.004234611 0.01416313 -0.01572734 0.004387021 0.01460421 -0.01562565 0.004246592 0.01470702 -0.01480138 0.005757868 0.01415437 -0.01484841 0.005488574 0.01356959 -0.01488572 0.004891097 0.0134043 -0.014916 0.004413604 0.01367652 -0.01493966 0.004237949 0.01423329 -0.01497185 0.004602909 0.01481813 -0.01557105 0.004055738 0.0140413 -0.01555496 0.00450015 0.01336526 -0.0155223 0.005178153 0.01323485 -0.01550072 0.00570172 0.01354724 -0.01547056 0.005941748 0.01410824 -0.01544237 0.005721151 0.0147624 -0.01542085 0.005241274 0.01506096 -0.01539468 0.004673302 0.015042 -0.01536375 0.004180967 0.01461833 -0.01533275 0.004084825 0.01393502 -0.01530557 0.004455327 0.01340252 -0.01527971 0.005079448 0.01321959 -0.01524806 0.0056957 0.01353102 -0.01522445 0.005933463 0.01409357 -0.01519602 0.005779743 0.01468449 -0.0151717 0.005289077 0.0150513 -0.01514691 0.004716813 0.01505297 -0.01510435 0.004152059 0.01459103 -0.01508301 0.00411272 0.01386386 -0.01506376 0.004420816 0.01342839 -0.01502615 0.004994869 0.01322054 -0.01500111 0.005636215 0.01347142 -0.01497632 0.005933284 0.01404917 -0.01494508 0.005780518 0.01468116 -0.01489996 0.005136191 0.01509946 -0.01486515 0.004302859 0.01480722 -0.0148456 0.004064559 0.01411747 -0.01481992 0.004264712 0.01358145 -0.01478368 0.004855632 0.01322454 -0.01475626 0.005560874 0.01340764 -0.0146991 0.005939006 0.01409929 -0.01489925 0.004831373 0.01341611 -0.01495909 0.004198968 0.01434731 -0.01503473 0.004706561 0.01489549 -0.01497542 0.004331707 0.01368093 -0.01504182 0.005009889 0.01499307 -0.01507622 0.005860269 0.01413249 -0.01517009 0.005010664 0.01333624 -0.0151239 0.005791187 0.01418834 -0.01516485 0.00499767 0.01337891 -0.01522028 0.004190683 0.01391023 -0.01521486 0.004257023 0.01445454 -0.01528859 0.004838705 0.0149064 -0.01543784 0.005048155 0.01325941 -0.01529759 0.00500071 0.01492291 -0.01530867 0.005791604 0.01451599 -0.01538783 0.005018889 0.01329839 -0.01535689 0.005736112 0.01453208 -0.0156368 0.004232347 0.01469755 -0.0155285 0.004389464 0.01460355 -0.01472246 0.005931556 0.01415979 -0.01474606 0.005825817 0.01372808 -0.01477837 0.005388617 0.01330202 -0.01479661 0.004819393 0.01324862 -0.0148369 0.004252374 0.01357275 -0.01485913 0.00407195 0.01427853 -0.01489233 0.004366517 0.014858 -0.01491892 0.005054414 0.01510417 -0.01496893 0.005765974 0.01471817 -0.01498675 0.005919337 0.01396757 -0.01501965 0.005541443 0.01338905 -0.01506567 0.004740655 0.01324826 -0.01508772 0.004155576 0.01375097 -0.01511859 0.004098355 0.01443779 -0.01514214 0.004498481 0.01495158 -0.01517504 0.005133152 0.01509445 -0.0152347 0.005829572 0.01461982 -0.01524186 0.005875706 0.01381713 -0.01526391 0.005539715 0.01340347 -0.01528853 0.005037844 0.01322114 -0.01531851 0.004419147 0.01342266 -0.01534581 0.004078507 0.01397681 -0.01537412 0.004165649 0.01458042 -0.01540374 0.004633724 0.01502919 -0.01545006 0.005481541 0.01498675 -0.01546919 0.005916714 0.01435202 -0.01549959 0.005841016 0.01374429 -0.01552265 0.005369961 0.01329517 -0.01555556 0.004719138 0.01326525 -0.01558601 0.004179716 0.01369494 -0.01560199 0.004074156 0.01421183 -0.01550436 0.004239439 0.0141859 -0.01547849 0.004367589 0.01374542 -0.01545697 0.004757404 0.01343518 -0.01542532 0.00537163 0.01349717 -0.01541388 0.005766034 0.01407212 -0.01536715 0.00543332 0.01478677 -0.01530712 0.004819691 0.01489686 -0.01528549 0.004364073 0.0145893 -0.01527267 0.004295289 0.01386904 -0.01521891 0.004924476 0.01339548 -0.01516628 0.005562603 0.01364731 -0.01513391 0.005761444 0.01431161 -0.01509946 0.005258262 0.01488202 -0.01506507 0.00451374 0.01475572 -0.01500499 0.004235029 0.01408362 -0.01497113 0.004546701 0.01354557 -0.01493889 0.005038261 0.01340329 -0.01491928 0.005513727 0.01359778 -0.01488685 0.0057621 0.0141257 -0.01485842 0.005517303 0.01473063 -0.01481413 0.004999935 0.01491713 -0.01479476 0.004542171 0.01477259 -0.01476496 0.004244625 0.01427024 -0.01473742 0.004430651 0.01364314 -0.01469445 0.005035996 0.01339805 -0.014674 0.005584955 0.01367437 -0.01462763 0.005755484 0.01415872 -0.01463907 0.005010366 0.01332777 -0.0146448 0.005669474 0.01366806 -0.01462566 0.005020678 0.01505237 -0.01462501 0.005766808 0.01416182 -0.01481246 0.005000233 0.01491546 -0.01482409 0.005848467 0.01416063 -0.01491403 0.005128622 0.01341545 -0.01486235 0.005818903 0.01443016 -0.01482474 0.00574994 0.01416081 -0.0146777 0.005786299 0.01416069 -0.01576942 0.004705548 0.01489919 -0.01574391 0.004149854 0.01404047 -0.01566916 0.004999876 0.01340788 -0.0156759 0.004340708 0.01369631 -0.01577234 0.005010604 0.014988 -0.01585274 0.005797386 0.01403027 -0.01590991 0.005010962 0.01332151 -0.01584851 0.005624234 0.01465898 -0.01590692 0.004994332 0.01335608 -0.01595526 0.004166424 0.01427215 -0.01603597 0.004787266 0.01489496 -0.01599085 0.004198551 0.01397264 -0.0160374 0.005000412 0.0149182 -0.01605278 0.005699157 0.01459485 -0.0161252 0.005618631 0.01370519 -0.01616251 0.005002558 0.01337522 -0.01610416 0.005712926 0.01457196 -0.01616334 0.004448056 0.01344448 -0.01624077 0.004201352 0.01429885 -0.01629 0.004996776 0.01494848 -0.01619446 0.004875898 0.01341283 -0.0162931 0.00520426 0.01489579 -0.01634103 0.005784392 0.01384288 -0.01641935 0.005218386 0.01341634 -0.01636534 0.005777716 0.01435756 -0.01641499 0.004956901 0.01341134 -0.01643037 0.004296004 0.01378464 -0.01650077 0.004672646 0.01490479 -0.01650851 0.004134654 0.01437586 -0.01565897 0.005003273 0.01337236 -0.01561611 0.005883574 0.01434469 -0.01553326 0.005000114 0.01491343 -0.0155512 0.005671203 0.0146166 -0.01559698 0.005657434 0.01375615 -0.0165432 0.003177881 0.009856522 -0.01566171 0.003493547 0.01137268 -0.01575803 0.004146218 0.01108229 -0.01578903 0.004290342 0.01051664 -0.01582056 0.003992378 0.01001453 -0.01585406 0.003535509 0.009869277 -0.01587265 0.00307852 0.01001381 -0.01590341 0.002780318 0.01051604 -0.01593428 0.002924442 0.01108199 -0.01596504 0.003426253 0.01137995 -0.01599645 0.00399208 0.01123619 -0.01602709 0.004289984 0.01073431 -0.01605683 0.004125952 0.01013821 -0.01608717 0.003499269 0.009859085 -0.01613181 0.002925276 0.01016891 -0.01616448 0.002780437 0.01073408 -0.01619631 0.003078281 0.01123636 -0.0162279 0.003644347 0.01138091 -0.01625031 0.0041911 0.01102215 -0.01630073 0.004271864 0.01044356 -0.01632142 0.003992795 0.01001417 -0.0163542 0.003535568 0.009869217 -0.01637285 0.00307846 0.01001375 -0.01640468 0.002779543 0.01051598 -0.01643544 0.002923905 0.01108241 -0.01646703 0.00340861 0.01137685 -0.01648175 0.004028499 0.01121234 -0.01653701 0.004295349 0.010643 -0.01654356 0.004025459 0.0100196 -0.01649779 0.003161728 0.00975871 -0.01647722 0.003950536 0.009786128 -0.01645207 0.004397869 0.01025652 -0.0164178 0.004419863 0.0109449 -0.01640057 0.004031479 0.01141452 -0.01636403 0.003439962 0.01155984 -0.0163381 0.002830088 0.01124155 -0.01632088 0.002608656 0.01072263 -0.01628988 0.002718746 0.01016616 -0.01626032 0.003212749 0.009746551 -0.01623171 0.003860712 0.009747624 -0.01620453 0.004353404 0.01016885 -0.0161373 0.004410386 0.01097196 -0.01611882 0.003737688 0.01154375 -0.01609885 0.003023862 0.01141017 -0.01606625 0.002622663 0.01085096 -0.01603972 0.0027166 0.01016932 -0.01601088 0.00320959 0.009746968 -0.01598161 0.003858268 0.009746611 -0.01593852 0.004391372 0.01023715 -0.01591211 0.004396021 0.01099896 -0.01588797 0.003909528 0.01148372 -0.01587301 0.003381252 0.01154208 -0.01584237 0.002900838 0.01131385 -0.01582473 0.002624034 0.01081877 -0.01579433 0.002673864 0.0102567 -0.01575952 0.003156363 0.009765923 -0.01574236 0.003763377 0.009722113 -0.01570618 0.004277408 0.01004928 -0.01568305 0.004469871 0.01071012 -0.01564097 0.004132151 0.01135498 -0.01560896 0.00339502 0.0115512 -0.01650017 0.003543734 0.0114575 -0.01656925 0.004190683 0.01023674 -0.01654291 0.004301488 0.01083976 -0.01658672 0.002897858 0.01125246 -0.0165891 0.003520131 0.01146417 -0.01658529 0.003968417 0.01125413 -0.01658505 0.004119038 0.0110991 -0.01654702 0.003336191 0.01136147 -0.01649576 0.00286442 0.01097846 -0.01648908 0.002837002 0.01030486 -0.0164256 0.003195226 0.009957373 -0.01652508 0.003112614 0.009798586 -0.0165522 0.002757847 0.01010811 -0.01658463 0.00260502 0.01068794 -0.01656877 0.003140628 0.00987339 -0.01656419 0.002723455 0.0102173 -0.01656538 0.002615869 0.01053941 -0.01651644 0.003100931 0.009797871 -0.01653116 0.003123998 0.009780228 -0.01642918 0.003192603 0.009949564 -0.01554179 0.00349152 0.01140624 -0.01562446 0.003394246 0.01156115 -0.01565068 0.003987669 0.01144182 -0.01568049 0.00438106 0.01103377 -0.01570284 0.004454672 0.01046937 -0.01573371 0.004170298 0.00992763 -0.01575928 0.003524422 0.009684681 -0.01579219 0.002883493 0.00994271 -0.01582044 0.002597093 0.01057219 -0.01584118 0.002748608 0.01112711 -0.01587414 0.003221094 0.01151418 -0.01590061 0.003911197 0.01148694 -0.01595503 0.004431068 0.01092553 -0.0159676 0.004355132 0.01016509 -0.01599448 0.003859639 0.00974214 -0.01602363 0.0032081 0.009743869 -0.01605021 0.002738058 0.01013541 -0.01607108 0.002602815 0.01065111 -0.0161007 0.002808153 0.01122766 -0.01614314 0.003536939 0.01157736 -0.01617217 0.004263103 0.01122617 -0.01619756 0.004471123 0.01061022 -0.01622784 0.004242658 0.0100001 -0.01625812 0.003626465 0.009691298 -0.01628577 0.002997636 0.009856104 -0.01631671 0.002613127 0.0104295 -0.0163424 0.002714753 0.01107454 -0.01638472 0.003276109 0.01153981 -0.01640397 0.003998816 0.01143908 -0.01643157 0.004405558 0.01098203 -0.0164662 0.004417002 0.01029139 -0.01650297 0.003879547 0.009744107 -0.01640266 0.003636419 0.009872257 -0.01637911 0.004101634 0.01011019 -0.01635116 0.004287004 0.01054942 -0.0163322 0.004191637 0.01101577 -0.01629686 0.003825306 0.01132559 -0.01628857 0.00327748 0.01134812 -0.01625645 0.002782046 0.01077598 -0.0161966 0.002971172 0.01010966 -0.01617413 0.003572642 0.009858548 -0.01615381 0.004227757 0.01029497 -0.01608675 0.004168927 0.01105237 -0.01604336 0.003713726 0.01136291 -0.01601588 0.003209829 0.01130992 -0.01600062 0.003012776 0.01116317 -0.01600015 0.003006875 0.01115727 -0.0160014 0.002810418 0.01085907 -0.0159552 0.002869427 0.01025545 -0.01593691 0.003350496 0.009881854 -0.01589095 0.00401932 0.01003003 -0.01585346 0.004285395 0.01051175 -0.01585602 0.004105567 0.01113992 -0.01578289 0.003436863 0.01138377 -0.01575434 0.002912998 0.01107376 -0.0157324 0.002821028 0.0103442 -0.01567053 0.003333985 0.009884834 -0.01564425 0.003929853 0.009972393 -0.01561707 0.004285871 0.01047873 -0.01557779 0.004147052 0.01108193 -0.01551783 0.003308296 0.01136153 -0.01537191 0.003389596 0.009880304 -0.01543551 0.002733647 0.01095658 -0.01545363 0.00275439 0.01029014 -0.01497113 0.003608167 0.0113874 -0.01501184 0.004147887 0.01108372 -0.01504355 0.004294037 0.01055258 -0.01506549 0.003996551 0.01000809 -0.01508724 0.003243982 0.009918272 -0.01515001 0.002782404 0.01047933 -0.0151754 0.00296837 0.01114022 -0.01522237 0.003608226 0.01138824 -0.01525807 0.004146277 0.01108223 -0.01529079 0.004291117 0.01062536 -0.01531648 0.004149913 0.01016598 -0.01533728 0.003608763 0.009863913 -0.01536893 0.002967953 0.010109 -0.01541876 0.002778172 0.0106253 -0.01543474 0.002924263 0.01108205 -0.01546531 0.00341767 0.01137793 -0.01549297 0.00408107 0.01117396 -0.0155397 0.004288792 0.01064842 -0.01563185 0.003087103 0.01001936 -0.01565253 0.002814829 0.01037418 -0.01568061 0.00283277 0.01092356 -0.01570254 0.003348708 0.0113793 -0.01562815 0.003380179 0.01156049 -0.01482033 0.004068434 0.0100913 -0.0148338 0.003642082 0.009874284 -0.01486361 0.002990663 0.0100792 -0.01491683 0.002779066 0.01073414 -0.01494705 0.003051221 0.01121151 -0.01556354 0.004153788 0.01017892 -0.01557469 0.003567457 0.00985217 -0.01557284 0.00271511 0.01110279 -0.01555502 0.002632439 0.01037836 -0.01553058 0.002944886 0.009899139 -0.01550585 0.003472983 0.009691894 -0.01548278 0.003984987 0.009809434 -0.01545894 0.004382252 0.01021558 -0.01543265 0.004450619 0.01082456 -0.01539653 0.004101157 0.01137709 -0.01537626 0.003477394 0.0115596 -0.01534372 0.002879977 0.01130324 -0.01531982 0.00260359 0.01071447 -0.01529538 0.002725422 0.01015633 -0.01525974 0.003259718 0.009718239 -0.01523232 0.003985762 0.009800076 -0.01521104 0.004351317 0.01018136 -0.01517087 0.004465401 0.01082259 -0.01512193 0.003861188 0.01152014 -0.01510649 0.003059387 0.01143592 -0.01507389 0.002631068 0.0108937 -0.01505339 0.002666652 0.01028388 -0.01502555 0.003023445 0.009836792 -0.01499116 0.003699302 0.009697258 -0.01496356 0.004284322 0.01005965 -0.01492273 0.004468441 0.01080858 -0.01486748 0.003867506 0.01151484 -0.01485121 0.003024041 0.01141774 -0.01482599 0.002623021 0.01085507 -0.01479393 0.002694904 0.01020783 -0.01476395 0.003203511 0.009742081 -0.01474219 0.003813982 0.009735226 -0.01472705 0.00419265 0.009965479 -0.01487159 0.003370821 0.009880483 -0.0149278 0.002734422 0.0108118 -0.01500338 0.003223896 0.01135265 -0.01494592 0.002850711 0.01018428 -0.01499921 0.003917276 0.01139205 -0.01508337 0.004222333 0.01020979 -0.01514619 0.003667771 0.009878933 -0.01504725 0.003832936 0.01137447 -0.01513147 0.003488183 0.009876191 -0.01516944 0.002836644 0.01027762 -0.01521509 0.003222644 0.01136523 -0.01525551 0.002983868 0.01134383 -0.01539665 0.003669261 0.009879648 -0.01524198 0.003680586 0.01137751 -0.01531028 0.004339575 0.01028251 -0.01532739 0.004331827 0.01097929 -0.015625 0.003388226 0.01154345 -0.01555782 0.00339061 0.01138466 -0.01473778 0.004196703 0.00992912 -0.01477819 0.003318846 0.009705066 -0.01481074 0.002686977 0.01020544 -0.01486229 0.00269401 0.01105386 -0.0148797 0.003336369 0.0115469 -0.01490533 0.004017591 0.01143258 -0.01493197 0.004405379 0.01096767 -0.01495593 0.004443764 0.01040101 -0.01498883 0.004084825 0.009859561 -0.0150122 0.003457129 0.009692907 -0.01503741 0.002929329 0.00991249 -0.01507121 0.002605438 0.01047605 -0.01510113 0.002775847 0.01118373 -0.01512479 0.003323018 0.01153689 -0.01515311 0.003931462 0.01147735 -0.01518696 0.004408597 0.01097953 -0.0152114 0.004413843 0.01028949 -0.01523977 0.004017293 0.009824156 -0.01526445 0.003419935 0.009692192 -0.01530975 0.002757549 0.01008033 -0.01535809 0.002662122 0.01100391 -0.01537394 0.003279268 0.0115292 -0.01541435 0.004002749 0.01144671 -0.01545828 0.004487395 0.01070612 -0.01548469 0.004163205 0.009922206 -0.01550525 0.003598451 0.009694814 -0.0155366 0.003005743 0.009844779 -0.01556396 0.002619266 0.0104165 -0.01561677 0.002782881 0.01120984 -0.01549214 0.002878308 0.01100283 -0.01547318 0.002781689 0.01049339 -0.01544028 0.003149211 0.009965598 -0.01539534 0.003756105 0.009896636 -0.01538145 0.004244267 0.01032543 -0.01533389 0.004182934 0.01103407 -0.01531624 0.003562092 0.01139909 -0.01525318 0.00300157 0.01115977 -0.01523023 0.002777934 0.01073497 -0.01520174 0.002887487 0.01023304 -0.01517713 0.003315448 0.009889483 -0.01514756 0.003961622 0.009990274 -0.01511085 0.004297912 0.01054757 -0.01507323 0.004146099 0.01107442 -0.015051 0.003757596 0.01135241 -0.01502203 0.003210663 0.01131731 -0.01499265 0.002802073 0.01084977 -0.01496118 0.002917587 0.01016718 -0.01491427 0.003500282 0.009860992 -0.01489788 0.004129886 0.01013636 -0.01484316 0.004287481 0.01069766 -0.014822 0.004078209 0.01116907 -0.01479017 0.003499925 0.01138693 -0.0147596 0.002944886 0.01111292 -0.01472032 0.002779126 0.01062548 -0.01470565 0.002966046 0.01010727 -0.01466077 0.003535389 0.009863495 -0.01463198 0.004064738 0.01007091 -0.01465499 0.003536999 0.00984621 -0.0146377 0.003760278 0.009890973 -0.01462727 0.003986179 0.01001685 -0.01486611 0.004137575 0.01004725 -0.01488286 0.003612995 0.009877979 -0.01477658 0.003542482 0.01138037 -0.01462537 0.004265546 0.0110569 -0.01462501 0.004078447 0.01008373 -0.01475816 0.00412023 0.01004087 -0.01462513 0.004065811 0.010095 -0.01575404 0.003526687 0.01144921 -0.01573657 0.002811789 0.01097327 -0.01568806 0.002973675 0.01007932 -0.0156477 0.003535628 0.009877383 -0.01563459 0.003018438 0.01002931 -0.01567846 0.002777218 0.01081734 -0.01573956 0.003535628 0.01137739 -0.01577162 0.004233658 0.01105988 -0.0158264 0.004077136 0.01004803 -0.01589494 0.00370419 0.009876966 -0.01582562 0.004310727 0.01102185 -0.01590114 0.003327667 0.009881615 -0.01591986 0.002675354 0.01064646 -0.01600944 0.003337085 0.01136666 -0.01597005 0.002752959 0.01064622 -0.01600486 0.003693282 0.01137423 -0.01605278 0.004336774 0.01043778 -0.01612979 0.003798365 0.00988388 -0.01607877 0.004278659 0.01091891 -0.01612162 0.003370285 0.009881854 -0.01617759 0.002734303 0.01081264 -0.01625764 0.003374874 0.01137048 -0.01620441 0.002743065 0.01031291 -0.01625061 0.003937423 0.01137173 -0.01633334 0.00422275 0.01020973 -0.0163961 0.003667712 0.009880423 -0.01629799 0.003847897 0.01136791 -0.01636731 0.003378093 0.009880661 -0.0164299 0.002811312 0.01031452 -0.01648646 0.003301799 0.01136678 -0.01563543 0.003929257 0.009883344 -0.01556861 0.004297733 0.0106253 -0.01557588 0.004075825 0.01006329 -0.01556742 0.004195213 0.01110649 -0.0155062 0.003535091 0.0113666 -0.01551544 0.004125654 0.01113694 -0.01554363 0.004285752 0.0106253</float_array>
          <technique_common>
            <accessor source="#_左侧肩部_-_转换实体1__002-mesh-positions-array" count="6484" stride="3">
              <param name="X" type="float"/>
              <param name="Y" type="float"/>
              <param name="Z" type="float"/>
            </accessor>
          </technique_common>
        </source>
        <source id="_左侧肩部_-_转换实体1__002-mesh-normals">
          <float_array id="_左侧肩部_-_转换实体1__002-mesh-normals-array" count="18102">0.1827924 -0.7437117 -0.6430242 -0.03073036 -0.8896905 -0.455529 -0.09032189 -0.3980495 -0.9129068 0.05802655 -0.9382506 0.3410556 -0.1289327 -0.7941418 0.5938982 0.253569 -0.3854181 0.887218 -0.06427764 -0.6983907 -0.7128246 0.01800078 -0.9961287 0.08604472 -0.03972929 -0.7148354 -0.6981633 0.03610295 -0.990118 -0.1355109 0.1358656 -0.7114992 -0.689427 -0.0313934 -0.9736097 -0.2260504 -0.05411237 -0.5531648 -0.8313126 0.05554103 -0.9460664 0.3191764 -0.1379006 -0.6576489 0.7405954 0.03986036 -0.4808964 0.875871 -0.02608287 -0.6430137 0.7654104 0.02258092 -0.9862774 0.1635448 0.005903363 -0.6147897 0.788669 -0.02093678 -0.9981948 0.05629312 0.01386016 -0.7886218 -0.6147224 -0.007330834 -0.6444242 0.7646331 0.03741514 -0.9859024 0.1630848 0.04282075 -0.5993831 0.7993161 -0.01826405 -0.9986516 0.04859405 0.0137794 -0.7886535 -0.6146835 -0.02608335 -0.6430138 0.7654103 0.0225811 -0.9862773 0.1635456 0.005903363 -0.6147895 0.7886692 -0.02093708 -0.9981948 0.05629289 0.01386052 -0.7886222 -0.614722 0.70949 -0.6955034 0.1135743 0.2164558 -0.9754775 -0.03988343 0.8313128 -0.5531645 -0.05411189 -0.2546063 -0.9654 0.05637824 -0.7277259 -0.6767585 -0.1114135 -0.8396949 -0.5417101 0.038248 0.08181548 -0.9965578 0.01337611 0.6197724 -0.7732329 0.1341387 -0.3399311 -0.9360327 0.09104782 0.7220917 -0.6917843 0.004245519 -0.78037 -0.618295 -0.0934568 -0.8815097 -0.4705381 0.03917354 -0.1274859 -0.9914921 0.02628403 0.6267001 -0.7786935 0.0297228 -0.1197321 -0.9898133 0.07703167 0.6440924 -0.7649365 0.004160702 -0.8303829 -0.5558942 -0.03802543 -0.801581 -0.5978181 0.009033501 -0.882151 0.4709565 0.00310707 -0.8807283 0.4735935 0.005167961 -0.8783749 0.477896 0.008540689 -0.5 0.8660255 0 -0.4999999 0.8660255 0 -0.5 0.8660255 0 0.2453362 0.9693878 -0.009870827 0.2458106 0.9692726 -0.009377539 0.2790578 0.9599353 0.02551817 0.2113254 0.9763835 -0.04490977 0.8660254 0.5 0 0.8660254 0.5000001 0 0.8660255 0.4999999 0 0.9585295 -0.2834264 -0.02984452 0.9583668 -0.2840449 -0.0291832 0.9374559 -0.3459659 0.03852456 0.9710234 -0.2177042 -0.09858238 0.5 -0.8660254 0 0.5000001 -0.8660254 0 -0.246463 -0.9690454 -0.01439511 -0.2468892 -0.9689433 -0.01395201 -0.2793465 -0.9599798 0.02010792 -0.2131431 -0.9758056 -0.04871755 -0.8660254 -0.5 0 -0.8660254 -0.5000001 0 -0.8660255 -0.5 0 -0.6444233 0.7646339 0.007331609 -0.5993821 0.7993171 -0.04281944 -0.9885975 0.1453074 -0.03950595 -0.9990249 0.04387563 -0.004946231 -0.7844612 -0.618049 -0.05134516 -0.9887775 -0.1410617 -0.04920005 -0.7751114 0.630807 -0.03584718 -0.9869036 -0.1162812 -0.1118043 -0.7583777 0.651802 -0.004170596 -0.5830562 -0.8117184 -0.03404408 -0.5317746 -0.8465486 0.02390044 -0.9798561 0.1993892 0.01122194 -0.7271701 0.67741 -0.1110827 -0.9828235 -0.1669086 -0.07873719 -0.6424333 0.7663298 -0.004273355 -0.7458131 -0.6646559 0.04466933 -0.6244909 -0.7741512 -0.1034463 0.5287374 0.848553 -0.01986378 0.534272 0.8452425 -0.0108993 0.5175011 0.8548498 -0.03774446 0.545029 0.8383893 0.006839096 0 1 0 0.5193126 0.8520991 -0.06512951 0.4783264 0.8781775 0.002872347 0.4923453 0.8701756 -0.01976871 0.449253 0.8921123 0.04803532 0.8660256 0.4999999 6.65641e-7 0.8660256 0.4999999 0 0.8660256 0.4999999 0 0.9700155 0.2425376 0.0156725 0.9640834 0.2655978 -9.41007e-4 0.9663669 0.257115 0.005189061 0.8660252 -0.5000004 0 0.8660258 -0.4999995 0 0.8660251 -0.5000006 0 0.8660258 -0.4999993 0 0.4848391 -0.8729622 0.05355447 0.5062958 -0.8621239 0.02017462 0.5166018 -0.8562182 0.003635823 0.5366275 -0.843302 -0.02954161 -0.5379617 -0.8415132 -0.04952466 -0.7523914 -0.6584048 -0.02025943 -0.9128353 -0.4024125 -0.06925243 -0.9573431 -0.2834252 0.05625241 -0.2126519 -0.97694 -0.0191698 -0.3072426 -0.9503077 0.05017393 -1 0 0 -0.9513741 -0.306756 -0.02807283 -0.8190106 -0.5732961 0.02352458 -0.962539 -0.2698069 0.02688837 -0.6830813 -0.7297077 0.03044223 -0.4182563 -0.9081201 0.01948237 -0.3860188 -0.9212526 -0.04778498 0.3512411 -0.9361651 0.01499235 0.709276 -0.7047556 -0.01572239 0.3454807 -0.938054 0.02642065 0.6888551 -0.7241828 -0.03222036 0.9318226 -0.3629007 -0.003155708 0.9357247 -0.3522611 0.01820927 1 0 0 -0.1219051 -0.9922199 -0.0252791 -0.5296089 -0.8480451 0.01828116 -0.5626016 -0.8261499 -0.03091704 0.08754503 -0.9922407 0.0882855 0.7488432 -0.6553293 0.09888052 0.8403038 -0.5256201 0.1327145 0.9630095 -0.2318549 -0.137318 -0.8660259 -0.4999993 0 -0.8660247 -0.5000014 0 -0.8660247 -0.5000013 0 -0.8660259 -0.4999992 0 -0.8996592 -0.4365856 0.002546191 -0.9049735 -0.425468 2.88636e-4 -0.9042895 -0.4269194 5.82605e-4 -0.8989564 -0.4380292 0.00284034 -0.8660261 -0.4999991 0 -0.8660256 -0.4999997 0 -0.8660256 -0.4999997 0 -0.8660252 -0.5000004 0 -0.8660308 -0.4999909 9.5895e-7 -0.8660254 -0.5000001 -5.71773e-7 -0.8660262 -0.4999989 -1.34582e-6 -0.8660245 -0.5000018 -1.32785e-6 -0.8660409 -0.4999732 2.71915e-6 -0.8660249 -0.500001 -1.80891e-6 -0.866024 -0.5000024 -3.95567e-6 -0.8660251 -0.5000006 0 -0.8660243 -0.500002 0 -0.8660256 -0.4999997 0 -0.1009232 -0.06339609 -0.9928724 -0.07843953 -0.05525052 -0.9953867 -0.04032248 -0.04140597 -0.9983285 -1.2441e-6 -7.61731e-7 -1 -3.34815e-6 -2.03194e-6 -1 -2.75696e-6 -1.94583e-7 -1 -1.61807e-6 3.95246e-7 -1 1.16927e-6 2.09953e-7 -1 0 5.354e-7 -1 0 5.35401e-7 -1 0 5.354e-7 -1 0 5.354e-7 -1 -0.07375419 -0.4100801 -0.9090625 0.002232015 -0.366904 -0.9302562 -0.0305137 -0.3858761 -0.922046 0 -0.7071063 -0.7071074 0 -0.7071063 -0.7071073 0 -0.7071061 -0.7071075 -0.05925327 -0.9369914 -0.3442911 0.01713627 -0.9207578 -0.389758 -0.01580518 -0.9286853 -0.3705319 0 -1 0 -0.05925238 -0.9060039 0.4191017 0.01713579 -0.9266747 0.3754736 -0.01580512 -0.9186854 0.3946737 0 -0.7071067 0.7071069 0 -0.7071067 0.7071068 0 -0.7071063 0.7071073 -0.07510751 -0.3531293 0.9325549 0.001914918 -0.3992816 0.9168265 -0.03126996 -0.3798031 0.9245388 0 0 1 2.08686e-7 0 1 2.27675e-7 0 1 0 0 1 2.60381e-6 0 1 -0.03272312 -0.03864127 0.9987172 -0.08690273 -0.05828112 0.9945105 -0.04309368 -0.04240751 0.9981707 -0.1127281 -0.06761103 0.991323 -0.7162938 -0.3841403 0.5825456 -0.7177075 -0.4003476 0.5697523 -0.7180207 -0.4044784 0.5664306 -0.8660256 -0.4999998 0 -0.8660261 -0.4999989 0 -0.8660248 -0.5000011 0 -0.8660268 -0.4999975 0 -0.8660247 -0.5000014 -6.30798e-7 -0.8660244 -0.5000018 0 -0.8660245 -0.5000016 5.52724e-7 -0.8660234 -0.5000035 2.77982e-6 -0.8660249 -0.5000011 -3.713e-7 -0.8660246 -0.5000017 -7.23811e-7 -0.8660255 -0.4999999 0 -0.8660255 -0.5 0 -0.9705827 -0.2407616 0.00173527 -0.9705488 -0.2408994 0.001636922 -0.9704906 -0.2411347 0.001468837 -0.7913035 0.6100475 0.04099881 -0.8023322 0.5968009 0.009590625 -0.7800594 0.621738 0.07035195 -0.8115467 0.5839707 -0.01924252 -0.08422935 0.9964404 0.003452003 -0.1496093 0.9883388 0.02834409 -0.07650578 0.997069 5.20803e-4 -0.1692934 0.9849129 0.03586643 0 1 0 0 1 -2.69695e-7 0 1 -3.83441e-7 0.09782421 0.9497773 0.2972434 -0.02672141 0.9664437 0.2554847 0.06244093 0.9562369 0.2858535 0.06621563 -0.7038778 0.7072281 -0.03666019 -0.4794806 0.8767865 -0.01690703 -0.9275874 0.3732234 4.02538e-4 -0.9215483 0.3882638 -0.04635602 0.2659457 0.9628728 0.0314542 0.6348519 0.7719934 -0.1436222 0.427937 0.8923243 0.02807289 -0.9513741 0.3067564 -0.01954746 -0.8242645 0.5658674 -0.02688837 -0.9625387 0.2698077 -0.01384156 -0.6904285 0.7232683 0.03590345 -0.4193583 0.9071106 0.124123 -0.3748216 0.9187505 0.03823405 0.3134457 0.9488362 -0.0202288 0.561896 0.8269605 -0.0268889 0.2698071 0.962539 -0.05296373 0.7525134 0.6564438 -0.0369265 0.9173932 0.3962654 0.05166 0.9349815 0.3509147 0.04133486 -0.2373636 0.9705411 0.1156508 -0.2807376 0.9527914 -0.03448736 0.4491735 0.8927788 -0.04193282 0.8997909 0.4343017 0.03264993 0.9284162 0.3701044 -0.02103477 -0.951466 0.307034 0.02944439 -0.9566816 0.2896437 -0.006746649 -0.9532209 0.3021993 0 -1 -1.42496e-7 0 -1 4.42269e-7 0 -1 7.49382e-7 0 -1 1.12143e-6 0 -1 0 0.5402202 -0.8399019 0.052221 0.7552757 -0.6549249 0.02514582 0.9138671 -0.3987206 0.07660895 0.9582694 -0.2821157 -0.04615765 0.2131671 -0.9767733 0.021766 0.3092697 -0.9497299 -0.04863536 1 0 0 1 0 1.2891e-7 1 0 1.5522e-7 0.8440666 -0.5346594 0.04112243 0.5736145 -0.819028 0.01264458 0.8517474 -0.5238854 0.00839591 -0.7041258 -0.6973539 -0.1338075 -0.9188545 -0.3942083 -0.01750349 -0.3255084 -0.944569 0.04282337 -0.9391847 -0.2973853 0.1717388 -1 0 0 -1 0 1.2891e-7 -1 0 1.5522e-7 -0.781012 -0.6115814 -0.1264455 -0.5916649 -0.8015794 -0.08604192 -0.4795473 -0.8726233 0.09253704 -0.9691396 -0.2412741 0.05054813 -0.8424877 -0.5088154 -0.1769788 0 -1 9.73578e-7 0 -1 7.49383e-7 0 -1 0 0 -1 -4.52225e-7 -0.0660566 -0.9593546 0.2743636 0.04249113 -0.9491201 0.3120346 0.01164907 -0.9533209 0.3017343 -0.0335828 -0.4429372 0.8959235 0.009206235 -0.4802716 0.8770716 0.008870661 -0.4799855 0.8772317 0.09924787 0.7307247 0.6754194 0.03650319 0.7061772 0.7070935 -0.006662905 0.687072 0.7265589 0 1 1.3772e-7 0 1 0 1.55221e-7 1 1.91835e-7 0.05231219 0.4689359 0.8816818 -0.05231219 -0.4689356 0.8816818 0.08563351 0.5768722 0.8123332 -0.02046197 0.8689792 0.4944255 0.02046197 -0.8689791 0.4944256 0.02597683 -0.8699153 0.4925168 -0.08563351 -0.5768719 0.8123335 0 -1 1.3772e-7 0 -1 0 -0.07527941 -0.6473306 0.7584829 0.04724681 -0.7049277 0.7077038 -0.003226459 -0.6829367 0.7304705 -0.03119409 0.5298627 0.8475097 0.01059985 0.4949883 0.868835 0.01028984 0.4952533 0.8686878 -0.07740402 0.9613596 0.2641903 0.01934581 0.9542477 0.2983909 -0.04984182 0.9603664 0.2742485 0.04678094 0.9503888 0.307527 -0.02169936 0.9957954 0.08899807 0.04243826 0.9967042 0.06913542 0.02725356 0.9968953 0.07387149 -0.03688675 0.9949219 0.09364706 0.07671976 0.9817999 0.1737336 0.1141304 0.9893075 0.09080189 0.2596633 0.9462182 0.1929929 -0.04318416 0.9836973 0.1745707 0.1301146 0.9478563 0.2909275 -0.04550606 0.9844765 0.1695153 0.1791667 0.9804924 0.08083325 0.3889873 0.9210065 0.02088159 0.4070326 0.9089251 0.09044253 0.3786573 0.9187909 -0.1115438 0.3823738 0.9195566 -0.09058707 0.5450235 0.8384209 0 0.5450235 0.8384208 0 0.6600813 0.7477828 0.07150983 0.6438637 0.7618243 -0.07115685 0.6462174 0.761088 -0.05610978 0.7346169 0.6588301 -0.1621145 0.8092463 0.5839657 -0.06406754 0.7925936 0.6085461 -0.03830146 0.8231539 0.5525665 -0.1307201 0.6995191 0.711029 -0.07149046 0.8010851 0.5985488 -0.00142771 0.7798382 0.5731931 -0.251599 0.8666578 0.4850358 -0.1168106 0.8600711 0.4969808 -0.1152726 0.8600384 0.4970749 -0.1151112 0.860054 0.4970303 -0.1151877 0.8600212 0.4971243 -0.1150263 0.6290299 0.3506737 0.6937936 0.6289874 0.3500956 0.6941239 0.6273974 0.3305421 0.7050635 0.009582161 0.01047742 0.9998993 0.009582161 0.01047742 0.9998993 -4.01286e-7 0 1 0 0 1 1.67792e-7 0 1 -6.85639e-7 0 1 0.3980478 0.07258397 0.9144887 0.3596077 0.005407512 0.933088 0.3763789 0.03423225 0.9258332 0.3367988 -0.03269928 0.9410088 0.7071067 0 0.7071069 0.7071068 0 0.7071068 0.7071063 0 0.7071073 0.9288017 -0.04822671 0.3674259 0.9223147 -0.01732492 0.3860514 0.9166493 0.005815267 0.3996503 0.9080255 0.03665208 0.4173086 0.9215511 0.02972495 -0.3871177 0.9070348 -0.02712827 -0.4201812 0.9158185 0.005281865 -0.4015577 0.7071067 0 -0.707107 0.7071066 0 -0.7071071 0.7071068 0 -0.7071068 0.353183 0.07306838 -0.9326965 0.3983027 -0.002270996 -0.9172512 0.379243 0.03020119 -0.9248042 0 0 -1 -9.58669e-7 0 -1 -2.95318e-7 0 -1 -1.25399e-6 0 -1 4.3886e-6 1.24574e-6 -1 -6.52934e-6 -1.71569e-6 -1 1.25291e-6 3.952e-7 -1 -1.35552e-5 -3.62141e-6 -1 0.5948964 0.4092093 -0.6918425 0.5917304 0.3571787 -0.7226884 0.5917036 0.3568469 -0.7228743 0.5864334 0.304174 -0.7507156 0.8660256 0.4999999 6.59375e-7 0.8660249 0.5000008 1.10209e-6 0.8660263 0.4999985 0 0.8660242 0.5000023 1.76146e-6 0.8660252 0.5000004 -9.54992e-7 0.8660249 0.5000008 -1.0283e-6 0.866026 0.499999 -1.10157e-6 0.8660252 0.5000002 -1.20594e-6 0.8660249 0.500001 -1.08038e-6 0.8660246 0.5000014 -1.18032e-6 0.8660264 0.4999983 -1.31942e-6 -0.9622084 -0.2722719 0.004810035 -0.9693951 -0.2454579 -0.004860997 -0.9593396 -0.2821297 0.008385956 -0.9718403 -0.2354896 -0.008435904 0.1274862 0.991492 0.02628397 -0.6266995 0.778694 0.02972263 0.1197325 0.9898133 0.07703137 -0.6440919 0.764937 0.004160344 0.8303828 0.5558943 -0.03802478 0.8015807 0.5978182 0.00903362 -0.70949 0.6955034 0.1135743 -0.2164558 0.9754775 -0.03988343 -0.8313128 0.5531645 -0.05411189 0.2546063 0.9654 0.05637824 0.7277259 0.6767585 -0.1114135 0.8396949 0.5417101 0.038248 -0.08332967 0.9963398 0.01906126 -0.6171574 0.7743629 0.139567 0.347614 0.9327558 0.09555804 -0.7240812 0.6897017 0.004247188 0.7797476 0.6190159 -0.09387862 0.8825138 0.4686504 0.03919404 0.02608287 0.6430137 0.7654104 -0.02258092 0.9862774 0.1635448 -0.005903363 0.6147897 0.788669 0.02093678 0.9981948 0.05629312 -0.01386016 0.7886218 -0.6147224 0.007330834 0.6444242 0.7646331 -0.03741514 0.9859024 0.1630848 -0.04282075 0.5993831 0.7993161 0.01826405 0.9986516 0.04859405 -0.0137794 0.7886535 -0.6146835 0.02608335 0.6430138 0.7654103 -0.0225811 0.9862773 0.1635456 -0.005903363 0.6147895 0.7886692 0.02093708 0.9981948 0.05629289 -0.01386052 0.7886222 -0.614722 -0.1827924 0.7437117 -0.6430242 0.03073036 0.8896905 -0.455529 0.09032189 0.3980495 -0.9129068 -0.05802655 0.9382506 0.3410556 0.1289327 0.7941418 0.5938982 -0.253569 0.3854181 0.887218 0.06427764 0.6983907 -0.7128246 -0.01800078 0.9961287 0.08604472 0.03972929 0.7148354 -0.6981633 -0.03610295 0.990118 -0.1355109 -0.1358656 0.7114992 -0.689427 0.0313934 0.9736097 -0.2260504 0.05411237 0.5531648 -0.8313126 -0.05554103 0.9460664 0.3191764 0.1379006 0.6576489 0.7405954 -0.03986036 0.4808964 0.875871 0.9908226 0.1314167 -0.03162837 0.7786935 -0.6267002 -0.02972269 0.9887264 0.128438 -0.07696604 0.7649367 -0.6440922 -0.004160523 0.5902736 0.8070588 -0.0152744 0.5555229 0.8311648 0.02365332 0.9908226 0.1314167 -0.0316286 0.778693 -0.6267007 -0.0297228 0.9887264 0.1284382 -0.0769664 0.7649356 -0.6440933 -0.004160463 0.5902732 0.8070591 -0.01527458 0.555522 0.8311655 0.0236532 0.9972445 0.05854374 -0.04556447 0.7471734 -0.6635126 -0.03851038 0.9933668 0.06287842 -0.09627509 0.7267768 -0.6868608 -0.004211664 0.8660243 0.5000022 6.52387e-7 0.8660243 0.5000022 7.88912e-7 0.866024 0.5000025 1.36525e-7 0.3410531 -0.5887066 0.7328761 0.3407049 -0.5882235 0.7334258 0.3339657 -0.5788581 0.7439021 -9.30825e-7 0 1 -2.66587e-7 0 1 6.79121e-7 0 1 0 0 1 1.43318e-6 0 1 1.24662e-7 0 1 3.23682e-6 0 1 3.77315e-7 0 1 0 0 1 1.40739e-6 0 1 1.08383e-6 0 1 2.43284e-6 0 1 -7.13379e-7 0 1 -9.47008e-7 0 1 -7.31881e-7 0 1 -3.12578e-7 0 1 3.75612e-7 0 1 -2.02124e-6 0 1 8.38284e-7 0 1 -1.62947e-6 0 1 -1.18004e-6 0 1 8.68025e-7 0 1 -3.87198e-6 0 1 -1.02366e-6 0 1 -2.29059e-6 0 1 9.87326e-7 0 1 0 0 1 1.84359e-7 0 1 1.5199e-6 0 1 8.66942e-7 0 1 -1.50634e-7 0 1 -1.59727e-7 0 1 -2.5681e-6 0 1 1.38896e-6 0 1 6.18084e-7 0 1 -3.40187e-6 0 1 3.9776e-7 0 1 -1.72929e-6 0 1 -1.98493e-7 0 1 -3.82137e-7 0 1 2.84173e-6 0 1 2.99549e-6 0 1 0.2425506 -0.9701387 4.08539e-4 0.279959 -0.9600121 -1.2047e-4 0.280285 -0.9599169 -1.25106e-4 0.2422187 -0.9702216 4.13207e-4 0 -1 4.95797e-6 0 -1 5.35889e-7 0 -1 2.24667e-7 0 -1 0 0 -1 0 0 -1 -4.09842e-7 0 -1 -4.40549e-6 0 -1 0 0.830133 -0.5575653 4.77266e-4 0.8670454 -0.4982273 -0.001419603 0.8676761 -0.497128 -0.001453995 0.8294721 -0.5585482 5.09414e-4 1 -8.28164e-7 0 1 1.3613e-7 0 1 1.39133e-6 0 1 -2.76633e-7 0 1 1.99214e-7 0 1 -8.74798e-7 0 1 1.46342e-7 0 1 4.10296e-7 0 0.4999756 -0.8660395 -2.31439e-5 0.5000284 -0.866009 -3.87068e-6 0.4998859 -0.8660914 4.47538e-6 0.4998565 -0.8661084 4.73596e-6 0.500005 -0.8660225 -1.30708e-7 0.5000027 -0.8660238 1.72201e-7 0.5001681 -0.8659284 3.29645e-6 0.5001997 -0.8659101 1.77388e-6 0.5000267 -0.8660101 -2.26395e-5 0.5000267 -0.8660101 6.79324e-7 0.5000015 -0.8660247 1.04151e-4 0.4999703 -0.8660426 -2.55075e-5 0.4999743 -0.8660404 2.64698e-6 0.5000371 -0.866004 -2.7368e-5 0.5000327 -0.8660067 3.29288e-6 0.7067462 -0.001748144 -0.7074651 0.3360275 -0.00209248 -0.9418499 0.3860694 0.003845214 -0.9224618 0.7040525 0.001438796 -0.7101466 0.9434073 -0.002187609 -0.3316292 0.9413873 -0.001497149 -0.3373244 1 -3.22474e-6 0 1 -7.29977e-7 0 1 -1.38209e-7 0 1 0 0 1 -3.52022e-7 0 1 0 0 1 9.73153e-7 0 1 -2.17871e-6 0 1 1.95913e-6 0 1 2.16694e-7 0 1 -1.20662e-6 0 1 -4.05957e-7 0 1 -8.32637e-7 0 1 -1.78251e-6 0 1 -9.74839e-7 0 1 9.36272e-7 0 1 0 0 1 -6.97217e-7 0 1 -4.08225e-7 0 1 6.84849e-7 0 1 -2.92873e-6 0 1 -1.61374e-7 0 1 0 0 1 9.31825e-7 0 1 -1.23027e-6 0 1 -1.04655e-6 0 1 -3.6788e-7 0 1 -2.4482e-6 0 1 -5.66625e-7 0 1 8.3089e-7 0 1 -3.19103e-7 0 1 0 0 1 0 0 1 4.12072e-7 0 1 -2.3819e-7 0 1 2.19655e-6 0 1 3.58482e-7 0 1 -8.38604e-7 0 -0.3983631 -0.00144428 -0.9172266 -0.7791965 -0.003542244 -0.6267697 -0.6868249 0.006534576 -0.7267935 -0.9064186 0.0128805 -0.4221841 -0.9784889 -0.009143412 -0.2060967 -1 1.46788e-7 0 -1 0 0 -1 -1.36984e-6 0 -1 5.01258e-7 0 -1 -3.85721e-7 0 -1 2.61665e-6 0 -1 3.61129e-7 0 -1 -2.82877e-7 0 -1 0 0 -1 -1.02709e-6 0 -1 0 0 -1 -2.9331e-7 0 -1 0 0 -1 -6.22052e-7 0 -1 9.14721e-7 0 -1 1.02709e-6 0 -1 -2.0359e-7 0 -1 -8.12066e-7 0 -1 -2.33686e-7 0 -1 -1.99682e-6 0 -1 0 0 -1 2.15223e-7 0 -1 4.39684e-7 0 -1 0 0 -1 1.08893e-6 0 -1 -1.64393e-6 0 -1 0 0 -1 2.42889e-7 0 -1 1.4965e-6 0 -1 2.46034e-7 0 -1 9.13947e-7 0 -1 1.37798e-7 0 -1 2.16694e-7 0 0 0 -1 0 0 -1 0 0 -1 0 0 -1 0 0 -1 0 0 -1 0 0 -1 0 0 -1 0 0 -1 0 0 -1 0 0 -1 0 0 -1 0 0 -1 0 0 -1 0 0 -1 0 0 -1 0 0 -1 0 0 -1 0 0 -1 0 0 -1 0 0 -1 0 0 -1 0 0 -1 0 0 -1 -0.3764604 0.6543576 -0.6558154 -0.2328789 0.3862538 -0.8925108 -0.3936594 0.6671966 -0.6323615 -0.1821251 0.3222888 -0.9289566 -0.4841806 0.8315128 -0.2723155 -0.4855437 0.8409829 -0.2387369 1.07145e-6 0 -1 -4.02834e-7 0 -1 -5.16413e-7 0 -1 -2.584e-6 0 -1 -2.35642e-7 0 -1 3.47695e-6 0 -1 -1.75556e-6 0 -1 1.67136e-6 0 -1 2.13072e-6 0 -1 -2.77766e-7 0 -1 -3.3156e-6 0 -1 -1.35535e-6 0 -1 8.36724e-6 0 -1 8.31684e-7 0 -1 8.0184e-7 0 -1 5.69793e-7 0 -1 -6.65913e-7 0 -1 -1.5311e-6 0 -1 -2.54543e-6 0 -1 -3.34258e-6 0 -1 -8.40141e-7 0 -1 -6.35522e-6 0 -1 2.6722e-6 0 -1 1.67362e-6 0 -1 -8.20103e-7 0 -1 1.63289e-6 0 -1 4.41412e-7 0 -1 -1.4158e-7 0 -1 -7.22293e-7 0 -1 2.33636e-6 0 -1 7.58358e-7 0 -1 -7.50345e-7 0 -1 -1.44828e-6 0 -1 -1.40872e-6 0 -1 0 0 -1 7.74054e-7 0 -1 2.81611e-6 0 -1 9.0177e-6 0 -1 1.47291e-6 0 -1 2.62775e-6 0 -1 -3.98297e-7 0 -1 3.54764e-6 0 -1 1.73013e-6 0 -1 9.22715e-7 0 -1 3.11808e-6 0 -1 -0.218213 0.9759008 -9.85522e-4 -0.2703852 0.9627515 0.001254975 -0.2167537 0.9762259 -0.00104773 0 1 -4.95797e-6 0 1 -2.67883e-7 0 1 -5.35889e-7 0 1 0 0 1 0 0 1 -2.937e-6 0 1 -2.73228e-7 0 1 0 0 1 0 -0.8395256 0.5433195 8.81357e-4 -0.8377358 0.5460747 0.001152575 -0.8694267 0.4940468 -0.003876209 -0.8710892 0.4911072 -0.004154682 -1 0 0 -1 0 0 -1 -1.3613e-7 0 -1 -1.65161e-6 0 -1 5.44066e-7 0 -1 -1.40469e-6 0 -1 8.36871e-7 0 -1 -8.3437e-7 0 -0.3515236 0.6053449 0.7141349 -0.4570727 0.7995445 0.3896324 -0.4716906 0.8127998 0.3418548 -0.3294126 0.5750976 0.7488324 -0.1630851 0.2790908 0.9463148 -0.168734 0.2921695 0.9413638 -0.5000621 0.8659896 5.36768e-5 -0.5000066 0.8660217 -1.50645e-7 -0.4998517 0.8661112 -5.22369e-6 -0.4999664 0.8660449 2.88412e-6 -0.499813 0.8661334 -3.8066e-6 -0.5000039 0.8660231 -2.0321e-7 -0.5000967 0.8659697 0 -0.4999154 0.8660742 6.74094e-5 -0.5001194 0.8659566 4.81088e-6 -0.4999992 0.866026 -2.87406e-7 -0.499988 0.8660316 0.001164495 -0.5002976 0.8658536 3.18578e-5 -0.500343 0.8658273 -3.05879e-4 -0.4995967 0.866258 -3.09022e-4 -0.4996435 0.8662312 -1.52929e-5 -0.7415155 -0.001799166 0.6709333 -0.6783477 0.004647195 0.7347264 -0.6814839 0.004340708 0.7318202 -1 0 0 -1 0 0 -1 0 0 -1 -2.07335e-7 0 -1 5.51191e-7 0 -1 -2.74228e-7 0 -1 2.86323e-6 0 -1 1.52077e-6 0 -1 1.33075e-6 0 -1 -1.46495e-6 0 -1 0 0 -1 4.23804e-6 0 -1 3.39401e-7 0 -1 3.08763e-7 0 -1 -8.32636e-7 0 -1 -1.78251e-6 0 -1 -7.1472e-7 0 -1 -2.41158e-7 0 -1 -1.32871e-7 0 -1 3.69785e-7 0 -1 4.28318e-7 0 -1 -1.12971e-6 0 -1 2.21539e-6 0 -1 2.94166e-7 0 -1 -3.394e-7 0 -1 4.96425e-7 0 -1 3.31932e-7 0 -1 -1.96012e-6 0 -1 0 0 -1 2.76143e-7 0 -1 1.19781e-6 0 -1 3.66092e-7 0 -1 0 0 -1 0 0 -1 4.58629e-7 0 0.7402592 0.002323925 0.6723177 0.6750884 -0.004689514 0.7377219 0.6784188 -0.004346549 0.7346626 1 -2.01082e-7 0 1 1.12137e-6 0 1 -7.07345e-7 0 1 7.14899e-7 0 1 0 0 1 -4.34543e-7 0 1 2.61665e-6 0 1 5.48455e-7 0 1 0 0 1 -2.05664e-7 0 1 3.27278e-7 0 1 1.33008e-7 0 1 0 0 1 -1.303e-6 0 1 -1.8719e-6 0 1 1.88509e-7 0 1 6.93996e-7 0 1 -1.32645e-7 0 1 -2.44719e-7 0 1 -5.48455e-7 0 1 1.99682e-6 0 1 3.09652e-7 0 1 0 0 1 2.13977e-7 0 1 2.92858e-7 0 1 -9.07466e-7 0 1 -3.40862e-7 0 1 0 0 1 -8.66776e-7 0 1 8.2597e-7 0 1 8.66776e-7 0 1 -3.09652e-7 0 1 -4.89611e-7 0 1 -1.99682e-6 0 1 7.98883e-7 0 1 -2.85303e-7 0 1 0 0 1 -4.81481e-6 0 1 1.56325e-6 0 -1.22284e-7 0 1 -3.7063e-7 0 1 0 0 1 0 0 1 0 0 1 0 0 1 0 0 1 0 0 1 -1.54533e-7 0 1 0 0 1 0 0 1 0 0 1 0 0 1 0 0 1 2.7848e-7 0 1 0 0 1 0 0 1 0 0 1 -1.22897e-7 0 1 0 0 1 0 0 1 0 0 1 0 0 1 0 0 1 0 0 1 0 0 1 0 0 1 0 0 1 0 0 1 0 0 1 0 0 1 0 0 1 0 0 1 0 0 1 -2.7233e-7 0 1 -1.20788e-7 0 1 0 0 1 0 0 1 -1.2613e-7 0 1 1.73506e-7 0 1 2.47252e-7 0 1 0 0 1 -0.9722231 -0.2236038 0.06916439 -0.9840417 -0.1382713 0.111996 -0.07649201 -0.9052729 -0.4178876 0.2936801 -0.8410941 -0.4542165 -0.4606555 -0.5766057 0.6747759 -0.4606554 -0.5766057 0.6747759 -0.4606554 -0.5766057 0.6747758 -0.943691 -0.3299613 0.02393144 0.06122368 -0.8977739 -0.4361811 -0.8973769 -0.4397278 -0.03680241 0.2722738 -0.8487778 -0.4532586 -0.2851102 -0.9230585 0.2582156 0.6783527 -0.45508 0.5768362 0.5300679 -0.5714583 0.626469 0.337682 -0.8334922 -0.4373347 -0.0573287 -0.6151968 -0.7862865 -0.2830779 -0.5369076 -0.7947309 0.9324377 0.3381069 -0.1274507 -0.3966885 0.470216 -0.7883751 -0.7095761 0.2835003 -0.6450809 0.9605894 0.2760996 -0.03220635 -0.972223 0.2236037 -0.06916463 -0.9840417 0.1382713 -0.1119959 -0.0764898 0.9052739 0.4178857 0.2936849 0.8410936 0.4542144 -0.4606376 0.5765981 -0.6747946 -0.4606376 0.576598 -0.6747946 -0.4606376 0.5765981 -0.6747946 -0.9436911 0.3299614 -0.02392983 0.06123054 0.897774 0.4361797 -0.8973767 0.4397278 0.0368036 0.2722808 0.8487767 0.4532562 -0.1985258 0.9790221 0.04586279 0.7517836 0.4811348 -0.4509224 0.6563209 0.5744622 -0.4891178 0.02825832 0.8293594 0.5580005 0.05937242 0.579799 0.8125935 0.01201343 0.5936263 0.8046512 0.9324391 -0.3381037 0.1274495 -0.3966608 -0.4702247 0.7883838 -0.7095628 -0.2835087 0.6450918 0.9605898 -0.2760976 0.03220635 0.6992053 -0.1761139 -0.6928896 0.7290558 -0.2528701 -0.6360302 0.6981847 -0.09676188 -0.7093486 0.7132764 -0.4373165 -0.5477145 0.7299662 -0.4922484 -0.4741738 0.7083271 -0.6516622 -0.2713102 0.699308 -0.7070776 -0.1049262 0.7074167 -0.6668608 -0.234219 -1 1.14613e-6 0 -1 1.05362e-6 0 -1 3.21379e-7 0 -1 -1.06775e-6 0 -1 0 0 -1 2.48353e-7 0 -1 -1.23362e-6 7.95825e-7 -1 -2.01608e-7 3.86754e-7 -1 -1.37215e-7 0 -1 -2.14116e-7 0 -1 8.14481e-7 0 -1 -5.04067e-7 4.93517e-7 -1 9.0782e-7 4.79741e-7 -1 1.27919e-6 0 -1 2.18076e-6 6.62036e-7 -1 1.81896e-7 4.30654e-7 -1 3.12869e-7 2.6377e-7 -1 7.20233e-7 0 -1 -3.6176e-6 0 -1 -2.38934e-7 1.36837e-7 -1 1.27927e-7 0 -1 -2.61163e-7 0 -1 0 2.08027e-7 -1 2.0105e-6 4.15084e-7 -1 -4.99582e-7 0 -1 0 7.53758e-7 -1 0 2.14723e-6 -1 0 1.52697e-6 -1 -5.0844e-7 0 -1 -1.60569e-6 0 -1 1.60569e-6 0 -1 4.69354e-7 0 -1 -4.56899e-7 0 -1 -2.21663e-7 0 -1 -1.63159e-7 4.20454e-7 -1 -1.12998e-6 4.40881e-7 -1 -3.22264e-7 0 -1 -1.8721e-6 6.08798e-7 -1 1.06429e-6 1.80513e-7 -1 3.697e-7 0 -1 1.70964e-6 0 -1 5.87483e-7 0 -1 -3.92811e-7 1.9863e-7 -1 0 1.40228e-7 -1 0 2.14622e-6 -1 -3.21138e-6 0 -1 -8.73373e-7 0 -1 3.21138e-6 1.52696e-6 -1 1.88727e-7 0 -1 0 1.27286e-7 -1 3.70029e-7 0 -1 0 2.55937e-7 -1 0 2.4208e-7 -1 8.25232e-7 2.36835e-7 -1 2.37454e-7 1.59548e-7 -1 0 0 -1 1.40764e-7 0 -1 -5.4132e-7 0 -1 0 2.63355e-7 -1 0 4.73672e-7 -1 0 6.37262e-7 -1 0 2.39194e-7 -1 5.45528e-7 8.04209e-7 -1 6.43555e-7 0 -1 -3.21176e-6 0 -1 -4.83882e-7 7.83884e-7 -1 2.43777e-7 0 -1 -2.40852e-6 0 -1 3.21137e-6 0 -1 -5.71416e-7 6.60121e-7 -1 -1.02593e-6 1.12819e-6 -1 -1.6057e-6 1.62996e-6 -1 -2.94501e-7 7.07452e-7 -1 0 2.09581e-6 -1 -9.88667e-7 1.09572e-6 -1 0 3.69124e-7 -1 0 2.16616e-6 -1 -6.3677e-7 1.11717e-6 -1 1.77383e-7 3.22095e-7 -1 -3.11122e-7 0 -1 2.40993e-6 0 -1 -5.47199e-7 4.20595e-7 -1 2.6122e-7 1.46589e-7 -1 2.07238e-7 4.65366e-7 -1 -5.48195e-7 1.99232e-7 -1 4.30566e-7 0 -1 2.1566e-6 0 -1 -3.2931e-7 0 -1 6.32324e-7 8.43683e-7 -1 2.40852e-6 0 -1 8.06122e-7 0 -1 -1.99067e-7 0 -1 -3.21137e-6 0 -1 5.62708e-7 0 -1 3.21098e-6 0 -1 -8.69163e-7 1.81369e-7 -1 6.26393e-7 2.43936e-7 -1 -1.28873e-7 1.13947e-6 -1 2.25417e-7 1.17348e-6 -1 0 1.62994e-6 -1 -1.78115e-6 6.01826e-7 -1 3.61762e-6 0 -1 -4.24545e-7 4.50682e-7 -1 0 5.42338e-7 -1 1.92021e-6 7.78191e-7 -1 5.64946e-7 2.76289e-7 -1 -4.96519e-7 5.62525e-7 -1 -2.27885e-7 0 -1 2.09535e-6 0 -1 -1.5276e-7 4.24038e-7 -1 2.30768e-6 2.35929e-6 -1 -8.44698e-7 0 -1 2.21051e-7 0 -1 -5.82347e-7 0 -0.02449291 -0.5018295 0.8646199 -0.0443654 -0.2841694 0.9577471 0.09446036 -0.7629525 0.6395161 0.0315178 -0.9830037 -0.1808604 -0.04239219 -0.9908636 0.1280326 0.01341491 -0.6750391 -0.7376601 -0.005181789 -0.3247978 -0.9457693 -0.01789242 -0.6674639 -0.7444272 -0.02936011 0.4585248 -0.8881965 -0.04489505 0.2571139 -0.9653378 0.004983067 0.6832831 -0.7301366 0.02021366 0.2212311 -0.9750119 -0.01577615 0.9922149 -0.1235348 -0.02052998 0.9788931 0.2033396 -0.02492773 0.9130283 -0.4071338 0.01522749 0.8537579 0.5204476 0.03025007 0.2600387 0.9651244 0.05110788 0.4053985 0.9127103 -0.0793448 0.1805174 0.9803662 1 -1.48721e-5 2.85855e-5 1 3.12027e-5 1.56148e-5 1 9.91311e-6 -1.33363e-5 1 -4.38474e-6 4.91628e-5 1 2.11923e-5 4.58858e-5 1 -9.8585e-6 -1.3624e-5 1 -3.66006e-5 7.66276e-6 1 -1.21344e-5 -8.50381e-6 1 -1.00685e-4 -2.52917e-5 1 -7.1787e-5 -8.81726e-5 1 1.56884e-5 8.34913e-6 1 -1.83949e-6 -5.89991e-6 1 4.91399e-5 3.64209e-6 1 -2.3557e-4 -1.29937e-4 1 2.23743e-4 1.09306e-4 1 6.60609e-6 -6.891e-6 1 -1.06093e-5 2.50038e-5 0.9999999 3.51075e-5 5.28417e-4 1 9.85692e-5 5.45172e-5 1 7.06121e-6 3.62646e-6 1 7.87675e-6 7.30723e-6 1 2.38186e-4 1.01295e-4 0.9999992 -1.76729e-4 -0.001311302 1 1.77999e-4 -2.19386e-4 0.9999995 0.001105785 -1.49151e-4 1 -2.44411e-5 -8.88784e-5 1 4.19775e-5 1.54451e-5 1 -8.17547e-6 2.18167e-6 1 -5.4275e-6 -3.96332e-6 1 3.32976e-5 2.67371e-5 1 6.52672e-5 -1.43848e-4 1 2.82365e-5 -4.08711e-5 1 2.87414e-4 1.0154e-4 1 0 1.43987e-7 1 3.64975e-6 4.50532e-6 1 9.35723e-6 5.9068e-7 1 9.86909e-6 4.20846e-5 1 4.61731e-6 1.61171e-6 1 -1.36333e-4 -6.34455e-5 1 1.19902e-5 4.41344e-5 1 1.45707e-5 -1.01729e-5 1 -7.44377e-5 -1.44733e-4 1 -3.26239e-4 -3.73055e-4 1 1.47927e-5 1.24298e-4 1 2.09246e-5 -4.5332e-5 0.9999988 7.8339e-4 -0.001393616 1 -7.74225e-5 8.32963e-5 1 3.23225e-6 3.31287e-6 1 -8.15865e-6 -1.45999e-6 1 -5.03967e-6 -4.55954e-6 1 -1.44566e-4 2.2655e-4 1 1.23212e-5 1.1665e-5 1 -9.14218e-5 -7.26985e-5 1 6.16885e-5 -2.28128e-4 1 8.94579e-5 -4.73576e-5 1 -2.80864e-5 -4.83145e-5 1 -1.87509e-5 -1.01572e-4 1 9.17726e-5 4.04504e-6 1 2.13065e-5 3.61192e-5 1 -8.0255e-5 5.422e-5 1 5.58688e-6 2.3757e-6 1 -1.48878e-4 2.15466e-4 1 1.45938e-4 1.84768e-4 0.9999998 9.75577e-5 5.73566e-4 1 2.32569e-4 -4.30058e-5 1 4.52296e-5 9.5199e-6 1 -1.32986e-6 1.87812e-6 1 -6.05704e-6 -1.99615e-6 1 5.10451e-5 -7.41642e-5 1 -3.66759e-5 -2.48624e-5 1 -1.98749e-4 4.47679e-5 1 1.30619e-6 -7.95904e-7 1 -1.31206e-5 -1.32503e-6 1 6.27538e-6 -9.61396e-7 1 -7.79792e-6 -6.26133e-6 1 9.95308e-6 -6.06024e-6 1 -6.16729e-5 2.35623e-4 1 -2.97928e-4 4.11875e-4 1 7.39879e-5 9.54782e-5 1 -2.61259e-5 -6.94087e-6 1 -2.91386e-5 1.44608e-4 1 2.8261e-5 4.86459e-5 1 8.5036e-5 3.77126e-4 1 -4.50628e-5 -3.48146e-5 1 -2.11206e-4 -1.45299e-4 1 -2.08956e-4 1.84895e-4 1 7.6808e-6 -2.99811e-5 1 -3.64307e-5 -5.35821e-4 1 0 -1.78274e-5 1 -3.90711e-7 1.0467e-5 1 -2.05324e-6 1.23396e-5 1 6.29864e-6 -1.54367e-6 1 6.17777e-7 -3.45598e-5 1 8.0716e-5 -5.15787e-5 1 -1.912e-5 -5.47416e-5 1 2.20855e-6 2.48972e-5 1 -7.60491e-7 2.91039e-5 1 -1.84645e-4 -3.74003e-4 1 -2.45441e-6 -1.59322e-5 1 -1.49292e-5 -3.32275e-5 1 -1.02814e-4 -1.30331e-4 -0.07000029 -0.6734101 0.7359476 0.1240841 -0.2776384 0.9526385 -0.0681988 -0.4046075 0.911944 -0.006177008 -0.9243177 -0.3815742 0.04310613 -0.9463765 0.3201775 0.07226616 -0.3956351 -0.9155602 0.02058362 -0.6779424 -0.7348269 0.615778 -0.6967027 0.3679985 0.7869019 -0.5996187 0.1457493 0.7320204 -0.6666697 0.1403482 0.8163431 -0.4262183 0.3897716 0.6772426 -0.1199828 0.725911 0.8080309 -0.1807547 0.5607261 0.5557103 -0.4439388 0.7029256 1 3.09607e-7 0 1 -2.80986e-7 -6.72686e-7 1 0 0 1 4.15661e-7 0 1 0 0 1 -1.06428e-6 -4.40854e-7 1 -1.53334e-6 0 1 -4.42634e-7 0 1 -4.40817e-7 0 1 -2.77143e-7 -5.63818e-7 1 -6.7745e-7 0 1 -1.22403e-6 -4.41729e-7 1 -3.43321e-7 -6.48549e-7 1 -8.62164e-7 -7.38316e-7 1 -1.06544e-6 -8.53587e-7 1 0 -8.90697e-7 1 -5.92659e-7 -6.20756e-7 1 -4.04972e-7 -3.3512e-7 1 6.71489e-7 -8.65796e-7 1 0 1.20742e-7 1 8.64965e-7 -1.32449e-6 0.7178699 0.1643874 0.6764907 0.7126386 0.08212804 0.6967074 0.6971345 0.2522005 0.6711173 0.746101 0.365851 0.556315 0.660261 0.5228202 0.5391793 0.6445993 0.7253464 0.2415872 0.7434973 0.5695807 0.3504136 0.7034456 0.07881826 0.7063654 0.7089419 0.7025177 -0.0622124 0.7260291 0.6402362 -0.2509573 0.7157109 0.6980797 0.02104383 0.5930569 0.6593465 -0.4621101 0.6549949 0.3062977 -0.6907703 0.7486501 0.4065615 -0.5236706 0.7520176 0.1774214 -0.6348159 0.02033835 0.6001514 -0.7996279 -0.02422386 0.8996099 -0.4360222 0.08842951 0.375992 -0.9223939 -0.08717656 0.4334686 0.8969421 -0.1089718 0.68721 0.7182393 0.05936133 0.9709446 0.2318251 -0.03903633 -0.6241557 0.7803243 0.06259226 -0.9664866 0.2489698 0.03495949 -0.5904406 0.8063236 0.04225444 -0.9961012 -0.07744002 0.03601646 -0.7224681 -0.6904656 -0.04191517 0.6350865 -0.771303 -0.007429718 0.9854168 -0.1699956 0.06362104 0.5917982 -0.8035717 -0.02144879 0.9814716 0.1904034 0.06652843 0.639159 0.7661917 -1 -1.3547e-6 2.43378e-7 -1 6.68328e-7 2.13145e-6 -1 1.549e-6 1.84982e-6 -1 1.15079e-6 7.993e-7 -1 -3.5644e-6 6.68952e-6 -1 2.77026e-6 2.7883e-6 -1 -1.03622e-6 4.97197e-7 -1 1.13196e-6 0 -1 0 2.49773e-7 -1 -7.12882e-6 1.22924e-6 -1 1.71683e-6 1.19287e-6 -1 -4.76012e-7 8.25645e-7 -1 1.92339e-6 0 -1 3.5644e-6 0 -1 -1.79417e-7 5.08499e-7 -1 -2.35195e-6 0 -1 -3.56443e-6 3.38966e-6 -1 8.40848e-7 -5.1145e-7 -1 0 -7.45379e-7 -1 1.92531e-7 -8.86843e-7 -1 4.00995e-6 -1.6937e-6 -1 -7.59822e-7 0 -1 1.86852e-7 -1.20651e-6 -1 -1.68212e-6 -1.45036e-6 -1 3.5644e-6 -3.21817e-6 -1 -2.67332e-6 -2.53561e-6 -1 -1.13421e-6 -1.60274e-6 -1 3.64457e-7 0 -1 0 -3.69852e-6 -1 0 -1.65662e-6 -1 0 -3.94809e-6 -1 -2.27199e-6 1.19287e-6 -1 -2.08353e-6 7.99298e-7 -1 1.35386e-7 4.97198e-7 -1 1.79418e-7 5.08499e-7 -1 -3.76754e-6 2.7883e-6 -1 -8.48291e-7 1.84982e-6 -1 7.12883e-6 3.38965e-6 -1 7.1288e-6 6.68952e-6 -1 2.46489e-7 2.43378e-7 -1 -8.91104e-7 2.13145e-6 -1 3.56441e-6 1.22924e-6 -1 -1.13196e-6 0 -1 0 2.49773e-7 -1 1.01506e-6 0 -1 1.68196e-6 -1.60273e-6 -1 -6.5968e-7 -8.86843e-7 -1 2.05582e-6 -1.45036e-6 -1 -7.47421e-7 -1.20651e-6 -1 0 -3.94805e-6 -1 1.7822e-6 -3.69852e-6 -1 -7.47424e-7 -5.11451e-7 -1 0 -7.45379e-7 -1 -3.5644e-6 -3.21816e-6 -1 -3.56443e-6 -1.6937e-6 -1 0 -2.5356e-6 1.40623e-7 0.9631626 0.2689201 1.24709e-7 0.9631626 0.2689201 0 0.9631626 0.2689199 0 0.9631626 0.2689199 8.36999e-5 -0.7147508 0.6993793 1.06771e-5 -0.7144654 0.6996707 9.43806e-5 -0.7147925 0.6993366 0 -0.7144238 0.6997134 1.82375e-7 0.8660252 0.5000005 1.69758e-7 0.8660252 0.5000006 2.68626e-7 0.8660256 0.4999997 2.81246e-7 0.8660257 0.4999997 -4.49303e-6 -0.8659216 0.5001798 -3.71303e-5 -0.8660131 0.5000214 -4.19057e-5 -0.8660265 0.4999982 2.81163e-7 -0.8659083 0.500203 0 0.7144725 0.6996635 4.99009e-7 0.7144732 0.6996629 5.62685e-7 0.7144732 0.6996628 0 0.7144724 0.6996636 1.2471e-7 -0.9631625 0.2689201 1.40623e-7 -0.9631625 0.2689201 0 -0.9631626 0.2689199 0 -0.9631626 0.2689199 0 0.5180273 0.8553642 0 0.5180273 0.8553642 0 0.518027 0.8553644 0 0.5180269 0.8553644 0 -0.9997808 0.02094244 0 -0.9997808 0.02094244 0 -0.9997808 0.02094268 0 -0.9997808 0.02094268 0 0.2890319 0.9573195 0 0.2890319 0.9573196 0 0.2890321 0.9573195 0 0.2890321 0.9573194 0 -0.9735789 -0.2283508 0 -0.9735791 -0.2283504 0 -0.9735789 -0.2283508 0 -0.9735791 -0.2283503 0 0.04187577 0.9991229 0 0.04187554 0.9991229 0 0.04187422 0.9991229 0 0.04187405 0.9991229 -2.81246e-7 -0.8862037 -0.4632959 0 -0.8862034 -0.4632964 -2.49419e-7 -0.8862037 -0.4632959 0 -0.8862034 -0.4632965 0 -0.2079104 0.978148 0 -0.2079103 0.9781479 0 -0.20791 0.9781481 0 -0.2079099 0.9781481 0 -0.7431446 -0.6691309 0 -0.7431448 -0.6691307 0 -0.7431454 -0.66913 0 -0.7431455 -0.6691299 0 -0.4446341 0.8957123 0 -0.4446343 0.8957122 4.98838e-7 -0.4446356 0.8957116 5.62493e-7 -0.4446358 0.8957116 -2.22794e-6 -0.5534715 -0.8328682 -1.7459e-5 -0.5534016 -0.8329146 -1.96872e-5 -0.5533913 -0.8329213 0 -0.5534818 -0.8328614 4.35192e-7 -0.6534192 0.7569963 -4.35266e-7 -0.6534182 0.7569972 -5.62585e-7 -0.6534181 0.7569973 5.62492e-7 -0.6534194 0.7569962 -1.12498e-6 -0.3288681 -0.944376 -1.06133e-6 -0.3288679 -0.944376 -6.26146e-7 -0.328867 -0.9443762 -5.62492e-7 -0.3288668 -0.9443763 0 -0.8211486 0.5707147 0 -0.8211486 0.5707145 0 -0.8211494 0.5707134 0 -0.8211495 0.5707132 0 -0.08367896 -0.9964929 0 -0.08367747 -0.9964929 0 -0.08367878 -0.9964929 0 -0.08367723 -0.9964929 0 -0.9372824 0.3485713 0 -0.9372822 0.3485714 0 -0.9372819 0.3485727 0 -0.9372817 0.3485729 0 0.166767 -0.9859964 0 0.1667671 -0.9859964 0 0.1667671 -0.9859963 0 0.1667671 -0.9859964 0 -0.994522 0.1045278 0 -0.994522 0.104528 0 -0.9945219 0.1045286 0 -0.9945219 0.1045287 0 0.4067324 -0.9135473 0 0.4067318 -0.9135476 0 0.406737 -0.9135453 0 0.4067377 -0.913545 1.40623e-7 -0.9892723 -0.1460837 1.24709e-7 -0.9892723 -0.1460837 0 -0.9892724 -0.1460835 0 -0.9892723 -0.1460834 -1.22547e-7 0.6211459 -0.7836949 -1.38184e-7 0.6211457 -0.7836951 0 0.6211474 -0.7836939 0 0.6211476 -0.7836937 0 -0.921863 -0.3875163 0 -0.9218629 -0.3875163 0 -0.9218626 -0.387517 0 -0.9218625 -0.387517 0 0.7965298 -0.6045994 0 0.7965298 -0.6045993 0 0.7965294 -0.6046 0 0.7965294 -0.6046 2.03251e-7 -0.7965295 -0.6045997 2.29187e-7 -0.7965296 -0.6045997 0 -0.7965294 -0.6045998 0 -0.7965294 -0.6045999 0 0.9218629 -0.3875164 0 0.9218629 -0.3875163 0 0.9218627 -0.3875169 0 0.9218626 -0.3875169 -3.35442e-7 -0.6211462 -0.7836948 -3.78246e-7 -0.621146 -0.7836951 0 -0.6211477 -0.7836937 0 -0.6211479 -0.7836934 0 0.9892723 -0.1460834 0 0.9892723 -0.1460834 0 0.9892724 -0.1460832 0 0.9892723 -0.1460832 0 -0.4067317 -0.9135478 0 -0.4067316 -0.9135477 0 -0.4067319 -0.9135477 0 -0.4067319 -0.9135476 0 0.9945219 0.1045289 0 0.9945219 0.1045287 0 0.994522 0.1045278 0 0.994522 0.1045277 0 -0.1667637 -0.9859969 0 -0.166764 -0.9859969 0 -0.1667667 -0.9859964 0 -0.166767 -0.9859964 0 0.9372819 0.3485726 2.54276e-7 0.9372819 0.3485724 2.81246e-7 0.9372819 0.3485723 0 0.9372819 0.3485727 0 0.08367729 -0.996493 0 0.08367723 -0.9964929 0 0.08367729 -0.996493 0 0.08367729 -0.9964929 -2.33149e-7 0.821149 0.5707139 4.60964e-7 0.8211489 0.5707139 5.62492e-7 0.8211489 0.570714 -3.34677e-7 0.821149 0.5707139 -4.98838e-7 0.3288651 -0.944377 0 0.328867 -0.9443762 0 0.3288668 -0.9443764 -5.62492e-7 0.3288649 -0.9443771 3.57695e-6 0.6533091 0.7570914 0 0.6532938 0.7571046 2.80323e-5 0.6534132 0.7570015 3.16087e-5 0.6534284 0.7569884 0 0.5533921 -0.8329209 0 0.5533922 -0.8329209 0 0.5533923 -0.8329209 5.19915e-7 0.4446343 0.8957123 0 0.4446333 0.8957129 0 0.4446331 0.8957129 5.86258e-7 0.4446344 0.8957121 0 0.7431446 -0.6691309 0 0.743146 -0.6691294 0 0.7431458 -0.6691296 0 0.7431445 -0.6691311 0 0.2079086 0.9781484 4.98838e-7 0.2079098 0.9781481 5.62492e-7 0.20791 0.9781481 0 0.2079084 0.9781484 0 0.8862034 -0.4632964 0 0.886204 -0.4632955 0 0.8862038 -0.4632955 0 0.8862034 -0.4632965 0 -0.04187577 0.9991229 0 -0.04187577 0.9991229 0 -0.04187577 0.9991229 0 -0.04187577 0.9991229 -1.40623e-7 0.9735789 -0.228351 -1.40623e-7 0.973579 -0.2283503 -1.40623e-7 0.973579 -0.2283504 -1.40623e-7 0.9735789 -0.2283511 0 -0.2890332 0.9573191 0 -0.2890334 0.9573191 0 -0.2890321 0.9573195 0 -0.2890319 0.9573195 0 0.9997807 0.02094268 0 0.9997807 0.02094274 0 0.9997808 0.02094274 -2.22665e-7 -0.5180271 0.8553643 -2.51078e-7 -0.5180272 0.8553642 0 -0.5180268 0.8553645 0 -0.5180267 0.8553645 -0.798341 0.4876355 0.3533599 -0.9261285 0.3761576 0.0281381 -0.9294957 0.3655676 -0.0489704 -0.8846586 0.2645485 0.3839185 -0.8474614 0.0700038 0.5262213 -0.8730275 -0.2859109 0.3950669 -0.8838996 -0.09570294 0.45778 -0.7859411 0.3638412 -0.4999161 -0.832019 0.09583526 -0.5464063 -0.7328161 -0.1097179 -0.6715226 -0.8818618 -0.4705721 0.02969294 -0.8967003 -0.3432878 0.2794321 -0.8423457 -0.3748224 -0.3872492 -0.8363364 -0.4417606 -0.3246369 -0.9253919 0.3753644 -0.05245488 -0.8921812 -0.4502252 -0.03619486 -0.8391911 -0.2514965 0.4821906 -0.9040693 -0.005430996 0.4273515 -0.8779129 0.2067554 0.4318813 -0.8345668 -0.507323 0.21476 -0.8609516 -0.3709638 0.3480635 -0.9001349 0.3609164 -0.243919 -0.8863558 0.4629269 0.008494675 -0.8953882 0.4319804 0.1080422 -0.869924 -0.4916725 0.03861033 -0.8503309 -0.5025187 -0.1562444 -0.8840677 -0.382076 -0.2691513 -0.7780098 -0.3096501 -0.546642 -0.9214667 -0.01181209 -0.3882778 -0.8911747 -0.08755719 -0.4451308 -0.8865026 0.3042705 0.3486155 -0.6718707 0.6439458 -0.3659559 0.3561151 0.5035807 -0.7871395 0.09364271 0.5817273 -0.8079754 0.8182337 0.530292 0.2220004 0.9075111 0.331732 0.2576385 0.8337768 -0.2888285 0.4705256 0.8817606 -0.1194749 0.4563159 0.8655257 -0.4250552 0.2649408 0.9132491 0.3293243 0.2398372 0.8814055 0.4624044 0.09647089 0.9356327 0.3099805 0.1688303 0.9110441 0.1906854 0.365565 0.8823974 0.1073501 0.4580949 0.8385197 -0.5269984 0.1384111 0.8923618 -0.4383419 -0.1074566 0.8024738 -0.1163744 -0.585229 0.883652 -0.24177 -0.400882 0.8575429 0.1286458 -0.4980667 0.8770751 0.4203052 -0.2325573 0.8192495 0.3093132 -0.4828621 0.818727 -0.4836795 -0.3094194 0.8538232 0.5090082 0.1090716 0.8913901 0.4358203 0.1244365 0.8504084 0.5144767 -0.1100879 0.8110916 0.4726865 0.3445258 0.8733547 0.2168073 0.4361721 0.8282445 0.08672165 0.5536158 0.89647 -0.3665484 0.2489657 0.8660479 -0.2608729 0.4265047 0.8704553 -0.1308329 0.4745424 0.9046092 -0.4247871 -0.0351898 0.8711972 -0.3527342 -0.3414589 0.8643795 -0.4354302 -0.251493 0.8694415 0.4067875 -0.2803488 0.8470783 0.2866052 -0.4475666 0.8669012 0.1591315 -0.4723977 0.8747028 -0.4642513 0.1391613 0.8768523 -0.1416436 -0.4594205 0.8692767 -0.0603556 -0.4906276 0.9606361 0.2227308 0.1660398 0.8252584 0.5454162 -0.1465263 0.9487926 0.2913403 0.1221208 0.789287 0.3631684 -0.4951109 0.7461653 0.07073754 -0.6619921 0.8793842 0.4250425 -0.2145283 0.9126185 -0.2892491 0.2888985 0.8359038 -0.5432498 0.07838881 0.8548528 -0.4721785 0.2151147 0.6113389 -0.3747688 -0.6970029 0.7892853 -0.4683075 -0.3971359 0.714837 -0.6803175 -0.1617912 0.8544308 -0.06395864 0.5156134 0.8273914 -0.4674848 0.3112581 0.8226573 -0.3543993 0.4445628 0.6238059 -0.7712216 0.1268208 0.7915183 -0.5818647 -0.1869024 0.8693329 0.4650713 0.1672393 0.8474722 0.5301907 0.02624529 0.8730223 0.2536682 0.4165148 0.8747729 0.2947877 0.3845421 0.8956368 -0.1544911 -0.4170938 0.7657655 -0.5090867 -0.3929808 0.8679069 -0.2302237 0.440153 0.7701532 0.04469513 -0.6362911 0.8308284 -0.2181897 0.511974 0.8582289 -0.0723434 0.5081434 0.8882845 -0.003953635 -0.4592768 0.9280011 0.1537588 -0.3393704 0.8826901 -0.1907685 0.4294946 0.8221657 0.02081209 0.5688678 0.7942501 0.283137 0.5375874 0.9124055 0.3651785 -0.184827 0.9129165 0.3195151 -0.2539564 0.8603135 0.5044518 0.0734114 0.8080579 0.5547701 0.1981736 0.8840574 -0.3839281 -0.2665369 0.9136684 -0.005084931 -0.4064286 0.8472467 -0.2700901 -0.4574108 0.8718221 0.3554716 -0.3369961 0.9261988 0.1599618 -0.3414207 0.9483723 0.2208653 -0.2276148 0.8162782 -0.5583074 0.1482661 0.7528657 -0.5157001 0.4089582 0.7494817 -0.6578235 -0.07446795 0.7163187 0.5216965 0.4633793 0.8368725 0.3822648 -0.3918139 0.1977165 -0.7119565 -0.6738147 -0.69749 -0.7156122 0.03750866 -0.8249187 -0.495749 0.2715549 0.04109144 -0.4510103 -0.8915724 -0.03517299 -0.4396311 -0.8974896 -0.4262802 0.9045821 0.004066884 0.752483 0.408548 -0.516583 0.4712271 0.7081969 -0.5257398 0.4831652 0.6617294 0.5732936 0.2671854 0.7887912 0.5535527 -0.9811863 -0.1054316 0.1617339 -0.8229948 -0.5004968 -0.2686682 -0.9491899 -0.3070852 0.06882929 -0.9461582 0.1793347 -0.2694881 -0.9309433 0.05977821 -0.3602377 -0.7743901 -0.132662 -0.6186442 -0.85925 -0.3206338 -0.398602 -0.9605655 -0.100248 0.2593533 -0.9393254 -0.1471488 0.309863 -0.9870935 -0.01795089 0.1591359 -0.9883814 -0.09392142 0.1195036 -0.9219415 0.1964518 0.3338126 -0.9412648 0.3267518 0.08517092 -0.9189334 0.1467868 0.3660807 -0.9039611 -0.2665438 0.3343785 -0.9580855 0.2196695 -0.1838955 -0.8630174 -0.5050396 0.0116654 -0.8819443 -0.4514278 0.1356 -0.8794612 -0.3746634 -0.2935566 -0.9417974 0.3357372 0.01727521 -0.925128 -0.1223366 0.3594052 -0.8887407 -0.3789757 -0.2579098 -0.8333029 -0.1496283 -0.5321822 -0.8504509 -0.04264599 -0.5243229 -0.9047552 0.1177749 0.409325 -0.9200301 0.3689018 0.1321217 -0.8909471 0.2141612 0.4004352 -0.7823769 0.3276387 -0.5296598 -0.9196768 0.3251262 -0.2201986 -0.8616321 0.5074894 0.00669533 -0.9139646 -0.1300129 0.3844026 -0.8723298 -0.4765576 0.1092416 -0.9153983 -0.1760211 0.3620256 -0.9002083 -0.3890261 -0.1956624 -0.8995438 -0.3549296 -0.2546488 -0.834239 -0.1263666 -0.5367279 -0.8353475 0.2862654 -0.4693046 -0.8901425 0.04167932 -0.4537725 -0.864854 -0.4932689 0.0933451 -0.8156205 0.3131566 -0.4865143 -0.420347 -0.7410283 -0.5236273 0.1227422 -0.8591743 -0.4967433 0.02106142 -0.8574678 -0.5141066 -0.4819061 -0.7087205 -0.5152491 0.1290779 -0.6947484 0.7075759 0.163141 -0.697546 0.6977211 -0.09026867 -0.6564504 0.7489489 -0.1241308 -0.6474281 0.7519498 0.5548409 0.7983537 -0.2340583 0.6218101 0.7504261 -0.2240819 -0.4263272 0.7460357 0.5115427 0.7943508 0.6069254 0.02546548 -0.7719414 0.3928658 0.499763 0.266715 -0.7029989 -0.6592842 0.2192179 -0.7079612 -0.6713676 -0.06259238 -0.7027977 -0.7086309 -0.09851706 -0.6980131 -0.7092759 -0.3604538 -0.6150149 0.7013058 -0.4529545 -0.5673314 0.6877263 0.2141802 -0.7462441 0.630275 0.3080322 -0.7424348 0.5949006 0.7267363 0.6606253 0.1882252 -0.7363967 0.6608513 -0.1448978 -0.8271792 0.5356446 -0.169881 0.8099736 0.5500765 0.2033684 0.08587789 -0.8473011 -0.5241241 0.03937304 -0.8461254 -0.5315276 0.09492576 -0.8473112 -0.5225446 0.03003972 -0.8456639 -0.5328699 -0.06126195 -0.7579209 0.6494637 -0.03757625 -0.7627352 0.6456185 -0.2239264 -0.7121683 0.665337 -0.2522247 -0.7018685 0.6661556 -0.1731567 0.8226211 0.5415822 0.008727073 0.7550409 -0.6556197 0.8613579 0.5057513 0.04773312 -0.4716929 0.5830839 -0.6614522 -0.5604808 0.6550444 0.5067329 0.1974869 -0.6845788 0.7016771 0.1314566 -0.6964771 0.7054353 -0.3095895 -0.6942926 0.6497015 -0.3747993 -0.6812298 0.6288495 0.3679589 -0.7798712 -0.5063668 0.1105138 -0.8118869 -0.5732595 0.4211279 -0.7653192 -0.4867627 0.05563038 -0.8112348 -0.5820682 -0.8457335 0.3804429 0.3741633 -0.9171899 0.1727593 0.35905 -0.8808642 0.3518806 0.316636 -0.940368 0.02316427 0.3393693 -0.8418403 -0.306662 0.4441433 -0.8808327 -0.3194925 -0.3493688 -0.9028586 -0.427466 -0.0460363 -0.8246567 -0.1842213 -0.5347934 -0.8818078 -0.3774962 0.2826865 -0.8364832 0.3248472 -0.4413279 -0.9137617 0.03289848 -0.4049166 -0.8044711 0.58897 -0.07707583 -0.8716468 0.4090923 -0.2699543 -0.9467411 0.2395289 0.2151914 -0.8957466 -0.4422101 -0.04569679 -0.8509581 0.5140587 0.1077694 -0.8632683 0.2886285 0.414079 -0.8046621 0.4865009 0.3403467 -0.7836675 0.09370213 0.6140727 -0.8518313 -0.2927668 0.434363 -0.8734008 -0.09128046 0.4783713 -0.8564115 -0.5113491 -0.07128441 -0.8601563 -0.5099379 0.009726345 -0.8931847 -0.302695 -0.332561 -0.8965522 -0.3505449 0.2707632 -0.8356072 0.1650363 -0.52395 -0.9319037 -0.07398933 -0.355079 -0.9214567 0.2662119 -0.282929 -0.8965905 0.2551544 -0.3619694 -0.8796524 -0.3428974 -0.3295952 -0.1967185 -0.712177 0.6738737 0.03542143 -0.4397954 0.8973992 -0.04071152 -0.4511626 0.8915127 0.6967603 -0.7163479 -0.03702312 0.8244243 -0.4966264 -0.2714534 0.7056891 0.6666387 -0.2399911 0.5200304 0.8150611 -0.2554287 -0.7187911 0.6885426 0.09616917 0.6138567 0.3348544 0.7148794 0.3255388 0.5492464 0.7696447 0.847721 -0.05371338 0.5277161 0.8513309 0.1787299 0.4932457 0.8483064 -0.1900289 0.4942322 0.8493258 0.2669093 0.4554176 0.8392067 0.3751356 0.3937076 0.8263592 -0.4996615 -0.2597477 0.7089439 -0.7051488 0.01280045 0.8138104 -0.5400016 0.214735 0.7604237 -0.4617476 0.4566674 0.8484868 -0.1277435 -0.5135678 0.813193 -0.4278178 -0.3945745 0.8996 0.4028933 -0.1685141 0.8832359 0.3119612 -0.3501064 0.8928378 0.2025871 -0.4022427 0.8205339 0.5450032 0.1723247 0.8159145 0.5773715 -0.03042715 0.8484102 0.3683491 0.3801568 0.8675092 -0.06942307 -0.4925528 0.7148025 0.5603464 0.418413 0.8341872 0.2262176 0.5029487 0.8242871 0.07683879 0.5609337 0.8219501 -0.5681744 0.03969913 0.8535741 -0.48903 0.1796132 0.8686445 -0.4531269 -0.2003317 0.8630449 -0.1959069 0.46559 0.8047812 -0.3914287 0.4462183 0.8548783 -0.4006056 -0.3296945 0.8579828 -0.2038246 -0.4715096 0.8237664 0.193093 -0.533033 0.9222696 0.3602865 -0.1400445 0.8257898 0.3135561 -0.4687791 0.7997153 -0.07170593 -0.596082 0.9269017 0.3752654 -0.005392968 0.9424347 0.3171877 0.105872 0.9095193 0.3241575 0.2601855 0.8464829 0.2979752 0.4412227 0.7704648 0.2568179 0.5834625 0.8312751 0.273377 -0.4839906 0.9511402 0.07634967 -0.2991707 0.9045948 0.3456459 -0.2494737 0.8793733 0.4522846 0.1487993 0.8188315 0.5660255 -0.09555268 0.8607662 -0.5077714 -0.03535234 0.868062 -0.491822 -0.06767171 0.8817313 -0.4659522 0.07374691 0.9255486 -0.2737702 -0.2615526 0.9078634 -0.1840523 -0.376708 0.8844045 -0.2877624 0.3674529 0.8239168 -0.5654711 0.03746759 0.8804375 -0.2123216 0.4239686 0.8803086 -0.3153966 -0.3543755 0.8289836 -0.5539203 0.07719171 0.880922 0.132084 0.4544563 0.8598963 0.31514 0.4015786 0.8421222 -0.232643 -0.4865258 0.7693573 0.08945333 -0.6325247 0.728824 0.4053872 -0.5517942 0.8812193 0.4272671 -0.2022259 0.9070584 0.4182148 0.04839116 0.9123583 0.3891537 0.1271288 0.8612031 0.3062987 0.4055989 0.7938721 -0.1605631 0.5865038 0.8182566 0.2458352 0.5196355 0.9206774 0.2727491 -0.279215 0.8797466 0.1749294 -0.4420925 0.9162659 -0.01888537 -0.4001252 0.9075039 0.4097841 -0.09227091 0.8939432 0.4467601 -0.03565073 0.8298438 0.5502562 0.09261512 0.8145349 -0.5016887 -0.2912753 0.7407603 -0.6672198 -0.07805013 0.8478718 -0.4912176 0.1995459 0.7638074 -0.3948751 -0.5105605 0.8313231 -0.4205531 0.3633689 0.783292 0.06256824 -0.6184974 0.797546 -0.1178892 0.5916272 0.8245352 0.5587238 0.08927255 -0.03885143 -0.8156599 -0.5772257 -0.03885143 -0.81566 -0.5772258 -0.118283 -0.6552689 -0.7460777 -0.1776018 -0.6451812 -0.7431009 -0.1708158 -0.6464598 -0.7435803 -0.1115599 -0.6562582 -0.7462436 0.09746575 -0.4358904 0.8947066 0.1733615 -0.3902108 0.9042574 -0.06807416 -0.46395 0.8832421 -0.3312749 -0.5644114 0.7561063 0.03424394 -0.8935456 0.4476646 0.3002302 -0.8967902 0.3250069 -0.9793881 -0.140713 0.1449095 -0.7864428 -0.6029443 -0.1340371 -0.9263813 -0.3384821 0.1650688 -0.9883943 -0.1037588 0.1109539 -0.9044842 -0.2248684 -0.3624122 -0.7589732 0.3451772 -0.5520982 -0.9383562 -0.07151812 -0.3381904 -0.9124597 -0.3217445 -0.2527801 -0.5088168 0.8563988 -0.08767402 -0.783666 0.4958191 -0.3742073 -0.8035981 0.5732014 0.16022 -0.7470166 0.4965299 0.4420682 -0.8454035 0.2218183 0.4858905 -0.7661037 -0.02023041 0.6423985 -0.8204464 -0.5175931 -0.2428274 -0.8594682 -0.511183 0.002551257 -0.79175 -0.4458817 -0.4175184 -0.7802181 -0.3792413 0.4974293 -0.778465 -0.254061 0.5739733 -0.8773298 -0.4474845 0.1733501 -0.8508202 0.2393608 -0.4677728 -0.8467415 0.0734837 -0.5269052 -0.7670059 0.4996021 -0.4026163 -0.8087366 0.5835748 0.07338732 -0.8527042 0.5047329 -0.1346862 -0.7956461 0.4080353 0.4477213 -0.8013366 0.4849159 0.3503088 -0.9111109 -0.1488581 -0.3843414 -0.7315879 0.1503204 0.6649684 -0.5129685 -0.5640766 0.6470556 -0.7732738 -0.05665516 0.6315361 -0.8413227 -0.3838061 -0.3806167 -0.8389486 -0.01367676 -0.544039 -0.8333084 -0.1587467 -0.529525 -0.7333182 -0.6094844 0.3012861 -0.6920547 -0.7213295 0.02727818 -0.840176 -0.485956 -0.2407302 -0.8702982 0.4764098 -0.1249597 -0.9553295 0.2416968 -0.1700837 -0.824669 0.5475302 -0.1418862 -0.9638198 0.09694153 -0.248302 -0.9638023 0.2386938 -0.1187872 -0.8616148 0.2519798 -0.4405975 0.6422441 0.7361005 0.2137255 -0.7254059 0.5586987 -0.4020475 0.6898849 0.6447281 0.3292183 0.6728211 0.6621296 0.3299942 -0.6489521 -0.5540341 0.5214476 -0.8323317 -0.2744495 0.4815617 0.7220391 -0.6832475 -0.1087778 0.2530124 -0.831726 -0.4941827 0.06904405 -0.8476757 -0.5260028 -0.2554739 -0.9027733 -0.3460254 -0.2918256 -0.659927 0.6923397 0.7833837 -0.6208425 0.02940565 -0.5908732 -0.4672201 0.6577038 -0.5210961 -0.7824554 -0.340914 -0.6585347 0.6865987 -0.3080818 0.4711409 0.3984063 -0.7869554 0.08846086 0.590275 -0.8023405 0.4317246 0.8620857 0.2653717 0.5914882 0.7528532 0.2887105 0.2398722 -0.7803823 -0.5774642 0.2782109 -0.7642771 -0.5817896 0.02995723 -0.8426645 -0.5376049 -0.01551848 -0.8506383 -0.5255224 -0.1234367 -0.6436272 0.7553195 0.03020149 -0.6375229 0.7698392 0.0115441 -0.639079 0.7690545 -0.1407459 -0.6433493 0.7525241 0.4552119 0.8412061 -0.2918123 -0.4639862 0.8363182 0.2920424 -0.2576566 0.5419628 -0.7999309 -0.4220691 0.4585157 -0.782062 0.2741689 0.538517 0.7967628 0.4432002 0.4514196 0.7744637 -0.8911399 0.09303045 0.444089 -0.8392241 -0.1804419 0.5129754 -0.8716903 -0.01903146 0.4896873 -0.8620766 -0.1872373 -0.4709205 -0.8943663 -0.3275381 -0.3046766 -0.8632659 -0.4791979 -0.1585607 -0.8572934 -0.4514331 0.2475001 -0.8759937 -0.482235 -0.009195685 -0.8531147 -0.3950766 0.3407488 -0.9222167 0.009683609 -0.3865522 -0.8910713 0.2184611 -0.3978275 -0.9317837 0.2690745 -0.2436762 -0.9074565 0.4172347 0.04937607 -0.8716422 0.1560167 0.464649 -0.907208 0.2874205 0.3071863 -0.8932254 0.09120994 0.4402603 -0.8950274 0.4445313 0.03630483 -0.7929315 -0.3539516 0.4959616 -0.8897927 -0.05369818 0.4531947 -0.8518598 -0.5141093 0.1001322 -0.8733516 -0.4029099 0.2737163 -0.8614622 -0.3627803 -0.3553497 -0.9000808 0.03530573 -0.4342905 -0.8594822 -0.3061931 -0.4093118 -0.8966116 -0.4392161 -0.05636572 -0.8354375 0.4879851 -0.2528137 -0.931098 0.2020887 -0.3036723 -0.8966835 0.4362266 -0.07526814 -0.921434 0.3883552 -0.01182526 -0.8908288 -0.0228784 -0.4537628 -0.3637524 -0.9278826 0.08196449 0.01010012 -0.5040489 0.8636161 0.05370384 -0.4984636 0.8652456 -0.01034343 -0.8504657 0.5259288 -0.5684882 -0.680867 -0.4617807 0.880979 -0.1727854 0.4404786 0.8702607 -0.06575369 0.4881832 0.8540686 -0.04841059 0.5179028 0.8275389 -0.4751387 -0.2990364 0.865916 -0.4816477 -0.134926 0.8655979 -0.2648276 -0.4249783 0.8861114 -0.4144009 0.2075539 0.8252796 -0.3380754 0.4523478 0.8515882 -0.5189312 0.07421535 0.8385851 -0.1383448 -0.5269115 0.8924984 0.1074714 -0.43806 0.8368226 0.5425447 -0.07330286 0.9016542 0.3789381 -0.208388 0.8922804 0.4302308 0.1368845 0.8534161 0.2418004 0.4617506 0.821637 0.4314311 0.372532 0.8241032 0.3090902 -0.474676 0.8041784 0.06673198 0.5906301 0.8612231 -0.1475047 0.4863508 0.8122429 -0.3536013 0.4639263 0.8803818 -0.4294314 0.2012872 0.7778663 -0.6258027 0.05740416 0.8686821 -0.4541999 -0.1977223 0.654681 -0.5275494 -0.5413727 0.8190041 -0.1102014 -0.5631058 0.8542528 0.33433 -0.3980902 0.8372492 0.2499806 -0.4863368 0.8850339 0.2502562 0.3925393 0.8826872 0.3508608 0.3126663 0.9055362 0.3915601 0.1633558 0.7976534 0.03526288 -0.6020845 0.8826639 0.4699618 -0.006354749 0.8965255 0.4269586 -0.1181033 0.8483569 -0.08206623 0.5230257 0.8066949 0.07629925 0.586022 0.873268 -0.1752801 0.4546206 0.9841158 -0.1094838 -0.1397477 0.9861238 -0.09369623 -0.1370438 0.9610857 -0.1210194 -0.2483314 0.9026515 0.1270677 -0.4111863 0.8924006 0.2172656 -0.3954957 0.9189631 0.37145 -0.1324079 0.8613601 0.5079588 -0.006057679 0.9483254 -0.09753787 -0.301936 0.8615711 0.2917982 0.4153904 0.9255061 0.3200367 0.2025216 0.899183 0.03774046 0.4359425 0.8132718 -0.1618717 0.5589155 0.9145837 -0.3143599 0.2543908 0.9307548 -0.3586851 -0.07099676 0.8154474 -0.5438486 0.1981775 0.9272542 -0.1272549 -0.3521448 0.8596829 -0.412312 -0.3015695 0.8640012 -0.01253378 -0.5033338 0.8881464 0.1801087 -0.4227964 0.5861954 0.597054 -0.5476327 0.8347845 0.545622 -0.07369858 0.8831636 0.3587318 0.3022144 0.8673155 0.3819041 0.3192383 0.8840786 0.08417034 0.4596961 0.8420397 0.5356279 0.0638138 0.7528901 -0.561722 0.3429648 0.8397505 -0.04877239 0.5407775 0.8420976 -0.3535794 0.4072508 0.8740373 0.4278743 -0.230179 0.9321347 0.3576433 0.05671238 0.8610677 0.3433687 -0.3750474 0.9370668 0.2429887 0.2507239 0.8556684 0.2642934 0.4449503 0.8888258 0.247684 0.3855404 0.8565254 -0.5050352 -0.1063181 0.881174 -0.0906921 -0.4640122 0.8886525 -0.4477888 -0.09890449 0.9716579 -0.1359641 -0.193377 0.9114722 0.1114539 -0.3959756 0.923417 0.3525131 0.1517751 0.4566352 -0.5776651 -0.6765998 0.6635661 -0.4708835 0.5813336 0.3188802 -0.7494772 0.580172 -0.1541925 -0.913213 0.3771826 -0.685268 -0.72828 0.004027724 0.3267858 -0.7574778 -0.5651888 0.533398 -0.6277742 -0.5669092 -0.9116326 0.3414459 -0.2287811 -0.9475142 0.1181781 -0.2970703 -0.8294575 0.5579094 -0.02715986 -0.9074258 0.3740531 0.1914751 -0.9228708 0.3205347 0.2134646 -0.8737177 0.08094996 0.4796506 -0.9964573 -0.06413245 0.05440562 -0.96578 -0.2581798 -0.02474898 -0.9985384 0.006334424 0.05367588 -0.9188681 -0.261978 -0.2950409 -0.9467644 -0.1043035 -0.3045623 -0.948945 0.06504106 -0.3086637 -0.8625585 0.1110307 0.4936245 -0.8791961 -0.3025667 0.3680595 -0.8520985 -0.2354071 0.4674522 -0.9075549 -0.401912 0.1216998 -0.8501288 -0.3574753 -0.3866426 -0.9085167 -0.3843197 -0.1639997 -0.8289144 0.09297382 -0.5515948 -0.8845604 -0.11466 -0.4521129 -0.9204202 -0.3871151 0.05448615 -0.7904219 0.313648 -0.5261732 -0.8292205 0.4017399 -0.3885852 -0.778778 0.6058086 -0.1627909 -0.8667899 0.4974145 0.03541707 -0.8118421 0.5054942 0.2922127 -0.8337705 0.1213786 0.5386039 -0.8819572 0.289787 0.3717193 -0.8102908 -0.3587914 0.4633548 -0.9130213 -0.06937217 0.4019696 -0.8519115 -0.4546725 0.2598455 -0.7518807 -0.6586253 0.02980226 -0.8809091 -0.4467064 -0.1563736 -0.8944825 -0.3755428 -0.2426291 -0.8698861 -0.1068319 -0.4815446 -0.8546405 0.3995299 -0.3316107 -0.8714334 0.3746346 -0.3166273 -0.8015397 0.5978778 0.008737087 -0.8415396 0.411678 0.3497605 -0.8684236 0.4755487 0.1403351 -0.9009907 0.01457995 -0.4335936 -0.8235557 0.4220567 0.3789779 0.1884974 -0.6795426 -0.7090069 -0.04225617 -0.6751677 -0.736453 0.2240999 -0.6768752 -0.7011556 -0.07317698 -0.671794 -0.7371146 0.1562871 -0.7422556 0.6516371 -0.2069612 -0.6721486 0.7109032 -0.265792 -0.6509114 0.711104 0.2134005 -0.7438542 0.6333571 0.6513169 0.706752 -0.2762028 -0.6830639 0.7273277 0.0664699 0.8037549 0.5409678 -0.2476528 0.4564431 0.5352606 0.7107432 0.7047228 0.3073683 0.6394455 0.2541121 -0.7725299 -0.5819147 0.3024514 -0.7512015 -0.5867023 -0.01993435 -0.8495427 -0.5271431 -0.08121705 -0.8570547 -0.5087841 -0.162072 -0.7465498 0.6452877 -0.071361 -0.7492399 0.658443 -0.1724706 -0.7458341 0.643417 -0.05892211 -0.7491185 0.6598104 0.7246896 0.3657293 -0.5840095 0.4453735 0.7037364 -0.5535318 -0.5684043 0.8150371 -0.1123893 -0.007005453 0.9929991 0.1179143 0.100192 0.9886057 0.1123404 0.5022041 -0.8327767 0.232968 -0.4760301 -0.8173161 -0.3246378 -0.4197123 -0.5321007 0.7353302 -0.5926715 -0.4063476 0.6954295 0.3185665 -0.4932894 -0.8094325 0.5088732 -0.3740049 -0.7753505 -0.7976006 0.4125072 -0.4400811 0.7432779 0.6543774 0.1390268 -0.6102638 0.6485957 -0.4548645 0.2012444 0.8238465 0.5298845 -0.03252589 0.8222404 0.5682103 -0.5767622 0.545332 -0.6082421 -0.8014386 0.2407436 -0.547484 0.6631174 0.7461337 0.05966436 -0.5007814 0.7464843 0.4381543 -0.6486382 0.6470859 0.400685 -0.8315173 -0.4756492 -0.2869439 -0.8928346 -0.07154023 -0.4446666 -0.8964564 -0.2876586 -0.3370735 -0.7967471 -0.5966386 0.09600341 -0.851984 -0.4206436 0.3117405 -0.8509303 -0.3539378 0.3881312 -0.8454049 -0.2719442 0.459714 -0.8618186 -0.2410784 0.4462622 -0.8397445 -0.5389015 -0.06644111 -0.9226265 0.3759669 -0.0860778 -0.9169766 0.3152511 -0.2444803 -0.8223693 0.5381487 0.184675 -0.7709099 0.2804737 0.5718675 -0.8389405 0.4270031 0.3374127 -0.9084768 0.02440613 -0.417222 -0.9302759 0.199204 -0.3080657 -0.8221673 -0.5347906 0.1950381 -0.8442544 -0.5144493 0.1502546 -0.9156295 -0.1325399 0.3795471 -0.8802496 -0.05372577 -0.4714597 -0.8342537 -0.2065006 -0.5112518 -0.8814658 0.24307 -0.4048891 -0.808074 -0.5467754 -0.2192105 -0.8856868 0.2591806 -0.3852068 -0.9062725 0.04117554 0.4206839 -0.8531088 -0.4121068 -0.3199583 -0.8146477 0.5210891 -0.254589 -0.8422387 0.5209165 -0.1388529 -0.7472453 0.6427175 0.1689342 -0.9214484 0.2829496 0.2662191 -0.8888866 0.3826519 0.2519089 -0.9643837 -0.1623432 0.2088271 -0.5489341 -0.6457931 0.5306813 0.2301949 -0.9726515 0.03097498 -0.4391317 -0.7207772 0.5363242 -0.4803147 -0.7239878 -0.4951156 -0.7290703 -0.3737598 -0.5733762 0.8375136 -0.5000131 -0.2203585 0.7877321 -0.6156288 -0.02190023 0.8210109 -0.5280578 0.2170166 0.8351071 -0.4687308 0.2879021 0.8506561 -0.3564375 0.3864409 0.870483 -0.1387876 -0.472226 0.7538326 -0.4547818 -0.4742465 0.8690358 0.2641679 -0.4183207 0.8988003 0.4275561 -0.0967167 0.8226016 0.4497146 -0.3479705 0.8551992 -0.1163148 0.5050795 0.8636367 -0.07028722 0.4991909 0.8599978 0.2146637 0.4629507 0.8794743 0.4090576 0.2433041 0.8642009 0.4882033 0.1217148 0.8877882 -0.3279081 0.3229682 0.7975061 0.06757539 -0.5995146 0.8713628 -0.3230599 0.3692686 0.8465214 0.3077752 0.4343683 0.8871482 -0.384541 0.2551403 0.8930631 -0.4414829 0.08678245 0.8584439 -0.5101862 -0.05276727 0.8722828 -0.4422246 -0.2087107 0.8817397 -0.2238714 -0.4152309 0.8587173 -0.3763445 -0.3478069 0.859828 -0.03563147 -0.5093391 0.8638312 0.1058158 -0.4925432 0.8644708 -0.1061188 0.4913544 0.8666421 -0.04942166 0.4964769 0.853256 0.2312973 0.4673926 0.8875839 0.4434874 0.1245554 0.8578519 0.3461037 -0.3798717 0.8807036 0.4109518 -0.235542 0.8479749 0.3176515 0.4243068 0.8921742 0.4451227 0.07675272 0.8466317 -0.4179421 0.3294532 0.8443303 -0.3769318 0.3808268 0.8504797 -0.4895418 0.19244 0.8199489 0.5131971 0.2535997 0.8699474 0.1733407 0.4616758 0.7965701 0.4191014 0.4356952 0.8886246 -0.1790855 0.422226 0.870844 -0.02159708 0.4910849 0.8886233 0.2896272 -0.3556188 0.8674417 0.1351494 -0.4788315 0.8822339 0.00867021 -0.4707316 0.8417713 -0.1515904 -0.5181134 0.8200571 -0.1793201 -0.5434617 0.8826327 0.4587616 -0.1024575 0.8706806 0.4118457 -0.268884 0.8014708 0.5910009 0.09144639 0.777671 0.3099203 -0.546971 0.7941946 0.0031659 -0.6076552 0.8469178 0.4329833 -0.3086355 0.7782877 0.6170883 -0.1160629 0.8654495 0.4845458 0.1273292 0.8743703 -0.4624704 0.1469624 0.8576212 -0.3999741 0.323275 0.7624284 -0.2053257 -0.6136322 0.8497616 -0.4292684 -0.3059967 0.8431771 -0.5142621 -0.1568024 0.8407974 0.4328316 0.3251413 0.9327753 0.1131053 0.3422533 0.7908751 -0.5873072 -0.1720086 0.8542292 -0.1936515 -0.4824848 0.8283644 -0.3610267 -0.4283367 0.9243323 -0.1175205 0.3630411 0.930003 -0.1104583 0.3505616 0.8212069 -0.5540048 0.1367411 0.9077342 -0.3485072 0.2335838 0.8468944 -0.09296876 0.5235712 0.8623796 0.01906061 0.5059034 0.8504774 0.122828 0.51147 0.6717277 0.5469647 0.4996116 0.7591689 0.5933273 0.2676292 0.8139635 0.2432546 -0.5275327 0.7835931 0.0755648 -0.616662 0.8528733 0.4931787 -0.1714112 0.8020296 0.4293949 -0.4151731 0.7332414 0.6795007 0.02521902 0.7757772 -0.5739292 -0.2622503 0.8557643 -0.09848237 0.5079063 -0.3079494 -0.7494893 0.5860317 -0.1049515 -0.6578813 0.7457731 0.1999025 -0.962604 -0.1828457 0.002966642 -0.6841436 0.7293415 -0.4611893 -0.5601984 -0.6881005 -0.8972104 -0.1769724 -0.4045916 0 -0.110361 0.9938917 -0.1345015 0.5607148 -0.8170118 -6.61572e-5 -0.5653881 -0.8248251 -0.9464426 0.1421815 -0.289881 -0.918559 0.0236026 -0.3945788 -0.9471794 0.2946062 -0.1267215 -0.9656813 -0.1653077 -0.2003323 -0.9964622 -0.0837835 -0.006601572 -0.8362296 0.4059995 0.3686254 -0.9115622 0.403362 0.07970899 -0.9985269 -0.03324943 0.04288083 -0.9485763 0.2653264 -0.1726413 -0.936958 0.01068294 0.3492789 -0.9374942 0.1137029 0.3289019 -0.9075372 -0.1745947 0.3819595 -0.8584261 -0.506043 -0.08381783 -0.8756806 -0.475688 0.083094 -0.8410265 -0.4342066 0.3227061 -0.853453 0.08073431 -0.5148786 -0.9064673 -0.1180356 -0.4054439 -0.8947055 -0.2739986 -0.3527418 -0.9022689 -0.3622955 -0.2337796 -0.781998 0.5681571 -0.2562746 -0.9335682 0.1911613 -0.3031631 -0.9074002 0.4190928 -0.03140252 -0.8612179 0.09253698 0.4997406 -0.8040614 -0.3815013 0.4560067 -0.8953889 -0.06367212 0.4407095 -0.8625847 -0.5031145 0.05313736 -0.87702 -0.4107623 0.2492198 -0.8154034 0.505349 0.2823824 -0.9057747 0.2710645 0.3257243 -0.8850764 -0.3566044 -0.2991206 -0.8973287 -0.4338282 -0.08120685 -0.839497 0.4043698 -0.3629462 -0.8277098 0.3257811 -0.4569061 -0.8153465 0.5691977 -0.1059434 -0.8925683 -0.0313363 -0.4498223 -0.886402 -0.2973755 -0.3547666 -0.8273204 0.1074453 0.5513587 -0.900452 0.272211 0.3392456 -0.7656222 0.5591388 0.3180986 -0.8769685 -0.02105063 -0.4800869 -0.9257814 0.3729385 0.06201344 -0.8036565 0.09727448 0.5870894 0.02039909 -0.8102632 -0.5857112 -0.07702189 -0.8287442 -0.5543021 0.3569723 -0.676302 -0.6443496 0.4044446 -0.6476826 -0.6457027 0.111519 -0.684283 0.7206389 -0.18239 -0.6947765 0.6957151 0.1541053 -0.677695 0.719014 -0.2253422 -0.6911213 0.6867113 0.06676423 0.1957092 -0.9783867 -0.05205833 0.2768669 -0.9594972 -0.194836 0.6182274 -0.7614682 -0.6804919 0.6231209 0.385553 0.6734248 0.7388226 0.02530324 0 -7.72259e-5 1 0 0.110461 0.9938805 8.10963e-6 -0.332835 -0.9429851 -0.8297309 0.4500539 0.3301488 0.1736581 -0.6904155 -0.7022602 0.1071661 -0.6923619 -0.7135478 0.183806 -0.6898379 -0.7002422 0.0988487 -0.6923836 -0.7147265 -0.1314156 -0.751772 0.6461957 -0.1290525 -0.7518679 0.6465602 -0.1086735 -0.7525159 0.649546 -0.105823 -0.752581 0.6499412 -0.6968292 0.7170525 0.01627731 -0.2386675 0.9092105 -0.3411366 -0.3646742 0.8756771 -0.3165478 0.481428 0.5573202 0.6764771 0.7462611 0.2502597 0.616818 0.4068697 -0.7689335 -0.4931516 0.360811 -0.7810174 -0.5097327 0.1267705 -0.8110509 -0.5710741 0.07729452 -0.8112587 -0.5795559 0.005179047 -0.7482687 0.6633756 0.02880179 -0.7466064 0.6646423 0.02618992 -0.7468109 0.6645206 0.0024212 -0.7484353 0.6632034 0.7740169 0.6330028 -0.01433295 -0.5281746 0.750289 0.3976154 0.590018 0.6836209 -0.4295827 0.3642993 0.7409262 -0.5641937 -0.8148685 0.4587941 0.3542559 0.5186864 0.8404782 0.1567191 -0.479191 0.8546612 0.1998259 -0.3916926 0.8969143 0.2052357 0.5928387 0.7924177 0.1435847 -0.8468061 0.07839918 -0.5260924 -0.7695809 -0.1185404 -0.6274502 -0.8611525 0.2394776 -0.4484047 -0.8464693 -0.5193808 0.1171894 -0.8373608 -0.5450467 0.0418477 -0.8473525 -0.526626 -0.06825786 -0.6998689 -0.5596121 -0.4438669 -0.7991865 -0.3300177 -0.5023836 -0.8993923 0.4168112 -0.1317647 -0.9155636 0.3030187 -0.2644296 -0.9428691 0.04978138 0.3294235 -0.8940553 0.2976024 0.3348104 -0.8982328 -0.1460729 0.4145367 -0.9295053 0.3687983 -0.002820849 -0.8603737 -0.4988527 0.1044176 -0.8676741 0.3656467 0.3368148 -0.9067445 -0.2650328 0.3279817 -0.7274969 -0.6600339 0.1873596 -0.8453099 0.5038691 -0.1776717 -0.8542096 0.3896335 -0.3442552 -0.8252731 0.2999896 -0.4784669 -0.6653882 -0.620639 -0.4148083 -0.8354566 -0.1139773 -0.5376072 -0.8548504 -0.304677 -0.4200035 -0.792115 -0.6084135 -0.04885548 -0.8747306 0.05172872 -0.4818409 -0.8980601 0.4396066 -0.01530092 -0.8966561 0.3817842 0.2241621 -0.9171536 0.1660989 0.3622713 -0.8872412 0.3745068 0.2693468 -0.7570593 -0.05001854 0.6514287 -0.6462638 -0.1394836 0.7502582 -0.909086 -0.3215702 0.2648687 0.8771017 -0.4637799 -0.1249033 -0.8306372 -0.4846113 0.2742148 0.9339794 -0.3181588 -0.162658 0.9104564 -0.4061623 -0.07811081 0.9116278 -0.4033039 -0.07925027 0.8962607 -0.380234 -0.2283396 0.8988059 0.3168627 -0.3028962 0.9053095 -0.03958785 -0.4229038 0.9107947 0.235845 -0.3388661 0.8950502 -0.1265122 -0.4276447 0.9165286 0.3933387 -0.07252728 0.9277395 0.2889014 0.2362954 0.8719637 0.4819011 0.086317 0.9249107 0.1256754 0.358812 0.9180762 0.1298174 0.3745445 0.8985643 -0.1029908 0.4265853 0.8814578 -0.4146322 0.2260802 0.8336778 -0.287611 0.471446 0.8892109 -0.373799 -0.263777 0.8531958 -0.5109699 0.1047224 0.8930528 -0.4327033 -0.123388 0.810347 -0.4728446 -0.3460575 0.8726267 -0.2171931 -0.4374357 0.8279565 -0.0865516 -0.554073 0.8911098 0.3717402 -0.2602551 0.8648013 0.2607517 -0.4291008 0.8704378 0.1308396 -0.4745725 0.9007124 0.4329433 0.0357396 0.8726831 0.3491268 0.3413721 0.8621544 0.4411877 0.249085 0.8694357 -0.4067895 0.2803641 0.8470662 -0.2866091 0.4475871 0.8668915 -0.1591346 0.4724143 0.8663239 0.4766546 -0.1492758 0.8774538 0.1419362 0.4581803 0.8695642 0.06103724 0.4900334 0.960641 -0.2227046 -0.1660469 0.8252639 -0.5454042 0.1465398 0.9487999 -0.2913148 -0.1221251 0.973922 0.2070073 -0.09286451 0.875593 0.3360001 -0.3470461 0.9747649 0.2109506 -0.07302975 0.8763319 0.4136218 0.2468997 0.897962 0.4243876 0.1164457 0.9125304 0.1344177 0.3862903 0.8583105 0.003793418 0.5131168 0.92545 -0.2026137 0.3201406 0.861545 -0.4154263 0.2918238 0.8992413 -0.4358282 0.03766888 0.8134138 -0.5587111 -0.1618642 0.8357341 0.377271 -0.3990178 0.9146189 -0.2543515 -0.3142889 0.9307578 0.07100576 -0.3586756 0.8154867 -0.198163 -0.5437951 0.927282 0.3520988 -0.1271798 0.8818069 0.4714774 0.01121383 0.8597245 0.3015428 -0.412245 0.9399225 0.2804777 0.194623 0.8715071 0.2531223 0.4200055 0.9245427 0.002946019 0.3810669 0.8666072 -0.2558121 0.4284301 0.9207649 -0.3377283 0.195273 0.922843 -0.3801293 -0.06214833 0.9218373 -0.3685398 -0.119977 0.8856689 -0.2168945 -0.4105454 0.7153047 0.05877166 -0.6963369 0.8875607 0.282714 -0.3637428 0.8974797 -0.20402 -0.3910321 0.9367005 0.3495906 -0.01945948 0.8837918 0.4282502 0.1884516 0.8944146 0.3885874 -0.2214098 0.9283682 0.2293095 0.2924886 0.9820733 -0.02933615 0.1862028 0.9871143 -0.007408678 0.159846 0.9899657 -0.0923081 -0.1069919 0.9596101 0.1676046 -0.2259584 0.9775101 0.07259702 -0.1979992 -0.4190729 -0.907948 -0.002910792 0.7550866 -0.406699 0.5142375 0.4774693 -0.7052687 0.5240412 0.4850096 -0.6613034 -0.5722268 0.2714093 -0.7885049 -0.5519031 -0.9562627 0.2007889 -0.2127099 -0.8692594 0.4835269 0.1029081 -0.8821243 0.4577412 0.1110391 -0.9281132 0.06277567 0.3669675 -0.9407967 0.1916671 0.2795805 -0.9758833 0.190462 -0.1066582 -0.9680175 0.05731511 -0.2442485 -0.9666031 0.04333621 -0.2525873 -0.9638087 0.05127006 -0.2616186 -0.8441199 -0.3682382 0.3896952 -0.8135216 -0.5811833 -0.02021586 -0.8814933 -0.4168096 0.2218998 -0.9377584 -0.07050067 0.3400574 -0.8736385 -0.1887518 -0.4484738 -0.8237226 -0.3756809 -0.4246707 -0.8212004 0.03401833 -0.569625 -0.884075 -0.4319543 -0.178401 -0.9196542 0.1714323 -0.3533371 -0.896201 0.3447293 -0.2792589 -0.7198884 0.6553711 0.2285815 -0.9403309 0.3236353 -0.105062 -0.9090771 0.3182207 0.2689135 -0.8128566 0.1594694 0.5602086 -0.9111728 -0.4097078 0.04363238 -0.9200441 -0.3251962 0.2185554 -0.8103637 -0.3195901 0.4910937 -0.8705993 -0.03285074 0.4908948 -0.973635 -0.221943 -0.05268973 -0.8605442 0.4614693 0.2156615 -0.8831456 0.4453219 0.1474524 -0.944679 0.2778546 -0.1742945 -0.8535228 0.1287586 0.5048964 -0.8742699 -0.2453372 -0.4188818 -0.6720114 -0.6098517 -0.420097 -0.7393506 0.07364851 -0.6692807 -0.8376911 -0.1968041 0.5094524 -0.8508366 -0.3601838 0.3825504 -0.8405654 -0.1997265 0.5035468 -0.9388366 0.1603071 -0.3047748 -0.9683488 0.2352085 -0.08353263 -0.8615325 0.1931011 0.4695464 -0.2316471 -0.6800618 -0.6955972 -0.2906266 -0.6801642 -0.6729881 0.1174106 -0.6276376 -0.7696011 0.1730953 -0.6113174 -0.7722235 -0.1538682 -0.6413874 0.7516295 0.1129207 -0.6257025 0.7718454 0.07909208 -0.6302414 0.7723603 -0.1831561 -0.6402757 0.7459899 -0.8375876 0.5457913 0.02364337 0.372324 0.9266551 -0.05182021 0.1906314 0.9806564 -0.04441636 -0.8849273 0.4648299 0.02892988 -0.1057308 -0.6605927 -0.7432619 0.3042248 -0.6623284 -0.6846666 0.2479538 -0.6691765 -0.7005153 -0.153224 -0.6528931 -0.7417905 -0.5718826 -0.5084363 0.6437724 -0.6983042 -0.4046498 0.5904489 0.3928714 -0.7410764 0.5444795 0.5537801 -0.6980763 0.4538912 -0.5785595 0.7402663 -0.342454 0.4074373 0.566309 -0.7164419 0.1724079 0.6326524 -0.7550011 0.4847393 0.7537643 0.4436975 -0.01304697 0.5979539 0.8014243 -0.199218 0.5671833 0.7991342 0.3477253 -0.7855179 -0.5119069 0.0719586 -0.8123232 -0.5787513 0.1205592 -0.8124173 -0.5704768 0.3944107 -0.7739263 -0.4954578 -0.2591459 -0.7397826 0.620939 -0.07926255 -0.7529312 0.6533086 -0.2795342 -0.7366371 0.6158137 -0.05437296 -0.7527648 0.6560403 -0.3717845 0.8134412 -0.4473139 0.4227035 0.2955163 -0.8567333 0.053833 0.5958854 -0.8012631 0.3874397 0.9194597 0.06696689 0.4981575 0.8618734 0.09493863 -0.5079647 0.824469 0.2494448 -0.3162714 0.5058293 -0.8025642 0.4834351 0.818324 -0.3108641 -0.5029059 0.3920275 -0.7703248 0.5793867 0.3950031 0.7129402 0.4026408 0.5175322 0.7550106 0.1977252 0.7119526 0.6738162 -0.6974965 0.7156057 -0.03751051 -0.8249229 0.4957436 -0.2715525 0.04108756 0.4510039 0.8915758 -0.03517907 0.4396237 0.8974929 -0.8457409 -0.3804194 -0.3741704 -0.9171848 -0.1727651 -0.3590603 -0.8808655 -0.3518698 -0.3166443 -0.9417723 -0.02801305 -0.3350823 -0.8653146 0.2709872 -0.4216593 -0.8127751 0.5810667 -0.04193001 -0.8164448 0.427904 0.3877063 -0.8314836 0.5459537 0.1028088 -0.8705863 0.3813425 -0.3108979 -0.8590519 0.2684916 0.4358235 -0.8537999 -0.07747828 0.5148037 -0.8685061 -0.1540443 0.4711342 -0.9126307 -0.3751494 0.1623828 -0.9467327 -0.2395489 -0.2152058 -0.9278957 -0.2828868 0.2428678 -0.9076548 -0.4189841 -0.02480775 -0.8632623 -0.2886335 -0.4140883 -0.8234596 -0.4763087 -0.308293 -0.7765997 -0.09841465 -0.62226 -0.8309924 0.5451165 -0.1109042 -0.8777517 0.3767145 -0.2960378 -0.818964 0.3045816 -0.4863415 -0.8491743 0.09325063 -0.5198149 -0.8387892 0.4579038 0.2945451 -0.8717623 0.4867074 0.05609488 -0.8899328 0.3010376 0.3426312 -0.8650443 -0.01810121 0.5013688 -0.8850049 -0.2215997 0.4094632 -0.7360771 -0.5246503 0.4277062 -0.862944 0.07496482 0.4997079 -0.6461354 -0.6292534 0.4319136 -0.1967119 0.7121705 -0.6738826 0.03541809 0.4398006 -0.8973968 -0.04071468 0.4511666 -0.8915105 0.6967638 0.7163453 0.03701019 0.8244265 0.4966284 0.2714429 0.518598 -0.8159024 0.2556551 -0.7205823 -0.6867118 -0.09585517 0.7051391 -0.667132 0.2402372 0.6167902 -0.3335314 -0.7129703 0.3287329 -0.5481211 -0.7690891 0.8817408 -0.102679 -0.460424 0.9002588 -0.1736634 -0.3992182 0.9082421 0.142748 -0.3933439 0.8546047 -0.303749 -0.4211738 0.9028373 0.3599584 0.2351909 0.7480415 0.6636313 -0.005238413 0.8558545 0.4787408 -0.1957565 0.7886898 0.3992276 -0.4675317 0.911768 -0.4054634 0.06541287 0.9172163 -0.3826038 0.1110351 0.900213 -0.3991962 -0.1739509 0.9263132 0.065553 0.3710079 0.8678162 0.296215 0.3989384 0.880573 -0.1741468 0.4407541 0.8872224 -0.2800596 0.3666101 0.8284536 -0.3246394 -0.4563706 0.8471678 -0.3883534 -0.3626133 0.8794238 -0.1586899 -0.4488112 0.8305106 -0.004910707 -0.5569813 0.9350134 0.180428 -0.3052797 0.9291166 0.3270981 -0.17248 0.8852669 0.4645413 0.02244722 0.9320991 0.3219968 -0.1658599 0.8573818 0.3322929 0.3930367 0.8291953 0.527931 0.1836416 0.8179011 -0.07032585 0.5710446 0.8119891 0.2381513 0.5328769 0.8919515 -0.4132393 0.1834556 0.8201739 -0.392321 0.4164122 0.9699831 -0.2417834 -0.0259549 0.9819477 -0.1104047 -0.153589 0.946442 -0.2988498 -0.1222154 0.8174819 -0.1362688 0.5596019 0.9857612 -0.0802707 -0.1477554 0.8312914 -0.2733682 0.4839673 0.9511443 -0.07634681 0.2991584 0.9046013 -0.3456351 0.2494655 0.8793758 -0.4522787 -0.1488029 0.8188341 -0.5660226 0.09554576 0.8607694 0.5077661 0.03535139 0.868065 0.4918164 0.06767487 0.8817284 0.4659571 -0.0737496 0.9255504 0.2737655 0.2615512 0.9078688 0.1840487 0.3766969 0.8543539 0.4410637 0.2748498 0.8882404 0.4186375 -0.1891338 0.8910197 0.4409157 -0.1080617 0.8508146 0.4606093 0.2528907 0.8585445 0.06680732 0.5083681 0.8603879 -0.2206496 -0.459398 0.8458465 -0.3612802 -0.3924542 0.8703693 0.204118 -0.4480997 0.8465768 0.04769343 -0.5301257 0.8547726 0.1489494 0.4971698 0.8640164 -0.2544174 0.4344508 0.8847266 -0.311278 0.3469362 0.9042843 0.2440523 -0.3502976 0.8676136 0.360594 -0.3423721 0.7948554 -0.1556148 -0.5865057 0.9080575 -0.4173682 0.03514927 0.9413157 -0.3186467 0.1113072 0.9018488 -0.3974043 -0.1695244 0.693591 -0.5222424 -0.4961799 0.8136919 0.5792982 -0.04815852 0.8311503 -0.5397285 -0.1337248 0.8276641 -0.5607845 -0.02220541 0.8579322 -0.4954631 0.1359004 0.7243651 -0.4789745 0.4958617 0.8869702 -0.1587913 0.4336695 0.9253886 0.1872522 0.3295339 0.7641885 0.6297075 0.1395872 0.831723 0.0726639 0.5504152 0.6830777 0.05572873 -0.7282165 0.8588686 -0.4880576 -0.1553859 -0.03877151 0.8156665 0.5772218 -0.03877151 0.8156666 0.5772218 -0.03877151 0.8156666 0.5772218 0.1364744 0.3307313 -0.9338049 -0.1528632 0.4402386 -0.8847728 0.1477161 0.3194487 -0.9360195 -0.2330857 0.5771323 -0.7826809 0.6551795 0.7274255 0.2039414 -0.469392 0.6338446 0.6147456 -0.6931197 0.4723168 0.54452 -0.9814419 0.1917504 -0.001936078 -0.9403309 0.3273558 -0.09282302 -0.8946299 0.4363914 -0.09591639 -0.8452338 0.2216971 0.4862409 -0.8712892 -0.1895544 0.4526858 -0.8887436 0.0347138 0.4570885 -0.9529705 0.2817014 0.1117669 -0.9946342 0.07775795 -0.06824064 -0.8765714 -0.2948685 0.380362 -0.848376 -0.4786226 0.2262269 -0.7939876 -0.5358665 -0.2871078 -0.9004812 -0.4331508 0.03891193 -0.6580837 -0.04536473 -0.751577 -0.8726606 -0.3114666 -0.3761013 -0.6982852 0.6837694 0.2117952 -0.8291924 0.5448872 -0.1246519 -0.6369702 0.6098291 -0.4715691 -0.8790605 0.2843397 0.3826276 -0.8840705 0.3052765 0.3538727 -0.8547501 0.1838555 -0.4853858 -0.8770596 -0.4424735 0.18704 -0.8426805 -0.5369743 0.03934866 -0.9027625 -0.3532856 -0.2453758 -0.9316244 -0.0830475 0.3538065 -0.9265754 -0.06740796 0.3700191 -0.9309552 -0.3597261 -0.06260603 -0.940117 -0.1758789 -0.2919702 -0.8962349 0.01530373 -0.4433157 -0.9394822 0.1212567 -0.3204217 -0.8754033 -0.4819624 -0.0371676 -0.8487067 -0.5284879 -0.01994174 -0.8436996 -0.5291363 0.09047579 -0.9434362 0.3084092 -0.1217041 -0.9517908 0.2758064 -0.1342575 -0.8900492 0.2513583 0.3803045 -0.9720728 0.2316494 0.03759324 -0.9356082 0.08320009 0.3430963 -0.9139456 -0.1450408 0.3790339 -0.9068193 -0.1616136 0.3893069 -0.8769588 -0.4258129 0.2227709 -0.1599842 -0.8536047 -0.4957458 -0.408826 -0.8276505 -0.3845206 0.671627 -0.4779796 -0.5660855 0.7458474 -0.392281 -0.538356 -0.4038861 -0.5836319 0.70445 0.2553086 -0.7369191 0.6259136 -0.3116136 -0.6266202 0.7143138 0.3473107 -0.7304956 0.5880063 -0.4018218 0.9153516 -0.0259025 0.3463656 0.5204779 -0.7804702 -0.06506675 0.8280555 -0.5568577 0.6768131 0.4729195 0.5641554 0.5838382 0.5538075 0.5936584 -0.06049102 -0.7575142 0.6500101 -0.03840601 -0.7620069 0.646429 -0.2128189 -0.7154307 0.6654826 -0.2390171 -0.7061796 0.6664693 -0.1177746 -0.6353039 -0.7632288 0.1214755 -0.6526031 -0.7478991 0.09389954 -0.652531 -0.7519217 -0.1440746 -0.6310963 -0.7622073 -0.2403645 0.9623048 0.127257 0.8650608 0.5015617 0.01029425 0.8124114 0.5826369 0.0228489 -0.4028067 0.9060345 0.1298019 0.3793796 -0.7337045 -0.5636921 0.2308144 -0.7576323 -0.6105064 -0.4976341 -0.6123579 -0.6143112 -0.5756718 -0.5670311 -0.589133 -0.328049 -0.7051646 0.6285911 0.5364147 -0.5770993 0.615805 0.4287567 -0.6273984 0.65003 -0.4458869 -0.676309 0.5863369 -0.3175854 0.7227234 -0.6138489 0.06253242 0.3980244 -0.9152412 -0.07136076 0.4208707 -0.9043094 0.460407 0.8791019 0.1233099 0.1670428 0.8429453 0.5114097 0.06876689 0.8476836 0.5260263 -0.921164 -0.07398641 -0.3820771 -0.90046 0.1649 -0.4024674 -0.8996876 0.112939 -0.4216719 -0.9313169 -0.0836789 -0.3544668 -0.9013216 0.407674 -0.1463608 -0.8808315 0.4573915 0.1221839 -0.8565158 0.4207434 0.2989245 -0.9034312 0.3741217 -0.2093923 -0.8446274 -0.2896991 0.450199 -0.8949066 -0.046117 0.4438643 -0.8798382 0.08838802 0.4669823 -0.8994635 0.2213376 0.376796 -0.8221685 -0.5436683 0.1687127 -0.8496208 -0.3916373 0.3532208 -0.8354357 -0.4642324 -0.294169 -0.8811942 -0.3032389 -0.3626888 -0.8921863 -0.4512158 -0.02020055 -0.8555406 -0.08253878 -0.5111141 -0.8826785 0.05755025 -0.4664405 -0.8580722 0.3504906 -0.3753244 -0.8800656 0.4748519 5.84129e-4 -0.8601745 0.4036244 -0.3117489 -0.8592081 0.3063151 0.409796 -0.8933576 0.37502 0.2475325 -0.8741872 0.0626021 0.4815369 -0.8605624 -0.08350008 0.5024543 -0.8488265 -0.3530924 0.3934708 -0.8692698 0.4937786 -0.02351087 -0.8108437 -0.5187708 0.2709416 -0.9788729 -0.2044067 0.005084872 -0.9873072 -0.1585178 -0.009830117 0.1783047 0.5371861 -0.824402 -0.4335038 0.8139587 -0.3867115 0.2955975 0.5048568 -0.8110127 0.2110167 0.9160988 0.3409326 0.5366132 0.6256378 0.5662365 0.8784574 0.2296168 -0.4190332 0.8659689 0.184238 -0.464924 0.9259451 0.3419742 -0.1602477 0.8800492 0.4718119 -0.0539183 0.9073674 0.3963177 0.1400591 0.8122602 0.2363196 0.5332789 0.7612799 0.4909632 0.4235662 0.8533881 0.02756392 -0.5205469 0.8422996 0.01468509 -0.5388095 0.8308674 -0.359151 0.425053 0.8369284 -0.2438191 0.4900034 0.8510761 -0.5007722 0.1577873 0.728537 0.05160653 0.6830597 0.8636202 -0.4759836 -0.1661323 0.8718519 -0.4534497 -0.1850885 0.897254 -0.2274922 -0.3783949 0.8473629 -0.5188593 0.1129662 0.8455476 -0.1324022 -0.5172224 0.8904476 0.09884381 -0.4442218 0.9087734 0.1719409 0.3802201 0.8755381 0.341649 0.341627 0.9117482 0.3729615 0.1720906 0.88218 -0.0608527 0.4669641 0.870664 -0.1325858 0.4736722 0.793909 0.6025314 -0.08163774 0.8368998 0.4823973 -0.2586341 0.732104 0.3839994 -0.562644 0.8661956 -0.4094376 0.286472 0.8380563 -0.5347559 -0.108157 0.8535085 -0.45797 0.2485693 0.8621556 -0.3044871 -0.4049386 0.878179 0.07521319 -0.472382 0.7947079 -0.1359149 -0.5915797 0.849835 -0.4158437 -0.3238124 0.8139415 -0.5803394 0.02656471 0.9025717 0.1533347 -0.4023095 0.984117 0.1094743 0.1397467 0.9861251 0.09368485 0.1370422 0.961085 0.1210197 0.2483344 0.8923974 -0.2172676 0.3955019 0.9026482 -0.1270672 0.4111936 0.8613708 -0.5079408 0.006053209 0.9189661 -0.3714439 0.1324039 0.925504 -0.3200426 -0.2025216 0.9483234 0.09753882 0.3019424 0.8991889 -0.03773725 -0.4359306 0.86157 -0.2918045 -0.4153882 0.8132812 0.1618745 -0.5589013 0.9145846 0.3143561 -0.254392 0.9801686 0.1537702 0.1249971 0.8395488 0.5144431 -0.1746607 0.9733221 0.04603278 0.2247781 0.9690515 0.1359066 0.2060795 0.8598836 -0.5018509 0.0935201 0.8986467 -0.1636852 0.4069906 0.883846 -0.4369553 0.1669918 0.8872682 -0.2478197 0.3890251 0.8660241 0.3277437 -0.3776062 0.9243838 0.1465598 -0.3521859 0.9284025 0.3570058 -0.1030333 0.8519395 -0.4591833 -0.251694 0.8578553 -0.2758461 -0.4335818 0.9266715 -0.03574627 -0.3741686 0.8949695 0.4443119 0.04020684 0.8848505 -0.4556645 0.09700357 0.8108977 -0.4416318 0.3839353 0.9296777 -0.1659668 0.3288686 0.9473626 0.2503217 0.1996073 0.8925818 0.0690903 0.4455605 0.9015844 0.1560935 0.4034606 0.8502761 -0.4996613 -0.1654363 0.7965614 -0.5916348 -0.1243317 0.9622239 -0.1269777 -0.2408361 0.99827 0.04505968 -0.03777092 0.9942829 0.0212363 -0.1046457 0.4566493 0.5776612 0.6765937 0.4566493 0.5776612 0.6765937 0.4566493 0.5776612 0.6765937 0.3212727 0.7493844 -0.5789707 -0.1534911 0.9138816 -0.3758471 0.6668071 0.4690763 -0.5790819 -0.6836864 0.7297748 -0.001283884 0.4248529 0.7026606 0.5707609 0.6155914 0.5577958 0.5566967 -0.8406442 -0.3635199 0.4014609 -0.8696931 -0.2029471 0.4499405 -0.900515 0.09911555 0.4233782 -0.8344252 0.5067845 0.2165738 -0.8137328 0.5692889 0.1172577 -0.8296489 0.5497816 0.0970723 -0.8915146 -0.4529747 -0.003969311 -0.8909721 -0.4246748 0.1606867 -0.8763727 0.3875586 0.2859533 -0.8783549 -0.2917955 -0.3786138 -0.9280487 -0.3339711 -0.1648909 -0.7746097 0.6276121 0.07799398 -0.7921758 0.4961785 0.3553372 -0.7472056 0.663987 0.02837669 -0.712894 0.1502369 -0.6849899 -0.8842192 -0.1624691 -0.4379044 -0.8766446 -0.05876868 0.4775361 -0.8706431 0.3088732 0.3828552 -0.6033678 0.7254037 -0.3312655 -0.7968121 0.3527469 -0.4905712 -0.7681851 -0.387313 0.5097846 -0.7950987 -0.4584882 0.3969973 -0.8966216 0.1137984 0.4279248 -0.8844648 -0.007549464 0.466546 -0.8887028 -0.4467257 -0.1031677 -0.6863259 -0.7196543 0.1051411 -0.8896241 -0.3126716 -0.3328749 -0.9545937 0.1295382 -0.2682741 -0.9411733 -0.144691 -0.3053811 -0.9063917 0.4223795 -0.007055222 -0.9522572 0.2043697 -0.2268025 -0.8814099 -0.3367646 0.3312194 -0.8642896 -0.1839891 0.4681361 -0.8677372 -0.4478077 0.2156397 -0.871931 -0.02980703 0.4887207 -0.8699204 0.1920084 0.4542811 -0.8993765 -0.4327623 0.061957 -0.8773145 -0.4625636 -0.1278833 -0.8798562 -0.4212435 -0.2200163 -0.857031 -0.3786518 -0.3494576 -0.9038364 0.2904798 0.3141676 -0.985861 -0.03931808 -0.1628873 -0.9023975 0.4250065 0.07105302 -0.8375446 -0.3855212 -0.3871598 -0.1349344 -0.6580351 -0.7407986 0.4345581 -0.6417084 -0.6319571 0.3563482 -0.6585291 -0.6628389 -0.2048776 -0.6442275 -0.7368827 -0.3132135 -0.6223493 0.7173414 -0.4045683 -0.5798243 0.7071976 0.2552372 -0.7333793 0.6300863 0.3483615 -0.726986 0.5917226 -0.6360728 0.7716285 0.001003742 0.423244 0.8281065 -0.367565 0.267089 0.8880875 -0.3741181 0.344765 0.5591444 0.753986 0.6219873 0.2781577 0.7319564 0.04447978 -0.7595365 0.6489422 0.02866357 -0.7608934 0.6482437 -0.1020825 -0.7647297 0.6362137 -0.1202511 -0.7642142 0.6336533 -0.423348 -0.6815952 -0.5968288 0.097364 -0.7949118 -0.5988619 0.01030898 -0.7917636 -0.6107408 -0.4756147 -0.6562247 -0.5857985 -0.1290088 0.9017331 0.4125946 0.6315534 0.6852097 -0.3628057 0.388197 0.9132163 -0.123852 0.6294375 0.6862973 -0.3644234 0.2858775 0.4584885 0.8414645 0.4157595 0.3862808 0.8233658 0.1292672 -0.7604631 -0.636385 0.1009125 -0.7607955 -0.6410983 0.1051409 -0.7607858 -0.6404298 0.1334153 -0.7603616 -0.6356498 -0.2911941 -0.6837187 0.6691299 0.3513875 -0.6302363 0.692336 0.2673591 -0.6545576 0.7071588 -0.3756607 -0.667878 0.6425093 0.6964877 0.6665213 -0.2658089 -0.5077218 0.8585282 0.07175046 0.7908052 0.5625418 -0.241193 0.3909607 0.5725025 0.7206876 0.6789116 0.2463217 0.691668 -0.5501397 -0.5750998 0.6054804 0.4062156 -0.3354278 0.8499866 0.107214 -0.4435009 0.8898383 -0.1832888 -0.8819873 0.4341701 0.04622209 -0.9347863 0.3521907 -0.03825759 -0.8193504 -0.5720151 0.06675517 -0.7992398 -0.5972935 -0.02055251 -0.8166481 -0.5767698 0.08421403 -0.7949416 -0.6008128 -0.9125291 0.3597837 0.1945414 -0.9228658 0.3782647 0.07235002 -0.9180662 0.3686286 -0.1458343 -0.9396024 0.2468187 -0.2371243 -0.9851486 0.04234957 -0.1663996 -0.864079 0.1277603 0.4868726 -0.8251026 -0.2526843 0.5053281 -0.8701142 -0.02708607 0.4921053 -0.9115394 0.2714642 0.3088743 -0.9921138 0.01796185 -0.1240472 -0.8624453 -0.504486 -0.04101473 -0.7550838 -0.630132 0.1810585 -0.8418786 -0.4768005 -0.2527878 -0.9289159 -0.06639271 -0.3642902 -0.9323664 -0.2407916 -0.2696524 -0.8704578 -0.3531164 0.3429462 -0.9444926 0.009317934 -0.3284006 -0.8392739 0.2956544 -0.4562978 -0.8763861 0.3444292 -0.3366243 -0.8441162 0.5341864 -0.04596447 -0.872197 0.4838671 0.07172864 -0.8827278 0.3258789 0.3385184 -0.8695415 0.3580791 0.3401132 -0.8935173 0.09005057 0.4399066 -0.8594068 -0.07313299 0.5060353 -0.8603977 -0.4144656 0.2965372 -0.8740247 -0.2963814 0.3850182 -0.8108405 -0.5584052 -0.1752753 -0.8488014 -0.5279432 0.02850079 -0.9788689 -0.1481493 -0.1409521 -0.987304 -0.1051574 -0.11905 -0.03588324 0.829845 -0.5568391 -0.2359513 0.412347 -0.8799414 0.1475013 0.9834421 -0.1052849 0.1500142 0.9144868 0.3757789 0.1260975 0.916704 0.3791482 0.8986952 -0.189657 0.3954455 0.9342595 0.05800843 0.3518438 0.9452896 0.0896244 0.3136799 0.8385255 0.5151845 -0.1773695 0.8522652 0.4757943 -0.2174023 0.8365471 0.4100278 -0.3634094 0.8524977 -0.5022361 0.144937 0.8122606 -0.4152293 0.4096551 0.9238635 0.1138786 -0.3653873 0.9089491 -0.05736231 -0.4129419 0.9577043 -0.1268069 -0.2583073 0.8579174 -0.4327386 -0.2769748 0.8361379 0.4613155 0.2967513 0.7776872 0.6129149 0.1397786 0.8098201 -0.5866582 -0.004874527 0.8219422 -0.4141448 -0.391018 0.8522768 0.456335 -0.2557007 0.8483946 0.3517282 -0.3956186 0.9190462 0.1274865 0.372963 0.9059512 0.2417654 0.3475661 0.8649423 0.4612794 0.1977275 0.7898148 0.6131582 -0.0151602 0.8912719 -0.10143 0.4419803 0.8749456 -0.2218366 0.430417 0.9141768 -0.346404 0.2104406 0.8570203 -0.3278394 -0.3975395 0.8419178 -0.4580848 -0.2851892 0.8782132 -0.4753586 -0.05268555 0.8760757 0.06236368 -0.4781237 0.8382806 -0.1038842 -0.5352513 0.8355394 0.3654226 -0.4102929 0.8790504 -0.4686751 0.08725863 0.8247005 0.3740162 -0.4242416 0.7902826 0.5633158 -0.2410994 0.8171612 -0.5201485 -0.2483815 0.8699501 -0.1733326 -0.4616737 0.7965645 -0.4191097 -0.4356973 0.8708465 0.02160036 -0.4910803 0.8886272 0.1790788 -0.4222233 0.7923937 -0.1851564 0.5812308 0.8632417 -0.4743382 0.1726763 0.8110082 -0.4253231 0.4017041 0.7691962 0.09791737 0.6314662 0.7755584 0.09249913 0.6244624 0.7828669 -0.6179155 -0.07280057 0.7339064 0.5891772 0.3380114 0.7402319 -0.0317741 0.6716005 0.5184693 0.5067541 0.6887598 0.5588457 -0.4541774 0.6938403 0.798887 -0.5500383 0.2433875 0.8451527 0.4909875 -0.2113013 0.8474839 0.393449 -0.356327 0.628745 0.7771666 0.02630579 0.8371067 -0.4456391 -0.3172669 0.5498314 -0.834832 -0.02722364 0.7762242 -0.05966073 0.6276279 0.7924352 0.01789778 0.6096934 0.8568047 0.3988638 0.3267926 0.8053392 0.02026742 0.5924678 0.7918192 0.3499076 0.5005867 0.8714307 0.483179 0.08453816 0.8630643 0.5048637 -0.01525497 0.8754118 -0.01329612 -0.4831953 0.7821704 -0.3483346 -0.5165972 0.8263751 0.3945541 -0.401785 0.8149196 0.1838234 -0.54965 0.8095115 0.4977937 -0.311276 0.9189488 -0.3908795 0.05240505 0.8779649 -0.36665 -0.3078074 0.8000262 -0.5834541 -0.1397833 0.8695386 -0.2376593 -0.4329214 0.9132202 -0.02515244 -0.4066895 0.8429343 0.1143146 -0.5257321 0.8661459 0.1008896 -0.4895026 0.9507933 -0.1858994 0.2478581 0.9251626 -0.2988775 0.2339796 0.7557088 -0.09570938 0.6478765 0.08414214 0.9329637 -0.3499985 0.002641797 0.5464377 -0.8374956 -0.06684947 0.9696478 -0.2351896 0.001335918 0.5460775 -0.8377338 0.4341479 0.8818878 0.1838191 -0.5002107 0.8179377 0.2841956 -0.8928452 0.3850466 0.233595 -0.8281559 0.1342144 0.5441916 -0.8601998 0.3134894 0.4022197 -0.8892297 0.3095446 0.3368276 -0.893964 -0.418532 -0.1601858 -0.8113576 -0.5800517 0.07237964 -0.8387144 -0.3662258 -0.4030346 -0.8308162 0.08230292 0.5504277 -0.9043322 -0.1741471 0.389687 -0.907234 -0.1659699 0.3864976 -0.879056 -0.4074731 0.2474396 -0.8695522 0.4552717 -0.1913287 -0.8987938 0.3915873 0.1970511 -0.9200325 0.3908758 0.02750313 -0.9034687 0.2597929 0.3409572 -0.8257737 0.08912163 0.5569159 -0.9091879 -0.1871697 0.3719475 -0.8970843 -0.1721003 0.4069662 -0.8675923 -0.4963779 0.02988016 -0.955235 -0.08833026 -0.2823541 -0.8986294 0.1351618 -0.4173688 -0.9095686 0.2682358 -0.3173871 -0.8739804 -0.4711793 0.1189479 -0.8677292 0.4794383 0.1310915 -0.9137138 0.3662627 -0.1760082 -0.8588596 0.3666261 -0.3576947 -0.9100852 0.0874862 -0.4050817 -0.7615172 -0.1399933 -0.6328455 -0.8466325 -0.4423518 -0.2958689 -0.8411958 -0.4137336 -0.348158 -0.8727949 -0.2586852 0.4138974 -0.9069159 0.1319782 0.4001067 -0.9008138 0.1908769 0.3900007 -0.9151794 -0.4008415 0.04210507 -0.9167329 -0.3960918 0.052078 -0.9523582 -0.2529954 -0.1703152 -0.8998747 0.3743967 0.2237245 -0.8648269 -0.2819085 0.415454 -0.9470531 -0.2570749 -0.1923617 -0.8501212 -0.1294855 -0.510419 -0.8314501 -0.1213349 -0.5421887 0.2464596 -0.7717378 -0.5862411 -0.02034384 -0.8459523 -0.5328705 -0.07961487 -0.8533576 -0.515211 0.2934974 -0.7513815 -0.5910037 -0.3605598 -0.614955 0.7013038 -0.453106 -0.5672379 0.6877036 0.2143986 -0.7462255 0.6302229 0.3082985 -0.7423939 0.5948137 0.5536005 0.5539911 -0.6217881 0.2888313 0.668954 -0.6848921 -0.7917876 0.587261 -0.1679199 0.6985427 0.5165601 0.4951805 0.8583093 0.2754641 0.4329259 -0.3646214 -0.6186494 0.6959341 -0.4496906 -0.5746015 0.6838213 0.1622235 -0.750615 0.6405159 0.2491171 -0.7509688 0.6115444 -0.1359032 -0.6580262 -0.7406293 0.4346161 -0.6418303 -0.6317933 0.3562674 -0.6586867 -0.6627258 -0.2059581 -0.6441444 -0.7366542 -0.8899744 0.3710622 -0.265063 0.7656604 0.5612649 0.3142386 -0.781018 0.5711587 -0.2525645 0.05386865 0.5601544 0.826635 -0.2897412 0.4779357 0.8292331 0.5398474 -0.72272 -0.4315561 0.1355669 -0.8139454 -0.5649023 0.6237726 -0.6794602 -0.386318 0.03404223 -0.8130462 -0.5812031 -0.4553884 -0.6434453 0.6153045 -0.5207457 -0.6022087 0.6051188 -0.03661417 -0.7988882 0.6003642 0.03215247 -0.8091807 0.5866795 0.6060448 0.5255392 -0.5970916 0.3502321 0.655053 -0.6695097 -0.7705876 0.6119449 -0.1780959 0.7457571 0.4908896 0.450415 0.8791972 0.2613611 0.3983749 0.3552358 -0.7010315 0.6183546 -0.2281744 -0.6239477 0.7474127 -0.322488 -0.5872151 0.742415 0.4497786 -0.6876816 0.5699064 -0.006186604 -0.8452306 -0.5343659 -0.1659395 -0.8589144 -0.4844897 0.5926599 -0.5638042 -0.575221 0.659473 -0.5013931 -0.5600895 0.3752433 0.9078108 -0.1872757 0.2595881 0.7851321 0.5623004 0.4066815 0.9005287 -0.1538131 -0.1179006 0.5054792 -0.8547458 -0.08438527 0.51182 -0.8549382 0.3030254 0.9521422 -0.04001075 -0.6431827 0.3435789 0.6843023 -0.3417036 0.7701277 0.5386486 0.05893039 0.8482298 -0.5263397 0.09634685 0.8484103 -0.5204973 -0.05192732 0.9428495 -0.3291484 -0.0899918 0.9362481 -0.3396192 0.5087708 0.7535839 0.4162497 0.5515486 0.725857 0.4110059 0.02624231 0.4849026 -0.8741745 0.03484576 0.483322 -0.874749 0.4066847 -0.9005277 0.15381 0.375247 -0.9078099 0.1872723 0.2595919 -0.7851298 -0.5623017 -0.1178895 -0.5054828 0.8547452 -0.0843746 -0.5118235 0.8549372 0.2860068 -0.9575625 0.03569829 -0.6431691 -0.3435855 -0.6843117 -0.3448788 -0.7672732 -0.5406944 -0.1427043 -0.8331382 0.5343373 -0.09368419 -0.8416447 0.5318435 -0.05194467 -0.9428488 0.3291473 -0.09001249 -0.9362494 0.3396099 0.5087535 -0.7536002 -0.4162413 0.5515311 -0.7258755 -0.4109967 0.02624577 -0.4849002 0.8741756 0.03485298 -0.4833188 0.8747504 0.04133099 0.9387462 0.342122 -0.01443666 0.954398 0.2981879 -0.008033275 0.8013406 0.5981545 0.07092577 0.6264163 0.7762551 0.0465672 0.1407666 0.9889471 0.002356767 -0.7353778 0.6776533 0.03704738 -0.437817 0.8983005 -0.01424783 -0.9377962 0.346894 0.06535792 -0.9155749 0.3968011 0.01111197 -0.1064704 -0.9942539 -0.01236027 0.6883105 -0.7253109 0.02042216 0.01358401 -0.9996991 0.008206605 0.914586 -0.4043082 -0.01728051 0.6402486 -0.7679735 -1 1.12452e-6 0 -1 1.43098e-7 0 -1 2.90002e-7 0 -1 0 0 -1 -3.41824e-7 0 -1 0 0 -1 -2.14771e-7 -7.53382e-7 -1 -3.59099e-7 -6.10276e-7 -1 6.67784e-7 0 -1 1.04411e-6 0 -1 1.78151e-7 0 -1 1.52586e-7 0 -1 -1.11677e-6 0 -1 -2.1911e-6 0 -1 1.20762e-7 -7.72103e-7 -1 -1.73076e-7 -7.76413e-7 -1 4.90962e-7 0 -1 1.34747e-7 0 -1 3.26987e-7 0 -1 5.63159e-7 0 -1 0 -1.10057e-6 -1 0 -1.06779e-6 -1 0 -6.77293e-7 -1 -7.89863e-7 -6.85903e-7 -1 -2.31467e-7 0 0.0391463 0.7137719 0.6992835 -0.05304849 0.917005 0.3953325 -0.06141912 0.4993633 0.8642131 0.03993022 0.9045096 -0.4245799 -0.02739202 0.7728001 -0.6340581 0.02877318 0.4511414 -0.8919886 0.03244477 -0.8479932 -0.529013 -0.07137948 -0.986256 -0.149011 -0.07472014 -0.6219814 -0.7794588 0.05426067 -0.8221865 0.566626 -0.02361875 -0.6506046 0.7590495 0.03504598 -0.3985182 0.9164906 -0.005790293 -0.300362 0.9538077 1 -3.13838e-7 5.78252e-7 1 -3.28055e-7 0 1 3.37128e-7 0 1 -1.80912e-7 0 1 -7.98368e-7 0 1 -6.9835e-7 0 1 -2.01209e-7 0 1 -1.28274e-6 8.24408e-7 1 -4.94831e-7 7.71747e-7 1 2.173e-7 3.50445e-7 1 4.15323e-7 0 1 0 5.20629e-7 1 -2.75792e-7 5.97365e-7 1 1.96235e-7 0 1 0 4.71942e-7 1 0 3.80127e-7 1 -3.87525e-7 6.35e-7 1 1.89899e-7 2.28812e-7 1 0 1.66488e-7 1 3.00503e-7 1.92487e-7 1 1.01643e-6 1.34805e-7 1 -3.11686e-7 4.56079e-7 1 -3.95167e-6 1.24621e-6 1 1.41996e-7 -1.30005e-7 1 1.72796e-6 0 1 0 0 1 4.7733e-7 4.79212e-7 1 -7.60524e-7 5.28157e-7 1 -1.81698e-7 6.7051e-7 1 -1.74336e-7 1.00785e-6 1 -4.826e-7 4.4948e-7 1 -6.01967e-7 0 1 -3.56023e-7 0 1 -1.51525e-6 0 1 -4.76286e-7 4.83773e-7 1 0 5.33618e-7 1 9.75549e-7 2.94521e-7 1 5.39397e-7 7.27303e-7 1 9.68047e-7 8.52266e-7 1 0 5.02544e-7 1 -2.464e-7 1.23223e-7 1 1.38666e-7 0 1 0 4.29421e-7 1 -5.38535e-7 1.34805e-7 1 -1.91792e-6 0 1 2.59522e-7 1.36023e-7 1 1.91792e-6 0 1 7.91799e-7 4.29421e-7 1 0 4.00679e-7 1 0 2.48805e-7 1 2.74508e-7 3.4341e-7 1 4.31299e-7 2.04457e-7 1 6.09109e-7 3.53223e-7 1 -1.56699e-6 2.54763e-7 1 -9.71191e-7 3.68809e-7 1 1.80399e-6 2.33316e-7 1 -2.73211e-7 4.81017e-7 1 0 2.93887e-7 1 -3.92812e-7 0 1 0 0 1 -2.18618e-6 0 1 2.22901e-7 0 1 6.96659e-7 1.37871e-7 1 1.92879e-7 0 1 3.87699e-7 0 1 -6.46398e-7 0 1 -3.6503e-7 0 1 -2.97117e-7 0 1 -2.47777e-6 5.47109e-7 1 1.04342e-6 3.52155e-7 1 3.50588e-7 0 1 0 7.11903e-7 1 -8.3067e-7 1.76349e-7 1 1.7751e-7 3.69257e-7 1 -1.07364e-6 3.87317e-7 1 -2.81265e-7 5.26655e-7 1 -1.96235e-7 0 1 0 2.35971e-7 1 5.81009e-7 2.69436e-7 1 0 2.07387e-7 1 7.17049e-7 0 1 6.17189e-7 0 1 3.22791e-7 0 1 1.30933e-6 0 1 -1.11096e-6 0 1 -3.44779e-7 0 1 2.86667e-7 0 0.007457494 0.741389 0.6710342 0.01145827 0.8180119 0.5750873 -0.0184381 0.9634416 0.2672832 -0.02783447 0.01773405 0.9994552 0.003212213 0.0520367 0.9986401 -5.72563e-4 -0.6493722 0.7604707 0.002127647 -0.9401644 0.3407146 -0.02456808 -0.7808309 0.6242592 0.1061531 0.7780132 -0.619215 0.004662096 0.5317451 -0.8468918 0.02061504 0.1028109 -0.9944873 -0.02582496 0.9312416 -0.3634865 -0.1400034 0.9381353 -0.3167038 -1 1.2632e-5 2.413e-5 -1 -2.94406e-6 -7.48052e-5 -1 -6.02992e-6 3.39969e-4 -1 1.0748e-5 1.49575e-5 -1 -1.21156e-4 3.83888e-5 -1 -9.85917e-5 -6.61971e-5 -1 1.18377e-4 -1.99583e-4 -1 -9.82972e-5 1.93899e-4 -1 2.74946e-6 -6.01303e-6 -1 -4.09995e-6 -1.11424e-5 -1 1.04877e-4 -2.44682e-4 -1 2.49345e-4 -3.9797e-5 -1 1.16764e-4 -1.17478e-4 -0.9999998 -7.4228e-4 1.55802e-4 -1 -1.62501e-5 -1.3706e-5 -1 0 -3.13304e-6 -1 -7.76259e-5 2.30018e-7 -1 2.10811e-5 2.11617e-4 -1 -2.33587e-5 -4.85665e-5 -1 -1.26071e-4 -7.20377e-5 -1 3.40838e-6 -1.17919e-4 -1 -1.71381e-5 -1.68314e-5 -1 -2.19365e-5 -9.44041e-6 -1 -1.24799e-5 8.28196e-6 -1 1.96331e-7 -9.69236e-7 -1 0 0 -1 -1.33304e-5 -2.06135e-6 -1 -2.14758e-5 -1.37783e-5 -1 5.90132e-6 -4.52254e-6 -1 1.35011e-5 -2.06649e-5 -1 -6.3446e-5 -8.78583e-6 -1 9.4933e-6 -1.52064e-5 -1 -1.16294e-4 2.20634e-5 -1 -3.26876e-5 -2.57385e-5 -1 -7.31044e-7 -8.9741e-6 -1 -1.68677e-4 3.96297e-5 -1 4.81371e-6 8.30797e-6 -1 1.80736e-5 3.40905e-5 -1 6.45969e-5 1.05014e-4 -1 3.25987e-4 5.41437e-5 -1 3.3106e-5 -5.37235e-6 -1 -2.98622e-6 -2.60334e-6 -1 9.33388e-6 -9.52575e-7 -1 1.95027e-5 -4.02727e-6 -1 -5.27841e-6 -1.101e-6 -1 1.24179e-5 -1.28916e-5 -1 -3.81381e-5 -1.34902e-4 -1 -1.01643e-5 -4.88758e-6 -1 6.81725e-5 -1.26175e-4 -1 -1.02458e-4 -5.20768e-4 -1 1.27445e-4 7.71129e-5 -1 2.3659e-4 7.32832e-5 -1 1.31533e-6 1.48762e-4 -1 -5.01066e-5 1.09028e-4 -1 -5.93635e-5 6.66332e-5 -1 7.27144e-5 1.29473e-4 -1 -8.45206e-5 -7.26252e-6 -1 -8.03472e-5 1.55202e-5 -1 -2.91266e-5 5.01354e-6 -1 -2.18949e-5 5.40711e-7 -1 3.42992e-6 1.10543e-5 -1 -6.00626e-6 1.04234e-5 -1 -7.75327e-6 3.68545e-6 -1 1.87211e-5 1.11149e-5 -1 -1.71933e-4 -1.86146e-6 -1 -1.71215e-4 -9.87299e-5 -1 -1.22291e-4 1.96763e-4 -1 -2.32104e-4 8.44795e-5 -1 1.15232e-4 3.9326e-5 -1 2.49726e-5 1.39676e-5 -1 1.72223e-4 -5.83712e-5 -1 -1.16621e-5 1.44058e-5 -1 -1.60463e-5 -5.34831e-7 -1 6.53917e-6 1.13943e-5 -1 -7.71729e-5 1.16703e-4 -1 -1.34926e-4 -3.67314e-6 -1 1.31756e-5 8.63714e-6 -1 1.22416e-5 6.39341e-6 -1 1.09702e-5 -1.41065e-6 -1 1.48521e-6 5.47344e-5 -1 -5.45053e-5 -1.68499e-4 -1 -5.64345e-6 3.32569e-6 -1 2.92449e-6 2.1684e-5 -1 9.7437e-7 1.78064e-5 -1 -3.43676e-6 -4.84921e-5 -1 -2.79785e-5 -2.00854e-4 -1 7.99304e-5 2.52857e-5 -1 5.89911e-6 2.29271e-5 -1 1.54295e-4 -8.55e-5 -1 2.42545e-7 2.88264e-5 -1 4.26557e-4 -8.99051e-5 -1 -4.24475e-6 2.63349e-4 -1 1.07759e-4 3.89021e-5 -1 -2.35084e-5 1.52128e-4 -1 -3.68696e-5 6.90054e-5 -1 -1.41584e-4 6.02954e-5 0.8839759 0.2574131 0.3902888 0.9448608 -0.09636098 0.3129742 0.9396474 -0.1864742 0.2868626 0.9753195 -0.2023565 0.08833861 0.9291127 -0.362171 -0.07471174 0.8207656 -0.5050143 -0.2670289 0.8415829 -0.4732154 -0.260395 0.8716081 0.4331018 0.2296133 0.8351646 0.543407 0.08490669 0.8664976 0.4203724 -0.2692009 0.8799352 0.4622846 -0.1095767 0.8942365 0.2750867 -0.3530845 0.8694405 0.1195386 -0.4793576 0.8827856 0.002338469 -0.4697703 0.8882653 -0.2461471 -0.3878099 0.8646077 -0.483115 0.1380341 0.8363982 -0.5425502 -0.0779578 0.7913286 -0.4807409 0.3777399 0.7911093 -0.07030558 0.607621 0.8369069 -0.2309608 0.49623 0.8818861 0.2139099 0.4201422 0.8543563 0.5125806 0.08565425 0.9039104 0.353581 0.2406794 0.8620145 0.3994895 -0.3119925 0.9054118 0.414592 -0.09133976 0.8820091 -0.4175754 -0.2183822 0.8773239 -0.2382118 -0.4166031 0.9229977 -0.372631 -0.09602916 0.8786031 0.1766415 0.443683 0.8962721 0.09860789 0.4324038 0.8756114 0.2824344 -0.3918361 0.7872834 -0.3412292 -0.5135636 0.8478121 -0.08108717 -0.5240606 0.8299201 0.0815975 -0.5518827 0.6649425 -0.7416072 -0.08871394 0.845204 -0.4390662 -0.304715 0.7652369 -0.4847609 0.4235792 0.8342241 -0.5275856 0.160386 0.8221209 0.3723202 0.4306915 0.8665098 0.1637073 0.4715515 0.8445976 -0.002047955 0.5353977 0.8973008 -0.1951449 0.3959417 0.8311719 0.5475764 0.09650629 0.8570632 0.4467552 0.2566174 0.8829599 0.4638119 -0.07253038 0.8785212 -0.3267062 -0.3485166 0.9178273 -0.1335431 -0.3738443 0.9011662 0.06030905 -0.4292581 0.9015304 0.2817798 -0.3283949 0.8685876 0.4225716 -0.2588221 0.8356812 -0.5456804 -0.06220978 0.8356386 -0.449141 0.3161973 0.8595315 -0.502911 0.0910291 0.9220542 0.01911145 0.3865888 0.9085544 -0.2443445 0.338858 0.8731299 -0.4190942 -0.2490065 0.9778351 0.1257278 0.1674247 0.9705432 0.1284965 0.2038009 0.8847042 0.08099454 -0.4590625 0.9110078 -0.04614049 0.4098001 -0.9700398 -0.2333589 0.06757622 0.975454 -0.1323677 -0.1759783 0.9845197 -0.07242804 -0.1596101 -0.9809258 -0.1740447 0.08656287 -0.8117908 0.4980487 -0.3048664 -0.7485946 0.648786 -0.1366856 -0.6737683 0.7363259 -0.06213235 -0.7500302 0.1730616 -0.6383607 -0.7168725 0.4321594 -0.5471126 -0.4619084 -0.1503713 -0.8740876 -0.8639553 -0.3508589 -0.3612194 -0.8272083 -0.2881895 -0.482362 -0.8675646 -0.4711031 -0.1593539 0.8465083 0.5305685 0.04382842 0.8465083 0.5305685 0.04382842 -0.8826005 0.1261407 0.4528853 -0.9058363 0.02124565 0.4230948 -0.8699774 0.3631742 0.3335322 -0.8804804 0.4706519 0.05693119 -0.8718775 0.4189178 0.2536484 -0.9454721 -0.2892562 0.1497111 -0.9526751 -0.1156412 0.281136 -0.9358111 -0.2326728 0.2648039 -0.850715 -0.4452278 -0.2793856 -0.8422778 -0.451861 -0.2939213 -0.8623102 -0.4858266 -0.1428063 -0.8861719 -0.4571841 -0.07537937 -0.8680598 0.4903206 -0.07783406 -0.889657 0.4006618 -0.2190449 -0.8973792 0.1644083 -0.409488 -0.8790221 0.2968304 -0.3731112 -0.8547087 0.3728547 0.3611818 -0.8721898 0.2478812 0.4217106 -0.928407 0.3670843 0.05753028 -0.9591608 0.2208087 -0.176789 -0.8694597 0.2310615 -0.4366353 -0.9164353 0.3923677 -0.07870179 -0.9234585 -0.06558054 0.3780522 -0.9116274 -0.01701271 0.4106657 -0.8847636 -0.3339135 0.3251081 -0.8791434 -0.4047726 0.2515274 -0.9155066 -0.4023008 0.001390635 -0.895491 -0.4177412 -0.153585 -0.9358583 -0.2692866 -0.2272752 -0.9020804 -0.04622393 -0.4290854 -0.8994114 -0.1290763 -0.4176105 -0.8180528 0.03048205 -0.5743348 -0.7810938 0.4914923 -0.3851335 -0.864198 -0.1571589 -0.4779781 -0.8616408 -0.450071 -0.2345449 -0.7943959 -0.3891468 -0.4663689 -0.8965817 -0.4287582 0.1109406 -0.8415852 -0.5348098 -0.07558339 -0.8744883 0.3194269 0.3650163 -0.8769116 -0.0428974 0.4787336 -0.8723634 0.274354 0.4046135 -0.8731706 -0.2756212 0.4020028 -0.8656075 -0.3835291 0.3219146 -0.8808522 0.02951067 0.4724708 -0.8739645 0.4566143 0.1664019 -0.8561115 0.5152634 0.03971028 -0.9105284 0.3845644 -0.1518169 -0.9631416 -0.1952034 -0.1850785 -0.8974506 -0.4088886 -0.1655068 -0.9171603 -0.1476451 -0.3701593 -0.8907949 -0.4006729 0.2143492 -0.9095014 -0.4006014 0.1110218 -0.81915 0.2019388 0.5368556 -0.7578496 -0.06646722 0.6490347 -0.8999998 -0.2055982 0.3843562 -0.7966117 0.4906463 0.3530949 -0.7069184 0.4651179 0.5328525 -0.9079282 -0.02455127 -0.418406 -0.8822042 0.3497681 -0.315243 -0.9261077 0.1691152 -0.337231 -0.8712823 -0.4413975 -0.214559 -0.6423573 0.388878 -0.6604173 -0.8444393 0.4547731 0.2830263 -0.8684692 0.4945288 0.0346803 0.8928101 0.2323412 0.3858858 0.9375127 0.1300387 0.3227382 0.9797134 0.1949471 -0.04644674 0.989008 0.1424737 -0.03955268 0.8798118 0.1386836 0.4546407 0.8714169 0.3152213 0.3758565 0.8692123 0.1544674 0.4696914 0.8710394 -0.0586273 -0.4877021 0.8906119 0.07162117 -0.4490889 0.8783631 0.3458192 -0.3299809 0.8792554 -0.2900711 -0.3778477 0.794961 -0.5349528 -0.2861166 0.8713386 0.3593635 0.3341064 0.8744395 0.4848912 -0.01536983 0.8689749 0.4941436 -0.02654737 0.8741778 0.3384082 -0.3482717 0.8492295 -0.5258788 0.04754734 0.8504394 -0.5245485 0.04002463 0.859475 -0.3291046 0.3911431 0.8713868 -0.2340654 0.4311596 0.8654201 0.1376052 0.4817809 0.866872 0.2321631 0.4411725 0.8385388 0.5153481 0.1768313 0.9053502 0.3331022 -0.2634086 0.8802028 -0.0137487 -0.4743988 0.9176061 0.1699304 -0.3593366 0.9098573 -0.3522242 -0.2193122 0.8937969 -0.4233291 0.1480538 0.9272873 -0.3732152 -0.02913194 0.8639245 0.4994855 0.06441098 0.9096354 0.3799096 -0.1680249 0.9023733 -0.1365057 -0.4087647 0.9033441 -0.3254203 -0.2794125 0.8173393 0.5657893 0.108808 0.7822967 0.4707638 -0.4079136 0.8800998 0.4608715 -0.1141144 0.8553866 0.05085831 -0.5154876 0.8660098 0.1762039 -0.4679523 0.898985 -0.3564938 0.254437 0.8783135 -0.1930943 0.4373559 0.8806297 0.1685592 0.4428085 0.8685833 -0.1598109 0.4690667 0.9061676 0.3399869 0.251534 0.8736364 -0.2463818 -0.4195896 0.874217 0.1073323 0.4735237 0.8857332 -0.4120932 -0.2136727 0.8343598 -0.5484126 -0.05556488 0.825187 -0.422624 0.3747738 0.856251 -0.4769704 0.1983274 0.8729134 -0.1380587 0.4679339 0.8868776 -0.05443757 0.4587862 0.8789616 -0.1648219 -0.4475046 0.8459736 0.5332219 0.001809298 0.8950468 0.4058217 0.1849322 0.8751199 0.3455173 0.3387966 0.8636037 0.3746892 -0.3373376 0.8772746 0.4586038 -0.1416752 0.890591 0.2425336 -0.3847404 0.8885989 0.03741872 -0.4571564 0.8570477 -0.1101379 -0.5033277 0.8705798 -0.1109328 -0.4793586 0.9065764 0.1671183 0.3875446 0.892649 -0.01073682 -0.4506245 -0.1024016 0.748019 0.6557298 -0.1024016 0.748019 0.6557298 -0.1024016 0.748019 0.6557298 -0.9635567 -0.2364798 -0.1250442 0.8658568 -0.4923743 -0.08865416 -0.9781658 -0.1804001 -0.103187 -0.9633131 -0.1800062 0.1990619 -0.9769474 -0.1079722 0.1841625 0.994385 0.06024146 0.08700305 -0.9686226 0.2070247 -0.137517 0.9927673 0.08838021 0.08125382 -0.9829111 0.1353968 -0.1247141 0.9923798 -0.06448221 -0.1049978 0.9923798 -0.06448221 -0.1049978 0.9923797 -0.06448221 -0.1049978 -0.9903637 0.1188552 -0.07108706 0.9780591 0.1373309 0.1566542 0.9869248 0.08188343 0.1388325 -0.9929651 0.08436262 -0.08308684 -0.9898489 -0.1420584 -0.004311561 -0.970397 -0.2389011 0.03543871 0.9343703 -0.3075541 0.1798962 0.9781194 -0.1655184 0.1260403 -0.8578175 0.5022152 -0.1092202 -0.8724496 0.4742929 0.1178045 -0.8605425 0.4635366 -0.2111879 -0.8477127 -0.01076507 -0.5303465 -0.8599029 0.2249156 -0.4582356 -0.869576 -0.1342059 -0.4752122 -0.8849317 -0.3244473 -0.3341108 -0.8750185 -0.3687555 -0.3136272 -0.8623471 0.3016681 -0.4066371 -0.8661651 0.2006202 0.4577222 -0.8366228 0.1915738 0.5131878 -0.9064808 0.2613632 0.3316355 -0.8692221 0.4253944 0.2519775 -0.905173 -0.4179217 -0.07748156 -0.9109218 -0.3638628 0.1944877 -0.8845756 -0.4641178 0.0460546 -0.8349326 0.3183993 -0.4488981 -0.8904731 -0.1134378 -0.4406696 -0.7279593 0.1710717 -0.6639351 -0.8608654 -0.4829533 0.1602094 -0.8218359 -0.5645697 -0.07646501 -0.8660475 -0.4450145 -0.2278684 -0.8186264 -0.3477253 -0.4570975 -0.7297838 0.60921 -0.3102884 -0.855629 0.5157935 -0.04308402 -0.8521123 0.4981266 0.1605446 -0.9193857 0.3052559 0.2480904 -0.938917 0.04696524 0.3409241 -0.9080159 0.1717302 0.3821202 -0.8869729 -0.1619466 0.4324956 -0.8817769 -0.249348 0.4003687 -0.8100332 -0.4648165 0.3574804 -0.8869776 -0.1877669 0.4219176 -0.861983 0.2225873 0.4554563 -0.783716 -0.02567183 0.6205887 -0.7905199 0.6010543 0.1175247 -0.6771593 0.5630065 0.4737921 -0.8505282 0.3882049 -0.3548221 -0.762942 0.6439942 -0.05649101 -0.8836721 0.05225116 -0.4651813 -0.8854455 0.05058783 -0.4619818 -0.8972558 -0.02087217 -0.4410176 -0.8392024 0.2073076 -0.5027554 -0.8843406 0.3579384 -0.299703 -0.8117275 0.4940183 0.3115198 -0.8876341 0.2871304 0.3600861 -0.9046143 0.4239867 0.04368442 -0.8961212 -0.03562575 0.4423773 -0.8670372 0.09286737 0.4895123 -0.8848276 -0.2494843 0.3934943 -0.8882198 -0.2776808 0.3660041 -0.9115011 -0.3785715 0.160778 -0.8512872 0.500439 -0.1577056 -0.9379907 -0.1095134 -0.3289076 -0.9432489 -0.1030803 -0.3156834 -0.9049146 -0.4076946 -0.1221263 -0.8746315 -0.340153 -0.3454212 -0.8817229 -0.2471513 -0.401847 -0.8585179 0.386295 -0.3372287 -0.8828275 -0.4694485 0.01529204 0.06836259 0.8138415 -0.5770516 0.06836259 0.8138415 -0.5770516 0.06836259 0.8138416 -0.5770516 0.7859875 -0.6170168 -0.03890955 -0.8319767 -0.3544365 -0.4268366 -0.6619108 -0.5355434 -0.5244686 -0.5711829 -0.6135426 0.5452666 -0.777832 -0.404003 0.4814137 -0.4164505 -0.3816245 -0.8251859 0.03718042 -0.5755999 -0.8168859 0.8750412 -0.4684858 -0.1217537 0.9297075 -0.3617079 0.06936419 -0.6701024 0.6601992 -0.3392637 -0.9372321 0.2690184 0.2218678 -0.893295 0.4483931 0.03110831 0.7704246 0.5036521 -0.3908715 0.7940474 0.4807277 -0.3720078 -0.9790437 -0.1755169 0.1032831 -0.9790437 -0.1755169 0.1032831 -0.9790436 -0.1755169 0.1032831 -0.3475504 0.6485028 0.6772392 0.002045691 0.7667855 0.6419003 0.8216226 0.5689636 0.03488361 -0.9726927 0.1057534 -0.2066035 -0.9753637 0.07718729 -0.2066583 -0.9616534 0.09978139 -0.2554733 -0.7285881 -0.5569509 -0.3987043 -0.7285881 -0.5569509 -0.3987044 -0.7285881 -0.5569509 -0.3987044 0.8231631 0.423426 0.3783029 0.8564118 0.2742066 0.437458 0.8497689 0.04752677 0.5250088 0.8518232 -0.5062481 0.1345741 0.8352383 -0.5290514 0.1499387 0.9145558 -0.3293435 0.2347776 0.9042563 -0.1344502 0.40527 0.8351821 0.4442663 -0.3241886 0.8716215 0.4685888 -0.1438767 0.8636263 0.4953826 0.09351933 0.8799574 0.2493711 -0.4043377 0.8665401 0.1069008 -0.4875248 0.8827977 -0.3305135 -0.3338101 0.8942506 -0.05510157 -0.444162 0.869454 -0.2543978 -0.4234759 0.8753985 -0.2347642 0.4225676 0.8389518 -0.4349306 0.3271014 0.7881447 -0.05694478 0.6128502 0.8820136 -0.449683 0.1408448 0.8882614 -0.4482933 -0.1001236 0.8622431 0.4488949 0.2345857 0.8084952 0.3532007 0.4707281 0.8613473 0.4982616 0.09907788 0.8513239 0.4249214 -0.3077165 0.8943516 0.4369509 -0.0959658 0.8391607 0.1635454 0.518712 0.9054397 0.2285259 -0.357708 0.8681204 0.0515412 -0.4936703 0.8773192 -0.46304 -0.1261153 0.9175088 -0.3435453 0.200385 0.8783694 0.439849 0.1870836 0.890695 -0.08433741 -0.4467097 0.6531873 -0.59127 0.4730183 0.8166603 -0.5665937 0.1097162 0.7984187 -0.5969795 -0.07837831 0.8665112 0.4491943 0.2176761 0.8445791 0.3771592 0.3800488 0.8221219 0.5678132 0.04127782 0.8972786 0.1420212 0.4179968 0.7651908 -0.04325097 0.6423493 0.8499041 -0.4183243 -0.3204184 0.8671259 -0.3430706 -0.3611031 0.8341979 -0.2596774 0.4864993 0.8310658 0.4556064 -0.318987 0.8570692 0.4973514 -0.1344397 0.8824871 0.2771773 -0.3799858 0.8714611 0.1101253 -0.4779415 0.9212792 -0.2451087 -0.3019378 0.9109236 -0.04197359 -0.4104344 0.9194827 0.001114904 0.393129 0.8977187 -0.177881 0.4030628 0.8765237 0.2264463 0.4247688 0.9355894 -0.3166817 -0.1561583 0.9037104 -0.4243293 0.05702883 0.8994374 -0.4147319 0.1378765 0.860175 0.495021 0.1226913 0.8744559 0.4691618 0.1233456 0.8421801 0.5328553 -0.08245009 0.9120891 -0.2213338 -0.3451156 0.9234839 0.2874907 0.2540208 0.9223209 -0.2641291 0.282064 0.9726066 -0.2026664 0.1138545 0.9726065 -0.2026664 0.1138545 0.9726065 -0.2026664 0.1138545 0.9800087 -0.1248168 -0.1549311 0.9800088 -0.1248168 -0.1549311 0.9800087 -0.1248168 -0.1549311 -0.8612728 0.1366064 -0.4894363 -0.7657189 0.3617827 -0.5317782 -0.6977768 0.4618327 -0.5475565 -0.9069796 -0.1420175 -0.3965088 -0.8835043 -0.04285651 -0.4664586 -0.8790308 -0.3670793 -0.304233 -0.8590873 -0.4143074 -0.3005305 -0.9574665 -0.2885442 -4.07864e-4 -0.8954964 -0.4150261 0.1607474 -0.8378546 -0.4665023 0.2835056 0.8465217 0.4061537 -0.3441515 0.8465217 0.4061537 -0.3441515 0.8465217 0.4061537 -0.3441515 -0.7293872 -0.602889 0.3232945 -0.8077192 -0.5615137 0.1797004 -0.8229405 -0.3527545 0.4453461 -0.9031413 0.4293314 0.003242552 -0.8965024 0.3822558 0.2239731 -0.8985297 0.4360485 -0.05006456 -0.9058875 0.3456791 -0.2446912 -0.8865143 0.08835369 0.4541873 -0.7511437 -0.1783747 0.6355829 -0.8894033 0.1288335 -0.438593 -0.8770166 0.2917577 -0.3817322 -0.897018 -0.173757 -0.4064079 -0.8785889 -0.05394661 -0.4745221 -0.8545451 0.3163291 0.4119327 -0.8989161 0.4245101 -0.1083563 -0.846607 0.5246343 0.08952909 -0.8812929 0.4127109 0.2302012 -0.8715102 -0.09406644 -0.481271 -0.8666724 0.01650261 -0.4986048 -0.9025619 0.2254848 -0.3667953 -0.8574499 0.4187225 -0.2990839 -0.928037 -0.2523218 0.2740096 -0.8932788 -0.4057055 0.1935361 -0.9336634 -0.3571319 0.02701115 -0.8721159 0.167783 0.4596334 -0.8917925 -0.0391674 0.4507461 -0.9027493 -0.1216633 0.4126038 -0.846494 0.3124979 0.4310371 -0.8495049 -0.5071092 0.1455398 -0.9017916 -0.3365608 -0.2711064 -0.8988105 -0.3874284 -0.205034 -0.8775969 -0.344906 -0.3329616 -0.8733687 -0.3515618 -0.3370925 -0.8557733 -0.5138376 -0.06019043 -0.8511376 -0.4120855 0.325193 -0.8780371 -0.08230167 0.471463 -0.8625113 -0.3844612 0.329035 -0.873408 -0.002434313 0.4869833 -0.8588539 0.280389 0.4286632 -0.8439142 0.4754388 0.2485296 -0.8619916 0.4931704 0.1172753 -0.8525141 0.4715345 -0.225555 -0.8517342 0.5110022 -0.1158687 -0.8635417 0.2100411 -0.4584522 -0.8354539 0.3646869 -0.4111208 -0.8485463 -0.5290185 0.01043635 -0.9092099 -0.319275 0.2672092 -0.8844323 -0.08055454 0.4596637 -0.8808552 -0.1970253 0.4304363 -0.8750308 0.2189009 0.4317449 -0.8745008 0.2440093 0.4191752 -0.8577138 0.5008472 0.1161003 -0.8970717 0.438386 -0.05549752 -0.888274 0.4552612 -0.06088197 -0.9200529 -0.290109 -0.2633242 -0.914631 -0.4025878 -0.03706032 -0.9165176 -0.3282528 -0.2285732 -0.9031919 -0.1383398 -0.4063331 -0.8742349 -0.4688726 0.1259835 -0.8676862 0.2803756 0.4104999 -0.8411355 0.5029887 0.1987299 -0.8630037 0.01419854 -0.5049982 -0.9747385 0.2149466 0.06068658 -0.9687606 0.2386367 0.06749564 0.5791049 0.7598285 -0.2954631 0.640111 0.7473613 -0.1780703 0.6746494 0.3947686 -0.6237035 0.7637408 0.6139419 0.1994377 0.8290476 0.4911217 0.2673568 0.8652231 0.4249142 0.266152 0.9056947 0.06162309 -0.4194279 0.8763084 -0.3693546 -0.3092909 0.9036402 -0.2326909 -0.3595686 0.8158938 -0.09747833 0.5699259 0.8414549 -0.3797326 0.3843918 0.8459101 -0.3862265 0.3677842 0.7949599 -0.5805851 0.1759542 0.8792564 -0.4722876 -0.0620709 0.8640657 0.05738598 0.5000976 0.8629896 0.5046551 -0.023925 0.77357 0.5434492 -0.325964 0.9101414 0.2465087 -0.3329807 0.9205351 -0.03150755 -0.3893874 0.887242 0.3406153 0.3110997 0.8599992 0.2661072 0.4354177 0.8608836 0.4905089 0.1352056 0.8561874 0.4583871 -0.2383788 0.8739475 0.4860189 0.001210629 0.906812 0.03851264 -0.4197725 0.880051 -0.3453681 -0.3259316 0.9176153 -0.1337902 -0.3742758 0.8937735 -0.1946889 0.404061 0.9272606 -0.2845536 0.2433454 0.9098373 -0.4041798 0.09399425 0.8981578 0.319125 -0.302443 0.907775 0.1323431 -0.3980325 0.9022831 -0.3857687 -0.19253 0.9033368 -0.4276974 0.03251922 0.8989891 -0.07215058 0.4319874 0.8430329 -0.5371597 -0.02747851 0.8750295 -0.4457522 -0.1887552 0.8387876 -0.4022845 -0.3668823 0.7464478 -0.02928632 -0.6647993 0.8755087 -0.2013285 -0.4392622 0.8473113 0.2373702 -0.4750989 0.7981666 0.4263519 -0.4256221 0.8783373 0.1726762 0.4457652 0.8563739 0.5072309 -0.09664773 0.8742641 0.4106534 0.2588943 0.8699772 0.4486035 0.2046818 0.8686151 0.2186638 0.444628 0.8643848 0.4850562 -0.1325116 0.8677455 -0.4055925 0.2872502 0.8738225 -0.4624497 0.1502481 0.893792 -0.2617751 0.3641561 0.8795394 -0.1143732 0.4618757 0.9051561 0.2589608 0.3370934 0.9090317 0.02157503 0.4161682 0.8305202 0.5548629 0.04861438 0.89108 0.4065849 0.2016566 0.8632904 0.1604205 -0.4785341 0.8750299 0.2738698 -0.3991467 0.8569419 0.4346553 -0.2769935 0.8793725 -0.03295832 -0.4749925 0.8547369 -0.2098996 -0.4747285 0.9092949 -0.2897362 -0.2987239 0.8830741 -0.3975062 -0.2493371 0.9005376 0.2217622 0.3739701 0.8590891 0.4873743 -0.1563079 0.8563819 -0.4542195 -0.2455499 -0.4644582 0.2738563 0.8421885 -0.1247982 0.381862 0.9157549 0.06217473 0.4952093 0.866546 0.7499334 0.3874521 0.5361723 -0.3783481 0.9098708 0.170258 0.7979028 0.5452015 -0.2571123 0.8968861 0.3390266 -0.2840006 -0.7615219 0.6256996 0.1690694 -0.8215743 0.5251948 0.2217795 -0.8316212 0.5506127 -0.0723316 -0.8478425 0.3136076 -0.4275669 -0.8006024 0.5465453 -0.2456094 -0.8592913 -0.07575768 -0.5058451 -0.8704453 -0.3490669 -0.3470986 -0.875207 -0.336176 -0.3478483 -0.8437945 0.02871018 -0.535898 -0.8529594 -0.5215723 0.02055913 -0.8577387 -0.5078977 -0.07952582 -0.8981903 -0.3687983 0.2392528 -0.9008979 -0.1390243 0.4111633 -0.881572 -0.3020042 0.3628007 -0.8472009 -0.1180742 -0.5179858 -0.8458659 -0.474191 -0.2442416 -0.7597627 -0.3957107 -0.5159204 -0.8372139 -0.4992882 0.2231238 -0.7446894 -0.6666314 -0.03225696 -0.9300761 -0.09558105 0.3547151 -0.829929 -0.4113743 0.3768147 -0.7928058 0.1089355 -0.59966 -0.8839762 0.2788785 -0.3752508 -0.8664748 0.4924252 -0.08209121 -0.8385457 0.5379351 0.08641171 -0.8660882 0.4253931 0.2625491 -0.8586651 0.4335111 -0.2734273 -0.9301311 0.1681202 0.3264843 -0.8961793 0.03196138 0.4425395 -0.8632726 0.2753705 -0.4230029 -0.8623422 0.1573248 0.481264 -0.8657388 0.02298617 0.4999681 -0.8343926 0.3512453 0.424754 -0.8615778 0.4569046 0.2211831 -0.8468063 0.4299235 0.3131853 -0.8669605 0.475987 0.1477019 -0.8827005 0.4242436 -0.2021321 -0.8675704 0.4883295 -0.09410685 -0.8978424 0.1980779 -0.3932483 -0.8799498 0.2509505 -0.4033759 -0.9423859 -0.0560621 -0.3297967 -0.9278704 -0.2139813 -0.305399 -0.9253063 -0.2711833 -0.2650812 -0.8947979 -0.4304987 -0.1183541 -0.9049527 -0.3745562 0.2019115 -0.8800468 -0.4745581 -0.01767724 -0.8828366 -0.3211332 0.3427434 -0.9114303 -0.1542578 0.381444 -0.8675576 0.4110662 0.2799437 -0.8965452 0.2872338 0.3371996 -0.8880113 0.4569179 0.05159538 -0.7929441 -0.1502221 -0.5904854 -0.8708119 0.05676519 -0.4883281 -0.8349938 -0.3315337 -0.4391706 -0.8942525 0.3530877 -0.2750299 -0.8087415 0.5740929 -0.1278852 -0.8847973 0.1020107 0.4546731 -0.8881366 0.06261539 0.4552942 -0.8320598 0.2742952 -0.4821191 -0.8163732 -0.5358022 -0.2155246 -0.7670875 -0.5196259 -0.3762521 -0.8668923 -0.4843364 -0.1179669 -0.745687 -0.5836378 -0.321431 0.2011996 0.4644556 -0.8624382 0.2011997 0.4644557 -0.8624383 0.2011997 0.4644556 -0.8624383 -0.9491929 0.2893892 0.1236397 0.8733736 0.4869825 0.008173406 -0.9739173 0.2010758 0.1051368 -0.9457687 0.2283261 -0.2310601 -0.9625849 0.1714184 -0.2098718 -0.9907646 -0.1317475 -0.03206807 -0.9907645 -0.1317475 -0.03206807 -0.972496 0.2308923 0.03066498 0.961195 0.2723016 -0.04422646 -0.990355 0.1343085 0.03403174 0.9861115 0.160668 -0.04207241 0.9693092 -0.1210641 -0.2139701 0.7055318 -0.6504923 -0.2812201 0.9383568 -0.2295631 -0.2584323 -0.9894109 -0.1171101 0.08574086 -0.9915983 -0.0888186 0.09404289 0.9751733 -0.1836658 0.1237094 0.9751733 -0.1836658 0.1237094 0.9751732 -0.1836657 0.1237094 0.983667 -0.1141206 -0.1391972 0.983667 -0.1141207 -0.1391972 0.983667 -0.1141206 -0.1391972 0.8943476 0.3549854 -0.2722644 -0.9860845 0.1661513 0.005593299 -0.9627239 0.2659468 -0.04934895 0.96026 0.1987519 -0.1959556 0.9536687 -0.2881685 0.08645778 -0.9843277 -0.173404 -0.03209799 -0.9635174 -0.2669254 -0.01962506 0.9802571 -0.1829025 0.07511854 -0.964196 0.2513775 0.08447241 0.9735886 0.2274998 0.01921349 -0.9868806 0.1487029 0.06288224 0.9900419 0.1407731 -1.2724e-4 0.9254514 -0.3718674 0.07248634 -0.9780319 -0.1894536 -0.08695447 -0.9467147 -0.3102614 -0.08642458 0.9705421 -0.2276454 0.07890278 -0.9677884 0.2415338 0.07104372 0.9772553 0.2047584 0.05519229 -0.9819613 0.181203 0.05401498 0.9875154 0.152276 0.0403155 0.8937017 0.3561031 0.2729251 0.8982656 0.2752525 0.3425713 0.8786441 0.04923015 0.4749327 0.8679046 0.4949716 -0.041772 0.9002563 0.4168775 0.1255066 0.8751685 0.4437146 -0.1928665 0.7701352 0.4189406 -0.4810203 0.8559824 0.1576238 -0.4923911 0.7014247 -0.1350201 -0.6998379 0.8417934 -0.4528729 -0.293752 0.8637734 -0.2980664 -0.406266 0.8683526 -0.220106 0.444429 0.8675667 -0.3489699 0.3543276 0.8725024 -0.2497391 0.4199642 0.8773915 -0.3451533 0.3332469 0.8703137 0.06285178 0.4884708 0.8732779 -0.4795135 0.08632808 0.8781868 -0.4726913 -0.07314944 0.8695451 -0.1136913 -0.4805889 0.8175331 0.1592576 -0.5534228 0.8640021 -0.2131469 -0.4561457 0.9071008 0.3805057 -0.1799546 0.8775278 0.3022458 -0.3722799 0.8930133 -0.2414564 0.379771 0.9025304 -0.365469 0.2277528 0.8879123 -0.3917876 -0.2410692 0.8833575 0.1252956 0.4516422 0.8229944 -0.009967327 0.567962 0.8901568 0.3483192 0.2937597 0.9354618 0.3522395 -0.0289601 0.9075661 -0.1525022 0.3912377 0.8975359 0.3840042 0.2167256 0.9076591 -0.294132 -0.2994018 0.8283701 -0.001632809 0.5601788 0.8653956 -0.1665591 0.4725977 0.8497037 -0.3367396 0.4057219 0.8646125 0.495653 0.08230221 0.8803235 0.423489 0.2137467 0.863715 0.3094984 0.3977525 0.8895484 -0.4534351 -0.05568116 0.8725958 -0.4809322 0.08532905 0.8822423 -0.401211 0.2463299 0.8664221 0.1974718 0.4586041 0.8485217 0.4365676 -0.2990314 0.8858823 0.4484671 -0.1187009 0.871505 0.2573425 -0.4174374 0.7927582 0.0951035 -0.6020712 0.8740275 0.4366912 0.2130181 0.8764528 0.3548073 0.3254879 0.7792444 0.6267156 0.002422928 0.8634993 -0.2001128 -0.4629511 0.9384872 -0.3375512 0.07280772 0.8809348 -0.4651765 -0.08697533 0.8150153 -0.4034071 0.4159482 0.9238141 -0.3126227 -0.2209852 0.8833991 -0.05957478 -0.4648193 0.8837629 0.1987397 0.4236338 0.7862835 0.05283319 0.615603 0.9010113 0.2575359 -0.3490761 0.8501071 0.3332599 -0.4077448 0.4865502 0.6556513 -0.5773996 0.8743222 -0.1844894 0.4489147 0.7979144 0.5781951 -0.1703618 -0.7460532 -0.1252245 -0.6540058 -0.6859809 -0.3516171 -0.637021 -0.7951343 0.004958391 -0.6064133 -0.7942298 -0.5151619 -0.3221915 -0.708061 -0.6861152 -0.1670197 -0.8144832 -0.5675024 0.1206578 -0.7336139 -0.5730545 0.3652661 -0.9853485 0.1699422 -0.01442193 -0.9750611 0.2165943 -0.04840266 -0.8985531 0.2728899 -0.3437056 -0.9031378 0.3058581 -0.3013187 -0.896449 0.428841 -0.1116906 -0.9056661 0.07166862 -0.4178906 -0.8590127 0.01282608 0.5117938 -0.8685349 0.05394268 0.4926838 -0.8476893 0.4265844 0.315355 -0.8164492 -0.1874796 0.5461337 -0.8426979 0.5343964 0.06542986 -0.8767362 -0.06364536 -0.4767422 -0.889382 -0.2193271 -0.4011179 -0.8789725 -0.3731668 -0.2969073 -0.8973482 -0.4095904 -0.1643231 -0.8465657 0.4343555 -0.3076714 -0.8813073 0.4545584 -0.1291288 -0.8988121 0.2238662 -0.3768566 -0.8668769 -0.3408831 -0.3637627 -0.9027531 -0.1001611 -0.4183356 -0.8716254 -0.406668 -0.2736613 -0.857396 0.08479666 -0.5076237 -0.9319002 0.01381254 0.3624521 -0.9032156 0.2054699 0.3768072 -0.8928374 0.2898306 0.3447311 -0.8726131 0.4428187 0.2060539 -0.846823 0.5252694 0.08356386 -0.809696 -0.1898475 0.5552931 -0.7934421 0.3432125 0.5026479 -0.9017689 -0.4297275 0.04633921 -0.8992493 -0.4179745 0.129028 -0.9361309 -0.2267598 0.2687731 -0.9002462 -0.1443762 0.4107462 -0.8733428 -0.4870011 0.01011204 -0.8775936 -0.4793327 0.008342444 -0.8604813 -0.4153463 0.2950587 -0.8870621 -0.1444562 0.438467 -0.900426 0.1390825 0.4121759 -0.8777104 -0.02653384 0.4784564 -0.8759663 0.3130919 0.3669558 -0.8958173 0.3826438 0.2260421 -0.8852375 0.4651204 -0.004218876 -0.8971413 0.4415728 -0.01229012 -0.9047822 0.3542612 -0.2363649 -0.8726428 0.2966395 -0.3879429 -0.880692 0.1363012 -0.4536557 -0.8676193 -0.3679196 0.3344727 -0.925828 -0.1275846 0.3557592 -0.9202435 -0.1275805 0.3699665 -0.9006785 0.1038821 0.4218847 -0.84311 0.5037925 -0.1880396 -0.785488 0.6179904 0.03311496 -0.9166715 0.3681495 0.1554973 -0.7950965 0.3442274 -0.4993287 -0.703949 0.5223715 -0.4812316 -0.888696 -0.3811622 -0.2548232 -0.8945465 -0.4466941 -0.01584935 -0.8981546 -0.3609326 -0.2510901 -0.8855611 -0.4493394 0.1177964 -0.9250336 -0.2867819 0.2491363 -0.864095 0.273806 0.4223388 -0.8877108 -0.1858692 -0.4212151 -0.8483025 -0.04102736 -0.5279203 -0.8502538 0.2600355 -0.457657 0.7229778 0.6712508 -0.163479 0.3277093 0.6656506 0.6704595 -0.8630611 0.4753891 0.1706776 0.4209194 0.6316396 0.6510441 -0.9373753 0.1857472 -0.2946619 -0.9536283 0.1412568 -0.2657812 0.8201219 -0.3255308 -0.4705635 0.8468981 -0.09365242 -0.5234433 0.7220153 0.128242 -0.6798882 0.8849592 -0.4073292 0.2256774 0.8805651 -0.4724162 0.0377925 0.8343457 -0.5362551 -0.1276634 0.8731983 -0.3900031 -0.2922711 0.8921387 0.2850309 0.3504939 0.9202789 0.1002132 0.3782118 0.8842083 -0.07775503 0.4605754 0.8923386 -0.1839459 0.4121842 0.7868131 0.4191662 -0.4530175 0.8148411 0.524711 -0.2463994 0.7839119 0.479153 -0.3948351 0.886563 0.3679544 0.2803847 0.8535392 0.5159038 0.07289838 0.8472901 0.4610369 -0.2637131 0.8910855 0.08989727 -0.4448431 0.8796122 0.344538 -0.3279878 0.9027524 -0.1350123 -0.4084237 0.876185 -0.296363 -0.3800907 0.7837641 0.3659622 0.5017824 0.8517951 0.09446328 0.5152882 0.8234083 -0.06968623 0.5631542 0.8590703 -0.5117242 -0.01169282 0.9140659 -0.3472815 -0.2094733 0.8516311 0.5232021 -0.03136855 0.861694 -0.494401 0.1142416 0.847643 -0.3964484 0.3526048 0.8524894 -0.3011018 0.4273167 0.9048839 -0.3144977 0.2868385 0.8272614 0.5065566 -0.2429795 0.8775982 0.1195886 -0.4642412 0.8827735 0.3982102 0.2492784 0.7797537 0.6235795 0.05597436 0.8413141 0.1034629 -0.5305527 0.8641508 0.2727212 -0.4229262 0.8253946 0.4437493 -0.3490133 0.8683323 -0.3612699 -0.3398283 0.8210312 -0.2822129 -0.4962498 0.869669 -0.4642426 -0.1677936 0.8733578 -0.05735051 -0.483691 0.8587918 0.4964501 -0.126546 0.8822478 -0.4680219 -0.05093598 0.883262 -0.421254 0.2058966 0.8636474 -0.2448807 0.440621 0.8721212 -0.182922 0.4538109 0.8884846 0.2172762 0.4042108 0.9030394 0.054919 0.4260325 0.9154554 0.4011263 0.0322358 0.873869 0.3337166 -0.3535342 0.927308 0.3514539 -0.128764 0.6779293 -0.5218398 -0.5177791 0.7165462 -0.6975215 0.005028367 0.8075132 -0.5442236 -0.2274715 0.8102421 -0.5773164 0.1010628 0.8537119 -0.5096138 0.1070979 0.9267395 0.2765009 0.2543644 0.8292642 -0.004084825 -0.5588418 0.8771848 0.2180042 -0.4278095 0.8317701 -0.1721932 -0.5277386 0.8782637 -0.4262939 0.2166254 0.9112156 0.3945776 0.118299 0.5296792 0.55719 0.639515 -0.1711474 0.7649114 0.6209824 0.4319488 0.6126068 0.6619164 -0.1367263 0.7592586 0.6362644 -0.9631419 0.2049348 -0.1742396 -0.9631419 0.2049348 -0.1742396 -0.8843469 -0.406188 -0.2300911 -0.8873468 -0.3619039 -0.2857297 -0.8963657 -0.1631623 -0.4121976 -0.8872556 0.3159618 -0.3360743 -0.9255365 0.3215541 -0.199963 -0.9076218 0.1463104 -0.3934667 -0.8755546 -0.01002204 -0.4830155 -0.8830183 0.419147 -0.2111745 -0.8811832 -0.4629637 0.09581774 -0.8762881 -0.4737346 0.08772033 -0.8690339 -0.3090366 0.3863633 -0.8576155 -0.2496219 0.4496496 -0.8656035 0.09080249 0.4924283 -0.9253159 -0.1372151 0.3535004 -0.9193252 -0.2300139 0.3192724 -0.919577 -0.3486149 0.1812345 -0.9188841 0.0872755 0.3847532 -0.8773342 0.4224245 0.2276893 -0.8547158 0.2807377 0.4366318 -0.8488529 -0.1855258 -0.4950039 -0.8827684 -0.4342013 -0.1794131 -0.7872567 -0.4119939 -0.4587895 -0.873811 0.4283547 0.2301452 -0.8241153 0.3695101 0.4292975 -0.857503 0.5144726 0.002575695 -0.883233 0.4447908 -0.1485281 -0.853255 0.4609112 -0.2439612 -0.8753431 0.02677863 0.4827601 -0.8683488 0.233805 -0.437385 -0.873443 0.331197 -0.3569396 -0.773991 0.03789013 -0.6320621 -0.8397276 -0.5429855 -0.004936158 -0.9112132 0.3773929 -0.1651215 -0.7811439 0.6209585 0.06499898 -0.926916 -0.007698833 -0.3751899 -0.9532232 -0.2261561 -0.2005472 -0.9165745 -0.1049591 -0.3858427 -0.8970503 0.2941531 -0.3298103 -0.9143178 0.1569494 -0.3733496 -0.9316936 -0.3417671 -0.1230536 -0.9400081 -0.3410701 -0.007490575 -0.8761396 -0.3676092 0.311838 -0.8871191 -0.4061514 0.219228 -0.9463534 0.3192954 0.04965621 -0.9285842 0.3075055 -0.2077785 -0.911151 0.4026541 -0.08759886 -0.8672617 -0.1902679 -0.4600602 -0.8698136 -0.1989862 -0.4514741 -0.8900956 0.1189152 -0.4399877 -0.8383768 -0.0132538 0.5449299 -0.8676542 -0.1501443 0.4739544 -0.9013556 0.2539539 0.3508072 -0.8668844 -0.495262 0.05680698 -0.8636803 -0.4975346 0.08071923 -0.858327 -0.465555 0.2157161 -0.9139251 0.2953514 0.2784034 -0.8937957 0.2089321 -0.3968334 -0.8687069 -0.4464023 -0.2146474 -0.8642047 -0.4198553 -0.2772577 -0.8594844 -0.4632602 0.2160477 0.9763177 -0.2155083 -0.01897424 -0.9815214 -0.181617 -0.06025797 -0.9598854 -0.2695435 -0.07724153 0.9894722 -0.1446523 -0.004537463 0.832845 0.5528355 -0.02724462 0.1932053 0.694011 0.6935565 0.581473 0.7150515 0.38806 0.8810713 0.3716145 -0.2926023 0.9428726 -0.1424934 -0.3011428 -0.9122765 -0.3979464 0.09690368 0.8875311 -0.297831 -0.3515471 0.5137335 -0.7603904 0.3973467 0.5844357 -0.7194108 0.3753439 0.5836116 0.6484138 0.4888325 0.7027612 0.6932182 0.1599227 0.2207875 0.4437985 0.868502 -0.6501513 0.6227679 -0.4352743 -0.6803725 0.5979676 -0.4237074 0.9858338 -0.1667264 0.01827728 0.9858338 -0.1667264 0.01827728 -0.9660876 -0.2444328 -0.08323168 0.9706126 -0.2405745 -0.005927443 -0.9880746 -0.1396749 -0.06480491 0.9888114 -0.1487108 0.0117135 -0.9896456 0.1399507 0.03186541 -0.9896457 0.1399507 0.03186541 0.3198279 -0.5463805 -0.7740663 -0.1314777 -0.9911364 0.01904022 0.1054384 -0.8960021 -0.4313501 -0.3374124 -0.8128755 0.4747487 0.9923836 0.06446266 0.1049739 0.9923835 0.06446266 0.1049738 0.9923836 0.06446266 0.1049738 0.9903381 -0.08038818 -0.1129973 0.990338 -0.08038818 -0.1129973 0.990338 -0.08038818 -0.1129973 -0.9615613 0.2701976 0.04892277 0.96371 0.2636133 -0.04208719 -0.9842954 0.1696817 0.04869019 0.9845225 0.1695697 -0.04429227 0.9835276 -0.1006345 -0.1501547 0.9835276 -0.1006345 -0.1501547 0.9835275 -0.1006344 -0.1501547 0.9412241 0.0642836 0.3316096 0.9310652 0.01231962 0.3646449 0.9215573 0.228107 0.3141647 0.8711485 0.4895734 -0.03766018 0.9065149 0.4114147 0.09470397 0.8631974 0.3761888 -0.3367083 0.8547058 0.4118425 -0.3160122 0.8283392 0.1829272 -0.5295202 0.9185563 4.56148e-4 0.39529 0.9342369 0.2734556 0.2289617 0.8704655 0.005405068 -0.4922 0.7559012 -0.3291282 -0.56594 0.8675048 -0.3912141 -0.3072243 0.9015206 -0.4296487 0.05160105 0.8304982 -0.5438427 -0.1204498 0.8726793 0.0104826 0.4881812 0.8855075 -0.3115837 0.3446626 0.8892437 -0.3556186 0.2877171 0.8654537 0.3476202 0.3607633 0.8798524 0.4725638 0.05043017 0.8764048 0.4594763 0.1442092 0.8702893 0.2579113 0.4196169 0.8890202 0.4246578 -0.1711992 0.8397107 0.3896598 -0.3782212 0.8755733 -0.07122385 0.4778062 0.8699476 -0.3593896 -0.3376836 0.8441616 -0.5359745 -0.01107901 0.8699046 -0.435149 -0.2321887 0.8612911 -9.2614e-4 -0.5081111 0.9038735 -0.1517223 -0.3999915 0.8894853 0.1657038 -0.4258615 0.8792179 -0.4599373 0.1242321 0.8397819 0.2811757 0.4644423 0.8736932 0.4732671 0.112599 0.892611 0.3406817 0.2952652 0.8779461 -0.3496707 0.3270185 0.8745346 -0.2832803 0.3936262 0.8500527 -0.07103872 0.5218852 0.8623372 0.06009161 0.5027561 0.8787459 0.4769325 -0.01846754 0.8170974 0.4609957 -0.346172 0.8513681 0.3139088 -0.4202782 0.8771027 0.02391707 -0.4797072 0.9167549 -0.08053952 -0.3912468 0.8806505 -0.302092 0.3649591 0.8849796 -0.321 0.3372984 0.853179 -0.5215072 -0.01076793 0.812078 -0.3513645 -0.4659104 0.8734055 -0.3934524 -0.2869813 0.8812415 -0.01149839 0.4725266 0.8675976 0.06261032 0.4933097 0.8702502 0.3603825 0.3358407 0.8852726 -0.4534279 0.1034198 0.8948848 0.4366315 -0.09238111 0.9159652 0.3740823 0.1451566 0.9046183 0.1899597 0.3815509 0.8552219 0.2017576 -0.4773776 0.8805846 0.2644147 -0.3932628 0.8912433 0.4269447 -0.1529824 0.9249766 0.0811305 -0.3712632 0.9553561 0.09226304 -0.2806817 -0.9222055 -0.3802603 0.07027947 -0.9157936 -0.3749302 -0.1440466 -0.9170415 -0.3812152 -0.1170894 -0.8494104 -0.4371909 -0.2955777 -0.8623743 -0.4174469 -0.2864414 -0.8690811 -0.4189483 0.2630217 -0.9031584 -0.2456117 0.352108 -0.9576925 0.06214261 0.2810044 -0.7867408 -0.1748291 0.5920084 -0.969782 0.09672921 0.2239784 -0.8034884 0.4530249 0.3862317 -0.7811366 0.2494339 0.5723708 -0.7921219 0.249953 0.5568361 -0.8773933 0.4704136 -0.09429836 -0.7470689 0.643791 0.1655939 -0.9361287 -0.1990173 -0.2899231 -0.9133721 -0.3202003 -0.2514425 -0.897017 -0.08317351 -0.4341 -0.8850818 0.2493156 -0.3930292 -0.8755404 0.03042203 -0.4821864 -0.9360325 -0.3436269 -0.07592052 -0.9211125 -0.3723611 0.1135736 -0.9112193 -0.3904457 0.1312695 -0.8970063 -0.2884646 0.3349148 -0.8480203 0.4245061 -0.3172638 -0.9343504 0.1255712 -0.3334987 -0.9023762 -0.05121147 -0.4278957 -0.9141172 0.2663001 -0.3057355 -0.8547443 -0.483931 -0.1876784 -0.8735147 -0.3851084 -0.2977641 -0.8923174 -0.4445785 0.07822775 -0.8719643 -0.1732023 -0.4579076 -0.9134954 0.04260689 0.4046119 -0.8605051 -0.1946586 0.4707857 -0.916431 0.2957849 0.2695659 -0.8850675 0.218037 0.4112367 -0.9270023 0.3367809 -0.1650621 -0.9008612 0.4332601 0.02710759 -0.903125 0.4118395 0.121464 -0.7657287 0.3431391 0.5439808 -0.8248871 -0.5020003 0.2599176 -0.8230152 -0.3128126 0.4741249 -0.7964832 -0.1273016 0.5911082 -0.8991413 0.1251151 0.4193938 -0.8820922 0.469264 0.04128897 -0.9176468 0.3438929 0.1991534 -0.8958421 0.4303489 -0.1107553 -0.8647091 0.2922559 0.4084907 -0.8852787 0.3258361 -0.3318322 -0.8971372 0.303538 -0.3209512 -0.9045184 0.0837081 -0.4181381 -0.938301 -0.3180341 -0.1358144 -0.9417283 -0.3004758 -0.1512027 -0.9169203 -0.2319034 -0.324774 -0.8831964 -0.07888454 -0.4623219 -0.8910543 -0.07127749 0.4482654 -0.872479 -0.1029446 0.4776849 -0.9099324 0.1665586 0.3798437 -0.9397692 0.3264577 0.1012884 -0.879906 0.3254749 0.3461673 -0.8359512 0.2079145 -0.5078949 -0.9301694 0.3468776 -0.1202538 -0.9316747 0.3288635 -0.1543735 -0.8739398 -0.01822751 -0.4856925 -0.8602297 -0.02457213 -0.5093144 -0.8948721 -0.2891314 0.3400102 -0.9425075 -0.3315246 0.04208588 -0.8876613 -0.3943735 0.2377542 -0.8361395 -0.4034096 0.3716604 -0.814041 0.2212102 -0.537032 0.9660549 0.1687076 0.1956423 0.9771212 0.1225998 0.1737914 -0.9264602 0.3750507 -0.03175634 0.9249064 0.3218515 -0.2023853 0.9690024 0.1929134 -0.1543339 0.8865726 0.4584276 -0.06191253 0.8921502 0.4493613 0.0462892 0.8535441 0.4163413 -0.3132453 0.9202992 0.3382481 0.1965649 0.878673 0.2915643 0.3780533 0.8759792 0.1986092 0.4395622 0.8736887 -0.03535676 0.4851989 0.8734557 -0.338883 0.3496191 0.8676494 -0.4889712 0.08995419 0.8599228 -0.5104166 -0.002771437 0.8088771 -0.01534992 -0.5877774 0.8082219 -0.02437102 -0.5883736 0.8207788 0.197014 -0.5361975 0.8076288 -0.3823932 -0.4488999 0.8490114 -0.4353122 -0.2994716 0.8705206 -0.07217669 0.4868106 0.8516287 0.3477761 -0.3921484 0.807582 -0.4851099 0.3353801 0.8010737 -0.5282307 0.2815198 0.7951288 -0.6060019 -0.02306538 0.8666422 -0.4601442 -0.1928698 0.8864377 -0.2547293 -0.3864469 0.879592 0.01171618 -0.4755845 0.8472631 0.1395466 -0.5125156 0.8201805 -0.2491225 0.5150164 0.8403987 0.5366894 0.07546269 0.8962855 0.3786153 0.2309178 0.9008898 0.2050394 0.3825659 0.8380774 0.3984219 -0.3726747 0.9031127 0.413026 -0.1174607 0.8718339 -0.09451603 0.4805958 0.8285318 0.1904538 -0.5265573 0.8716514 -0.3245817 0.3672475 0.877542 -0.2437358 -0.4129323 0.8944505 0.1888934 0.4053118 0.8789774 -0.2321144 -0.4165595 0.7793105 -0.08254069 -0.621178 0.8740127 -0.4375537 -0.211302 0.8518769 -0.4592845 0.2517212 0.872296 -0.4073268 0.2705267 0.8871055 -0.0335434 0.4603464 0.9011412 0.1724707 -0.3977415 0.8435086 0.364601 0.3944102 0.8363333 0.5348346 0.12041 0.8442131 0.339127 0.4150872 0.8583452 -0.2406437 -0.4531381 0.896365 0.0540027 -0.4400153 0.8566978 -0.2739243 -0.4370748 0.8700004 -0.4222363 0.25459 0.8402141 -0.5216731 0.1479783 0.8375943 -0.3461906 0.4225965 0.9095675 -0.4090673 -0.07315099 0.89277 -0.0782296 0.4436687 0.8514397 0.52445 0.001654863 0.8382174 0.4734152 -0.2706838 0.887686 0.3175045 -0.3334733 0.8964475 0.08077377 -0.4357265 0.8499221 -0.4671593 -0.2437103 0.8586487 -0.4924168 -0.1422959 0.8234373 -0.352202 0.444865 0.5882372 0.7728255 0.2381549 -0.6780114 0.2941831 0.6736148 -0.3797785 0.5574304 0.7382681 0.2168066 0.9650911 -0.1469501 0.06422334 0.9799776 -0.188466 -0.8856773 -0.4428982 0.139345 -0.8549568 -0.5181303 -0.02428996 -0.8787568 -0.4273301 -0.2125456 -0.8876258 -0.01425129 -0.4603449 -0.9258501 0.08567833 -0.3680502 -0.9077049 -0.1745256 -0.3815923 -0.8696078 -0.3486957 -0.3495621 -0.8830521 0.146782 -0.445729 -0.8948351 -0.3096839 0.3215061 -0.9155938 -0.1869372 0.3560095 -0.8827056 0.03555035 0.4685798 -0.8633221 0.1194705 0.4903078 -0.8655765 0.4124819 0.2839652 -0.9242498 0.1536741 0.3494947 -0.9182521 0.06315451 0.3909281 -0.9192216 -0.119105 0.3752939 -0.8813959 0.4546794 -0.1280935 -0.8535582 0.5090448 0.110959 -0.9180386 0.3352726 0.2116541 -0.8492783 -0.4804911 -0.2187575 -0.8827499 -0.4339215 0.1801804 -0.7873448 -0.6156204 -0.0331636 -0.8241074 0.5648534 0.04227972 -0.8753372 0.3603408 0.3223963 -0.8738522 0.4655435 -0.1401844 -0.857546 0.3656697 -0.3618019 -0.8830924 0.2099257 -0.4196178 -0.8531435 0.1531573 -0.4986874 -0.8677451 -0.1446757 -0.4754865 -0.8726658 -0.01850658 -0.4879671 -0.7748476 -0.4195271 -0.4728724 -0.8395914 -0.3876569 0.3805373 -0.8233904 0.448572 -0.3475795 -0.9452204 0.1032012 -0.3096905 -0.8986671 -0.06258243 -0.4341439 -0.8684098 0.07476502 -0.4901781 -0.8687121 -0.331168 -0.36833 -0.8616042 -0.4101013 -0.2990906 -0.8600184 -0.4943152 0.1265742 -0.8016023 -0.5892543 -0.1010612 -0.7650339 -0.5081079 0.3956633 -0.9066174 -0.1622411 0.3895162 -0.8242836 -3.14752e-4 0.5661771 -0.9332022 0.1690002 0.3171318 -0.9131734 0.36626 0.1787962 -0.9009126 0.3543098 0.2506415 -0.9317672 0.3623015 -0.02339684 -0.9043688 0.3785005 -0.1971158 -0.9378023 0.2151248 -0.2724854 -0.9553746 0.06799197 -0.2874655 -0.9080657 -0.04171139 -0.4167457 -0.9277498 -0.1889986 -0.3218072 -0.9246748 -0.3777696 -0.04761099 -0.8805631 -0.395953 -0.2604421 -0.9520727 -0.2674881 0.1483502 -0.9564298 -0.2745628 0.09928441 -0.9545172 -0.1795002 0.2380684 -0.879195 -0.1796294 0.4413044 -0.9085245 -0.1746029 0.3796012 0.9633347 -0.1520643 -0.2210491 -0.956623 -0.2550694 0.1407555 0.9349645 -0.2638729 -0.2370916 -0.9728464 -0.1660394 0.1612479 0.8703069 0.4583488 0.1802288 0.8703069 0.4583487 0.1802288 -0.9791657 -0.1748912 0.1031878 -0.9791657 -0.1748912 0.1031878 -0.9791656 -0.1748912 0.1031878 0.9696998 0.2427914 -0.02711033 -0.9882588 0.1500252 0.02893286 -0.9675129 0.2511913 0.02866762 0.9891293 0.1443597 -0.0279923 -0.9707112 -0.237852 -0.03385388 0.9680748 -0.2499713 0.01858973 -0.9885532 -0.1475421 -0.03152745 0.9873605 -0.1569546 0.02201199 0.5936726 -0.8021762 -0.06376701 0.3532137 -0.4777383 -0.804367 -0.2516139 -0.8575492 -0.4486646 0.542453 -0.2493345 -0.8022326 -0.822149 -0.4082139 0.3967775 -0.8928943 -0.2341659 0.3845859 -0.3139585 0.5884265 0.745107 0.05463188 0.4113118 0.909856 -0.712834 0.6927865 0.1091544 0.9712287 0.2317553 -0.05481278 0.9783087 0.2016149 -0.0475772 0.8394165 -0.5427465 -0.0283969 0.8382133 -0.5420738 -0.05961966 0.7550774 -0.4895962 -0.4360662 0.7821543 -0.5044023 0.3658046 0.1056146 0.8162702 0.5679336 0.2821861 0.5067794 0.8145831 0.03116619 0.9723982 0.2312368 0.9714136 0.2318611 -0.05095112 0.9778212 0.2042023 -0.04655402 0.968105 -0.2487645 0.02981579 -0.9886497 -0.1480503 -0.02555376 -0.9703581 -0.240485 -0.02392238 0.9876092 -0.1541927 0.02920424 0.8727494 0.4558897 0.1745656 0.8727495 0.4558897 0.1745656 0.8727495 0.4558897 0.1745657 0.865877 -0.2136993 -0.452316 0.9069688 0.06177169 -0.4166436 0.9036728 0.1753467 -0.3906778 0.925898 0.283819 -0.2493187 0.8859744 0.4456325 -0.1283006 0.8338511 -0.4641389 0.2987768 0.9035404 -0.02139222 0.4279686 0.9102038 -0.2509886 0.329445 0.7104877 -0.6746563 -0.2001154 0.8598856 -0.3260923 -0.3927603 0.8634006 -0.5016149 0.05405664 0.871009 0.4238639 0.24836 0.8645868 0.3597072 0.3508567 0.8724408 0.4499732 0.1907126 0.8757994 0.4813312 -0.03599673 0.894926 0.01020729 0.4460978 0.8422905 0.5375096 -0.0403769 0.8521548 0.4486001 -0.2694257 0.857971 0.39197 -0.3320325 0.8617797 0.4991607 0.09041208 0.8605024 0.3854251 0.3331416 0.8494645 0.1239472 -0.5128813 0.876107 0.278044 0.393863 0.8165327 -0.5760474 -0.03799778 0.8441456 -0.3868348 0.3711832 0.8591459 -0.4971072 0.1214621 0.8610674 -0.4049919 -0.3074811 0.8463081 -0.3259359 -0.4213413 0.8589015 0.3635014 0.3607698 0.8720029 -0.01851606 -0.4891504 0.8792078 -0.2373836 0.4130893 0.8736953 0.414267 -0.2550286 0.8926334 0.4496391 -0.03209775 0.8398141 0.5271808 0.1295868 0.8779646 -0.01600748 0.4784579 0.8745476 0.0780121 0.4786237 0.8500697 0.3187811 0.4192377 0.8623587 0.3979682 0.3129836 0.8787389 0.3241924 -0.3503103 0.8170639 0.08119839 -0.5708009 0.8513166 -0.07521468 -0.5192329 0.8770031 -0.3223986 -0.3562652 0.9166931 -0.3337388 -0.2197552 0.8567981 -0.2444918 0.4540055 0.7846855 -0.4662682 0.4084885 0.786123 -0.03012472 0.6173355 0.8121193 -0.577848 -0.08095711 0.868602 -0.488547 0.08277928 0.8585576 0.5032151 0.09825187 0.8958853 0.3717305 0.243323 0.8549751 0.3074931 0.4176908 0.7710841 0.09918797 -0.6289604 0.8352621 0.2907779 -0.4666751 0.7611476 0.5234301 -0.3829823 0.8603653 0.1593025 0.484143 0.8461847 -0.3190961 -0.4267896 0.9118345 -0.09163421 -0.4002011 0.8785324 0.4701994 -0.08422285 0.9226413 -0.3229458 -0.210806 0.9015854 -0.3382418 -0.2696965 -0.9700406 0.2333568 -0.06757187 0.9754535 0.1323714 0.1759783 0.9845191 0.07243454 0.1596102 -0.9809265 0.1740422 -0.08655923 -0.8116175 -0.4982848 0.3049415 -0.7481437 -0.6493339 0.1365528 -0.6730929 -0.7369672 0.06184995 -0.750023 -0.1730574 0.6383704 -0.7168412 -0.432166 0.5471483 -0.4619069 0.1503687 0.8740888 -0.8639423 0.3508713 0.3612384 -0.8271883 0.2882018 0.4823893 -0.8675618 0.4711059 0.1593611 -0.7297803 0.6578544 0.186141 -0.8087669 0.5224578 0.2700631 -0.8561084 0.5072324 -0.09896272 -0.882592 -0.1261467 -0.4529001 -0.9058312 -0.02124452 -0.423106 -0.8699696 -0.3631795 -0.3335472 -0.8804777 -0.4706567 -0.05693429 -0.8718738 -0.4189175 -0.2536616 -0.947958 0.1503338 -0.2806695 -0.8874351 0.3757405 -0.2669798 -0.8680547 -0.4903295 0.07783496 -0.8896558 -0.4006635 0.2190466 -0.8973825 -0.1644051 0.4094821 -0.879024 -0.2968297 0.3731071 -0.8762658 -0.3040659 0.3737674 -0.9237469 -0.3786182 0.05779415 -0.9278569 -0.35912 0.1005714 -0.910542 -0.3819186 -0.1582772 -0.9450192 0.1152049 -0.3060502 -0.9128034 0.03406423 -0.4069762 -0.8902862 0.3283516 -0.3155562 -0.9135313 -0.1241708 -0.3873528 -0.8489737 -0.3470113 -0.3985311 -0.8791396 0.4047807 -0.2515276 -0.915505 0.4023042 -0.001389026 -0.8954899 0.4177411 0.1535914 -0.9358555 0.2692934 0.2272787 -0.8544518 0.453078 0.2542293 -0.9020818 0.04622912 0.4290821 -0.8994148 0.129076 0.4176034 -0.8696552 -0.007242739 0.4936066 -0.8673461 -0.3107777 0.3887522 -0.870516 0.02257043 0.4916223 -0.8538318 0.3349343 0.3984852 -0.8134632 0.581551 0.008734464 -0.8350332 0.4118873 0.3647857 -0.8725671 0.3090621 -0.3782954 -0.8136678 0.4967992 -0.301886 -0.8929166 0.04950827 -0.4474919 -0.892337 0.004864156 -0.4513438 -0.8726278 -0.2302207 -0.4307195 -0.840646 -0.3700429 -0.3954525 -0.8685851 -0.4626467 -0.1775333 -0.85609 -0.5152974 -0.03973168 -0.9104439 -0.3847715 0.1517988 -0.9631365 0.1952075 0.1851003 -0.8974451 0.4088978 0.1655142 -0.9171532 0.1476033 0.3701935 -0.8907976 0.4006672 -0.2143492 -0.9095079 0.400587 -0.1110202 -0.8191393 -0.2019433 -0.5368704 -0.757841 0.06646621 -0.6490449 -0.9000014 0.2055932 -0.3843552 -0.79661 -0.4906497 -0.3530942 -0.7069033 -0.4651318 -0.5328605 -0.9079511 0.02450853 0.4183589 -0.8820937 -0.3499704 0.3153276 -0.9260302 -0.1691843 0.337409 -0.8077457 0.578817 0.1118838 -0.8712738 0.4414182 0.2145506 -0.6431384 -0.3882991 0.6599977 -0.8444425 -0.4547699 -0.2830218 -0.9898434 0.142098 0.004293143 -0.970384 0.2389507 -0.03546029 0.9344112 0.3074559 -0.179852 0.9781304 0.1654721 -0.1260164 0.8797985 -0.1386857 -0.4546658 0.8714026 -0.3152402 -0.375874 0.8691976 -0.1544725 -0.4697167 0.8710361 0.05862557 0.4877079 0.8906072 -0.07161897 0.4490986 0.8783581 -0.3458247 0.3299885 0.8792586 0.2900655 0.3778442 0.7949662 0.5349454 0.2861159 0.871325 -0.3593857 -0.3341177 0.8744308 -0.4849068 0.01537185 0.8689659 -0.4941591 0.02655375 0.8741722 -0.3384163 0.3482779 0.8459057 0.5331733 0.01303714 0.8303015 0.557027 -0.01790416 0.6640154 0.5878611 -0.462064 0.8577398 -0.231688 -0.4589153 0.7302343 0.02934771 -0.6825662 0.870805 -0.2991592 -0.3901314 0.8208072 0.2706972 -0.5029898 0.8326104 -0.5247288 -0.1772557 0.9053501 -0.3331017 0.2634095 0.8802021 0.01375126 0.4744001 0.9176054 -0.1699321 0.3593375 0.9098441 0.3522511 0.219324 0.8938009 0.4233208 -0.1480529 0.9272842 0.3732233 0.02912974 0.8639256 -0.4994835 -0.06441169 0.9096358 -0.379909 0.1680237 0.9023694 0.1365075 0.4087727 0.9033287 0.3254452 0.279433 0.8173418 -0.5657853 -0.1088096 0.7822949 -0.4707645 0.4079159 0.8801019 -0.4608674 0.1141139 0.8553792 -0.05085599 0.5154999 0.866008 -0.1762049 0.4679552 0.8989873 0.356491 -0.254433 0.8783175 0.19309 -0.4373494 0.8806358 -0.1685475 -0.4428008 0.868588 0.1598041 -0.4690606 0.9061687 -0.3399839 -0.2515339 0.873638 0.2463813 0.4195867 0.8742225 -0.107322 -0.4735156 0.8908197 0.3945232 0.2253701 0.8739761 0.4766489 0.09471929 0.8698359 0.4301127 -0.2416377 0.8941923 0.4417741 -0.07249766 0.8815555 0.3339856 -0.3336368 0.8711076 0.1852582 -0.4548086 0.878966 0.1648249 0.4474948 0.8531534 -0.4202999 -0.3089939 0.8733249 -0.4368403 -0.2155792 0.8863176 -0.153668 -0.436838 0.8833986 -0.2914134 0.3669946 0.8729649 -0.4809992 0.08106958 0.8906608 -0.223788 0.3957804 0.8967562 0.0938391 0.4324611 0.9272928 -0.0116288 0.3741563 0.8787871 0.07975274 -0.4705029 0.8924483 -0.1948978 -0.4068798 0.8868709 -0.4364566 0.1515442 0.8701065 0.1375107 0.4732922 -0.9635565 0.2364808 0.1250439 0.8658527 0.4923817 0.08865374 -0.9781657 0.1804007 0.1031869 -0.9633148 0.1800001 -0.199059 -0.9769485 0.1079669 -0.1841601 0.978096 -0.08007359 -0.1921369 0.9780959 -0.08007359 -0.1921369 0.9780959 -0.08007359 -0.1921369 0.9923797 0.06448537 0.1049966 0.9923797 0.06448537 0.1049966 0.9923797 0.06448537 0.1049966 -0.9760918 -0.206701 0.06722766 0.969532 -0.1532318 -0.1911225 0.9802315 -0.08426737 -0.1790118 0.9721311 -0.225187 -0.06520682 0.8403762 -0.4907747 0.2300176 3.91299e-4 0.6382638 0.7698178 0 -0.9069984 0.4211342 0 7.89934e-4 0.9999998 0.001166403 -0.185056 0.9827274 -0.8875757 -0.206384 0.4118435 -0.8895853 -0.2296676 0.3948302 -0.8693466 -0.4590569 0.1830399 -0.8697923 -0.1935591 -0.4538683 -0.8356974 -0.1747671 -0.5206404 -0.9080841 -0.2480726 -0.3374069 -0.8844018 -0.4123128 -0.2187047 -0.8697271 -0.4602432 -0.1781879 -0.8650175 -0.4896829 0.1093409 -0.8662617 0.1765318 0.4673619 -0.8774665 0.0859726 0.4718701 -0.8617662 0.4008247 0.3109643 -0.8655607 0.4924824 -0.09091752 -0.8540806 0.4596296 0.2434895 -0.8823866 -0.1799764 0.4347444 -0.7872474 -0.4588752 0.4119165 -0.8492799 -0.4944339 0.185091 -0.9123777 0.3308723 0.2410199 -0.9192212 0.1816332 0.349345 -0.9251657 0.3538128 0.1374228 -0.8241005 0.4293588 -0.3694718 -0.8737332 0.2303394 -0.428409 -0.8753372 0.4827631 -0.02691739 -0.8828567 -0.1487736 -0.4454554 -0.8570729 0.00253582 -0.515189 -0.8684473 -0.4373719 -0.2334635 -0.8733693 -0.3571766 -0.3311359 -0.7749588 -0.6308843 -0.03773444 -0.8388553 -0.005106747 0.5443305 -0.8792541 0.4656547 -0.1003885 -0.875073 0.4759029 -0.08811312 -0.8470371 0.2656813 -0.4603711 -0.8533753 0.3547376 -0.3819844 -0.8282627 -0.1986718 -0.5239375 -0.7350972 0.04921805 -0.6761728 -0.7832495 -0.413068 -0.464645 -0.8980489 -0.4102895 -0.1586529 -0.9042072 -0.2035906 0.3754466 -0.9033486 -0.2679764 0.3348881 -0.9267917 -0.3439915 0.1507553 -0.8918657 -0.4522023 -0.009422302 -0.8729915 0.386708 -0.2972251 -0.8607304 0.07097846 -0.5040885 -0.8243482 0.3246663 -0.4637262 -0.8559306 0.5017858 -0.1248757 -0.8729743 0.4869438 0.02831393 -0.8467578 -0.5031514 0.1727421 -0.8557835 -0.5074572 -0.1006075 -0.8781438 -0.3794116 0.2913937 -0.8978301 -0.01129353 0.4401972 -0.8866175 0.130327 0.4437616 -0.8906483 0.1270817 0.436573 -0.9019266 -0.003769576 0.4318732 -0.8736119 0.1247152 0.4703705 -0.8792056 0.3179119 0.3548657 -0.7943808 0.5324544 0.2923209 -0.8639214 -0.3283607 -0.3818628 -0.8907098 -0.2340036 -0.3897161 -0.8671445 -0.1912747 0.4598637 -0.8001137 -0.09108436 -0.5928928 -0.8640409 -0.4875862 -0.1252718 0.7558138 0.6547507 -0.006861329 -0.8915347 0.2898585 0.3480632 -0.7469726 0.5014341 0.436573 -0.5132409 0.6223094 -0.5910287 -0.7198879 0.4457091 -0.5320761 -0.1024171 -0.7480183 -0.6557282 -0.1024171 -0.7480183 -0.6557282 -0.1024171 -0.7480183 -0.6557282 0.06834095 -0.8138362 0.5770617 0.06834095 -0.8138362 0.5770617 -0.9919142 0.1240332 0.0268706 -0.9813431 0.1893311 0.03345972 0.9714804 0.2368801 0.01066726 0.9869429 0.1610496 0.002621829 -0.6699889 -0.6603053 0.3392815 -0.9372206 -0.2690457 -0.2218828 -0.8932669 -0.4484478 -0.03112584 0.7704242 -0.5036364 0.3908926 0.7940443 -0.4807132 0.3720328 -0.9466586 0.3122121 0.07975745 0.9464357 0.312704 -0.08047282 -0.9813547 0.1734293 0.08285719 0.9812762 0.1736817 -0.08325839 0.9876147 -0.0791406 -0.1354767 0.9870808 -0.157087 -0.03154802 0.9876148 -0.0791406 -0.1354767 0.7129809 -0.4998473 0.4917426 0.712981 -0.4998473 0.4917427 -0.7285401 0.5570186 0.3986974 -0.7285402 0.5570186 0.3986974 -0.7285401 0.5570186 0.3986974 -0.9917136 -0.1277677 0.01340746 -0.9837591 -0.1782128 0.02141112 0.9510903 -0.30409 0.05437391 0.9775221 -0.2071428 0.03927516 0.9356933 0.08198827 -0.3431563 0.9023333 0.2469052 -0.3533166 0.881224 -0.2110012 -0.4229926 0.8851386 -0.007554352 0.4652662 0.9118819 -0.2100669 0.3526237 0.8499562 -0.4073446 0.3341327 0.8502558 0.3120835 0.4238739 0.8680111 0.3281611 0.372649 0.9775465 0.2101159 -0.01594704 0.9682121 0.23885 -0.07426977 0.876767 -0.4722715 -0.09077048 0.8713202 -0.274169 -0.4069797 0.8976749 -0.4207678 0.1308982 0.8955354 0.08335798 0.4371134 0.8503646 0.4023423 -0.3391175 0.9068844 0.4013863 -0.1282567 0.8874261 0.4510882 0.09483879 0.7912162 0.005988955 -0.6115072 0.8972068 0.2098354 -0.3885734 0.8773117 0.4630542 0.126116 0.8074556 -0.4216505 -0.4125851 0.849397 -0.5276941 0.007995724 0.8722022 -0.4433906 -0.2065629 0.8620265 -0.1731361 -0.4763764 0.8667263 -0.3516612 0.353723 0.8767798 -0.4590994 0.1431257 0.8731569 -0.2574936 0.4138772 0.8625324 0.002509295 0.5059958 0.9785781 0.2052655 -0.0158441 0.878373 -0.4398422 -0.1870821 0.8643648 0.09330338 0.4941338 0.6432533 0.5999468 -0.4756985 0.8166514 0.5666062 -0.1097186 0.7984198 0.5969785 0.0783739 0.8498956 0.4183431 0.3204164 0.862145 0.3511289 0.3652596 0.7572346 0.07896989 -0.6483514 0.7997458 0.2829411 -0.529482 0.865478 -0.2921402 -0.4069423 0.8603322 -0.1762127 -0.4783071 0.873986 -0.4287621 -0.2287172 0.8472468 -0.5238998 -0.0877614 0.8375052 -0.4524629 0.3063699 0.8761923 -0.4693455 0.1095538 0.8824887 -0.2771727 0.3799856 0.8714541 -0.1101194 0.4779556 0.9213259 0.2450417 0.3018496 0.9109193 0.04197448 0.410444 0.919483 -0.001115858 -0.3931282 0.8977593 0.1779716 -0.4029322 0.8765252 -0.226454 -0.4247613 0.9358084 0.3162953 0.1556272 0.9037873 0.4241342 -0.05725944 0.8994481 0.4147211 -0.1378391 0.8601522 -0.4950602 -0.1226938 0.8744376 -0.4691952 -0.1233487 0.8421632 -0.5328803 0.08246159 0.9120862 0.2213356 0.3451224 0.9234855 -0.2874912 -0.2540146 0.9223814 0.2643027 -0.2817037 -0.5684083 0.8225954 -0.01577389 -0.5402257 0.8413804 -0.01534205 0.7130122 0.7010861 0.009596765 0.7332788 0.679853 0.01011162 -0.6659034 -0.2947688 0.685335 -0.712787 -0.1994447 0.6724258 -0.6769245 -0.4743216 0.5628429 -0.8507679 0.1600481 0.5005784 -0.8690034 0.3854238 0.3102926 -0.8395839 0.305917 0.448903 -0.939134 0.3374058 -0.06468945 -0.7713764 0.6023037 0.2054482 -0.9560227 0.2693977 -0.1159546 -0.7293857 0.6028926 -0.3232911 -0.807733 0.5614959 -0.1796944 -0.82294 0.352757 -0.4453451 -0.9014548 -0.4328578 -0.003670811 -0.8960019 -0.3827766 -0.2250837 -0.8964093 -0.4403869 0.05009865 -0.9053808 -0.3463004 0.2456861 -0.8865166 -0.08835417 -0.4541828 -0.7511467 0.1783756 -0.6355791 -0.8893973 -0.1288374 0.4386039 -0.8768505 -0.291783 0.382094 -0.8970146 0.1737619 0.4064131 -0.8785836 0.05394929 0.4745319 -0.8543895 -0.3162918 -0.4122843 -0.8870276 -0.4534671 0.08688855 -0.6819289 -0.6927526 -0.2346634 -0.7971253 -0.4253038 -0.4286118 -0.8715152 0.09405779 0.4812632 -0.8666778 -0.01650542 0.4985952 -0.9025647 -0.2254863 0.3667874 -0.8574491 -0.4187254 0.2990822 -0.8833978 0.01955437 -0.4682158 -0.8833925 0.01017433 -0.4685233 -0.9272618 0.2513924 -0.2774659 -0.8994136 0.3940556 -0.1891435 -0.9358974 0.3510304 -0.02955806 -0.8495216 0.5070832 -0.145532 -0.9017732 0.3366312 0.2710801 -0.8991844 0.3868969 0.2043978 -0.7278852 -0.2715609 -0.6296331 -0.8776032 0.3448979 0.3329537 -0.8733751 0.3515521 0.3370861 -0.855782 0.5138242 0.06018126 -0.8511423 0.4120746 -0.3251945 -0.8780406 0.08230572 -0.4714559 -0.8625136 0.3844587 -0.3290319 -0.8734116 0.002444326 -0.4869766 -0.8588529 -0.2803856 -0.4286673 -0.8439136 -0.4754406 -0.2485278 -0.8619891 -0.4931758 -0.1172706 -0.8702747 -0.4322085 0.2362578 -0.8581625 -0.4950391 0.135991 -0.8921223 -0.1841239 0.4125728 -0.9013137 -0.203913 0.382169 -0.8485544 0.5290052 -0.01044732 -0.8710554 0.3786644 -0.3128514 -0.8844336 0.08055651 -0.4596607 -0.8726521 0.2002479 -0.4453977 -0.8750355 -0.2189081 -0.4317315 -0.8745042 -0.2440144 -0.4191651 -0.8577193 -0.5008407 -0.1160883 -0.897076 -0.438376 0.05550867 -0.8882774 -0.4552532 0.06089287 -0.9035958 0.3299933 0.2731653 -0.85294 0.5219542 0.007562816 -0.848483 0.510142 0.1408259 -0.8942028 0.2230973 0.3881093 -0.9294337 0.06502068 0.3632153 -0.8530835 0.4774594 -0.2104305 -0.867686 -0.2803519 -0.4105166 -0.8411479 -0.502974 -0.1987142 0.9473351 0.3105309 -0.07827484 -0.9805924 0.1848708 0.06527924 -0.9806883 0.1844139 0.06512939 -0.9786929 0.1940816 0.06702697 -0.8189841 0.5622019 0.1148661 0.9802358 0.1801465 -0.08176231 0.8863724 -0.06142073 -0.4588806 0.8693198 0.09009903 -0.4859684 0.8433148 -0.2890364 -0.4530764 0.864768 0.4560609 -0.2102022 0.8710968 0.4897302 0.03680789 0.8705374 0.404366 -0.2804512 0.9128152 -0.4065486 -0.03855979 0.9166965 -0.3767185 -0.1332325 0.8098126 -0.5321457 0.2470314 0.8865174 -0.07423937 0.4567007 0.9347026 -0.2348933 0.2667512 0.8991779 0.2282539 -0.3733355 0.8705521 0.4867546 0.07217395 0.8804101 0.3383127 0.3322992 0.9083129 0.06640344 0.4129872 0.8512848 -0.5054224 -0.1409342 0.8910558 -0.3781281 0.2510753 0.8795964 -0.4755767 -0.01170825 0.8763753 -0.05920481 0.4779759 0.9028277 -0.1931933 0.3841596 0.8518278 0.2974681 -0.4311638 0.8233446 0.4475551 -0.348996 0.7840009 0.09598445 -0.613294 0.8590927 0.3535369 0.3700966 0.9141525 0.09730547 0.3935185 0.8660418 -0.376975 -0.3284228 0.8524454 0.5151448 -0.08923393 0.8476035 0.5297222 0.03102964 0.8617001 0.4303651 0.2688106 0.9134316 -0.3831622 -0.1372205 0.8717039 0.3674468 0.3242148 0.8775498 -0.4129204 0.2437274 0.7884852 -0.3985619 -0.4684436 0.8828529 -0.1052181 -0.4577118 0.853791 0.5205886 -0.00534588 0.888944 0.2977006 -0.3480701 0.8996254 0.4104523 -0.1490074 0.8700436 0.03716486 0.491572 0.8418102 -0.07107073 0.5350745 0.9082915 0.255765 0.3310452 0.9141475 0.3704217 0.1646881 0.8637632 -0.5037761 -0.01108306 0.8815544 -0.4103547 -0.2333898 0.8764491 -0.4680019 0.1131881 0.8636711 -0.3424111 0.3699015 0.8476799 -0.3319073 0.4138557 0.8734639 0.003989517 -0.4868727 0.8643003 -0.05342608 -0.5001307 0.8629136 -0.3640812 -0.3504642 0.8852039 -0.4631119 0.04406237 0.8732377 -0.3419322 -0.3471863 0.8725112 -0.2809419 0.3997448 0.9193679 -0.3440325 0.1907993 0.8759233 0.1702818 0.4514007 0.8984226 -0.1323776 0.418704 0.8254491 0.437183 0.3570783 0.864003 0.2330521 0.4463022 0.8886149 0.2509014 -0.383943 0.9016649 0.2460148 0.3556361 0.9207527 -0.373201 -0.1137349 0.8173359 0.4488813 0.3612032 -0.9492609 -0.2891854 -0.1235945 0.873418 -0.4869022 -0.008196353 -0.9739634 -0.2008761 -0.1050908 -0.9456866 -0.228583 0.2311424 -0.9625253 -0.1716595 0.2099481 -0.9907643 0.1317489 0.03206968 -0.9907643 0.1317489 0.03206968 -0.9724975 -0.2308861 -0.030667 0.9611946 -0.272303 0.04422819 -0.990356 -0.1343016 -0.03403383 0.986111 -0.1606706 0.04207426 -0.7612438 -0.6241388 -0.175951 -0.824316 -0.5191267 -0.2258552 -0.8362301 -0.5439446 0.06959652 -0.8478419 -0.3136087 0.4275674 -0.8026454 -0.5450753 0.2421845 -0.8592916 0.07575535 0.5058453 -0.870442 0.3490722 0.3471013 -0.8752051 0.3361731 0.3478561 -0.8437957 -0.02871322 0.5358961 -0.8529618 0.5215685 -0.02055895 -0.8577415 0.5078938 0.07952129 -0.8981849 0.36881 -0.2392554 -0.9008905 0.1390355 -0.4111759 -0.8815633 0.3020176 -0.3628106 -0.8257957 0.09570932 0.5557889 -0.8510966 0.4626452 0.2481812 -0.6671707 0.3996394 0.6286269 -0.8526335 0.4807076 -0.2047839 -0.7751011 0.628487 0.06498152 -0.9300839 0.09556478 -0.3546988 -0.8364049 0.4103409 -0.3633831 -0.7478417 -0.1724128 0.6410982 -0.8700437 -0.3086069 0.3844295 -0.8664752 -0.4924245 0.08209019 -0.8385459 -0.5379358 -0.08640694 -0.8660888 -0.4253956 -0.262543 -0.8535387 -0.4456155 0.2699974 -0.9301323 -0.1681125 -0.3264845 -0.8961902 -0.0319662 -0.4425169 -0.86327 -0.2753654 0.4230118 -0.8623371 -0.1573275 -0.4812723 -0.8657302 -0.02298259 -0.4999831 -0.8343932 -0.3512446 -0.4247532 -0.867325 -0.4433928 -0.2261641 -0.8467953 -0.4299387 -0.3131942 -0.8669543 -0.4759984 -0.1477016 -0.8826946 -0.4242587 0.2021262 -0.8675672 -0.4883357 0.09410357 -0.8907729 -0.189847 0.4128944 -0.8782207 -0.2395958 0.4139109 -0.9327636 0.08522588 0.3502697 -0.8818303 0.4690882 0.04828751 -0.9239791 0.3151397 0.2166789 -0.8772901 0.473602 -0.07786649 -0.8970881 0.2413427 0.3701173 -0.8537489 0.3789927 -0.3570398 -0.8573762 0.3004631 -0.4178853 -0.8821813 -0.3807137 -0.2771525 -0.8995607 -0.2754594 -0.3389878 -0.9067682 -0.4158697 -0.06945437 -0.9038252 -0.3687959 0.2170012 -0.8780952 -0.4708797 0.08497869 -0.8534436 -0.1543239 0.4978135 -0.7885392 0.3225823 0.5235901 -0.731178 0.1122012 0.6728965 -0.8709408 -0.2476633 0.4244115 -0.8838281 -0.07214307 -0.4622158 -0.8748358 -0.01854485 -0.4840645 -0.7348388 0.592969 0.3292413 -0.6773707 0.5789062 0.4539126 -0.7197836 0.5976538 0.3531593 -0.7879704 0.5573001 0.2617622 -0.4644698 -0.2738572 -0.8421818 -0.1248111 -0.3818708 -0.9157494 0.0621643 -0.495222 -0.8665396 0.7499209 -0.3874731 -0.5361747 -0.3783267 -0.9098801 -0.1702568 0.7979052 -0.5451991 0.2571096 0.8968881 -0.3390225 0.283999 0.9852615 0.1123893 0.128952 -0.9907885 0.1202112 -0.06234949 0.9760982 0.1637583 0.142883 -0.9932836 0.09143865 -0.07089954 0.9382933 -0.2713835 0.214375 -0.9919878 -0.1241869 0.02319592 -0.9766723 -0.2024574 0.07157051 0.9792972 -0.1459282 0.1402928 -0.1214282 0.8563802 0.5018646 -0.1214282 0.8563802 0.5018646 -0.1214282 0.8563802 0.5018646 -0.9566583 -0.2779765 -0.08679884 0.873212 -0.4869614 0.01922553 -0.9773902 -0.1971336 -0.07646417 -0.9653816 -0.1400906 0.22003 -0.9491333 -0.197081 0.2455706 0.9700413 0.2418614 -0.02287036 -0.9884364 0.1499667 0.02244085 -0.9704576 0.2402821 0.02183008 0.9883668 0.1503261 -0.02309316 -0.9677888 -0.2415331 -0.07104039 0.9772204 -0.2049148 -0.05522972 -0.981961 -0.1812053 -0.05401384 0.9874875 -0.1524457 -0.04035782 0.5299969 -0.7796682 0.3334982 0.5299969 -0.7796682 0.3334982 0.8936961 -0.3561141 -0.2729291 0.8982614 -0.2752596 -0.3425767 0.8786454 -0.0492298 -0.4749301 0.8679023 -0.4949756 0.04177403 0.9002535 -0.416884 -0.1255049 0.8751671 -0.4437168 0.1928676 0.7623558 -0.4283786 0.4850831 0.8469506 -0.1433845 0.5119723 0.6254608 0.2190435 0.7488784 0.8683493 0.2201055 -0.4444358 0.8675697 0.3489755 -0.3543148 0.8724995 0.2497421 -0.4199684 0.8773988 0.345155 -0.3332259 0.8703178 -0.06285268 -0.4884634 0.9149819 0.2623571 0.3065567 0.9270613 0.1951282 0.3201286 0.8803724 0.4695375 -0.06692761 0.8984143 0.4274781 0.1005702 0.8695545 0.1136937 0.4805712 0.8175317 -0.1592622 0.5534236 0.8640088 0.2131639 0.4561249 0.9071103 -0.380482 0.1799567 0.8775259 -0.3022477 0.372283 0.8930187 0.2414491 -0.3797631 0.9025353 0.3654592 -0.2277494 0.8879254 0.3917676 0.2410535 0.8833579 -0.1252999 -0.4516404 0.8229865 0.009965956 -0.5679737 0.8901708 -0.3482891 -0.2937528 0.9354689 -0.3522205 0.02896171 0.9075722 0.1524953 -0.3912265 0.8975542 -0.3839655 -0.2167191 0.9076783 0.2940961 0.2993789 0.8283531 0.001624345 -0.560204 0.8653843 0.1665606 -0.4726179 0.8496921 0.3367499 -0.4057376 0.8803241 -0.4234908 -0.2137405 0.8636968 -0.3095154 -0.3977793 0.8646182 -0.4956436 -0.08229744 0.889547 0.4534369 0.05568969 0.8725869 0.4809483 -0.08532869 0.8822329 0.4012265 -0.2463386 0.866402 -0.1974883 -0.4586352 0.8715054 -0.2573406 0.4174379 0.8858906 -0.4484516 0.1186975 0.8485265 -0.4365586 0.2990306 0.8740329 -0.4366798 -0.2130194 0.8873551 -0.3296527 -0.322382 0.7792426 -0.6267177 -0.002425372 0.9080602 0.4160608 0.0481674 0.8717979 0.4398351 0.2156705 0.9176818 0.3681051 -0.1495288 0.7927579 -0.0951125 0.6020702 0.8734199 0.1458071 0.4646267 0.8929404 0.3067188 0.3295164 0.8863974 0.03583991 0.4615356 0.9214144 -0.1256157 -0.3677177 0.8741328 0.02821546 -0.4848667 0.9010143 -0.2575536 0.349055 0.8501097 -0.3332754 0.4077269 0.4865438 -0.6556538 0.5774021 0.9126931 0.3570759 -0.1987161 0.9289456 0.1774157 -0.3249368 0.7979127 -0.5781973 0.1703625 -0.5051013 0.3034507 0.8079544 -0.8004035 0.4637132 0.3799006 -0.7921758 0.591505 0.1502649 -0.3086518 0.20524 0.9287683 -0.9355055 0.3358598 -0.1096719 -0.9522331 0.2474806 -0.1789011 0.8464964 -0.04383766 0.5305867 0.8464964 -0.04383766 0.5305867 -0.8985526 -0.272897 0.3437014 -0.9031383 -0.3058603 0.301315 -0.8964484 -0.4288423 0.1116905 -0.9056676 -0.0716679 0.4178877 -0.8590184 -0.01281571 -0.5117843 -0.8685424 -0.05393975 -0.4926708 -0.847689 -0.4265832 -0.3153575 -0.816446 0.1874849 -0.546137 -0.8426966 -0.534398 -0.06543183 -0.8767304 0.06365704 0.4767512 -0.8893758 0.2193397 0.4011247 -0.8789729 0.3731659 0.2969073 -0.8973484 0.4095892 0.1643247 -0.8465676 -0.4343563 0.3076652 -0.8813049 -0.4545623 0.1291317 -0.898815 -0.2238644 0.3768504 -0.8668678 0.3409004 0.363768 -0.9027518 0.1001605 0.4183385 -0.8716155 0.4066826 0.2736707 -0.8573942 -0.08480048 0.5076262 -0.9319032 -0.01381218 -0.3624441 -0.9032134 -0.2054757 -0.3768097 -0.8928369 -0.289832 -0.3447316 -0.8726127 -0.4428181 -0.2060567 -0.846819 -0.5252763 -0.08356219 -0.8096911 0.1898533 -0.5552982 -0.7934444 -0.3432118 -0.5026447 -0.9017714 0.4297223 -0.04633814 -0.8992478 0.4179773 -0.129029 -0.9361336 0.2267513 -0.2687706 -0.9002531 0.1443716 -0.4107326 -0.8733524 0.4869841 -0.01010894 -0.8775991 0.4793229 -0.008338689 -0.86048 0.4153477 -0.2950602 -0.887057 0.1444643 -0.4384745 -0.900427 -0.1390826 -0.4121739 -0.8777073 0.02653843 -0.4784619 -0.8759663 -0.3130946 -0.3669537 -0.8958166 -0.3826458 -0.2260416 -0.8852332 -0.4651286 0.004218995 -0.8971382 -0.4415791 0.01228952 -0.9047823 -0.3542615 0.2363637 -0.8726455 -0.2966374 0.3879383 -0.8806955 -0.1362995 0.4536497 -0.8676165 0.367922 -0.3344774 -0.9258372 0.1275784 -0.3557379 -0.9202547 0.1275718 -0.3699415 -0.900681 -0.1038833 -0.4218791 -0.8431127 -0.5037889 0.1880367 -0.7854816 -0.6179981 -0.03312128 -0.9166648 -0.3681625 -0.1555063 -0.7950973 -0.3442243 0.4993297 -0.7039566 -0.522363 0.48123 -0.8886899 0.3811752 0.2548254 -0.8945451 0.4466965 0.01584923 -0.8981516 0.3609411 0.2510882 -0.8855582 0.4493449 -0.1177952 -0.9250357 0.286779 -0.2491325 -0.8640847 -0.2738202 -0.4223508 -0.8877193 0.1858562 0.4212029 -0.8483138 0.04102313 0.5279024 -0.8502526 -0.2600359 0.4576591 0.9858393 0.1666967 -0.01825803 0.9858392 0.1666966 -0.01825803 0.8798786 -0.4545443 0.1385752 0.8714376 -0.3758018 0.3152294 0.8692735 -0.4696077 0.1543776 0.8751133 0.4802899 -0.05914729 0.8906167 0.4490797 0.0716204 0.8783896 0.3299374 0.3457935 0.805523 0.2683085 -0.5283401 0.8964518 0.3585808 -0.2603731 0.9075053 0.01273506 -0.4198476 0.8386932 -0.2368 -0.4904282 0.8713573 -0.3340721 0.3593498 0.8744974 0.01540631 0.4847857 0.8690349 0.02650302 0.4940404 0.8742091 0.3482269 0.3383736 0.8728814 -0.4715109 -0.125522 0.8608887 -0.4424378 0.251236 0.8872447 -0.4608266 0.02087336 0.9182137 -0.2909523 -0.2687572 0.873961 -0.3445006 0.3427998 0.8562136 -0.1556387 0.4926205 0.9066268 0.2698876 0.3243278 0.8371624 0.546414 -0.02431058 0.9140498 0.3700035 0.166164 0.8771842 0.2927052 -0.3806199 0.8909379 -0.1841598 -0.4151085 0.9173797 -0.04217994 -0.395772 0.8981664 -0.01187562 0.4394954 0.9075493 0.188148 0.3754394 0.8989475 0.4002433 -0.1780418 0.9213473 0.134292 -0.3648082 0.8932212 -0.1919831 0.406569 0.8709799 0.2057745 0.4461514 0.9025244 -0.07669365 0.4237548 0.8578681 -0.4741762 -0.1980389 0.8813317 -0.4722482 -0.01536905 0.8858772 -0.3444994 -0.3107119 0.8567652 -0.4854715 0.1739856 0.9092961 -0.3183751 0.2679887 0.8638738 0.2729961 0.4233145 0.87076 0.4690985 0.1473897 0.8852754 0.436246 -0.1611734 0.8784272 0.3951459 -0.2687482 0.8901526 0.224473 -0.3965356 0.8734977 0.09424448 -0.4776188 0.8458535 0.514064 0.1423742 0.8197399 0.4389297 0.3679227 0.8357021 0.5489386 0.01639145 0.8289861 0.5471386 -0.1158512 0.8432969 0.5245258 -0.1171464 0.8781397 -0.2489775 -0.4085107 0.8922619 -0.071841 -0.4457664 0.9102234 -0.3173775 -0.266017 0.915542 -0.398391 -0.05538612 0.8310568 0.05253022 0.5537014 0.8780445 -0.1325661 0.4598524 0.8608232 -0.3182414 0.397122 0.870898 0.235098 0.4315854 0.8613525 0.4824329 0.1591551 0.9156371 -0.4017956 -0.01300066 0.909982 -0.3648338 0.1970515 0.9767046 0.2137794 0.01861888 -0.9815209 0.1816201 0.06025743 -0.9598935 0.2695168 0.07723462 0.9897207 0.1429527 0.004191815 0.8328311 -0.5528563 0.02725017 0.193256 -0.6940117 -0.6935415 0.5814924 -0.7150501 -0.3880335 0.8810556 -0.3716457 0.29261 0.9887396 0.1470322 -0.02785032 0.9887396 0.1470322 -0.02785032 0.5836573 -0.6483901 -0.4888094 0.7027806 -0.693198 -0.1599255 0.2208619 -0.443784 -0.8684905 -0.6501634 -0.6227425 0.4352922 -0.6803808 -0.5979447 0.4237265 -0.8843511 0.4061829 0.2300845 -0.8873513 0.3618961 0.2857255 -0.8963682 0.1631577 0.4121937 -0.8872527 -0.3159666 0.3360772 -0.9255319 -0.3215636 0.199969 -0.9076206 -0.1463092 0.3934701 -0.875555 0.01002037 0.4830144 -0.8830204 -0.4191433 0.2111729 -0.8811803 0.4629685 -0.0958206 -0.8762843 0.4737411 -0.08772301 -0.8690325 0.3090342 -0.3863683 -0.8576153 0.2496194 -0.4496514 -0.8656035 -0.09080356 -0.492428 -0.925308 0.1372318 -0.3535147 -0.9193161 0.2300316 -0.3192858 -0.9195758 0.3486175 -0.1812357 -0.9188812 -0.08727967 -0.3847592 -0.8773289 -0.4224321 -0.2276952 -0.8547089 -0.2807467 -0.4366394 -0.8488472 0.1855283 0.4950129 -0.8827646 0.4342082 0.1794157 -0.7872492 0.4120034 0.4587942 -0.8738037 -0.4283692 -0.2301454 -0.8241115 -0.369522 -0.4292947 -0.8574996 -0.5144782 -0.0025779 -0.8832319 -0.4447928 0.1485292 -0.8532606 -0.4609026 0.2439576 -0.8753428 -0.02677536 -0.4827609 -0.868346 -0.2338079 0.4373889 -0.8734405 -0.3312025 0.356941 -0.7739797 -0.03789037 0.6320759 -0.8397248 0.5429899 0.004937469 -0.9112114 -0.377397 0.1651223 -0.7811409 -0.6209619 -0.06500208 -0.9269108 0.007696866 0.375203 -0.9532197 0.2261637 0.2005554 -0.9165684 0.1049601 0.3858572 -0.8970482 -0.294156 0.3298137 -0.9143145 -0.1569531 0.3733561 -0.931689 0.3417789 0.1230565 -0.9400056 0.3410771 0.007488787 -0.8761376 0.3676141 -0.3118379 -0.8871186 0.4061523 -0.2192277 -0.946347 -0.3193142 -0.04965752 -0.9285811 -0.3075104 0.2077851 -0.9111496 -0.4026566 0.08760213 -0.8672693 0.1902588 0.4600495 -0.8698176 0.19898 0.4514691 -0.8900819 -0.1189225 0.4400133 -0.8383657 0.01325345 -0.5449471 -0.8676502 0.1501461 -0.4739614 -0.9013404 -0.2539626 -0.3508396 -0.8668829 0.4952648 -0.05680561 -0.8636776 0.4975391 -0.08072197 -0.8583258 0.4655558 -0.2157189 -0.9139108 -0.2953671 -0.2784337 -0.8937842 -0.2089328 0.396859 -0.8687084 0.4463994 0.2146467 -0.8642043 0.4198533 0.2772621 -0.859484 0.4632595 -0.2160509 0.571277 -0.3924916 -0.7208281 -0.2665846 -0.8440734 -0.4652665 0.3480173 -0.5099829 -0.7866394 -0.5589432 -0.7524645 -0.348396 0.6028142 -0.7978793 -0.001886188 0.9654039 -0.2358345 0.1112536 0.9325971 0.2042499 0.2975646 0.9647544 0.09718424 0.2445489 -0.9767296 0.1975663 -0.08346837 -0.9834446 0.1373752 -0.118173 -0.9896443 -0.1399591 -0.03186911 -0.9896444 -0.1399592 -0.03186911 -0.9896443 -0.1399591 -0.03186911 0.9249103 0.3737195 -0.06981986 -0.9683063 0.2085725 0.1374069 -0.9168025 0.3706378 0.1486638 0.9714707 0.2185952 -0.09198349 0.09103721 -0.7501751 -0.6549423 0.2825676 -0.3976845 -0.8729277 -0.118138 -0.9456315 -0.3030256 -0.3026458 -0.9466962 0.1103262 0.9903385 0.08038318 0.1129971 0.9903385 0.08038318 0.1129971 0.9903385 0.08038318 0.1129971 -0.9842942 -0.1696884 -0.04869014 -0.9615601 -0.2702015 -0.04892277 0.9637128 -0.2636027 0.04208701 0.9845241 -0.1695604 0.04429203 0.9873391 0.05998229 0.1468459 -0.9836035 0.1580469 -0.08686405 0.9798782 0.1172925 0.1614967 -0.9886161 0.1124501 -0.09996736 -0.9203346 -0.3902059 0.02690148 0.894048 -0.2237976 -0.388063 0.942832 -0.113319 -0.3134117 0.9724374 -0.2053123 0.1105105 0.9855632 -0.1448271 0.08769482 0.8446549 -0.3497547 0.4052528 0.8744327 -0.4196143 0.2434981 0.8435214 -0.5315071 0.07727688 0.8398793 -0.01641154 0.5425251 0.8653817 -0.1733055 0.4701913 0.8422709 -0.4124464 -0.3470847 0.9073252 -0.1646095 -0.3868654 0.9468838 -0.03961181 -0.3191269 0.8769013 -0.4689157 -0.1056513 0.8291106 0.3378214 0.44548 0.8556282 0.1690906 0.4891921 0.8664852 0.487624 0.1068932 0.8799256 0.4043845 0.249408 0.8942261 0.4442069 -0.05513679 0.8694488 0.423468 -0.2544285 0.8828036 0.3337866 -0.3305215 0.8364409 -0.3284579 -0.4387279 0.882062 -0.1407709 -0.4496112 0.8883286 0.1001858 -0.4481464 0.8646143 -0.4392116 -0.2439987 0.8002532 -0.5957847 -0.06808382 0.8194994 -0.4455513 0.3604232 0.8596267 -0.4886302 0.1492734 0.8613875 -0.0288397 0.5071293 0.9024333 -0.2022778 0.3803916 0.8774019 0.1260635 -0.4628973 0.8714103 0.3454269 0.3483165 0.862496 0.506058 -0.00246483 0.8731477 0.4138919 0.2575008 0.9009389 0.1188601 0.4173507 0.9521285 -0.0393396 -0.3031565 0.8643506 0.494155 -0.09332245 0.8243681 -0.3822265 0.4175169 0.8190962 -0.03821456 0.572382 0.8559997 -0.2185227 0.4685215 0.863618 0.4886834 0.1239064 0.8829471 0.3792707 0.2766914 0.8311713 0.3189548 0.4554362 0.7580567 -0.6512465 0.03504389 0.8487088 -0.4864331 0.2075484 0.8375675 -0.1156907 -0.5339444 0.8473965 -0.02841907 -0.5301996 0.7686259 -0.4706269 -0.433272 0.8598595 0.3014901 -0.412002 0.8661352 0.3477019 -0.359045 0.8090759 -0.5279245 -0.2582477 0.8570846 0.1344252 0.4973289 0.8625203 0.1241973 -0.4905444 0.8633753 0.3889958 -0.3213496 0.8746317 0.4129732 -0.2539148 0.8878929 0.4594969 -0.02255713 0.9008363 -0.2589094 -0.348511 0.8717746 0.07111829 -0.484718 0.8399837 -0.5411713 -0.03951209 0.8923105 -0.3171768 0.3212178 0.9116982 -0.3882979 0.1342811 0.8950715 -0.3923797 -0.2118615 0.9120247 -0.07354515 0.4034875 0.898593 -0.08255237 0.4309477 0.9198967 -0.1376597 -0.3672056 0.9429023 -0.1260889 0.3082804 -0.9322117 0.319151 0.1706575 -0.9032751 0.4138844 0.1131104 -0.8775481 0.3921396 0.2759274 -0.8457026 0.4411247 0.3003267 -0.83395 0.4803649 -0.2716196 -0.9121039 0.4068441 -0.05044347 -0.8992663 0.2585489 -0.3528071 -0.9576721 -0.06215739 -0.2810707 -0.7866892 0.1748514 -0.5920702 -0.9697658 -0.09675049 -0.2240398 0.846529 0.3441548 0.4061356 0.846529 0.3441548 0.4061356 0.8465291 0.3441548 0.4061356 -0.8963863 -0.4237802 0.1300083 -0.8881512 -0.4448074 0.1154719 -0.892275 -0.2864901 0.3489542 -0.919362 -0.2245264 -0.3230505 -0.8967007 -0.4259209 -0.1204962 -0.8865997 -0.387556 -0.2524708 -0.8634912 -0.1551262 -0.4799153 -0.8324511 -0.1443684 -0.5349608 -0.8628931 -0.2012627 0.4635825 -0.8823651 0.02742171 0.469766 -0.8459494 0.2075895 0.4911987 -0.8860175 0.4415444 0.1414622 -0.9157345 0.317511 0.2462055 -0.9315487 0.3620855 -0.03333395 -0.8950116 0.3323969 -0.2974334 -0.8839997 0.3777354 -0.2754278 -0.884228 0.1302736 -0.4485196 -0.8592064 -0.4130167 -0.301963 -0.9289798 -0.2106452 -0.3043437 -0.8960489 -0.429205 -0.1134874 -0.861735 -0.01035612 -0.5072531 -0.8010001 -0.5927593 0.08387684 -0.880262 -0.3958235 0.2616537 -0.9160656 -0.07035851 0.3948084 -0.860828 -0.288217 0.4194118 -0.9022363 0.1258381 0.4124738 -0.9103567 0.2071223 0.3582614 -0.8895536 0.4097052 0.2020793 -0.8823108 0.4071565 0.2361176 -0.9103353 0.4103378 -0.05396986 -0.8768785 0.4452996 -0.1810868 -0.8633871 0.3621289 -0.3513194 -0.7587385 0.2350875 -0.6074947 -0.8553479 -0.04106348 -0.5164242 -0.8135603 -0.233374 -0.5325939 -0.8823296 -0.3819474 -0.274974 -0.9009462 -0.3981361 -0.1725796 -0.9473057 -0.314987 0.05826854 -0.9499918 -0.1861586 0.2507205 -0.9288267 -0.319962 0.1868298 -0.9060795 0.02234631 0.4225171 -0.8957377 -0.01767402 0.4442316 -0.8053379 0.006852567 0.5927764 -0.852519 -0.1566399 0.4986737 -0.8430477 0.1171253 0.5249307 -0.8918745 0.2713091 0.3618721 -0.9204968 0.3895366 0.03077083 -0.8592832 0.4203864 0.2913894 -0.8530615 -0.1841817 -0.4882246 -0.8810613 0.08674091 -0.4649806 -0.8651342 -0.2860714 -0.4119541 -0.8741847 0.3098143 -0.3739202 -0.896072 0.4267264 -0.1223095 -0.932334 0.2753043 -0.2344378 -0.8944911 0.1517788 -0.4205341 -0.8705329 -0.4275215 -0.2437167 -0.8748811 -0.4667845 -0.1292113 -0.8584622 -0.4590195 0.2287878 -0.8358283 -0.5452411 0.06405693 -0.7775276 -0.4276967 0.4610058 -0.8719611 0.134094 0.4708532 -0.9707102 0.2378563 0.03385502 0.9680875 0.249922 -0.01859021 -0.9885519 0.1475506 0.03152823 0.9873666 0.1569168 -0.02201235 0.8778458 -0.2390115 0.4150424 0.8928535 -0.07601028 0.4438865 0.8913273 -0.2369047 0.3865386 0.923434 0.09067034 0.3728923 0.8647494 0.317137 0.3894005 0.6557514 -0.5566636 -0.5100156 0.8407862 -0.1631325 -0.5162041 0.7739956 0.03583222 -0.6321763 0.8669273 0.2802791 -0.4121658 0.8692433 0.3631901 -0.3354238 0.9075636 -0.1747874 0.3818085 0.9108294 0.3508 0.2175528 0.8821077 0.4709634 0.008915662 0.876164 0.4737454 -0.08889323 0.8491623 -0.5015943 -0.1653075 0.9161088 0.08824771 0.3910972 0.9325284 -0.09011816 0.3496707 0.8550255 -0.3162001 0.411034 0.8762059 0.39313 -0.2787688 0.8122614 0.03208589 -0.5824106 0.9120136 0.2289908 -0.3402857 0.8843911 -0.4063194 0.2296887 0.8086051 -0.5846713 0.0657081 0.9448923 0.1584522 0.2864814 0.8557925 -0.1577269 -0.4926882 0.6823095 -0.5348852 -0.498349 0.8530294 -0.4944862 -0.1668061 0.7848286 -0.6160711 0.06708598 0.9134305 0.3327642 0.2343348 0.887647 0.4446077 0.1200283 0.9187988 0.3871778 -0.07682639 0.8604304 -0.4321816 0.2699609 0.8972291 -0.2357129 0.373389 0.8440156 -0.08614748 0.5293548 0.872999 0.2986614 0.3855829 0.9146311 0.08209127 0.3958676 0.8825016 0.3449111 -0.3197301 0.86332 0.4398752 -0.2473633 0.885541 0.1175427 -0.449445 0.8929371 0.3633239 0.2658179 0.8725385 -0.4676032 0.1415057 0.8732994 0.4836498 0.05857628 0.8583921 0.2184333 0.4641658 0.8730983 0.2568854 0.4143782 0.9079202 -0.0645219 0.4141473 0.8838873 -0.4363163 -0.168438 0.8742355 -0.3245565 -0.3610753 0.8692697 -0.4926354 -0.04099386 0.8774742 -0.3929997 0.2749372 0.9195019 -0.2159638 0.328445 0.8593984 0.4886668 0.1504635 0.8672145 0.4536517 0.2052788 0.8472336 0.5091647 -0.151481 0.8640108 0.4413872 -0.2422039 0.8507755 0.3466001 -0.395031 0.8760417 -0.4562441 0.1561802 0.8634735 0.5038264 -0.02392756 0.891509 0.0404911 -0.4511898 0.89177 -0.2055484 -0.4031082 0.9211159 0.0107215 0.3891407 0.8435023 0.3503816 -0.4071077 0.9738026 0.2269706 0.01388913 -0.9824795 0.1760876 0.0610513 -0.9616895 0.2632229 0.07659667 0.9882414 0.1529012 -2.54108e-4 0.8703108 -0.4583429 -0.1802249 0.8703108 -0.4583428 -0.1802249 0.8703109 -0.4583429 -0.1802249 -0.9791666 0.1748901 -0.103181 -0.9791666 0.1748901 -0.103181 0.9716601 -0.2354261 0.02123969 -0.9890021 -0.1456139 -0.02591568 -0.9696084 -0.2432199 -0.02652806 0.9897249 -0.141166 0.02273476 -0.7857492 -0.04677325 0.6167743 -0.8266792 -0.1501361 0.5422735 -0.8643795 0.1732925 0.472036 -0.8062058 0.419024 0.4176735 -0.8647084 0.4713943 0.1733982 -0.8289057 0.4812122 -0.28522 -0.7241473 0.6881778 -0.04496693 -0.8797176 0.08910137 -0.4670739 -0.7941398 0.3975497 -0.4596697 -0.8703197 -0.04765927 -0.4901759 -0.8933613 -0.245726 -0.3761973 -0.8607712 -0.3945868 -0.3215187 -0.8687068 -0.4953154 0.00333774 -0.8799263 -0.453984 -0.1401016 -0.9019877 -0.3972883 0.1690571 -0.9021704 0.3019044 0.3081272 -0.888292 0.04153901 0.4573968 -0.8701365 0.08441799 0.4855268 -0.882461 0.04869467 -0.4678585 -0.8595025 0.2110777 -0.4655125 -0.8919721 0.3336083 -0.3051087 -0.8538055 -0.1489847 0.4988185 -0.915136 -0.1837295 0.3588449 -0.8832434 -0.3450157 0.3175615 -0.9072061 0.4201524 0.02119439 -0.8715389 0.4307962 0.2341683 -0.8318098 0.5264287 -0.1759697 -0.8713313 -0.2575892 -0.4176477 -0.873269 -0.150422 -0.4634379 -0.8761318 -0.46517 -0.1265304 -0.8391534 -0.4455962 -0.3118745 -0.8533909 -0.517062 0.0661118 -0.9049754 -0.3697344 0.2105138 -0.8449013 0.4664376 0.2618741 -0.8258615 0.501681 -0.2574276 -0.7197869 0.6937375 -0.02520531 -0.8942041 -0.221802 0.3888482 -0.8839513 -0.1910588 0.4267629 -0.8885743 0.08211708 0.4513233 -0.8456278 0.2378697 0.4778407 -0.8557254 0.4778199 0.1985506 -0.7737935 0.4026485 -0.4889968 -0.9047152 0.07194739 -0.4198976 -0.8881635 0.3129123 0.3365288 -0.8897342 0.2625232 0.3734365 -0.8831711 0.04329496 0.4670488 -0.9128009 -0.2411461 -0.3296108 -0.8654282 -0.09258019 -0.4924055 -0.7486898 -0.5750476 -0.3298241 -0.8959035 -0.4441177 0.01078855 -0.7799602 -0.567564 0.2636919 -0.8958171 -0.2811324 0.3442043 -0.8602228 -0.126634 0.4939441 -0.8822166 0.4671784 0.05863761 -0.8703533 0.4923378 0.009419679 -0.8713723 0.3439332 -0.3498861 -0.9039348 0.1969704 -0.379611 -0.8991937 0.199354 -0.3894982 -0.8211629 0.5078174 -0.2604095 0.9409341 -0.281142 -0.188686 0.1571594 -0.983712 0.08724552 0.8997557 -0.4047286 -0.1632005 -0.2601014 -0.9482303 0.1822267 0.5936804 0.8021709 0.06376159 0.3531365 0.4777576 0.8043895 -0.2516205 0.8575319 0.4486939 0.5423927 0.2493529 0.8022676 -0.8221584 0.4082115 -0.3967605 -0.8929007 0.2341704 -0.3845683 -0.3140054 -0.5883733 -0.7451292 0.05458873 -0.4112697 -0.9098777 -0.7128643 -0.6927555 -0.1091533 0.9712284 -0.2317583 0.05480581 0.9783082 -0.2016193 0.04757058 0.8393934 0.5428051 0.02795487 0.8381891 0.5421181 0.0595588 0.755201 0.4895523 0.4359015 0.7819016 0.5044896 -0.3662245 0.9632803 -0.2677761 0.01967525 -0.9804182 -0.1821076 -0.07494664 -0.9539224 -0.2873947 -0.08623439 0.9842461 -0.1738557 0.03215306 0.9595441 0.2776796 -0.04657506 -0.9841815 0.1681774 0.05570667 -0.9589558 0.2779153 0.05627685 0.9847808 0.1664913 -0.04987585 0.8735008 -0.4547303 -0.1738301 0.8735007 -0.4547303 -0.1738302 0.8735007 -0.4547303 -0.1738301 0.7771182 -0.5887458 0.2224091 0.7771182 -0.5887458 0.2224091 -0.190039 -0.5090844 -0.839475 0.06162321 -0.3609521 -0.9305462 -0.6680566 -0.6541087 -0.3547427 -0.7572054 -0.6340932 -0.156735 0.07810235 -0.6890894 0.7204553 -0.0151422 -0.6186891 0.78549 -0.02722692 -0.764639 -0.6438835 -0.02722239 -0.764796 -0.6436971 -0.02722692 -0.7646392 -0.6438833 -0.8844463 0.466642 -2.54291e-4 -0.5 0.8660255 -1.37009e-7 0.8660253 0.5000002 0 0.5000002 -0.8660254 0 -0.8660254 -0.5000001 0 -0.7799082 -0.6244101 -0.04307472 0.8660255 0.4999999 7.15882e-7 0.9599248 0.2800254 -0.01141768 0.9661862 -0.2577953 0.005089759 0.9586703 -0.2841714 -0.01407378 0.9635416 -0.2675515 -0.001973509 0.9703782 -0.2409786 0.01719695 -0.8660265 -0.4999983 0 -0.7200425 -0.4012496 -0.5661604 -0.7208651 -0.413279 -0.5563759 -0.7198041 -0.3981556 -0.5686425 -0.7187499 -0.3858574 -0.5783708 -0.03130227 -0.03812325 -0.9987827 0.04530298 -0.3411088 -0.9389316 0 -0.7071065 -0.7071072 0.06057637 -0.9081547 -0.414229 0.06057518 -0.9350664 0.3492586 0 -0.7071072 0.7071065 0.04557454 -0.4239737 0.9045271 -0.7190389 -0.4203017 0.5534706 -0.9706408 -0.2405264 0.001903295 -0.06218522 0.9680952 0.2427442 -0.124531 0.4143114 0.9015754 0.04381102 -0.9576637 0.2845364 0.3846043 -0.9214594 0.0547021 -0.09701615 -0.9599358 0.2628901 0.05183017 -0.5157791 0.8551524 -0.0686559 0.6564829 0.75121 -0.02597683 0.8699153 0.4925168 1.55221e-7 -1 1.91835e-7 0.1205601 -0.7325125 0.6699932 0.05228155 0.4584902 0.8871603 0.4090363 0.9056779 0.1115214 0.6609952 0.7453831 0.08654189 0.6302838 0.3698832 0.6825898 0.7071071 0 0.7071065 0.9280004 0.06232476 -0.3673295 0.7071065 0 -0.7071071 0.422474 -0.04497039 -0.9052588 0.02722692 0.764639 -0.6438835 0.02722239 0.764796 -0.6436971 0.02722692 0.7646392 -0.6438833 -0.07810235 0.6890894 0.7204553 0.0151422 0.6186891 0.78549 0.6617899 0.7492746 -0.02493673 0.6313018 0.775392 0.01501101 0.866024 0.5000025 0 0.3336158 -0.5783711 0.7444377 0.3774251 -0.6468299 -0.6626926 0.3794269 -0.6495326 -0.658895 0.3359616 -0.5901224 -0.7340883 0.3341362 -0.587597 -0.7369415 -0.4171808 0.001467585 -0.9088224 -0.2718258 0.9623456 0.001317262 -0.7452821 -0.002203524 0.6667457 0.7432847 0.002666532 0.66897 0.7085708 -0.09076732 -0.6997776 0.6952758 -0.7111713 -0.1040533 0.03117126 -0.2465251 0.968635 -0.001469552 -0.3233661 -0.9462729 0.01781272 0.6442288 0.7646255 -0.03851044 -0.3292289 -0.9434646 0.7158455 -0.6824203 0.1478778 0.6318052 -0.1120733 0.7669823 0.7709444 0.1667302 -0.6146917 -0.03023803 0.2895058 -0.9566985 0.1179591 0.3065161 0.9445284 -0.06668877 -0.6863581 -0.7241997 -0.01159489 0.6086173 0.7933793 0.01401126 -0.9461887 -0.3233122 0.001210927 -0.7488746 -0.6627106 0.03071111 -0.9499484 -0.3108936 -0.04055547 -0.7858361 -0.6171038 0.04664844 0.9239827 -0.3795787 0.0158227 0.3335747 0.942591 0.01395583 0.4710502 -0.8819961 0.06860578 -0.4180091 -0.9058486 0.00699079 0.966934 0.2549307 0.06175369 -0.9469493 0.3153946 0.008885145 -0.9165409 -0.3998425 0.01005518 -0.7927743 -0.6094325 0.02989017 -0.9705255 -0.2391381 -0.03143054 -0.9797167 -0.1979075 0.04202646 -0.5281051 -0.8481385 0.01448071 -0.1921044 -0.9812678 0.1014327 -0.5478105 0.8304307 0.1014326 -0.5478104 0.8304307 0.1014327 -0.5478105 0.8304308</float_array>
          <technique_common>
            <accessor source="#_左侧肩部_-_转换实体1__002-mesh-normals-array" count="6034" stride="3">
              <param name="X" type="float"/>
              <param name="Y" type="float"/>
              <param name="Z" type="float"/>
            </accessor>
          </technique_common>
        </source>
        <source id="_左侧肩部_-_转换实体1__002-mesh-map-0">
          <float_array id="_左侧肩部_-_转换实体1__002-mesh-map-0-array" count="31920">0.2979274 0.1569791 0.306807 0.1441918 0.2978942 0.1441137 0.306807 0.1441918 0.2979274 0.1569791 0.3171496 0.156862 0.3171496 0.156862 0.3273939 0.1441109 0.306807 0.1441918 0.3271233 0.1569792 0.3273939 0.1441109 0.3171496 0.156862 0.3733698 0.1441573 0.3873744 0.1591216 0.3874158 0.144113 0.3737393 0.1559874 0.3873744 0.1591216 0.3733698 0.1441573 0.589659 0.1441573 0.6036487 0.155895 0.6037049 0.1441136 0.589659 0.1441573 0.5898068 0.1610333 0.6036487 0.155895 0.5898068 0.1610333 0.603705 0.1718705 0.6036487 0.155895 0.5896587 0.1718778 0.603705 0.1718705 0.5898068 0.1610333 0.6014874 0.632673 0.6139376 0.6193999 0.6014844 0.6193999 0.6139781 0.6323235 0.6139376 0.6193999 0.6014874 0.632673 0.6139781 0.6323235 0.6307441 0.6194 0.6139376 0.6193999 0.6316168 0.5593019 0.6456628 0.5717048 0.6456628 0.5592553 0.6320075 0.5716348 0.6456628 0.5717048 0.6316168 0.5593019 0.6320075 0.5716348 0.6456629 0.5884964 0.6456628 0.5717048 0.5412102 0.6916246 0.5536605 0.6783516 0.5412072 0.6783516 0.5537009 0.6912752 0.5536605 0.6783516 0.5412102 0.6916246 0.5537009 0.6912752 0.570467 0.6783515 0.5536605 0.6783516 0.5412467 0.6179347 0.5536038 0.6047152 0.5412008 0.604662 0.5412467 0.6179347 0.5579779 0.6177845 0.5536038 0.6047152 0.5579779 0.6177845 0.5704041 0.6046621 0.5536038 0.6047152 0.5579779 0.6177845 0.5704298 0.6179351 0.5704041 0.6046621 0.3119651 0.1871186 0.2978599 0.1999704 0.3160603 0.1998111 0.2979402 0.1871052 0.2978599 0.1999704 0.3119651 0.1871186 0.3160603 0.1998111 0.3270976 0.1871051 0.3119651 0.1871186 0.3160603 0.1998111 0.3271233 0.1999705 0.3270976 0.1871051 0.6177402 0.5899972 0.6014435 0.6031972 0.6177939 0.6030734 0.6015239 0.5899245 0.6014435 0.6031972 0.6177402 0.5899972 0.6307069 0.5899241 0.6177402 0.5899972 0.6306812 0.603197 0.6306812 0.603197 0.6177402 0.5899972 0.6177939 0.6030734 0.4836906 0.6704912 0.4738857 0.6845376 0.4836925 0.6845375 0.3971605 0.5018376 0.453346 0.5018376 0.3971605 0.5144191 0.4088944 0.6138478 0.3942281 0.6278948 0.4088691 0.6278942 0.3942281 0.6278948 0.4088944 0.6138478 0.394266 0.613848 0.5552471 0.559256 0.5412008 0.5873486 0.5412008 0.559256 0.4490606 0.559256 0.4343556 0.5733037 0.4490204 0.5733023 0.4343556 0.5733037 0.4490606 0.559256 0.4344369 0.5592562 0.3971605 0.4877912 0.453346 0.5003728 0.3971605 0.5003728 0.4088991 0.5945407 0.3942165 0.608588 0.4088692 0.608587 0.3942165 0.608588 0.4088991 0.5945407 0.3942663 0.594541 0.5853857 0.559256 0.5713393 0.5873486 0.5713393 0.559256 0.5412467 0.6930899 0.5412001 0.7063626 0.5536605 0.7063626 0.5412467 0.6930899 0.5536605 0.7063626 0.5535905 0.693459 0.570471 0.7063626 0.5535905 0.693459 0.5536605 0.7063626 0.6179817 0.6636488 0.6013616 0.6768867 0.6172073 0.6766657 0.601442 0.663614 0.6013616 0.6768867 0.6179817 0.6636488 0.6306203 0.6768866 0.630625 0.6636137 0.6179817 0.6636488 0.6306203 0.6768866 0.6179817 0.6636488 0.6172073 0.6766657 0.6132211 0.6343955 0.6014435 0.6474109 0.6173465 0.6471952 0.6015239 0.6341382 0.6014435 0.6474109 0.6132211 0.6343955 0.6173465 0.6471952 0.6308112 0.6341369 0.6132211 0.6343955 0.6307022 0.6474109 0.6308112 0.6341369 0.6173465 0.6471952 0.4952397 0.633155 0.4755582 0.6472012 0.4951815 0.6472012 0.4952397 0.633155 0.4755598 0.6331551 0.4755582 0.6472012 0.1317615 0.9473404 0.1070771 0.9332941 0.1070771 0.9473404 0.4335359 0.6891593 0.4531688 0.6891593 0.4334563 0.7032057 0.4531317 0.7032057 0.4334563 0.7032057 0.4531688 0.6891593 0.4819142 0.9647626 0.3550148 0.9507163 0.3550148 0.9647626 0.4543262 0.6658694 0.4543228 0.6518231 0.4638994 0.6658694 0.8592201 0.5137636 0.9197961 0.4997172 0.8592201 0.4997172 0.8592201 0.5137636 0.9197961 0.5137636 0.9197961 0.4997172 0.475553 0.6658694 0.4754813 0.6518231 0.4951769 0.6658694 0.4754813 0.6518231 0.4951555 0.6518231 0.4951769 0.6658694 0.07198041 0.7667326 0.05827927 0.7609145 0.07219111 0.7474253 0.05827927 0.7609145 0.05814456 0.7474328 0.07219111 0.7474253 0.07198041 0.7667326 0.07219094 0.7767413 0.05814462 0.7767389 0.1339541 0.9163058 0.1214233 0.9163058 0.1214233 0.9022595 0.1339541 0.9022595 0.1339541 0.9163058 0.1214233 0.9022595 0.8311275 0.4997159 0.8434947 0.5203893 0.8437089 0.4997179 0.8313606 0.5249635 0.8434947 0.5203893 0.8311275 0.4997159 0.8434947 0.5203893 0.8313606 0.5249635 0.8437091 0.5525774 0.8313606 0.5249635 0.8311274 0.5525256 0.8437091 0.5525774 0.8170811 0.4997159 0.8295003 0.5255422 0.8296625 0.4997179 0.8173039 0.5250595 0.8295003 0.5255422 0.8170811 0.4997159 0.8173039 0.5250595 0.8170811 0.5525256 0.8295003 0.5255422 0.8295003 0.5255422 0.8170811 0.5525256 0.8296625 0.5525214 0.3550148 0.5872535 0.3690611 0.5747227 0.3550148 0.5747227 0.1044326 0.9200422 0.09042024 0.9022663 0.1044666 0.9022604 0.1044326 0.9200422 0.0906381 0.9230122 0.09042024 0.9022663 0.0906381 0.9230122 0.1044326 0.9200422 0.1042851 0.9392749 0.1042851 0.9392749 0.09041887 0.9517247 0.0906381 0.9230122 0.1044666 0.9513583 0.09041887 0.9517247 0.1042851 0.9392749 0.4911673 0.803959 0.3550148 0.803959 0.3550148 0.8180054 0.4911673 0.803959 0.3550148 0.8180054 0.4911673 0.8180054 0.3550148 0.5644641 0.3690611 0.5644641 0.3690616 0.5670354 0.3550148 0.5644641 0.3690616 0.5670354 0.3550147 0.5670353 0.4765677 0.5733023 0.4765677 0.559256 0.4912958 0.5733023 0.4912958 0.559256 0.4912958 0.5733023 0.4765677 0.559256 0.3550148 0.8389707 0.3644061 0.8274369 0.3734462 0.836477 0.3550148 0.8389707 0.3550148 0.8249244 0.3644061 0.8274369 0.3550148 0.8389707 0.3734462 0.836477 0.3587732 0.8402433 0.3759588 0.8458684 0.3618708 0.8456589 0.3734462 0.836477 0.3734462 0.836477 0.3618708 0.8456589 0.3587732 0.8402433 0.4335452 0.633155 0.4429095 0.633155 0.4429095 0.6472013 0.5050476 0.6102516 0.4969095 0.6102518 0.505025 0.5962055 0.393907 0.5829503 0.397172 0.5768983 0.4082716 0.5855064 0.393907 0.5829503 0.4082716 0.5855064 0.4068452 0.5896092 0.393907 0.5829503 0.4068452 0.5896092 0.3927782 0.5897335 0.3304722 0.2154817 0.2978942 0.2154817 0.2978942 0.2280632 0.3304722 0.2154817 0.2978942 0.2280632 0.3304722 0.2280632 0.3550121 0.7799262 0.377081 0.7799262 0.3549386 0.7939725 0.4747882 0.6146802 0.4912445 0.6287266 0.4747882 0.6287266 0.3790507 0.7078275 0.4011415 0.7078276 0.3789982 0.7218738 0.3207451 0.9485471 0.136349 0.9356953 0.136349 0.9485471 0.3550121 0.7318604 0.3771029 0.7318605 0.3549596 0.7459067 0.3550148 0.633155 0.3714711 0.6472013 0.3550148 0.6472013 0.3550121 0.7078275 0.377081 0.7078275 0.3549361 0.7218738 0.3304722 0.2140169 0.2978942 0.2014353 0.2978942 0.2140169 0.397172 0.5720912 0.3927782 0.559256 0.4082118 0.5633722 0.4082118 0.5633722 0.3927782 0.559256 0.4068245 0.559256 0.3927782 0.559256 0.397172 0.5720912 0.393907 0.5660392 0.4829065 0.5962055 0.4829165 0.6102518 0.4747913 0.5962055 0.4747754 0.6102517 0.4747913 0.5962055 0.4829165 0.6102518 0.01201522 0.79488 0.02407431 0.7948798 0.01199543 0.7808331 0.4429095 0.6518231 0.4335452 0.6658694 0.4335452 0.6518231 0.4429095 0.6518231 0.4429095 0.6658694 0.4335452 0.6658694 0.3838955 0.894137 0.3981967 0.8878719 0.3947643 0.9031394 0.3985228 0.9018667 0.3947643 0.9031394 0.3981967 0.8878719 0.3838955 0.894137 0.3916668 0.9085549 0.3776304 0.9084383 0.3947643 0.9031394 0.3916668 0.9085549 0.3838955 0.894137 0.4765677 0.591777 0.4765677 0.5777307 0.4912958 0.591777 0.4765677 0.5777307 0.4912958 0.5777307 0.4912958 0.591777 0.443115 0.6704912 0.4335409 0.6845375 0.4431151 0.6845375 0.8853244 0.5880738 0.8592119 0.60212 0.8851725 0.60212 0.8853244 0.5880738 0.8592259 0.5880738 0.8592119 0.60212 0.5072377 0.6704912 0.5123839 0.6845374 0.5123839 0.6704912 0.5072167 0.6845374 0.5123839 0.6845374 0.5072377 0.6704912 0.8744338 0.6253694 0.8660293 0.6195375 0.8633586 0.6340363 0.8592201 0.6183997 0.8592201 0.6324461 0.8660293 0.6195375 0.8633586 0.6340363 0.8660293 0.6195375 0.8592201 0.6324461 0.8744338 0.6253694 0.8633586 0.6340363 0.8659097 0.6376623 0.8795322 0.6342381 0.8744338 0.6253694 0.8659097 0.6376623 0.8592201 0.6599875 0.9709022 0.6599875 0.8592201 0.6740339 0.8592201 0.6740339 0.9709022 0.6599875 0.9709022 0.6740339 0.9667409 0.5880723 0.966741 0.6262267 0.952693 0.5880263 0.4685177 0.7190899 0.4545304 0.7219365 0.4685701 0.7078275 0.4545237 0.7078275 0.4685701 0.7078275 0.4545304 0.7219365 0.4545304 0.7219365 0.4685177 0.7190899 0.4684619 0.7338771 0.4685698 0.744141 0.4545245 0.7441153 0.4684619 0.7338771 0.4545245 0.7441153 0.4545304 0.7219365 0.4684619 0.7338771 0.03991532 0.7639677 0.02586895 0.7935652 0.02586895 0.7639677 0.4001414 0.8809013 0.4208148 0.8670942 0.4001435 0.866855 0.4253891 0.8806409 0.4208148 0.8670942 0.4001414 0.8809013 0.4208148 0.8670942 0.4253891 0.8806409 0.4532162 0.8668536 0.4253891 0.8806409 0.4529469 0.8809012 0.4532162 0.8668536 0.4001414 0.9018666 0.4208148 0.8880594 0.4001435 0.8878203 0.4269044 0.9016006 0.4208148 0.8880594 0.4001414 0.9018666 0.4208148 0.8880594 0.4269044 0.9016006 0.453005 0.8878204 0.4529506 0.9018667 0.453005 0.8878204 0.4269044 0.9016006 0.08832877 0.7474328 0.0742824 0.7770303 0.0742824 0.7474328 0.4802392 0.7075147 0.4942854 0.7078329 0.4942596 0.7304001 0.4802395 0.7441358 0.4942596 0.7304001 0.4942859 0.744141 0.9763473 0.6262055 0.9763473 0.5880376 0.9903936 0.6261933 0.3733695 0.1859242 0.3733695 0.1733427 0.4850516 0.1859242 0.4850516 0.1733427 0.4850516 0.1859242 0.3733695 0.1733427 0.3644061 0.8903328 0.3550148 0.9018667 0.3587732 0.9031394 0.3587732 0.9031394 0.3618708 0.9085549 0.3734462 0.8993729 0.3550148 0.9018667 0.3644061 0.8903328 0.3550148 0.8878203 0.3587732 0.9031394 0.3734462 0.8993729 0.3644061 0.8903328 0.3759588 0.9087644 0.3734462 0.8993729 0.3618708 0.9085549 0.4983586 0.9437973 0.4001428 0.9437973 0.4001428 0.929751 0.4001428 0.929751 0.4983586 0.929751 0.4983586 0.9437973 0.6211144 0.6931664 0.6147953 0.7062191 0.6013877 0.6930894 0.6147953 0.7062191 0.601396 0.7063626 0.6013877 0.6930894 0.6211144 0.6931664 0.6307046 0.6930896 0.630701 0.7063626 0.4001428 0.859936 0.4001428 0.8458897 0.451646 0.859936 0.451646 0.8458897 0.451646 0.859936 0.4001428 0.8458897 0.8451737 0.4996683 0.8577553 0.5350207 0.8577553 0.4996829 0.8451737 0.5792393 0.8577553 0.6055041 0.8577553 0.5657923 0.8451737 0.5792393 0.8451737 0.6054531 0.8577553 0.6055041 0.451646 0.8249244 0.4001428 0.8389707 0.4001428 0.8249244 0.4001428 0.8389707 0.451646 0.8249244 0.451646 0.8389707 0.6207062 0.6785382 0.6012613 0.6916265 0.601392 0.6783515 0.6207062 0.6785382 0.6307046 0.6783516 0.630709 0.6916248 0.4983586 0.9087857 0.4001428 0.922832 0.4001428 0.9087857 0.4983586 0.9087857 0.4983586 0.922832 0.4001428 0.922832 0.3844348 0.8251339 0.3813373 0.8305494 0.3960102 0.8343158 0.3844348 0.8251339 0.3960102 0.8343158 0.3985228 0.8249244 0.3813373 0.8305494 0.3869701 0.8433559 0.3960102 0.8343158 0.3775787 0.8458684 0.3869701 0.8433559 0.3775787 0.831822 0.3869701 0.8433559 0.3813373 0.8305494 0.3775787 0.831822 0.3733695 0.187389 0.4850516 0.187389 0.3733695 0.1999705 0.3733695 0.1999705 0.4850516 0.187389 0.4850516 0.1999705 0.3931736 0.7033991 0.3550163 0.703399 0.3550032 0.6893528 0.3550122 0.6138479 0.3693279 0.6138478 0.3549827 0.6278942 0.4738737 0.7032055 0.4736314 0.6891595 0.4959332 0.7032055 0.0560531 0.7935652 0.04200679 0.7639677 0.0560531 0.7639677 0.04200679 0.7935652 0.04200679 0.7639677 0.0560531 0.7935652 0 0.8355639 0.01258146 0.8677898 0.01258146 0.8329536 0 0.8355639 0.01258146 0.8329536 0.01258146 0.7987775 0 0.9045762 0.01258146 0.9045375 0.01258146 0.8677898 0.01258146 0.8677898 0 0.8355639 0 0.8704002 0.9028553 0.5880737 0.9324527 0.5880737 0.9324527 0.6021201 0.35501 0.7558934 0.3772225 0.7558933 0.35488 0.7699395 0.3550122 0.5945407 0.3693301 0.5945407 0.3549846 0.608587 0.3550253 0.6708779 0.3931593 0.670878 0.3549786 0.6849243 0.3931453 0.6849243 0.3549786 0.6849243 0.3931593 0.670878 0.3956957 0.4877912 0.3956957 0.5543346 0.3831142 0.4877912 0.045336 0.7474328 0 0.7474328 -1.76993e-6 0.7614791 0.045336 0.7474328 -1.76993e-6 0.7614791 0.04533392 0.7614791 0.3690674 0.5023036 0.3690674 0.5105902 0.3816493 0.5085077 0.369068 0.494027 0.3690674 0.5023036 0.3816493 0.4879915 0.369068 0.494027 0.3816493 0.4879915 0.369068 0.4877912 0.3816493 0.4879915 0.3690674 0.5023036 0.3816493 0.5085077 0.3816493 0.5085077 0.3690674 0.5105902 0.3690679 0.5209314 0.3816493 0.5085077 0.3690679 0.5209314 0.3816493 0.5209375 0.497377 0.7829937 0.4030896 0.7829939 0.4030504 0.7970399 0.434432 0.6146802 0.4494428 0.6287266 0.434432 0.6287266 0.4965859 0.7620283 0.4036349 0.7620284 0.4036169 0.7760748 0.3675999 0.5003011 0.3550148 0.5022512 0.3550148 0.4939894 0.3675999 0.5003011 0.3550143 0.5105176 0.3550148 0.5022512 0.3550148 0.4939894 0.3675969 0.4877912 0.3675999 0.5003011 0.3675969 0.4877912 0.3550148 0.4939894 0.3550148 0.4877912 0.3675968 0.5210095 0.3550148 0.5208405 0.3550143 0.5105176 0.3675968 0.5210095 0.3550143 0.5105176 0.3675999 0.5003011 0.402194 0.6656761 0.402194 0.6516297 0.3937464 0.6656761 0.3937464 0.6516297 0.3937464 0.6656761 0.402194 0.6516297 0.4343364 0.5962051 0.4492611 0.6102518 0.4492584 0.5962055 0.3550148 0.5608971 0.3690611 0.5613876 0.3550148 0.5631524 0.419304 0.6516297 0.4219965 0.6662543 0.4136288 0.6644786 0.4219965 0.6662543 0.419304 0.6516297 0.4220909 0.6522178 0.4428542 0.7440499 0.4428542 0.7078275 0.4288079 0.7078275 0.4428542 0.7440499 0.4288079 0.7078275 0.4288079 0.7440499 0.3790505 0.7318604 0.4011002 0.7318604 0.3789775 0.7459067 0.4010839 0.7459067 0.3789775 0.7459067 0.4011002 0.7318604 0.3550148 0.6520165 0.3714711 0.6660628 0.3550148 0.6660628 0.3790467 0.7939724 0.3790004 0.7799262 0.401103 0.7939725 0.3790004 0.7799262 0.4010812 0.7799262 0.401103 0.7939725 0.3207451 0.9628639 0.136349 0.950012 0.136349 0.9628639 0.02209621 0.778014 -3.02129e-6 0.778014 -1.70806e-5 0.7639678 0.3937464 0.633155 0.4102027 0.6472013 0.3937464 0.6472013 0.3790507 0.7558933 0.4011197 0.7558934 0.3789775 0.7699396 0.403092 0.7078275 0.403092 0.7440499 0.4171383 0.7078275 0.4171383 0.7078275 0.403092 0.7440499 0.4171383 0.7440499 0.01047199 0.7808335 0.01040989 0.7948881 1.75746e-4 0.7835667 1.75746e-4 0.7835667 0.01040989 0.7948881 0.007023155 0.795804 0.4490522 0.591777 0.4491705 0.5777307 0.434407 0.591777 0.4491705 0.5777307 0.4344345 0.5777308 0.434407 0.591777 0.4639185 0.633155 0.4545543 0.6472013 0.4545543 0.633155 0.4639185 0.633155 0.4639185 0.6472013 0.4545543 0.6472013 0.9030647 0.6310304 0.9122466 0.6194549 0.9084803 0.634128 0.9030647 0.6310304 0.9028553 0.6169424 0.9122466 0.6194549 0.9084803 0.634128 0.9122466 0.6194549 0.9212868 0.6284951 0.9237993 0.6378864 0.909753 0.6378864 0.9212868 0.6284951 0.9212868 0.6284951 0.909753 0.6378864 0.9084803 0.634128 0.5010622 0.6845375 0.4962739 0.670491 0.4962764 0.6845375 0.5010622 0.6845375 0.5010614 0.6704912 0.4962739 0.670491 0.3141565 0.1728453 0.2978599 0.18564 0.3142102 0.1855201 0.2979402 0.1727747 0.2978599 0.18564 0.3141565 0.1728453 0.3271233 0.1727745 0.3141565 0.1728453 0.3270976 0.1856399 0.3270976 0.1856399 0.3141565 0.1728453 0.3142102 0.1855201 0.5412467 0.6031969 0.5536038 0.5899773 0.5412008 0.5899241 0.5412467 0.6031969 0.5579779 0.6030465 0.5536038 0.5899773 0.5579779 0.6030465 0.5704041 0.5899243 0.5536038 0.5899773 0.5579779 0.6030465 0.5704298 0.6031972 0.5704041 0.5899243 0.5557135 0.6342183 0.5411664 0.6474108 0.5594386 0.6472343 0.5412467 0.6341382 0.5411664 0.6474108 0.5557135 0.6342183 0.5594386 0.6472343 0.5704041 0.6341381 0.5557135 0.6342183 0.5594386 0.6472343 0.5704298 0.6474108 0.5704041 0.6341381 0.5412102 0.6768866 0.5536605 0.6636137 0.5412072 0.6636137 0.5537009 0.6765373 0.5536605 0.6636137 0.5412102 0.6768866 0.5537009 0.6765373 0.570467 0.6636137 0.5536605 0.6636137 0.4454662 0.1441573 0.4595122 0.1559489 0.4595122 0.144113 0.4458569 0.1558824 0.4595122 0.1559489 0.4454662 0.1441573 0.4458569 0.1558824 0.4595122 0.1719132 0.4595122 0.1559489 0.6014873 0.617935 0.6139376 0.604662 0.6014844 0.604662 0.6139782 0.6175857 0.6139376 0.604662 0.6014873 0.617935 0.6139782 0.6175857 0.6307441 0.604662 0.6139376 0.604662 0.541234 0.6621487 0.5501135 0.6489564 0.5412008 0.6488758 0.5501135 0.6489564 0.541234 0.6621487 0.5604561 0.662028 0.5604561 0.662028 0.5707005 0.648873 0.5501135 0.6489564 0.5704298 0.6621488 0.5707005 0.648873 0.5604561 0.662028 0.6014783 0.5593019 0.6154828 0.5750418 0.6155242 0.5592554 0.6018477 0.5717452 0.6154828 0.5750418 0.6014783 0.5593019 0.5175626 0.1441573 0.5315523 0.155895 0.5316085 0.1441136 0.5175626 0.1441573 0.5177103 0.1610333 0.5315523 0.155895 0.5177103 0.1610333 0.5316085 0.1718705 0.5315523 0.155895 0.5175623 0.1718778 0.5316085 0.1718705 0.5177103 0.1610333 0.5574631 0.619473 0.5411664 0.632673 0.5575167 0.6325493 0.5412467 0.6194002 0.5411664 0.632673 0.5574631 0.619473 0.570425 0.632673 0.5704298 0.6193999 0.5574631 0.619473 0.570425 0.632673 0.5574631 0.619473 0.5575167 0.6325493 0.6176583 0.6489489 0.6013616 0.6621488 0.617712 0.6620251 0.601442 0.6488761 0.6013616 0.6621488 0.6176583 0.6489489 0.6306204 0.6621488 0.630625 0.6488758 0.6176583 0.6489489 0.6306204 0.6621488 0.6176583 0.6489489 0.617712 0.6620251 0.3132482 0.1584896 0.2978598 0.1713096 0.3126005 0.1710445 0.2979402 0.1584444 0.2978598 0.1713096 0.3132482 0.1584896 0.3690611 0.5685307 0.3690611 0.5724459 0.3550148 0.5724459 0.02336174 0.7988089 0.01404976 0.7988089 0.02339529 0.9392724 0.05666649 0.4163062 0.001012504 0.379714 0.07952356 0.3999075 0.001012504 0.379714 0.06954044 0.2619432 0.09576404 0.3712479 0.04894286 0.4180691 8.07605e-4 0.3897158 0.001012504 0.379714 0.05666649 0.4163062 0.04894286 0.4180691 0.001012504 0.379714 0.06954044 0.2619432 0.1014562 0.3690214 0.09576404 0.3712479 0.0923267 0.3783856 0.07952356 0.3999075 0.001012504 0.379714 0.09576404 0.3712479 0.0923267 0.3783856 0.001012504 0.379714 0.1121795 0.2555846 0.06954044 0.2619432 0.0782929 0.2572016 0.07952356 0.3999075 0.07099592 0.4113049 0.05666649 0.4163062 0.1014481 0.3917241 0.08970534 0.3937015 0.09942466 0.3872861 0.08970534 0.3937015 0.09413492 0.3842241 0.09942466 0.3872861 0.0923267 0.3783856 0.08970534 0.3937015 0.07952356 0.3999075 0.09413492 0.3842241 0.08970534 0.3937015 0.0923267 0.3783856 8.07605e-4 0.3897158 0.04550558 0.4252067 0.03637874 0.4511734 0.04578918 0.4559935 0.04894286 0.4323444 0.05666649 0.4341073 0.03637874 0.4511734 0.04550558 0.4252067 0.04894286 0.4323444 0.04578918 0.4559935 0.03637874 0.4511734 0.04894286 0.4323444 0.05534952 0.4551613 0.04578918 0.4559935 0.05666649 0.4341073 0.04894286 0.4180691 0.04550558 0.4252067 8.07605e-4 0.3897158 0.06286036 0.4212456 0.05666649 0.4163062 0.07099592 0.4113049 0.06667894 0.4430544 0.05666649 0.4341073 0.06286036 0.4291679 0.06286036 0.4212456 0.06799793 0.4216697 0.06286036 0.4291679 0.06286036 0.4212456 0.07099592 0.4113049 0.06799793 0.4216697 0.06799793 0.4216697 0.06667894 0.4430544 0.06286036 0.4291679 0.05534952 0.4551613 0.05666649 0.4341073 0.06220906 0.4509302 0.05666649 0.4341073 0.06667894 0.4430544 0.06220906 0.4509302 0.1121795 0.2555846 0.1071483 0.3712479 0.1014562 0.3690214 0.1071483 0.3712479 0.2466816 0.3141326 0.1105856 0.3783856 0.1071483 0.3712479 0.1121795 0.2555846 0.2466816 0.3141326 0.1014481 0.3917241 0.09942466 0.3872861 0.1071483 0.3855233 0.113207 0.3937015 0.1014481 0.3917241 0.1071483 0.3855233 0.1105856 0.3783856 0.113207 0.3937015 0.1071483 0.3855233 0.1121795 0.2555846 0.1014562 0.3690214 0.06954044 0.2619432 0.2466816 0.3141326 0.1121795 0.2555846 0.120662 0.2503755 0.120662 0.2503755 0.1250395 0.2438956 0.2466816 0.3141326 0.113207 0.3937015 0.1105856 0.3783856 0.1233888 0.3999075 0.1233888 0.3999075 0.1105856 0.3783856 0.1539695 0.4180691 0.2466816 0.3141326 0.1539695 0.4180691 0.1105856 0.3783856 0.140052 0.4212456 0.1319165 0.4113049 0.1462458 0.4163062 0.1319165 0.4113049 0.140052 0.4212456 0.1349145 0.4216697 0.1462458 0.4163062 0.1319165 0.4113049 0.1233888 0.3999075 0.140052 0.4291679 0.13639 0.4434493 0.1349145 0.4216697 0.1349145 0.4216697 0.140052 0.4212456 0.140052 0.4291679 0.140052 0.4291679 0.1462458 0.4341073 0.13639 0.4434493 0.13639 0.4434493 0.1462458 0.4341073 0.1425923 0.4524688 0.1233888 0.3999075 0.1539695 0.4180691 0.1462458 0.4163062 0.1574068 0.4252067 0.1539695 0.4180691 0.2466816 0.3141326 0.167918 0.4499652 0.1539695 0.4323444 0.1574068 0.4252067 0.1514722 0.4561469 0.1425923 0.4524688 0.1462458 0.4341073 0.1462458 0.4341073 0.1539695 0.4323444 0.1514722 0.4561469 0.1514722 0.4561469 0.1539695 0.4323444 0.1610016 0.4548924 0.1610016 0.4548924 0.1539695 0.4323444 0.167918 0.4499652 0.1574068 0.4252067 0.2466816 0.3141326 0.167918 0.4499652 0.5617778 0.2330539 0.2979234 0.2295281 0.2978942 0.233052 0.5617778 0.2295281 0.2979234 0.2295281 0.5617778 0.2330539 0.1151431 0.82943 0.1256504 0.8253135 0.09585124 0.8481527 0.09585124 0.8481527 0.3489784 0.849636 0.09132438 0.8585137 0.3489784 0.849636 0.09585124 0.8481527 0.1256504 0.8253135 0.3489784 0.849636 0.3199735 0.8257527 0.3303064 0.8302919 0.3530839 0.860172 0.3535499 0.9007946 0.09042024 0.9007946 0.09132438 0.8585137 0.3530839 0.860172 0.09042024 0.9007946 0.3199735 0.8257527 0.3489784 0.849636 0.1256504 0.8253135 0.09078818 0.9642919 0.3535425 0.970185 0.3531818 0.9643306 0.09042376 0.9702031 0.3535425 0.970185 0.09078818 0.9642919 0.5105394 0.9455634 0.5105394 0.7324807 0.5292629 0.7132433 0.5105394 0.9455634 0.5064227 0.9350857 0.5064227 0.7429586 0.5064227 0.7429586 0.5105394 0.7324807 0.5105394 0.9455634 0.5105394 0.9455634 0.5292629 0.7132433 0.5307463 0.9656581 0.5292629 0.7132433 0.5396243 0.7087292 0.5307463 0.9656581 0.5396243 0.7087292 0.5782625 0.7078275 0.5412826 0.9697521 0.5396243 0.7087292 0.5412826 0.9697521 0.5307463 0.9656581 0.5782625 0.7078275 0.5782625 0.9702168 0.5412826 0.9697521 0.9850159 0.2818624 0.8962368 0 0.9792702 0.01320457 0.8962368 0 0.9780985 0 0.9792702 0.01320457 0.9884886 0.01872843 0.9850159 0.2818624 0.9839099 0.01794165 0.9850159 0.2818624 0.9792702 0.01320457 0.9839099 0.01794165 0.837042 0.01217895 0.8376349 0 0.8962368 0 0.8313213 0.2827994 0.8313227 0.01811701 0.837042 0.01217895 0.8313213 0.2827994 0.837042 0.01217895 0.8962368 0 0.8962368 0 0.9850159 0.2818624 0.8313213 0.2827994 0.8313213 0.2827994 0.9850159 0.2818624 0.9007722 0.3013111 0.9805943 0.2895315 0.9809122 0.3013105 0.9007722 0.3013111 0.9007722 0.3013111 0.9850159 0.2818624 0.9805943 0.2895315 0.9007722 0.3013111 0.8370421 0.2891322 0.8313213 0.2827994 0.8370421 0.2891322 0.9007722 0.3013111 0.8376349 0.3013111 0.1363521 0.9183816 0.136349 0.9022595 0.2849199 0.9022641 0.1363521 0.9183816 0.2849199 0.9022641 0.2825415 0.9194371 0.280463 0.9342277 0.136349 0.9342305 0.1363521 0.9183816 0.2825415 0.9194371 0.280463 0.9342277 0.1363521 0.9183816 0.7138039 0.7581147 0.7120577 0.7503911 0.725142 0.7763882 0.8156162 0.7326726 0.725142 0.7763882 0.7120577 0.7503911 0.7002528 0.7328937 0.8156162 0.7326726 0.7120577 0.7503911 0.725142 0.7763882 0.8156162 0.7326726 0.7513669 0.7937749 0.725142 0.7763882 0.7113678 0.7700411 0.7138039 0.7581147 0.7049873 0.7469537 0.7002528 0.7328937 0.7120577 0.7503911 0.7113678 0.7700411 0.7089111 0.7643086 0.7138039 0.7581147 0.8156162 0.7326726 0.7584373 0.7972123 0.7513669 0.7937749 0.725142 0.7763882 0.7513669 0.7937749 0.7355747 0.790114 0.8156162 0.7326726 0.7606428 0.8029044 0.7584373 0.7972123 0.7606428 0.8029044 0.8048034 0.8739435 0.7584373 0.8085965 0.8048034 0.8739435 0.7606428 0.8029044 0.8156162 0.7326726 0.7513669 0.7937749 0.7442966 0.7972123 0.7355747 0.790114 0.7355747 0.790114 0.7442966 0.7972123 0.7383806 0.8029044 0.742091 0.8029044 0.7442966 0.8085965 0.7383806 0.8029044 0.7442966 0.7972123 0.742091 0.8029044 0.7383806 0.8029044 0.7002528 0.7328937 0.6979169 0.7503911 0.6859848 0.7355512 0.7002528 0.7328937 0.7049873 0.7469537 0.6979169 0.7503911 0.6979169 0.7503911 0.6673657 0.7442292 0.6859848 0.7355512 0.6673657 0.7442292 0.6699627 0.7674354 0.662404 0.7519018 0.6979169 0.7503911 0.6961707 0.7581147 0.6673657 0.7442292 0.6699627 0.7674354 0.6961707 0.7581147 0.7010635 0.7643085 0.7010635 0.7643085 0.7113678 0.7700411 0.6699627 0.7674354 0.662404 0.7519018 0.6699627 0.7674354 0.6629242 0.7604761 0.6961707 0.7581147 0.6699627 0.7674354 0.6673657 0.7442292 0.7010635 0.7643085 0.7089111 0.7643086 0.7113678 0.7700411 0.7513669 0.8120338 0.7584373 0.8085965 0.7834372 0.8735226 0.7513669 0.8120338 0.7834372 0.8735226 0.725142 0.8294205 0.7355747 0.8156948 0.7442966 0.8085965 0.7513669 0.8120338 0.7513669 0.8120338 0.725142 0.8294205 0.7355747 0.8156948 0.7089111 0.8415002 0.7010635 0.8415002 0.7113678 0.8357676 0.725142 0.8294205 0.7133446 0.8456625 0.7113678 0.8357676 0.7834372 0.8735226 0.7584373 0.8085965 0.8048034 0.8739435 0.7133446 0.8456625 0.7089111 0.8415002 0.7113678 0.8357676 0.7138039 0.8517571 0.7133446 0.8456625 0.725142 0.8294205 0.7107707 0.8570468 0.7138039 0.8517571 0.7834372 0.8735226 0.7107707 0.8570468 0.6972519 0.8725513 0.7049873 0.858855 0.6972519 0.8725513 0.7107707 0.8570468 0.7834372 0.8735226 0.7834372 0.8735226 0.7138039 0.8517571 0.725142 0.8294205 0.6699627 0.8383733 0.7113678 0.8357676 0.7010635 0.8415002 0.6961707 0.847694 0.6699627 0.8383733 0.7010635 0.8415002 0.6699627 0.8383733 0.6961707 0.847694 0.679914 0.8682019 0.6699627 0.8383733 0.662404 0.853907 0.6629242 0.8453326 0.679914 0.8682019 0.6961707 0.847694 0.6979169 0.8554177 0.6972519 0.8725513 0.679914 0.8682019 0.6979169 0.8554177 0.7049873 0.858855 0.6972519 0.8725513 0.6979169 0.8554177 0.662404 0.853907 0.6699627 0.8383733 0.6663735 0.8609497 0.6699627 0.8383733 0.679914 0.8682019 0.6663735 0.8609497 0.7383806 0.8029044 0.7442966 0.8085965 0.7355747 0.8156948 0.02480936 0.9395889 0.0435872 0.7988277 0.0411669 0.939239 0.05622535 0.9392725 0.0435872 0.7988277 0.05615097 0.7988089 0.6718965 0.5355365 0.6668021 0.5118066 0.6956649 0.5231278 0.6668021 0.5118066 0.6859345 0.5025959 0.6978713 0.5174357 0.6718965 0.5355365 0.6646971 0.5305138 0.6619903 0.5209211 0.6718965 0.5355365 0.6619903 0.5209211 0.6668021 0.5118066 0.6668021 0.5118066 0.6978713 0.5174357 0.6956649 0.5231278 0.7049444 0.5139983 0.6978713 0.5174357 0.7002081 0.4999384 0.7107301 0.5158066 0.7049444 0.5139983 0.7002081 0.4999384 0.6718965 0.5355365 0.6956649 0.5231278 0.6978713 0.5288199 0.7084495 0.5364907 0.7028795 0.5322573 0.7088697 0.5313532 0.6978713 0.5288199 0.7028795 0.5322573 0.7084495 0.5364907 0.6718965 0.5355365 0.6978713 0.5288199 0.7084495 0.5364907 0.6978713 0.5174357 0.6859345 0.5025959 0.7002081 0.4999384 0.6646972 0.6093842 0.6718965 0.6043615 0.6619903 0.6189769 0.6668021 0.6280913 0.6619903 0.6189769 0.6718965 0.6043615 0.6668021 0.6280913 0.6978713 0.6224623 0.6859345 0.6373022 0.6956649 0.6167702 0.6668021 0.6280913 0.6718965 0.6043615 0.6718965 0.6043615 0.6978713 0.611078 0.6956649 0.6167702 0.7088697 0.6085448 0.7028795 0.6076407 0.7084495 0.6034073 0.6978713 0.611078 0.7084495 0.6034073 0.7028795 0.6076407 0.7084495 0.6034073 0.6978713 0.611078 0.6718965 0.6043615 0.6859345 0.6373022 0.6978713 0.6224623 0.7002081 0.6399596 0.7049444 0.6258996 0.7002081 0.6399596 0.6978713 0.6224623 0.7120175 0.6224623 0.7002081 0.6399596 0.7049444 0.6258996 0.6956649 0.6167702 0.6978713 0.6224623 0.6668021 0.6280913 0.7088697 0.5313532 0.7165889 0.5384437 0.7084495 0.5364907 0.8156162 0.4997172 0.7282661 0.5464143 0.7137644 0.5210964 0.7282661 0.5464143 0.7133049 0.5271908 0.7137644 0.5210964 0.7107301 0.5158066 0.7002081 0.4999384 0.7137644 0.5210964 0.7133049 0.5271908 0.7165889 0.5384437 0.7088697 0.5313532 0.7133049 0.5271908 0.7282661 0.5464143 0.7165889 0.5384437 0.7513419 0.5608195 0.7371705 0.5628562 0.7282661 0.5464143 0.7513419 0.5608195 0.7442689 0.5642569 0.7371705 0.5628562 0.7584152 0.5642569 0.7513419 0.5608195 0.8156162 0.4997172 0.7513419 0.5608195 0.7282661 0.5464143 0.8156162 0.4997172 0.8156162 0.4997172 0.7606215 0.569949 0.7584152 0.5642569 0.7606215 0.569949 0.8156162 0.4997172 0.8156162 0.6401808 0.7137644 0.5210964 0.7002081 0.4999384 0.8156162 0.4997172 0.7137644 0.6147387 0.7165889 0.6014543 0.7282662 0.5934837 0.7282662 0.5934837 0.8156162 0.6401808 0.7137644 0.6147387 0.7088697 0.6085448 0.7084495 0.6034073 0.7165889 0.6014543 0.7137644 0.6147387 0.8156162 0.6401808 0.7120175 0.6224623 0.7088697 0.6085448 0.7165889 0.6014543 0.7137644 0.6147387 0.7002081 0.6399596 0.7120175 0.6224623 0.8156162 0.6401808 0.7371705 0.5628562 0.7442689 0.5756411 0.7367824 0.5793744 0.7442689 0.5642569 0.7420625 0.569949 0.7371705 0.5628562 0.7420625 0.569949 0.7442689 0.5756411 0.7371705 0.5628562 0.7367824 0.5793744 0.7442689 0.5756411 0.7513419 0.5790784 0.8156162 0.6401808 0.7513419 0.5790784 0.7584151 0.5756412 0.7513419 0.5790784 0.8156162 0.6401808 0.7282662 0.5934837 0.7513419 0.5790784 0.7282662 0.5934837 0.7367824 0.5793744 0.8156162 0.6401808 0.7584151 0.5756412 0.7606215 0.569949 0.005427181 0.5612187 0.06124907 0.5729473 0.01453554 0.5792013 0.06124907 0.5729473 0.005427181 0.5612187 0.1325736 0.4877545 0.01453554 0.5792013 0.06124907 0.5729473 0.05908375 0.5798701 0.01303011 0.5915588 0.07599276 0.6102784 0.005988776 0.599382 0.005988776 0.599382 0 0.7425298 0 0.6017499 0.05908375 0.5798701 0.01303011 0.5915588 0.01453554 0.5792013 0.06124907 0.5729473 0.1325736 0.4877545 0.1148535 0.5419988 0.1148535 0.5419988 0.1325736 0.4877545 0.1219314 0.543585 0 0.7425298 0.005988776 0.599382 0.07599276 0.6102784 0.01303011 0.5915588 0.05908375 0.5798701 0.07599276 0.6102784 0.07599276 0.6102784 0.09669667 0.666606 0 0.7425298 0.08291548 0.6124437 0.09669667 0.666606 0.07599276 0.6102784 0.08291548 0.6124437 0.1038343 0.6631686 0.09669667 0.666606 0.1268181 0.6484606 0.1038343 0.6631686 0.08291548 0.6124437 0.09447014 0.6722981 0 0.7425298 0.09669667 0.666606 0 0.7425298 0.09447014 0.6722981 0.09669667 0.6779902 0.1158783 0.7291182 0.1021011 0.7419788 0.09669667 0.6779902 0.09669667 0.6779902 0.1038343 0.6814275 0.1158783 0.7291182 0 0.7425298 0.09669667 0.6779902 0.1021011 0.7419788 0.1197769 0.6595077 0.1096729 0.6649768 0.1038343 0.6631686 0.1127349 0.6702666 0.1096729 0.6649768 0.1197769 0.6595077 0.1169443 0.6722981 0.1127349 0.6702666 0.1197769 0.6595077 0.1109721 0.6779902 0.1127349 0.6702666 0.1169443 0.6722981 0.1197769 0.6595077 0.1038343 0.6631686 0.1268181 0.6484606 0.1158783 0.7291182 0.1038343 0.6814275 0.1109721 0.6779902 0.1021011 0.7419788 0.1158783 0.7291182 0.1101263 0.7380083 0.1158783 0.7291182 0.1109721 0.6779902 0.1169443 0.6722981 0.1378651 0.6414194 0.1268181 0.6484606 0.08291548 0.6124437 0.1922093 0.5410119 0.1382252 0.5805106 0.1398113 0.5734328 0.1219314 0.543585 0.1325736 0.4877545 0.1597834 0.5153519 0.1435178 0.6197848 0.1417549 0.6275084 0.08291548 0.6124437 0.1378651 0.6414194 0.1417549 0.6275084 0.1466944 0.6337023 0.1382252 0.5805106 0.1506555 0.6163474 0.1435178 0.6197848 0.1506555 0.6385868 0.1466944 0.6337023 0.1546167 0.6337023 0.1546167 0.6337023 0.1634459 0.6414194 0.1506555 0.6385868 0.1506555 0.6385868 0.1378651 0.6414194 0.1466944 0.6337023 0.08291548 0.6124437 0.1417549 0.6275084 0.1378651 0.6414194 0.1922093 0.5410119 0.1398113 0.5734328 0.1219314 0.543585 0.1382252 0.5805106 0.1922093 0.5410119 0.1577932 0.6197848 0.174493 0.6484606 0.1595561 0.6275084 0.2355323 0.5685793 0.1577932 0.6197848 0.1922093 0.5410119 0.2355323 0.5685793 0.1506555 0.6163474 0.1382252 0.5805106 0.1577932 0.6197848 0.1595561 0.6275084 0.1634459 0.6414194 0.1546167 0.6337023 0.2355323 0.5685793 0.1595561 0.6275084 0.1577932 0.6197848 0.2639831 0.5818552 0.3013539 0.5939701 0.3013111 0.7425298 0.2355323 0.5685793 0.2639831 0.5818552 0.1974767 0.6631686 0.1922093 0.5410119 0.1219314 0.543585 0.1597834 0.5153519 0.1974767 0.6631686 0.1815342 0.6595078 0.174493 0.6484606 0.1634459 0.6414194 0.1595561 0.6275084 0.174493 0.6484606 0.190339 0.666606 0.1843668 0.6722981 0.1815342 0.6595078 0.1843668 0.6722981 0.1916382 0.6796193 0.1854327 0.7291183 0.1854327 0.7291183 0.1992099 0.7419788 0.1911848 0.7380083 0.1843668 0.6722981 0.1885761 0.6743296 0.1916382 0.6796193 0.1885761 0.6743296 0.1843668 0.6722981 0.190339 0.666606 0.1974767 0.6631686 0.2639831 0.5818552 0.2046144 0.666606 0.1815342 0.6595078 0.1974767 0.6631686 0.190339 0.666606 0.2068409 0.6722981 0.2046144 0.666606 0.3013111 0.7425298 0.2068409 0.6722981 0.3013111 0.7425298 0.2046144 0.6779902 0.174493 0.6484606 0.2355323 0.5685793 0.1974767 0.6631686 0.1974767 0.6814275 0.2046144 0.6779902 0.1854327 0.7291183 0.1916382 0.6796193 0.1974767 0.6814275 0.1854327 0.7291183 0.2046144 0.6779902 0.1992099 0.7419788 0.1854327 0.7291183 0.2046144 0.6779902 0.3013111 0.7425298 0.1992099 0.7419788 0.2046144 0.666606 0.2639831 0.5818552 0.3013111 0.7425298 0.1435178 0.6197848 0.08291548 0.6124437 0.1382252 0.5805106 0.8592371 0.5446941 0.9985352 0.5262131 0.9985032 0.5467999 0.8592201 0.5262075 0.9985352 0.5262131 0.8592371 0.5446941 0.9985352 0.5590118 0.8592371 0.5446941 0.9985032 0.5467999 0.8592201 0.5590118 0.8592371 0.5446941 0.9985352 0.5590118 0.05666649 0.1724105 0.07952356 0.1560118 0.001012504 0.1358184 0.001012504 0.1358184 0.09576404 0.1273522 0.06954044 0.01804757 0.04894286 0.1741734 0.001012504 0.1358184 8.07605e-4 0.1458202 0.04894286 0.1741734 0.05666649 0.1724105 0.001012504 0.1358184 0.09576404 0.1273522 0.001012504 0.1358184 0.0923267 0.1344899 0.0782929 0.01330596 0.06954044 0.01804757 0.1121795 0.01168888 0.07952356 0.1560118 0.0923267 0.1344899 0.001012504 0.1358184 0.07952356 0.1560118 0.05666649 0.1724105 0.07099592 0.1674092 0.09942466 0.1433904 0.09413492 0.1403284 0.08970534 0.1498058 0.08970534 0.1498058 0.0923267 0.1344899 0.07952356 0.1560118 0.09413492 0.1403284 0.0923267 0.1344899 0.08970534 0.1498058 0.04550558 0.1813111 8.07605e-4 0.1458202 0.03637874 0.2072777 0.04894286 0.1884488 0.04550558 0.1813111 0.03637874 0.2072777 0.04550558 0.1813111 0.04894286 0.1741734 8.07605e-4 0.1458202 0.05666649 0.1902117 0.04894286 0.1884488 0.04578918 0.2120978 0.04894286 0.1884488 0.03637874 0.2072777 0.04578918 0.2120978 0.05666649 0.1902117 0.04578918 0.2120978 0.05534952 0.2112656 0.06286036 0.1773499 0.07099592 0.1674092 0.05666649 0.1724105 0.06286036 0.1773499 0.06286036 0.1852722 0.06799793 0.177774 0.06286036 0.1773499 0.06799793 0.177774 0.07099592 0.1674092 0.06799793 0.177774 0.06286036 0.1852722 0.06667894 0.1991588 0.06220906 0.2070345 0.06667894 0.1991588 0.05666649 0.1902117 0.06220906 0.2070345 0.05666649 0.1902117 0.05534952 0.2112656 0.06667894 0.1991588 0.06286036 0.1852722 0.05666649 0.1902117 0.1014562 0.1251257 0.06954044 0.01804757 0.09576404 0.1273522 0.1121795 0.01168888 0.1014562 0.1251257 0.1071483 0.1273522 0.1071483 0.1273522 0.1105856 0.1344899 0.2466768 0.07024526 0.1121795 0.01168888 0.1071483 0.1273522 0.2466768 0.07024526 0.1014562 0.1251257 0.1121795 0.01168888 0.06954044 0.01804757 0.09942466 0.1433904 0.08970534 0.1498058 0.1014642 0.1478284 0.09942466 0.1433904 0.1014642 0.1478284 0.1071483 0.1416276 0.1071483 0.1416276 0.1014642 0.1478284 0.115358 0.1508508 0.115358 0.1508508 0.1105856 0.1344899 0.1071483 0.1416276 0.2466768 0.07024526 0.120662 0.006479859 0.1121795 0.01168888 0.2466768 0.07024526 0.1250395 0 0.120662 0.006479859 0.1267554 0.1593785 0.1105856 0.1344899 0.115358 0.1508508 0.1105856 0.1344899 0.1267554 0.1593785 0.1539695 0.1741734 0.2466768 0.07024526 0.1105856 0.1344899 0.1539695 0.1741734 0.1267554 0.1593785 0.1338751 0.1734029 0.1462458 0.1724105 0.140052 0.1773499 0.1462458 0.1724105 0.1338751 0.1734029 0.140052 0.1852722 0.1338751 0.1734029 0.13639 0.1995536 0.1338751 0.1734029 0.140052 0.1852722 0.140052 0.1773499 0.140052 0.1852722 0.13639 0.1995536 0.1462458 0.1902117 0.13639 0.1995536 0.1425923 0.2085731 0.1462458 0.1902117 0.1267554 0.1593785 0.1462458 0.1724105 0.1539695 0.1741734 0.1574068 0.1813111 0.2466768 0.07024526 0.1539695 0.1741734 0.167918 0.2060696 0.1574068 0.1813111 0.1539695 0.1884488 0.1514722 0.2122513 0.1462458 0.1902117 0.1425923 0.2085731 0.1462458 0.1902117 0.1514722 0.2122513 0.1539695 0.1884488 0.1514722 0.2122513 0.1610016 0.2109967 0.1539695 0.1884488 0.1610016 0.2109967 0.167918 0.2060696 0.1539695 0.1884488 0.1574068 0.1813111 0.167918 0.2060696 0.2466768 0.07024526 0.6602903 0.5359115 0.3971899 0.5266494 0.6602902 0.5266491 0.1151431 0.7520166 0.09585124 0.7707393 0.1256504 0.7479 0.09132438 0.7811003 0.3489784 0.7722228 0.09585124 0.7707393 0.3489784 0.7722228 0.1256504 0.7479 0.09585124 0.7707393 0.3489784 0.7722228 0.3303064 0.7528786 0.3199735 0.7483394 0.3530839 0.7827586 0.09042024 0.8233813 0.3535499 0.8233813 0.09132438 0.7811003 0.09042024 0.8233813 0.3530839 0.7827586 0.3199735 0.7483394 0.1256504 0.7479 0.3489784 0.7722228 0.6599226 0.5373131 0.6602888 0.557766 0.3971623 0.5577636 0.6599226 0.5373131 0.3971623 0.5577636 0.3975287 0.5373548 0.5884392 0.9455634 0.6071628 0.7132433 0.5884392 0.7324807 0.5884392 0.9455634 0.5843225 0.7429586 0.5843225 0.9350857 0.5843225 0.7429586 0.5884392 0.9455634 0.5884392 0.7324807 0.5884392 0.9455634 0.6086462 0.9656581 0.6071628 0.7132433 0.6071628 0.7132433 0.6086462 0.9656581 0.617524 0.7087292 0.617524 0.7087292 0.6191825 0.9697521 0.6561623 0.7078275 0.617524 0.7087292 0.6086462 0.9656581 0.6191825 0.9697521 0.6561623 0.7078275 0.6191825 0.9697521 0.6561623 0.9702168 0.07353204 0.7988079 0.05761843 0.9420866 0.05761581 0.7988089 0.07437181 0.9439954 0.05761843 0.9420866 0.07353204 0.7988079 0.0889554 0.7988089 0.08895182 0.9456634 0.07353204 0.7988079 0.08895182 0.9456634 0.07437181 0.9439954 0.07353204 0.7988079 0.8158863 0.2818759 0.8147874 0.01794165 0.8101478 0.01320451 0.7549429 0 0.8101478 0.01320451 0.808976 0 0.7549429 0 0.8158863 0.2818759 0.8101478 0.01320451 0.8147874 0.01794165 0.8158863 0.2818759 0.8193661 0.01872843 0.7549429 0 0.6679195 0.01217895 0.6621989 0.2827996 0.6679195 0.01217895 0.7549429 0 0.6685125 0 0.6679195 0.01217895 0.6622002 0.01811701 0.6621989 0.2827996 0.6621989 0.2827996 0.8158863 0.2818759 0.7549429 0 0.6621989 0.2827996 0.7336715 0.3013111 0.8158863 0.2818759 0.7336715 0.3013111 0.8117896 0.3013091 0.8115102 0.2893403 0.7336715 0.3013111 0.8115102 0.2893403 0.8158863 0.2818759 0.6679195 0.2891321 0.7336715 0.3013111 0.6621989 0.2827996 0.7336715 0.3013111 0.6679195 0.2891321 0.6685125 0.3013111 0.5190166 0.5592502 0.5190326 0.7063626 0.5298286 0.7063626 0.4532202 0 0.3486758 0.01753836 0.3618846 0.04327124 0.3504387 0.02518343 0.3618846 0.04327124 0.3486758 0.01753836 0.4532202 0 0.3618846 0.04327124 0.3883593 0.06048119 0.3367584 2.18892e-4 0.3486758 0.01753836 0.4532202 0 0.3454992 0.03131437 0.3479793 0.03698867 0.3504387 0.02518343 0.3504387 0.02518343 0.3479793 0.03698867 0.3618846 0.04327124 0.3415381 0.01413595 0.3486758 0.01753836 0.3367584 2.18892e-4 0.395497 0.0638836 0.4532202 0 0.3883593 0.06048119 0.395497 0.07515215 0.442209 0.1401134 0.3977235 0.06951785 0.395497 0.0638836 0.3977235 0.06951785 0.442209 0.1401134 0.3883593 0.06048119 0.3618846 0.04327124 0.3724167 0.05685752 0.3883593 0.06048119 0.3724167 0.05685752 0.3812215 0.0638836 0.3724167 0.05685752 0.3752493 0.06951785 0.3812215 0.0638836 0.378995 0.06951785 0.3752493 0.06951785 0.3812215 0.07515215 0.3812215 0.0638836 0.3752493 0.06951785 0.378995 0.06951785 0.4532202 0 0.395497 0.0638836 0.442209 0.1401134 0.3223546 0.00284934 0.3344004 0.01753836 0.3367584 2.18892e-4 0.3415381 0.01413595 0.3367584 2.18892e-4 0.3344004 0.01753836 0.3223546 0.00284934 0.3035584 0.01143914 0.3344004 0.01753836 0.3035584 0.01143914 0.2985494 0.01903367 0.3061801 0.03440946 0.3035584 0.01143914 0.3061801 0.03440946 0.3326376 0.02518343 0.3326376 0.02518343 0.3061801 0.03440946 0.3375769 0.03131437 0.3479793 0.03698867 0.3375769 0.03131437 0.3061801 0.03440946 0.2985494 0.01903367 0.2990745 0.02752089 0.3061801 0.03440946 0.3344004 0.01753836 0.3035584 0.01143914 0.3326376 0.02518343 0.3454992 0.03131437 0.3375769 0.03131437 0.3479793 0.03698867 0.3883593 0.07855451 0.4207349 0.1394184 0.395497 0.07515215 0.3883593 0.07855451 0.3618846 0.09576445 0.4207349 0.1394184 0.3724167 0.08217823 0.3883593 0.07855451 0.3812215 0.07515215 0.3883593 0.07855451 0.3724167 0.08217823 0.3618846 0.09576445 0.3499749 0.1118414 0.3479793 0.102047 0.3454992 0.1077214 0.3499749 0.1118414 0.3618846 0.09576445 0.3479793 0.102047 0.4207349 0.1394184 0.442209 0.1401134 0.395497 0.07515215 0.3504387 0.117874 0.3618846 0.09576445 0.3499749 0.1118414 0.3504387 0.117874 0.3473766 0.1231099 0.4207349 0.1394184 0.3473766 0.1231099 0.3415381 0.1248998 0.333729 0.1384569 0.333729 0.1384569 0.4207349 0.1394184 0.3473766 0.1231099 0.3618846 0.09576445 0.3504387 0.117874 0.4207349 0.1394184 0.337577 0.1077214 0.3479793 0.102047 0.3061801 0.1046263 0.337577 0.1077214 0.3454992 0.1077214 0.3479793 0.102047 0.3061801 0.1046263 0.3326376 0.1138523 0.337577 0.1077214 0.3061801 0.1046263 0.2990745 0.1115149 0.2985494 0.120002 0.3162261 0.1341516 0.3326376 0.1138523 0.3061801 0.1046263 0.333729 0.1384569 0.3415381 0.1248998 0.3344004 0.1214974 0.333729 0.1384569 0.3344004 0.1214974 0.3162261 0.1341516 0.2985494 0.120002 0.3025567 0.1269732 0.3061801 0.1046263 0.3061801 0.1046263 0.3025567 0.1269732 0.3162261 0.1341516 0.3162261 0.1341516 0.3344004 0.1214974 0.3326376 0.1138523 0.3752493 0.06951785 0.3724167 0.08217823 0.3812215 0.07515215 0.9985352 0.6864584 0.8592277 0.6865161 0.8595331 0.6972818 0.827315 0.7425989 0.8513004 0.7301903 0.8221741 0.7188691 0.8221741 0.7188691 0.853527 0.7244982 0.8414812 0.7096583 0.827315 0.7425989 0.8173184 0.7279835 0.8200499 0.7375762 0.827315 0.7425989 0.8221741 0.7188691 0.8173184 0.7279835 0.8221741 0.7188691 0.8513004 0.7301903 0.853527 0.7244982 0.8606646 0.7210608 0.855885 0.7070008 0.853527 0.7244982 0.8665031 0.722869 0.855885 0.7070008 0.8606646 0.7210608 0.827315 0.7425989 0.853527 0.7358824 0.8513004 0.7301903 0.8642018 0.7435532 0.8646258 0.7384156 0.8585809 0.7393197 0.853527 0.7358824 0.8642018 0.7435532 0.8585809 0.7393197 0.827315 0.7425989 0.8642018 0.7435532 0.853527 0.7358824 0.853527 0.7244982 0.855885 0.7070008 0.8414812 0.7096583 0.82005 0.8164467 0.8173184 0.8260393 0.827315 0.811424 0.8221741 0.8351538 0.827315 0.811424 0.8173184 0.8260393 0.8221741 0.8351538 0.8414812 0.8443647 0.853527 0.8295248 0.8513004 0.8238326 0.827315 0.811424 0.8221741 0.8351538 0.8642018 0.8104697 0.853527 0.8181405 0.8585809 0.8147032 0.8585809 0.8147032 0.8646258 0.8156073 0.8642018 0.8104697 0.8642018 0.8104697 0.827315 0.811424 0.853527 0.8181405 0.855885 0.8470221 0.853527 0.8295248 0.8414812 0.8443647 0.8513004 0.8238326 0.8221741 0.8351538 0.853527 0.8295248 0.8665031 0.8311539 0.8606646 0.832962 0.855885 0.8470221 0.853527 0.8295248 0.855885 0.8470221 0.8606646 0.832962 0.827315 0.811424 0.8513004 0.8238326 0.853527 0.8181405 0.8724154 0.7455062 0.8691015 0.7342532 0.8646258 0.7384156 0.9723468 0.7067797 0.8695652 0.7281588 0.8841993 0.7534767 0.8695652 0.7281588 0.8691015 0.7342532 0.8841993 0.7534767 0.8665031 0.722869 0.8695652 0.7281588 0.855885 0.7070008 0.8691015 0.7342532 0.8724154 0.7455062 0.8841993 0.7534767 0.9074858 0.767882 0.8841993 0.7534767 0.8927933 0.767586 0.9074858 0.767882 0.8927933 0.767586 0.9003481 0.7713193 0.8841993 0.7534767 0.9074858 0.767882 0.9723468 0.7067797 0.9146235 0.7713193 0.9723468 0.7067797 0.9074858 0.767882 0.9003481 0.7713193 0.8927933 0.767586 0.893185 0.7841042 0.9146235 0.7827035 0.9723468 0.7067797 0.91685 0.7770115 0.9146235 0.7713193 0.91685 0.7770115 0.9723468 0.7067797 0.8695652 0.7281588 0.9723468 0.7067797 0.855885 0.7070008 0.8691015 0.8197696 0.8841994 0.8005462 0.8724154 0.8085168 0.9074858 0.7861409 0.893185 0.7841042 0.8841994 0.8005462 0.8841994 0.8005462 0.8695652 0.8258641 0.9723468 0.8472432 0.8724154 0.8085168 0.8646258 0.8156073 0.8691015 0.8197696 0.8695652 0.8258641 0.8841994 0.8005462 0.8691015 0.8197696 0.8646258 0.8156073 0.8724154 0.8085168 0.8642018 0.8104697 0.855885 0.8470221 0.9723468 0.8472432 0.8695652 0.8258641 0.9003481 0.7713193 0.893185 0.7841042 0.8981216 0.7770115 0.8981216 0.7770115 0.893185 0.7841042 0.9003481 0.7827035 0.893185 0.7841042 0.9074858 0.7861409 0.9003481 0.7827035 0.8841994 0.8005462 0.9723468 0.8472432 0.9074858 0.7861409 0.9146235 0.7827035 0.9074858 0.7861409 0.9723468 0.8472432 0.9723468 0.8472432 0.9723468 0.7067797 0.9146235 0.7827035 0.8665031 0.8311539 0.855885 0.8470221 0.8695652 0.8258641 0.8646258 0.7384156 0.8642018 0.7435532 0.8724154 0.7455062 0.3124298 0.3239371 0.356978 0.324602 0.3591433 0.3177191 0.3033214 0.3060579 0.3124298 0.3239371 0.3591433 0.3177191 0.3109244 0.3362236 0.3038831 0.3440017 0.373887 0.3548355 0.3038831 0.3440017 0.2978942 0.346356 0.2978942 0.4863264 0.356978 0.324602 0.3124298 0.3239371 0.3109244 0.3362236 0.3033214 0.3060579 0.3591433 0.3177191 0.4127478 0.2869485 0.4198257 0.2885255 0.4304713 0.23302 0.4127478 0.2869485 0.3109244 0.3362236 0.373887 0.3548355 0.356978 0.324602 0.2978942 0.4863264 0.373887 0.3548355 0.3038831 0.3440017 0.4357594 0.3857975 0.4396492 0.3719664 0.3808098 0.3569884 0.4127478 0.2869485 0.4304713 0.23302 0.3033214 0.3060579 0.3808098 0.3569884 0.373887 0.3548355 0.3945909 0.4108392 0.2978942 0.4863264 0.3945909 0.4108392 0.373887 0.3548355 0.2978942 0.4863264 0.3923644 0.4164986 0.3945909 0.4108392 0.3808098 0.3569884 0.3945909 0.4108392 0.4017286 0.4074216 0.3945909 0.422158 0.3923644 0.4164986 0.2978942 0.4863264 0.4137726 0.472992 0.3945909 0.422158 0.3999954 0.4857785 0.3945909 0.422158 0.4137726 0.472992 0.4017286 0.4255755 0.2978942 0.4863264 0.3999954 0.4857785 0.3945909 0.422158 0.4106292 0.4185184 0.4148386 0.4164986 0.4088663 0.4108392 0.4247123 0.3927981 0.3808098 0.3569884 0.4017286 0.4074216 0.4088663 0.4108392 0.4148386 0.4164986 0.4176711 0.4037817 0.4017286 0.4074216 0.4088663 0.4108392 0.4176711 0.4037817 0.4176711 0.4037817 0.4247123 0.3927981 0.4017286 0.4074216 0.4075671 0.4237777 0.4148386 0.4164986 0.4106292 0.4185184 0.4137726 0.472992 0.4075671 0.4237777 0.4017286 0.4255755 0.3999954 0.4857785 0.4080205 0.4818309 0.4137726 0.472992 0.4137726 0.472992 0.4148386 0.4164986 0.4075671 0.4237777 0.4247123 0.3927981 0.4357594 0.3857975 0.3808098 0.3569884 0.4377056 0.3182017 0.4361194 0.3252389 0.4901035 0.2859674 0.4361194 0.3252389 0.4485498 0.3608697 0.4556875 0.3642872 0.4198257 0.2885255 0.4576777 0.2604549 0.4304713 0.23302 0.4414121 0.3642872 0.4485498 0.3608697 0.4361194 0.3252389 0.4414121 0.3642872 0.3808098 0.3569884 0.4396492 0.3719664 0.4485498 0.3829811 0.4525109 0.3781247 0.4445887 0.3781247 0.4525109 0.3781247 0.4485498 0.3829811 0.4613401 0.3857975 0.4485498 0.3829811 0.4445887 0.3781247 0.4357594 0.3857975 0.4357594 0.3857975 0.4445887 0.3781247 0.4396492 0.3719664 0.4901035 0.2859674 0.4198257 0.2885255 0.4377056 0.3182017 0.4361194 0.3252389 0.4556875 0.3642872 0.4901035 0.2859674 0.4723872 0.3927981 0.5334266 0.3133763 0.4574503 0.3719664 0.4556875 0.3642872 0.5334266 0.3133763 0.4901035 0.2859674 0.4574503 0.3719664 0.4525109 0.3781247 0.4613401 0.3857975 0.5992053 0.4863264 0.5992482 0.338621 0.5618774 0.3265758 0.4953709 0.4074216 0.5618774 0.3265758 0.5334266 0.3133763 0.5334266 0.3133763 0.4556875 0.3642872 0.4574503 0.3719664 0.4198257 0.2885255 0.4901035 0.2859674 0.4576777 0.2604549 0.5618774 0.3265758 0.5025086 0.4108392 0.5992053 0.4863264 0.4723872 0.3927981 0.4574503 0.3719664 0.4613401 0.3857975 0.4953709 0.4074216 0.4794285 0.4037817 0.4895324 0.4092194 0.482261 0.4164986 0.4864704 0.4144787 0.4794285 0.4037817 0.4895324 0.4092194 0.4794285 0.4037817 0.4864704 0.4144787 0.4953709 0.4074216 0.4723872 0.3927981 0.4794285 0.4037817 0.4890791 0.4818309 0.4971042 0.4857785 0.483327 0.472992 0.4882332 0.4221579 0.482261 0.4164986 0.483327 0.472992 0.4882332 0.4221579 0.483327 0.472992 0.4953709 0.4255755 0.4882332 0.4221579 0.4864704 0.4144787 0.482261 0.4164986 0.4953709 0.4074216 0.5025086 0.4108392 0.5618774 0.3265758 0.5047352 0.4164986 0.5025086 0.422158 0.5992053 0.4863264 0.5025086 0.4108392 0.5047352 0.4164986 0.5992053 0.4863264 0.4723872 0.3927981 0.4953709 0.4074216 0.5334266 0.3133763 0.5025086 0.422158 0.4953709 0.4255755 0.483327 0.472992 0.4971042 0.4857785 0.5025086 0.422158 0.483327 0.472992 0.5025086 0.422158 0.4971042 0.4857785 0.5992053 0.4863264 0.4414121 0.3642872 0.4361194 0.3252389 0.3808098 0.3569884 0.3621545 0.7599323 0.3612949 0.7356071 0.354808 0.805516 0.3621545 0.8058394 0.3621545 0.7599323 0.354808 0.805516 0.3693361 0.627926 0.3722075 0.5977028 0.3692819 0.5977676 0.4016454 0.6265353 0.4606324 0.631549 0.408295 0.6226891 0.4606324 0.631549 0.4594855 0.6226891 0.408295 0.6226891 0.4102879 0.8133527 0.4102879 0.7829241 0.4058974 0.7917248 0.4102879 0.8133527 0.4058974 0.7917248 0.4034352 0.8255255 0.4102879 0.8133527 0.4034352 0.8255255 0.4102879 0.8519998 0.4015432 0.8515154 0.4102879 0.8519998 0.4034352 0.8255255 0.5818368 0.06775248 0.5862129 0.04798483 0.5818361 0.04796385 0.5820123 0.09341198 0.5862129 0.04798483 0.5818368 0.06775248 0.5259179 0.06287819 0.5250583 0.03855293 0.5185714 0.1084619 0.525918 0.1087852 0.5259179 0.06287819 0.5185714 0.1084619 0.366269 0.6279261 0.3691403 0.5977028 0.3662147 0.5977676 0.505687 0.05012315 0.5006732 0.1091101 0.5095331 0.0567727 0.5006732 0.1091101 0.5095331 0.1079633 0.5095331 0.0567727 0.481712 0.5554639 0.4441257 0.5554639 0.4529336 0.5598549 0.481712 0.5554639 0.4529336 0.5598549 0.4867272 0.5623166 0.5127122 0.5642082 0.5127117 0.5554639 0.481712 0.5554639 0.4867272 0.5623166 0.5127122 0.5642082 0.481712 0.5554639 0.5729082 0.06775248 0.5772845 0.04798489 0.5729074 0.04796385 0.5730836 0.09341204 0.5772845 0.04798489 0.5729082 0.06775248 0.3480035 0.6244302 0.3412188 0.6304633 0.3412188 0.5977717 0.3480035 0.6700487 0.3412188 0.6740533 0.3412188 0.6304633 0.3480035 0.723363 0.3412188 0.6740533 0.3480035 0.6700487 0.3480035 0.7576393 0.3412188 0.7249548 0.3480035 0.723363 0.9307731 0.5648832 0.9562484 0.5581148 0.9202983 0.5244547 0.9202983 0.5244547 0.912881 0.5530659 0.9307731 0.5648832 0.9202983 0.5244547 0.8971886 0.5588626 0.912881 0.5530659 0.8772713 0.500512 0.8971886 0.5588626 0.9202983 0.5244547 0.9307731 0.5648832 0.9315475 0.5836889 0.9562484 0.5581148 0.9847859 0.6097835 0.9562484 0.5581148 0.9315475 0.5836889 0.8295559 0.5231506 0.8772713 0.500512 0.8293728 0.4894063 0.8772713 0.500512 0.8295559 0.5231506 0.8290327 0.5395227 0.8197129 0.5125971 0.8295559 0.5231506 0.8293728 0.4894063 0.8772713 0.500512 0.8290327 0.5395227 0.8971886 0.5588626 0.8921902 0.5773544 0.8971886 0.5588626 0.8290327 0.5395227 0.8290327 0.5395227 0.8464282 0.610167 0.8921902 0.5773544 0.8290327 0.5395227 0.812249 0.552015 0.8286534 0.6031022 0.9190917 0.5942443 0.9615392 0.6571422 0.9847859 0.6097835 0.9414026 0.6615576 0.9615392 0.6571422 0.9190917 0.5942443 0.9847859 0.6097835 0.9315475 0.5836889 0.9190917 0.5942443 0.9615392 0.6571422 0.974131 0.6674496 0.9978458 0.6772763 0.9748656 0.6842259 0.9978458 0.6772763 0.974131 0.6674496 0.9978458 0.6772763 0.9847859 0.6097835 0.9615392 0.6571422 0.9333864 0.6772583 0.9414026 0.6615576 0.8858021 0.672451 0.8464282 0.610167 0.8618944 0.6214474 0.8921902 0.5773544 0.9026362 0.5933905 0.8740801 0.6362347 0.9190917 0.5942443 0.9026362 0.5933905 0.8921902 0.5773544 0.8618944 0.6214474 0.8286534 0.6031022 0.809687 0.6006969 0.8176092 0.6143202 0.8464282 0.610167 0.8290327 0.5395227 0.8286534 0.6031022 0.8464282 0.610167 0.8286534 0.6031022 0.8329492 0.6182765 0.8668643 0.6502483 0.8822199 0.6535995 0.8740801 0.6362347 0.9190917 0.5942443 0.8740801 0.6362347 0.8822199 0.6535995 0.8822199 0.6535995 0.8717591 0.6653714 0.8858021 0.672451 0.9190917 0.5942443 0.8822199 0.6535995 0.9414026 0.6615576 0.8464282 0.610167 0.84683 0.6259371 0.8618944 0.6214474 0.8740801 0.6362347 0.8618944 0.6214474 0.8583768 0.6368223 0.9026362 0.5933905 0.8618944 0.6214474 0.8740801 0.6362347 0.8822199 0.6535995 0.8858021 0.672451 0.9414026 0.6615576 0.8027184 0.511399 0.8197129 0.5125971 0.8293728 0.4894063 0.7611438 0.4953902 0.8027184 0.511399 0.8293728 0.4894063 0.7894704 0.5282127 0.8027184 0.511399 0.7611438 0.4953902 0.7894704 0.5282127 0.7611438 0.4953902 0.7273595 0.5690943 0.7729457 0.610167 0.7944687 0.5467044 0.7273595 0.5690943 0.7944687 0.5467044 0.7907205 0.6031022 0.812249 0.552015 0.7894704 0.5282127 0.7273595 0.5690943 0.7944687 0.5467044 0.7729457 0.610167 0.7273595 0.5690943 0.7205224 0.58963 0.6991043 0.5244337 0.7056066 0.5528938 0.7192551 0.5562688 0.6898939 0.5621926 0.6991043 0.5244337 0.6523889 0.5747117 0.6991043 0.5244337 0.6898939 0.5621926 0.7056066 0.5528938 0.7192551 0.5562688 0.7611438 0.4953902 0.6991043 0.5244337 0.6860587 0.5793977 0.6898939 0.5621926 0.6523889 0.5747117 0.6979594 0.5928047 0.6860587 0.5793977 0.6523889 0.5747117 0.7192551 0.5562688 0.7273595 0.5690943 0.7611438 0.4953902 0.7907205 0.6031022 0.7944687 0.5467044 0.7729457 0.610167 0.8017638 0.6143242 0.809687 0.6006969 0.7907205 0.6031022 0.7725439 0.625937 0.7729457 0.610167 0.7574795 0.6214474 0.7907205 0.6031022 0.7729457 0.610167 0.7864246 0.6182765 0.7205224 0.58963 0.7574795 0.6214474 0.7729457 0.610167 0.7574795 0.6214474 0.7205224 0.58963 0.7452937 0.6362347 0.809687 0.6006969 0.812249 0.552015 0.7907205 0.6031022 0.7574795 0.6214474 0.7452937 0.6362347 0.7609971 0.6368224 0.737154 0.6535995 0.7525096 0.6502483 0.7452937 0.6362347 0.6979594 0.5928047 0.7452937 0.6362347 0.7205224 0.58963 0.737154 0.6535995 0.7335718 0.672451 0.7476148 0.6653714 0.737154 0.6535995 0.7452937 0.6362347 0.6979594 0.5928047 0.7335718 0.672451 0.737154 0.6535995 0.6804175 0.6632886 0.6979594 0.5928047 0.6600639 0.6570966 0.6804175 0.6632886 0.6523889 0.5747117 0.6600639 0.6570966 0.6979594 0.5928047 0.6600639 0.6570966 0.6523889 0.5747117 0.6275236 0.6282585 0.6600639 0.6570966 0.6275236 0.6282585 0.6445084 0.6702907 0.737154 0.6535995 0.6979594 0.5928047 0.6804175 0.6632886 0.6445084 0.6702907 0.6275236 0.6282585 0.6215282 0.6772403 0.6804175 0.6632886 0.6859875 0.6772583 0.7335718 0.672451 0.809687 0.6006969 0.8286534 0.6031022 0.812249 0.552015 0.9389564 0.6912279 0.9333864 0.6772583 0.8846017 0.6916044 0.9593099 0.6974199 0.9918503 0.7262582 0.9748656 0.6842259 0.8846017 0.6916044 0.9333864 0.6772583 0.8858021 0.672451 0.9978458 0.6772763 0.9748656 0.6842259 0.9918503 0.7262582 0.966985 0.7798048 0.9918503 0.7262582 0.9593099 0.6974199 0.9593099 0.6974199 0.9105901 0.7595082 0.9300985 0.7697315 0.9593099 0.6974199 0.9389564 0.6912279 0.9105901 0.7595082 0.9389564 0.6912279 0.8786941 0.7098566 0.9105901 0.7595082 0.8697856 0.6968613 0.8786941 0.7098566 0.8846017 0.6916044 0.8786941 0.7098566 0.9389564 0.6912279 0.8846017 0.6916044 0.8858021 0.672451 0.8727546 0.6812427 0.8846017 0.6916044 0.8545148 0.7391977 0.8684506 0.7260603 0.8529445 0.7235015 0.8786941 0.7098566 0.8630413 0.7112492 0.8684506 0.7260603 0.8684506 0.7260603 0.9105901 0.7595082 0.8786941 0.7098566 0.8948345 0.7681701 0.8684506 0.7260603 0.8545148 0.7391977 0.8377622 0.7484433 0.8545148 0.7391977 0.8401297 0.7328482 0.8545148 0.7391977 0.8377622 0.7484433 0.8920144 0.7854223 0.8377622 0.7484433 0.825402 0.7387018 0.8192456 0.753216 0.8377622 0.7484433 0.8192456 0.753216 0.8220362 0.8059367 0.8192456 0.753216 0.8096869 0.7406948 0.8001284 0.753216 0.8684506 0.7260603 0.8948345 0.7681701 0.9105901 0.7595082 0.966985 0.7798048 0.9593099 0.6974199 0.9300985 0.7697315 0.9294801 0.792324 0.966985 0.7798048 0.9300985 0.7697315 0.9202695 0.8300829 0.9294801 0.792324 0.9137672 0.8016227 0.9202695 0.8300829 0.966985 0.7798048 0.9294801 0.792324 0.9202695 0.8300829 0.9137672 0.8016227 0.9001187 0.7982477 0.8920144 0.7854223 0.8948345 0.7681701 0.8545148 0.7391977 0.8299035 0.8263039 0.8920144 0.7854223 0.8220362 0.8059367 0.8192456 0.753216 0.8039459 0.8025709 0.8220362 0.8059367 0.8377622 0.7484433 0.8220362 0.8059367 0.8920144 0.7854223 0.8772711 0.8540046 0.9001187 0.7982477 0.8920144 0.7854223 0.8299035 0.8263039 0.8195026 0.865284 0.8772711 0.8540046 0.8299035 0.8263039 0.8772711 0.8540046 0.8920144 0.7854223 0.8195026 0.865284 0.8299035 0.8263039 0.8166555 0.8431175 0.799661 0.8419195 0.8195026 0.865284 0.8166555 0.8431175 0.8772711 0.8540046 0.9202695 0.8300829 0.9001187 0.7982477 0.8039459 0.8025709 0.8192456 0.753216 0.8001284 0.753216 0.7648591 0.7391977 0.7664294 0.7235015 0.7509233 0.7260603 0.7406798 0.7098566 0.7509233 0.7260603 0.7563326 0.7112492 0.7335718 0.672451 0.7347722 0.6916044 0.7466212 0.681243 0.7335718 0.672451 0.6859875 0.6772583 0.7347722 0.6916044 0.7347722 0.6916044 0.7406798 0.7098566 0.7495883 0.6968613 0.7406798 0.7098566 0.7347722 0.6916044 0.6779712 0.692959 0.7406798 0.7098566 0.707831 0.7590555 0.7509233 0.7260603 0.7939718 0.7387018 0.7816117 0.7484433 0.8001284 0.753216 0.7816117 0.7484433 0.7648591 0.7391977 0.728049 0.7803239 0.7648591 0.7391977 0.7816117 0.7484433 0.7792443 0.7328482 0.7221854 0.7650993 0.7648591 0.7391977 0.7509233 0.7260603 0.7221854 0.7650993 0.7509233 0.7260603 0.707831 0.7590555 0.7221854 0.7650993 0.728049 0.7803239 0.7648591 0.7391977 0.8039459 0.8025709 0.8001284 0.753216 0.7816117 0.7484433 0.6779712 0.692959 0.7347722 0.6916044 0.6859875 0.6772583 0.6215282 0.6772403 0.6452429 0.6870669 0.6445084 0.6702907 0.6215282 0.6772403 0.6578348 0.6973744 0.6452429 0.6870669 0.6578348 0.6973744 0.6215282 0.6772403 0.6307317 0.735611 0.707831 0.7590555 0.6779712 0.692959 0.6923336 0.7649986 0.6923336 0.7649986 0.6779712 0.692959 0.6578348 0.6973744 0.6307317 0.735611 0.6923336 0.7649986 0.6578348 0.6973744 0.7406798 0.7098566 0.6779712 0.692959 0.707831 0.7590555 0.7816117 0.7484433 0.728049 0.7803239 0.7903322 0.8150073 0.7903322 0.8150073 0.8039459 0.8025709 0.7816117 0.7484433 0.7221853 0.7956539 0.7903322 0.8150073 0.728049 0.7803239 0.7515254 0.8568964 0.799661 0.8419195 0.7898078 0.8313412 0.7898078 0.8313412 0.7903322 0.8150073 0.7515254 0.8568964 0.7515254 0.8568964 0.8195026 0.865284 0.799661 0.8419195 0.7903322 0.8150073 0.7221853 0.7956539 0.7515254 0.8568964 0.6639283 0.7957491 0.6855811 0.7778858 0.6923336 0.7649986 0.6639283 0.7957491 0.6885389 0.7911659 0.6855811 0.7778858 0.6307317 0.735611 0.6639283 0.7957491 0.6923336 0.7649986 0.7069737 0.836036 0.7221853 0.7956539 0.7049469 0.801081 0.7221853 0.7956539 0.7069737 0.836036 0.7515254 0.8568964 0.6639283 0.7957491 0.7049469 0.801081 0.6885389 0.7911659 0.6639283 0.7957491 0.7069737 0.836036 0.7049469 0.801081 0.5639645 0.37237 0.6193738 0.2629589 0.6193739 0.4224097 0.6193739 0.5804538 0.5639645 0.5380141 0.6193739 0.4224097 0.6193739 0.5804538 0.5639645 0.7189031 0.5639645 0.5380141 0.6193739 0.8583413 0.5639645 0.7189031 0.6193739 0.7192537 0.173609 0.3620558 0.2290183 0.2629596 0.2290183 0.4021347 0.2290183 0.2629596 0.173609 0.3620558 0.173609 0.2629798 0.2290183 0.5408672 0.173609 0.6002583 0.173609 0.4813205 0.2290183 0.5408672 0.173609 0.4813205 0.2290183 0.4021347 0.173609 0.6002583 0.2290183 0.5408672 0.2290183 0.6631883 0.173609 0.8585033 0.2290183 0.781883 0.2290183 0.8583211 0.9495282 0.06320285 0.9148403 0.06570798 0.9124001 0.03080278 0.9495282 0.06320285 0.930285 0.07445353 0.9148403 0.06570798 0.9124001 0.03080278 0.8939585 0.07134407 0.8678142 0.009931325 0.9124001 0.03080278 0.9148403 0.06570798 0.8939585 0.07134407 0.9321086 0.09244799 0.9495282 0.06320285 0.9847858 0.1221057 0.9495282 0.06320285 0.9321086 0.09244799 0.930285 0.07445353 0.8292291 0.05231136 0.8678142 0.009931325 0.8939585 0.07134407 0.8292291 0.05231136 0.8939585 0.07134407 0.8310276 0.09109848 0.8097049 6.92044e-4 0.8678142 0.009931325 0.8284627 0.03439241 0.8284627 0.03439241 0.8151426 0.0230419 0.8097049 6.92044e-4 0.8284627 0.03439241 0.8678142 0.009931325 0.8292291 0.05231136 0.8292291 0.05231136 0.8310276 0.09109848 0.8165542 0.06559467 0.8858026 0.08591949 0.8310276 0.09109848 0.8939585 0.07134407 0.9648287 0.1693275 0.9501835 0.1655337 0.9847858 0.1221057 0.9847858 0.1221057 0.9501835 0.1655337 0.9321086 0.09244799 0.9501835 0.1655337 0.9365252 0.1703118 0.9077821 0.1681029 0.9978458 0.1895986 0.9755917 0.1854599 0.9648287 0.1693275 0.93137 0.1811122 0.9077821 0.1681029 0.9365252 0.1703118 0.9847858 0.1221057 0.9978458 0.1895986 0.9648287 0.1693275 0.90296 0.1070327 0.8806777 0.1183146 0.8897649 0.09721595 0.9321086 0.09244799 0.9501835 0.1655337 0.9206508 0.1064069 0.8806777 0.1183146 0.8858026 0.08591949 0.8897649 0.09721595 0.8310276 0.09109848 0.8858026 0.08591949 0.8806777 0.1183146 0.8806777 0.1183146 0.90296 0.1070327 0.9206508 0.1064069 0.9077821 0.1681029 0.8806777 0.1183146 0.9206508 0.1064069 0.9206508 0.1064069 0.9501835 0.1655337 0.9077821 0.1681029 0.8151426 0.0230419 0.8014197 0.02371263 0.8097049 6.92044e-4 0.8097049 6.92044e-4 0.8014197 0.02371263 0.7895773 0.03377497 0.7608764 0.006710767 0.8097049 6.92044e-4 0.7895773 0.03377497 0.7857329 0.0485391 0.7608764 0.006710767 0.7895773 0.03377497 0.8012512 0.0674256 0.8165542 0.06559467 0.8310276 0.09109848 0.8012512 0.0674256 0.8310276 0.09109848 0.7746021 0.09514981 0.7904925 0.06225049 0.7746021 0.09514981 0.7857329 0.0485391 0.7904925 0.06225049 0.8012512 0.0674256 0.7746021 0.09514981 0.7608764 0.006710767 0.7857329 0.0485391 0.7075364 0.03167265 0.6574527 0.07856911 0.7075364 0.03167265 0.6904117 0.07370972 0.7075364 0.03167265 0.7185195 0.06843936 0.7052899 0.06494653 0.7075364 0.03167265 0.7052899 0.06494653 0.6904117 0.07370972 0.7275419 0.09555459 0.7271232 0.07891529 0.7746021 0.09514981 0.7075364 0.03167265 0.7857329 0.0485391 0.7185195 0.06843936 0.6574527 0.07856911 0.6904117 0.07370972 0.6857216 0.09368413 0.7185195 0.06843936 0.7857329 0.0485391 0.7271232 0.07891529 0.7857329 0.0485391 0.7746021 0.09514981 0.7271232 0.07891529 0.7275419 0.09555459 0.7293156 0.1291822 0.7176792 0.1091921 0.7293156 0.1291822 0.7275419 0.09555459 0.7746021 0.09514981 0.7293156 0.1291822 0.6748633 0.1707798 0.6934027 0.1068529 0.7064263 0.1131697 0.7293156 0.1291822 0.6934027 0.1068529 0.7293156 0.1291822 0.7064263 0.1131697 0.7176792 0.1091921 0.7293156 0.1291822 0.7105765 0.1679368 0.6748633 0.1707798 0.6934027 0.1068529 0.6574527 0.07856911 0.6857216 0.09368413 0.6748633 0.1707798 0.658423 0.1695055 0.6934027 0.1068529 0.6934027 0.1068529 0.6307317 0.1312279 0.6574527 0.07856911 0.6307317 0.1312279 0.658423 0.1695055 0.6215281 0.1895626 0.658423 0.1695055 0.6307317 0.1312279 0.6934027 0.1068529 0.6863307 0.1829215 0.6748633 0.1707798 0.7105765 0.1679368 0.658423 0.1695055 0.6441679 0.183847 0.6215281 0.1895626 0.7105765 0.1679368 0.7115853 0.2110041 0.6863307 0.1829215 0.9077821 0.1681029 0.93137 0.1811122 0.9331938 0.1964745 0.9704058 0.2039188 0.9755917 0.1854599 0.9978458 0.1895986 0.9066007 0.218122 0.9331938 0.1964745 0.9496852 0.2096921 0.9918503 0.2385805 0.9496852 0.2096921 0.9704058 0.2039188 0.9918503 0.2385805 0.9726284 0.2840405 0.9496852 0.2096921 0.9259709 0.2723082 0.9496852 0.2096921 0.9726284 0.2840405 0.9336523 0.2854772 0.9259709 0.2723082 0.9726284 0.2840405 0.9918503 0.2385805 0.9704058 0.2039188 0.9978458 0.1895986 0.9496852 0.2096921 0.9259709 0.2723082 0.9066007 0.218122 0.9129475 0.2659915 0.9066007 0.218122 0.9259709 0.2723082 0.9066007 0.218122 0.9077821 0.1681029 0.9331938 0.1964745 0.9066007 0.218122 0.9129475 0.2659915 0.8860321 0.2559584 0.9129475 0.2659915 0.9016947 0.2699692 0.8860321 0.2559584 0.8921636 0.2821267 0.8860321 0.2559584 0.9016947 0.2699692 0.8921636 0.2821267 0.8582965 0.2789474 0.8860321 0.2559584 0.9726284 0.2840405 0.9289622 0.3054516 0.9336523 0.2854772 0.9726284 0.2840405 0.92772 0.3359045 0.9289622 0.3054516 0.8914871 0.2981624 0.8582965 0.2789474 0.8921636 0.2821267 0.8336411 0.3306221 0.8582965 0.2789474 0.8914871 0.2981624 0.8336411 0.3306221 0.8288814 0.3169109 0.8582965 0.2789474 0.8336411 0.3306221 0.8914871 0.2981624 0.8984172 0.308888 0.92772 0.3359045 0.9124689 0.3141196 0.9289622 0.3054516 0.92772 0.3359045 0.8984172 0.308888 0.9124689 0.3141196 0.8772711 0.366327 0.8336411 0.3306221 0.8984172 0.308888 0.92772 0.3359045 0.8772711 0.366327 0.8984172 0.308888 0.8195026 0.3776063 0.8297966 0.3453863 0.8772711 0.366327 0.816849 0.2901093 0.8288814 0.3169109 0.8181226 0.3117356 0.8288814 0.3169109 0.816849 0.2901093 0.8582965 0.2789474 0.8028199 0.3135665 0.816849 0.2901093 0.8181226 0.3117356 0.8297966 0.3453863 0.8336411 0.3306221 0.8772711 0.366327 0.8195026 0.3776063 0.8124699 0.3562347 0.8297966 0.3453863 0.7284893 0.2506002 0.6939184 0.2767177 0.7115853 0.2110041 0.7164139 0.2721286 0.7284893 0.2506002 0.7615722 0.2780379 0.6863307 0.1829215 0.7115853 0.2110041 0.6880038 0.198049 0.7284893 0.2506002 0.7164139 0.2721286 0.6939184 0.2767177 0.7615722 0.2780379 0.729609 0.2819454 0.7164139 0.2721286 0.6939184 0.2767177 0.6691903 0.2136275 0.7115853 0.2110041 0.6828488 0.2088494 0.6880038 0.198049 0.7115853 0.2110041 0.6215281 0.1895626 0.6447677 0.1986751 0.6545453 0.2098338 0.6215281 0.1895626 0.6545453 0.2098338 0.6275236 0.2385804 0.6441679 0.183847 0.6447677 0.1986751 0.6215281 0.1895626 0.6691903 0.2136275 0.6828488 0.2088494 0.7115853 0.2110041 0.6939184 0.2767177 0.6467456 0.2840406 0.6691903 0.2136275 0.6545453 0.2098338 0.6691903 0.2136275 0.6275236 0.2385804 0.6691903 0.2136275 0.6467456 0.2840406 0.6275236 0.2385804 0.6864206 0.2968507 0.6467456 0.2840406 0.6939184 0.2767177 0.7615722 0.2780379 0.816849 0.2901093 0.8028199 0.3135665 0.8028199 0.3135665 0.7896219 0.3296633 0.7615722 0.2780379 0.7254154 0.3078172 0.7615722 0.2780379 0.7896219 0.3296633 0.7942151 0.3496119 0.8124699 0.3562347 0.8195026 0.3776063 0.7515254 0.3692188 0.7896219 0.3296633 0.7942151 0.3496119 0.8195026 0.3776063 0.7515254 0.3692188 0.7942151 0.3496119 0.7335713 0.2932417 0.729609 0.2819454 0.7615722 0.2780379 0.7615722 0.2780379 0.7254154 0.3078172 0.7335713 0.2932417 0.6916539 0.3359045 0.6467456 0.2840406 0.6864206 0.2968507 0.6969415 0.3115289 0.6916539 0.3359045 0.6864206 0.2968507 0.7123059 0.3145346 0.7254154 0.3078172 0.6916539 0.3359045 0.7515254 0.3692188 0.6916539 0.3359045 0.7254154 0.3078172 0.6916539 0.3359045 0.6969415 0.3115289 0.7123059 0.3145346 0.7515254 0.3692188 0.7254154 0.3078172 0.7896219 0.3296633 0.05249923 0.5247575 0.05249923 0.4513534 0.1035336 0.4508364 0.05249923 0.655582 0.05249923 0.5247575 0.1035336 0.5757177 0.05249923 0.7721903 0.05249923 0.655582 0.1035336 0.6921669 0.3397539 0.6435128 0.3329693 0.6304634 0.3329693 0.5978207 0.3397539 0.6435128 0.3329693 0.6740534 0.3329693 0.6304634 0.3397539 0.7569677 0.3329693 0.7249547 0.3397539 0.7005307 0.3397539 0.6435128 0.3397539 0.7005307 0.3329693 0.6740534 0.2444909 0.3098887 0.2718541 0.2809491 0.3034294 0.3323214 0.2314202 0.3690505 0.2325901 0.3403052 0.2909786 0.3583831 0.2909786 0.3583831 0.2325901 0.3403052 0.2444909 0.3098887 0.2718541 0.2809491 0.3048818 0.2657615 0.3034294 0.3323214 0.3048818 0.2657615 0.3377181 0.264096 0.3310824 0.3232067 0.2444909 0.3098887 0.3034294 0.3323214 0.2909786 0.3583831 0.3034294 0.3323214 0.3048818 0.2657615 0.3310824 0.3232067 0.2909786 0.3583831 0.2443169 0.4056652 0.2314202 0.3690505 0.2697771 0.4350075 0.2443169 0.4056652 0.2999428 0.3819217 0.2909786 0.3583831 0.2999428 0.3819217 0.2443169 0.4056652 0.3055325 0.4505023 0.2999428 0.3819217 0.3267318 0.3932969 0.2999428 0.3819217 0.3055325 0.4505023 0.2697771 0.4350075 0.3724498 0.2750077 0.3310824 0.3232067 0.3377181 0.264096 0.3310824 0.3232067 0.3724498 0.2750077 0.3535208 0.3349264 0.4045467 0.3041312 0.362485 0.3583831 0.3535208 0.3349264 0.4045467 0.3041312 0.3535208 0.3349264 0.3724498 0.2750077 0.4045467 0.3041312 0.4212947 0.3439149 0.362485 0.3583831 0.3535208 0.3819217 0.3777601 0.4390173 0.3267318 0.3932969 0.4176841 0.3862465 0.3535208 0.3819217 0.362485 0.3583831 0.3055325 0.4505023 0.3267318 0.3932969 0.3480374 0.4510236 0.3480374 0.4510236 0.3267318 0.3932969 0.3777601 0.4390173 0.3535208 0.3819217 0.3994305 0.4205105 0.3777601 0.4390173 0.3994305 0.4205105 0.3535208 0.3819217 0.4176841 0.3862465 0.4176841 0.3862465 0.362485 0.3583831 0.4212947 0.3439149 0.5272853 0.6237456 0.534056 0.5977605 0.5340542 0.6291283 0.5272775 0.6610586 0.5340542 0.6291283 0.5340568 0.6720819 0.5272775 0.6610586 0.5272853 0.6237456 0.5340542 0.6291283 0.5340495 0.7149723 0.5272747 0.7057079 0.5340568 0.6720819 0.5272747 0.7057079 0.5272775 0.6610586 0.5340568 0.6720819 0.5272853 0.6237456 0.5272717 0.5977605 0.534056 0.5977605 0.5340454 0.7620386 0.5272718 0.8027177 0.5272747 0.7580831 0.5340471 0.812732 0.5340557 0.8635566 0.527282 0.85481 0.527282 0.85481 0.5272718 0.8027177 0.5340471 0.812732 0.5272718 0.9181805 0.527282 0.85481 0.5340557 0.8635566 0.05103439 0.5181539 0 0.564906 0 0.4511737 0.05103439 0.7724206 0 0.6948147 0.05103439 0.6333659 0.1049985 0.5089472 0.1327064 0.5577197 0.1327064 0.5089641 0.1327064 0.5577197 0.1049985 0.5661137 0.1327064 0.623713 0.3241933 0.9476983 0.3768121 0.9199904 0.3242385 0.9199903 0.3768121 0.9199904 0.3864659 0.9476984 0.4386146 0.9199904 0.01901119 0.3125297 0.01176738 0.2985159 0.02753162 0.2991036 0.05010741 0.3162373 0.01901119 0.3125297 0.02753162 0.2991036 0.0240004 0.2837287 0.03912323 0.2882184 0.02753162 0.2991036 0.03912323 0.2882184 0.05010741 0.3162373 0.02753162 0.2991036 0.01409739 0.3276528 0.01309895 0.3435229 0 0.3347323 0.01901119 0.3125297 0.05010741 0.3162373 0.01409739 0.3276528 0.003596067 0.3158808 0.01901119 0.3125297 0.01409739 0.3276528 0.05305778 0.2805578 0.05010741 0.3162373 0.03912323 0.2882184 0.0763691 0.3037864 0.05305778 0.2805578 0.06845963 0.2766033 0.05305778 0.2805578 0.05737024 0.2653835 0.06845963 0.2766033 0.05010741 0.3162373 0.04092276 0.3438901 0.01409739 0.3276528 0.05305778 0.2805578 0.0763691 0.3037864 0.05010741 0.3162373 0.0763691 0.3037864 0.06845963 0.2766033 0.08436101 0.2766033 0.03952658 0.2724483 0.05305778 0.2805578 0.03912323 0.2882184 0.04092276 0.3438901 0.01309895 0.3435229 0.01409739 0.3276528 0.01607859 0.3591426 0.001205027 0.3538858 0.01309895 0.3435229 0.01309895 0.3435229 0.04092276 0.3438901 0.01607859 0.3591426 0.04092276 0.3438901 0.02284908 0.3735306 0.01607859 0.3591426 0.01607859 0.3591426 0.02284908 0.3735306 0.00713545 0.3721379 0.05273234 0.3663286 0.03298503 0.3857828 0.02284908 0.3735306 0.03298503 0.3857828 0.04584956 0.3951295 0.03140866 0.4014791 0.02284908 0.3735306 0.03298503 0.3857828 0.01741874 0.3883417 0.03298503 0.3857828 0.05273234 0.3663286 0.04584956 0.3951295 0.06063425 0.4009832 0.05273234 0.3663286 0.0763691 0.3752928 0.06063425 0.4009832 0.04822617 0.4107246 0.04584956 0.3951295 0.04584956 0.3951295 0.05273234 0.3663286 0.06063425 0.4009832 0.06063425 0.4009832 0.07641029 0.4029762 0.06681466 0.4154973 0.06063425 0.4009832 0.0763691 0.3752928 0.07641029 0.4029762 0.04092276 0.3438901 0.05273234 0.3663286 0.02284908 0.3735306 0.09976285 0.2805578 0.0763691 0.3037864 0.08436101 0.2766033 0.08436101 0.2766033 0.0954504 0.2653835 0.09976285 0.2805578 0.09976285 0.2805578 0.1027132 0.3162373 0.0763691 0.3037864 0.1027132 0.3162373 0.1387232 0.3276528 0.1118979 0.3438901 0.1136974 0.2882184 0.1027132 0.3162373 0.09976285 0.2805578 0.125289 0.2991036 0.1027132 0.3162373 0.1136974 0.2882184 0.09976285 0.2805578 0.1132941 0.2724483 0.1136974 0.2882184 0.1136974 0.2882184 0.1288202 0.2837287 0.125289 0.2991036 0.1338094 0.3125296 0.125289 0.2991036 0.1410533 0.2985159 0.1387232 0.3276528 0.1027132 0.3162373 0.1338094 0.3125296 0.1338094 0.3125296 0.1492245 0.3158808 0.1387232 0.3276528 0.1397216 0.3435229 0.1118979 0.3438901 0.1387232 0.3276528 0.1338094 0.3125296 0.1027132 0.3162373 0.125289 0.2991036 0.1528207 0.3347323 0.1397216 0.3435229 0.1387232 0.3276528 0.1000882 0.3663286 0.09218633 0.4009832 0.0763691 0.3752928 0.1118979 0.3438901 0.1299716 0.3735306 0.1000882 0.3663286 0.1069711 0.3951295 0.1000882 0.3663286 0.1198356 0.3857828 0.09218633 0.4009832 0.08600598 0.4154973 0.07641029 0.4029762 0.1045945 0.4107246 0.09218633 0.4009832 0.1069711 0.3951295 0.09218633 0.4009832 0.07641029 0.4029762 0.0763691 0.3752928 0.09218633 0.4009832 0.1000882 0.3663286 0.1069711 0.3951295 0.1397216 0.3435229 0.1367421 0.3591426 0.1118979 0.3438901 0.1118979 0.3438901 0.1367421 0.3591426 0.1299716 0.3735306 0.1367421 0.3591426 0.1397216 0.3435229 0.1516156 0.3538858 0.1198356 0.3857828 0.121412 0.4014791 0.1069711 0.3951295 0.1367421 0.3591426 0.1456851 0.3721379 0.1299716 0.3735306 0.1198356 0.3857828 0.1299716 0.3735306 0.1354019 0.3883417 0.1299716 0.3735306 0.1198356 0.3857828 0.1000882 0.3663286 0.08436101 0.2766033 0.06845963 0.2766033 0.07641029 0.2629782 0.1552097 0.1479224 0.1552097 0.1628934 0.2427084 0.1479224 0.2427084 0.1628934 0.2427084 0.1479224 0.1552097 0.1628934 0.1552097 0.08071428 0.2427084 0.06574326 0.1552097 0.06574887 0.1552097 0.08071428 0.2427084 0.08071428 0.2427084 0.06574326 0.531596 0.5382746 0.531596 0.5240154 0.4440972 0.5240194 0.531596 0.5382746 0.4440972 0.5240194 0.4440972 0.5382746 0.4440972 0.5397394 0.531596 0.553999 0.531596 0.5397438 0.4440972 0.553999 0.531596 0.553999 0.4440972 0.5397394 0 0.1643595 0.08749872 0.1793311 0.08749872 0.1643646 0 0.1643595 0 0.1793311 0.08749872 0.1793311 0.2427084 0.1464576 0.2427084 0.1314866 0.1552097 0.1314866 0.1552097 0.1464576 0.2427084 0.1464576 0.1552097 0.1314866 0.4656291 0.2472585 0.4656291 0.2615134 0.5531278 0.2472585 0.5531278 0.2615134 0.5531278 0.2472585 0.4656291 0.2615134 0.3979181 0.2457937 0.3979181 0.2315388 0.3104193 0.2315388 0.3104193 0.2457937 0.3979181 0.2457937 0.3104193 0.2315388 0 0.2301052 0 0.2450769 0.08749872 0.2301053 0.08749872 0.2450769 0.08749872 0.2301053 0 0.2450769 0.4656291 0.1671954 0.5531278 0.1671954 0.4656291 0.1529406 0.4656291 0.1529406 0.5531278 0.1671954 0.5531278 0.1529406 0.1552097 0.04930746 0.1552097 0.06427842 0.2427084 0.04930746 0.2427084 0.06427842 0.2427084 0.04930746 0.1552097 0.06427842 0.1552097 0.1300218 0.2427084 0.1300218 0.1552097 0.1150507 0.1552097 0.1150507 0.2427084 0.1300218 0.2427084 0.1150507 0.08749872 0.01497095 0.08749872 0 0 0.01497095 0 0 0 0.01497095 0.08749872 0 0 0.1314866 0 0.1464582 0.08749872 0.1314866 0.08749872 0.1314866 0 0.1464582 0.08749872 0.1464582 0.08749872 0.1300218 0.08749872 0.1150507 0 0.1300218 0 0.1150507 0 0.1300218 0.08749872 0.1150507 0.2427084 0.2615134 0.1552097 0.2465397 0.1552097 0.261511 0.1552097 0.2465397 0.2427084 0.2615134 0.2427084 0.2465397 0.2427084 0.1135859 0.1552097 0.09861493 0.1552097 0.1135835 0.1552097 0.09861493 0.2427084 0.1135859 0.2427084 0.09861493 0.08749872 0.09715008 0.08749872 0.08217912 0 0.09715008 0 0.08217912 0 0.09715008 0.08749872 0.08217912 0.5531278 0.1829151 0.5531278 0.1686603 0.4656291 0.1829151 0.4656291 0.1686603 0.4656291 0.1829151 0.5531278 0.1686603 0.1552097 0.1793292 0.2427084 0.1793292 0.1552097 0.1643582 0.1552097 0.1643582 0.2427084 0.1793292 0.2427084 0.1643582 0.3979181 0.1986347 0.3979181 0.1843799 0.3104193 0.1986347 0.3104193 0.1843799 0.3104193 0.1986347 0.3979181 0.1843799 0.5531278 0.2143544 0.5531278 0.2000996 0.4656291 0.2143544 0.4656291 0.2000996 0.4656291 0.2143544 0.5531278 0.2000996 0.4656291 0.2315388 0.4656291 0.2457937 0.5531278 0.2315388 0.5531278 0.2315388 0.4656291 0.2457937 0.5531278 0.2457937 0 0.1972324 0 0.212204 0.08749872 0.212204 0 0.1972324 0.08749872 0.212204 0.08749872 0.1972324 0.1552097 0 0.1552097 0.01497095 0.2427084 0 0.1552097 0.01497095 0.2427084 0.01497095 0.2427084 0 0 0.147923 0 0.1628946 0.08749878 0.1628947 0 0.147923 0.08749878 0.1628947 0.08749872 0.147923 0.1552097 0.2136657 0.1552097 0.2286367 0.2427084 0.2136657 0.1552097 0.2286367 0.2427084 0.2286367 0.2427084 0.2136657 0.3104193 0.1529406 0.3104193 0.1671954 0.3979181 0.1671954 0.3104193 0.1529406 0.3979181 0.1671954 0.3979181 0.1529406 0.3979181 0.1514758 0.3979181 0.137221 0.3104193 0.137221 0.3104193 0.1514758 0.3979181 0.1514758 0.3104193 0.137221 0.1552097 0.1972299 0.1552097 0.2122009 0.2427085 0.2122009 0.1552097 0.1972299 0.2427085 0.2122009 0.2427084 0.1972299 0.2427084 0.09715008 0.2427084 0.08217912 0.1552097 0.08217912 0.1552097 0.09715008 0.2427084 0.09715008 0.1552097 0.08217912 0.1552097 0.0164358 0.1552097 0.03140676 0.2427084 0.03140676 0.1552097 0.0164358 0.2427084 0.03140676 0.2427084 0.0164358 0.08749872 0.1957675 0.08749872 0.1807959 0 0.1807959 0 0.1957675 0.08749872 0.1957675 0 0.1807959 0.4656291 0.2158192 0.4656291 0.230074 0.5531278 0.2158192 0.5531278 0.2158192 0.4656291 0.230074 0.5531278 0.230074 0.4656291 0.1843799 0.4656291 0.1986348 0.5531278 0.1843799 0.4656291 0.1986348 0.5531278 0.1986348 0.5531278 0.1843799 0.3104193 0.1686602 0.3979181 0.182915 0.3979181 0.1686602 0.3104193 0.1686602 0.3104193 0.182915 0.3979181 0.182915 0.3979181 0.2000995 0.3104193 0.2000995 0.3104193 0.2143543 0.3104193 0.2143543 0.3979181 0.2143543 0.3979181 0.2000995 0.3104193 0.2472585 0.3979181 0.2615134 0.3979181 0.2472585 0.3104193 0.2472585 0.3104193 0.2615134 0.3979181 0.2615134 0.08749872 0.06574326 0 0.06574326 0 0.08071428 0 0.08071428 0.08749872 0.08071428 0.08749872 0.06574326 0.08749872 0.0642758 0.08749872 0.04930746 0 0.04930746 0 0.04930746 0 0.06427842 0.08749872 0.0642758 0.2427084 0.2301015 0.1552097 0.2301037 0.2427084 0.2450749 0.1552097 0.2450749 0.2427084 0.2450749 0.1552097 0.2301037 0 0.09861493 0.08749872 0.1135859 0.08749872 0.09861493 0 0.09861493 0 0.1135859 0.08749872 0.1135859 0.08749872 0.2465417 0 0.2465417 0 0.2615134 0 0.2615134 0.08749872 0.2615134 0.08749872 0.2465417 0 0.0328716 0.08749872 0.04784262 0.08749872 0.0328716 0 0.0328716 0 0.04784262 0.08749872 0.04784262 0.2427084 0.1807941 0.1552097 0.1807941 0.1552097 0.195765 0.1552097 0.195765 0.2427084 0.195765 0.2427084 0.1807941 0.2427084 0.04784262 0.2427084 0.0328716 0.1552097 0.0328716 0.1552097 0.04784262 0.2427084 0.04784262 0.1552097 0.0328716 0.5531278 0.137221 0.4656291 0.137221 0.4656291 0.1514758 0.4656291 0.1514758 0.5531278 0.1514758 0.5531278 0.137221 0.08749872 0.2286404 0.08749872 0.2136688 0 0.2136688 0 0.2286404 0.08749872 0.2286404 0 0.2136688 0.3104193 0.2158192 0.3104193 0.230074 0.3979181 0.2158192 0.3979181 0.230074 0.3979181 0.2158192 0.3104193 0.230074 0.08749872 0.03140676 0.08749872 0.0164358 0 0.0164358 0 0.03140676 0.08749872 0.03140676 0 0.0164358 0.4803725 0.6306378 0.474549 0.6202325 0.4803695 0.601338 0.47455 0.6444492 0.4803725 0.6306378 0.4803732 0.6550415 0.4803732 0.6550415 0.4803703 0.6746897 0.4745467 0.66254 0.4803823 0.7597135 0.4745488 0.7456879 0.4803739 0.7376927 0.4803703 0.6746897 0.4803711 0.6989336 0.4745485 0.6805275 0.4803739 0.7376927 0.4745491 0.7215346 0.4803724 0.7200887 0.4803724 0.7200887 0.4745491 0.7215346 0.4803711 0.6989336 0.474549 0.6202325 0.4745336 0.6010873 0.4803695 0.601338 0.474549 0.6202325 0.4803725 0.6306378 0.47455 0.6444492 0.4745467 0.66254 0.47455 0.6444492 0.4803732 0.6550415 0.4803703 0.6746897 0.4745485 0.6805275 0.4745467 0.66254 0.4745495 0.7010211 0.4745485 0.6805275 0.4803711 0.6989336 0.4745495 0.7010211 0.4803711 0.6989336 0.4745491 0.7215346 0.4745491 0.7215346 0.4803739 0.7376927 0.4745488 0.7456879 0.4803745 0.8390949 0.4745529 0.830312 0.4803789 0.8147954 0.4803716 0.857912 0.4745489 0.8494735 0.4803745 0.8390949 0.47455 0.7687487 0.4803823 0.7597135 0.4803784 0.7860609 0.4745491 0.7892597 0.4803784 0.7860609 0.4803789 0.8147954 0.4745473 0.8675525 0.4803716 0.857912 0.480374 0.8762837 0.4745491 0.8842743 0.480374 0.8762837 0.4786096 0.8995087 0.4786096 0.8995087 0.4744186 0.9205241 0.4745469 0.9047704 0.4745491 0.8842743 0.4786096 0.8995087 0.4745469 0.9047704 0.4803784 0.7860609 0.4745491 0.7892597 0.47455 0.7687487 0.47455 0.7687487 0.4745488 0.7456879 0.4803823 0.7597135 0.4745491 0.7892597 0.4803789 0.8147954 0.4745484 0.8110091 0.4745529 0.830312 0.4745484 0.8110091 0.4803789 0.8147954 0.4803745 0.8390949 0.4745489 0.8494735 0.4745529 0.830312 0.4745473 0.8675525 0.4745489 0.8494735 0.4803716 0.857912 0.4745491 0.8842743 0.4745473 0.8675525 0.480374 0.8762837 0.4697383 0.5675395 0.444107 0.5656735 0.4487214 0.5710079 0.4487214 0.5710079 0.4935615 0.5739303 0.4697383 0.5675395 0.5059743 0.5701779 0.4697383 0.5675395 0.4935615 0.5739303 0.1500856 0.5760477 0.1559042 0.5691822 0.1559046 0.5896471 0.1500854 0.5328178 0.1559181 0.5127127 0.1559026 0.5306847 0.1559068 0.5512208 0.1559042 0.5691822 0.1500857 0.5556941 0.1500857 0.5556941 0.1559026 0.5306847 0.1559068 0.5512208 0.1500856 0.59564 0.1559046 0.5896471 0.155908 0.6101796 0.1500856 0.6427712 0.1559027 0.6319908 0.1559036 0.6536821 0.1559036 0.6536821 0.1559011 0.675374 0.1500856 0.6604258 0.1500855 0.6197625 0.1500856 0.59564 0.155908 0.6101796 0.1500854 0.5328178 0.1559026 0.5306847 0.1500857 0.5556941 0.1500873 0.5128263 0.1559181 0.5127127 0.1500854 0.5328178 0.1500856 0.5760477 0.1559046 0.5896471 0.1500856 0.59564 0.1500857 0.5556941 0.1559042 0.5691822 0.1500856 0.5760477 0.1559011 0.675374 0.1559066 0.697144 0.1500856 0.681317 0.1500856 0.7053477 0.1500856 0.681317 0.1559066 0.697144 0.1559027 0.6319908 0.1500856 0.6427712 0.1500855 0.6197625 0.1559036 0.6536821 0.1500856 0.6604258 0.1500856 0.6427712 0.1500856 0.681317 0.1500856 0.6604258 0.1559011 0.675374 0.1559027 0.6319908 0.1500855 0.6197625 0.155908 0.6101796 0.1500856 0.7053477 0.1559066 0.697144 0.1559038 0.7188876 0.1500858 0.7271154 0.1500856 0.7053477 0.1559038 0.7188876 0.1559036 0.7561493 0.1500859 0.7448046 0.1559047 0.7393458 0.1500858 0.7271154 0.1559038 0.7188876 0.1559047 0.7393458 0.1559009 0.7741158 0.1559037 0.7933337 0.1500858 0.7898207 0.1556442 0.8422098 0.1500831 0.8314053 0.1559032 0.8251228 0.1559036 0.7561493 0.1559009 0.7741158 0.1500859 0.7659644 0.1500859 0.7448046 0.1559036 0.7561493 0.1500859 0.7659644 0.1559009 0.7741158 0.1500858 0.7898207 0.1500859 0.7659644 0.1500859 0.7448046 0.1500858 0.7271154 0.1559047 0.7393458 0.155895 0.808554 0.1500858 0.8116007 0.1500858 0.7898207 0.1559037 0.7933337 0.155895 0.808554 0.1500858 0.7898207 0.1559032 0.8251228 0.1500858 0.8116007 0.155895 0.808554 0.150166 0.8722959 0.1500828 0.8492242 0.153162 0.8604706 0.1556442 0.8422098 0.153162 0.8604706 0.1500828 0.8492242 0.1500858 0.8116007 0.1559032 0.8251228 0.1500831 0.8314053 0.1556442 0.8422098 0.1500828 0.8492242 0.1500831 0.8314053 0.2715137 0.5630423 0.2773479 0.5451042 0.2773479 0.5690143 0.2773479 0.4749042 0.2773479 0.4933985 0.2715066 0.4889889 0.2715097 0.5259894 0.2773479 0.5174038 0.2773479 0.5451042 0.2773479 0.5174038 0.2715048 0.507429 0.2773479 0.4933985 0.2773479 0.6280813 0.2773479 0.6502704 0.2715019 0.6463413 0.2715045 0.667491 0.2773479 0.6502704 0.2773479 0.6780357 0.2773479 0.5912635 0.271511 0.5868539 0.2773479 0.5690143 0.2773479 0.6115029 0.2715071 0.6105458 0.2773479 0.5912635 0.2715071 0.6105458 0.2773479 0.6115029 0.2773479 0.6280813 0.2773479 0.6780357 0.2773479 0.7001026 0.2715052 0.685898 0.2715066 0.4889889 0.271515 0.461609 0.2773479 0.4749042 0.2773479 0.4933985 0.2715048 0.507429 0.2715066 0.4889889 0.2773479 0.5174038 0.2715097 0.5259894 0.2715048 0.507429 0.2715137 0.5630423 0.2715127 0.5445162 0.2773479 0.5451042 0.271515 0.461609 0.27735 0.4599767 0.2773479 0.4749042 0.2715137 0.5630423 0.2773479 0.5690143 0.271511 0.5868539 0.2773479 0.5451042 0.2715127 0.5445162 0.2715097 0.5259894 0.2715071 0.6105458 0.271511 0.5868539 0.2773479 0.5912635 0.2715071 0.6105458 0.2773479 0.6280813 0.2715091 0.6286823 0.2715091 0.6286823 0.2773479 0.6280813 0.2715019 0.6463413 0.2715045 0.667491 0.2773479 0.6780357 0.2715052 0.685898 0.2715019 0.6463413 0.2773479 0.6502704 0.2715045 0.667491 0.2715052 0.685898 0.2773479 0.7001026 0.2715133 0.7069444 0.2773479 0.7185532 0.2715133 0.7069444 0.2773479 0.7001026 0.2773479 0.8053071 0.2715039 0.7994416 0.2773479 0.7814386 0.2773479 0.7369644 0.2715117 0.73479 0.2773479 0.7185532 0.2773479 0.7554935 0.2715117 0.73479 0.2773479 0.7369644 0.2773479 0.7814386 0.2715099 0.7584835 0.2773479 0.7554935 0.2773479 0.8532742 0.277348 0.8736672 0.2715085 0.865404 0.2773479 0.9142375 0.2715113 0.891937 0.277348 0.8957154 0.277348 0.8957154 0.2715113 0.891937 0.277348 0.8736672 0.2773479 0.8293824 0.2715107 0.8218228 0.2773479 0.8053071 0.2773479 0.8293824 0.2773479 0.8532742 0.2715033 0.8429625 0.2715099 0.7584835 0.2715117 0.73479 0.2773479 0.7554935 0.271512 0.776977 0.2715099 0.7584835 0.2773479 0.7814386 0.2715133 0.7069444 0.2773479 0.7185532 0.2715117 0.73479 0.2773479 0.8053071 0.2715107 0.8218228 0.2715039 0.7994416 0.2773479 0.7814386 0.2715039 0.7994416 0.271512 0.776977 0.2715085 0.865404 0.2715033 0.8429625 0.2773479 0.8532742 0.2715113 0.891937 0.2773479 0.9142375 0.2715166 0.9143278 0.2715107 0.8218228 0.2773479 0.8293824 0.2715033 0.8429625 0.2715085 0.865404 0.277348 0.8736672 0.2715113 0.891937 0.4364492 0.6016494 0.4309783 0.5977605 0.3975421 0.5981417 0.4364492 0.6016494 0.45934 0.5977605 0.4309783 0.5977605 0.45934 0.5977605 0.4364492 0.6016494 0.4593414 0.6035944 0.1348561 0.4513533 0.1050232 0.4513533 0.1193538 0.4584347 0.1721376 0.4513533 0.1348561 0.4513533 0.1647613 0.4623787 0.1647613 0.4623787 0.1348561 0.4513533 0.1193538 0.4584347 0.2597469 0.4877411 0.259747 0.5171877 0.2539134 0.5080885 0.2597515 0.5654478 0.2539133 0.5542432 0.259747 0.5409709 0.259747 0.5409709 0.2539134 0.5301231 0.259747 0.5171877 0.2597469 0.4877411 0.2539134 0.4600388 0.2597467 0.4600917 0.2539142 0.4748286 0.2539134 0.4600388 0.2597469 0.4877411 0.2539142 0.4748286 0.2597469 0.4877411 0.2539134 0.4914875 0.2539134 0.5080885 0.259747 0.5171877 0.2539134 0.5301231 0.2539134 0.4914875 0.2597469 0.4877411 0.2539134 0.5080885 0.2539134 0.5301231 0.259747 0.5409709 0.2539133 0.5542432 0.2539133 0.6224821 0.2597503 0.5944985 0.2597575 0.6236094 0.2539133 0.6224821 0.2597575 0.6236094 0.2597635 0.6500079 0.2539133 0.5542432 0.2597515 0.5654478 0.2539133 0.5708239 0.2597503 0.5944985 0.2539133 0.5708239 0.2597515 0.5654478 0.2597534 0.6712788 0.2539133 0.6686851 0.2597635 0.6500079 0.2597534 0.6712788 0.2597548 0.6910034 0.2539133 0.6686851 0.2597503 0.5944985 0.2539132 0.5929366 0.2539133 0.5708239 0.2597503 0.5944985 0.2539133 0.6224821 0.2539132 0.5929366 0.2597635 0.6500079 0.2539134 0.6464766 0.2539133 0.6224821 0.2539133 0.6686851 0.2539134 0.6464766 0.2597635 0.6500079 0.2597548 0.6910034 0.2539134 0.690758 0.2539133 0.6686851 0.259751 0.7125294 0.2539134 0.714783 0.2597548 0.6910034 0.2539134 0.7941474 0.2539134 0.7701466 0.2597566 0.7913807 0.2539134 0.714783 0.2539134 0.690758 0.2597548 0.6910034 0.2539134 0.714783 0.2597519 0.7345363 0.2539133 0.7425141 0.2539134 0.714783 0.259751 0.7125294 0.2597519 0.7345363 0.2597519 0.7345363 0.2597522 0.7634776 0.2539133 0.7425141 0.2539134 0.7701466 0.2597522 0.7634776 0.2597566 0.7913807 0.2539134 0.7701466 0.2539133 0.7425141 0.2597522 0.7634776 0.2597562 0.8152137 0.2597562 0.8377643 0.2539133 0.8163596 0.2597562 0.8377643 0.2597589 0.8588275 0.2539133 0.8606541 0.2597589 0.8588275 0.2597539 0.8832188 0.2539133 0.8606541 0.2597539 0.8832188 0.2597475 0.912518 0.2539133 0.8882307 0.2597566 0.7913807 0.2597562 0.8152137 0.2539133 0.8163596 0.2597566 0.7913807 0.2539133 0.8163596 0.2539134 0.7941474 0.2597562 0.8377643 0.2539134 0.8384307 0.2539133 0.8163596 0.2597539 0.8832188 0.2539133 0.8882307 0.2539133 0.8606541 0.2597475 0.912518 0.2539134 0.9141988 0.2539133 0.8882307 0.2539133 0.8606541 0.2539134 0.8384307 0.2597562 0.8377643 0.4063056 0.09215587 0.4084064 0.06860965 0.4025728 0.0685535 0.4000945 0.09649461 0.4063056 0.09215587 0.4025728 0.0685535 0.3103574 0.03349071 0.3162394 0.0330249 0.3191862 -1.54537e-4 0.3191862 -1.54537e-4 0.3133373 -2.5148e-5 0.3103574 0.03349071 0.4707348 0.4555552 0.4645236 0.4598926 0.466153 0.5082942 0.4613999 0.4958343 0.466153 0.5082942 0.4645236 0.4598926 0.4613999 0.4958343 0.4590806 0.5225428 0.466153 0.5082942 0.5370154 -1.74668e-7 0.5366519 0.005547404 0.5694102 0.002644896 0.5366519 0.005547404 0.5714961 0.008351504 0.5694102 0.002644896 0.3549598 0.06767022 0.3490315 0.06858479 0.3460686 0.1019507 0.3460686 0.1019507 0.351945 0.1015332 0.3549598 0.06767022 0.3404698 0.5093051 0.3496209 0.4702963 0.3443664 0.4634685 0.3404698 0.5093051 0.3456428 0.51709 0.3496209 0.4702963 0.3883184 0.05880695 0.3847228 0.03429847 0.3825999 0.0585609 0.3905581 0.03429931 0.3847228 0.03429847 0.3883184 0.05880695 0.3723459 0.6320643 0.3774973 0.6321268 0.3801624 0.5966744 0.3801624 0.5966744 0.3749355 0.5975463 0.3723459 0.6320643 0.3908781 0.5137144 0.3959423 0.4541276 0.3870975 0.489546 0.3900074 0.4553198 0.3870975 0.489546 0.3959423 0.4541276 0.3908781 0.5137144 0.3870975 0.489546 0.3845672 0.5193071 0.3191916 0.06837815 0.3133557 0.06837469 0.3162509 0.1015498 0.3162509 0.1015498 0.3133557 0.06837469 0.3104194 0.1014512 0.3871493 0.6936573 0.3841142 0.6662609 0.3822364 0.6914105 0.3892739 0.666296 0.3841142 0.6662609 0.3871493 0.6936573 0.4745042 0.601033 0.4745119 0.6232858 0.4686685 0.6010872 0.4686834 0.6382716 0.4745119 0.6232858 0.4745172 0.6539071 0.468684 0.7034257 0.4745139 0.6802522 0.4745167 0.7094122 0.4686838 0.6600136 0.4745172 0.6539071 0.4745139 0.6802522 0.4745172 0.7385577 0.4686834 0.7277547 0.4745167 0.7094122 0.468684 0.7034257 0.4745167 0.7094122 0.4686834 0.7277547 0.4745172 0.7385577 0.4745131 0.7597267 0.4686841 0.7482593 0.4745172 0.6539071 0.4686838 0.6600136 0.4686834 0.6382716 0.4686834 0.6382716 0.4686832 0.6177484 0.4745119 0.6232858 0.4745139 0.6802522 0.468684 0.7034257 0.4686852 0.6805157 0.4686838 0.6600136 0.4745139 0.6802522 0.4686852 0.6805157 0.4686832 0.6177484 0.4686685 0.6010872 0.4745119 0.6232858 0.4686834 0.7277547 0.4745172 0.7385577 0.4686841 0.7482593 0.4745131 0.7597267 0.4686849 0.7687485 0.4686841 0.7482593 0.468684 0.7892599 0.4745156 0.7783061 0.4745161 0.7994617 0.4745175 0.8232081 0.4686833 0.8110084 0.4745161 0.7994617 0.4686838 0.8494623 0.4745155 0.8469392 0.4745131 0.8721437 0.4686878 0.8303073 0.4745175 0.8232081 0.4745155 0.8469392 0.4745131 0.8721437 0.4727445 0.8995088 0.4686817 0.8880509 0.4727445 0.8995088 0.4685534 0.9205241 0.4686818 0.9047704 0.4686818 0.9047704 0.4686817 0.8880509 0.4727445 0.8995088 0.4686849 0.7687485 0.4745156 0.7783061 0.468684 0.7892599 0.4745161 0.7994617 0.4686833 0.8110084 0.468684 0.7892599 0.4686878 0.8303073 0.4686833 0.8110084 0.4745175 0.8232081 0.4686843 0.8712732 0.4686838 0.8494623 0.4745131 0.8721437 0.4686838 0.8494623 0.4686878 0.8303073 0.4745155 0.8469392 0.4686817 0.8880509 0.4686843 0.8712732 0.4745131 0.8721437 0.4745131 0.7597267 0.4745156 0.7783061 0.4686849 0.7687485 0.3310225 0.6206595 0.3329692 0.5977613 0.3271334 0.5977625 0.3271334 0.5977625 0.3271346 0.6261226 0.3310225 0.6206595 0.3271346 0.6261226 0.327519 0.6595336 0.3310225 0.6206595 0.3985837 0.6420487 0.4036776 0.6483178 0.4335873 0.6450245 0.4593183 0.6472123 0.4335873 0.6450245 0.4501976 0.6522729 0.4335873 0.6450245 0.4036776 0.6483178 0.4501976 0.6522729 0.1657698 0.54657 0.1715919 0.5294699 0.1715916 0.5499812 0.1657686 0.5266287 0.1716019 0.5127116 0.1715919 0.5294699 0.17159 0.597188 0.1657707 0.5835457 0.1715893 0.5729811 0.1657708 0.5654494 0.1715916 0.5499812 0.1715893 0.5729811 0.1715902 0.6189253 0.1657708 0.6015406 0.17159 0.597188 0.1715945 0.6561598 0.165771 0.6446639 0.1715914 0.6394284 0.1715945 0.6561598 0.1715888 0.6754226 0.165771 0.6677635 0.1715893 0.5729811 0.1657707 0.5835457 0.1657708 0.5654494 0.1715919 0.5294699 0.1657698 0.54657 0.1657686 0.5266287 0.1657711 0.5127314 0.1716019 0.5127116 0.1657686 0.5266287 0.1657708 0.5654494 0.1657698 0.54657 0.1715916 0.5499812 0.17159 0.597188 0.1657708 0.6015406 0.1657707 0.5835457 0.1657707 0.6199666 0.1715914 0.6394284 0.165771 0.6446639 0.165771 0.6446639 0.1715945 0.6561598 0.165771 0.6677635 0.1657708 0.6015406 0.1715902 0.6189253 0.1657707 0.6199666 0.165771 0.6677635 0.1715888 0.6754226 0.165771 0.6857754 0.1715888 0.6754226 0.1715899 0.6996495 0.165771 0.6857754 0.1715902 0.6189253 0.1715914 0.6394284 0.1657707 0.6199666 0.165771 0.6857754 0.1715899 0.6996495 0.165771 0.7043198 0.1657711 0.7504956 0.1715907 0.7445135 0.1715881 0.7649433 0.165771 0.7043198 0.1715899 0.6996495 0.1715908 0.7214087 0.1715907 0.7445135 0.1657711 0.7273764 0.1715908 0.7214087 0.1657711 0.7699977 0.1715881 0.7649433 0.1715906 0.7828802 0.1715906 0.8060005 0.1715871 0.8264269 0.1657711 0.8101326 0.1715906 0.8060005 0.1657711 0.7886703 0.1715906 0.7828802 0.1657711 0.8347912 0.1715871 0.8264269 0.1714519 0.8406373 0.1714519 0.8406373 0.1690189 0.85922 0.1657711 0.8347912 0.1715907 0.7445135 0.1657711 0.7504956 0.1657711 0.7273764 0.1657711 0.7699977 0.1657711 0.7504956 0.1715881 0.7649433 0.1657711 0.7273764 0.165771 0.7043198 0.1715908 0.7214087 0.1657711 0.7699977 0.1715906 0.7828802 0.1657711 0.7886703 0.1657711 0.8617847 0.1690189 0.85922 0.165966 0.8786318 0.1657711 0.8347912 0.1657711 0.8101326 0.1715871 0.8264269 0.1690189 0.85922 0.1657711 0.8617847 0.1657711 0.8347912 0.1715906 0.8060005 0.1657711 0.8101326 0.1657711 0.7886703 0.3008133 0.5344263 0.3066521 0.5192299 0.3066521 0.5451044 0.3066521 0.5451044 0.3066521 0.5690143 0.300817 0.5630408 0.3066521 0.4752636 0.3008153 0.4769254 0.3022859 0.4599515 0.3008153 0.4769254 0.3066521 0.4752636 0.3066521 0.4988632 0.3066521 0.5192299 0.3008161 0.5046597 0.3066521 0.4988632 0.3066521 0.618981 0.3066521 0.6485411 0.3008207 0.6174524 0.3066521 0.6705632 0.3008208 0.648481 0.3066521 0.6485411 0.3066521 0.5912634 0.3008164 0.5868524 0.3066521 0.5690143 0.3066521 0.618981 0.3008207 0.6174524 0.3066521 0.5912634 0.3008153 0.4769254 0.3066521 0.4988632 0.3008161 0.5046597 0.3066521 0.5192299 0.3008133 0.5344263 0.3008161 0.5046597 0.3008207 0.6174524 0.3066521 0.6485411 0.3008208 0.648481 0.3008208 0.6742334 0.3008208 0.648481 0.3066521 0.6705632 0.3008133 0.5344263 0.3066521 0.5451044 0.300817 0.5630408 0.3008207 0.6174524 0.3008164 0.5868524 0.3066521 0.5912634 0.3008164 0.5868524 0.300817 0.5630408 0.3066521 0.5690143 0.3008208 0.6742334 0.3066521 0.6705632 0.3066521 0.6928173 0.3008181 0.7109743 0.3066521 0.6928173 0.3066521 0.718544 0.3008153 0.7347914 0.3066521 0.718544 0.3066521 0.7369644 0.3008153 0.7347914 0.3066521 0.7369644 0.3066521 0.7554935 0.3066521 0.781415 0.3008117 0.7584848 0.3066521 0.7554935 0.3066521 0.8755633 0.3008161 0.8689226 0.3066521 0.8532739 0.3066521 0.8755633 0.3066522 0.8957162 0.300817 0.8979302 0.306652 0.9142259 0.300817 0.8979302 0.3066522 0.8957162 0.3066521 0.8293767 0.3008119 0.8218187 0.3066521 0.805316 0.3066521 0.8293767 0.3066521 0.8532739 0.3008055 0.8429622 0.3008063 0.8019852 0.3066521 0.781415 0.3066521 0.805316 0.3066521 0.6928173 0.3008206 0.692611 0.3008208 0.6742334 0.3008206 0.692611 0.3066521 0.6928173 0.3008181 0.7109743 0.3008181 0.7109743 0.3066521 0.718544 0.3008153 0.7347914 0.3008153 0.7347914 0.3066521 0.7554935 0.3008117 0.7584848 0.3008075 0.7807846 0.3008117 0.7584848 0.3066521 0.781415 0.3008063 0.8019852 0.3008075 0.7807846 0.3066521 0.781415 0.3008208 0.9143247 0.300817 0.8979302 0.306652 0.9142259 0.3066521 0.8755633 0.300817 0.8979302 0.3008161 0.8689226 0.3008119 0.8218187 0.3066521 0.8293767 0.3008055 0.8429622 0.3008063 0.8019852 0.3066521 0.805316 0.3008119 0.8218187 0.3066521 0.8532739 0.3008161 0.8689226 0.3008055 0.8429622 0.3621677 0.7875962 0.3665294 0.7887562 0.3656798 0.7488032 0.3162963 0.1347957 0.3192209 0.1023588 0.3133562 0.1026617 0.3162963 0.1347957 0.3133562 0.1026617 0.31042 0.1357495 0.3825665 0.7534158 0.3825665 0.736258 0.3735138 0.7360344 0.3825665 0.7534158 0.3735138 0.7360344 0.3773909 0.7533408 0.3773909 0.7533408 0.3708868 0.770803 0.3760899 0.7705694 0.3735138 0.7360344 0.3708868 0.770803 0.3773909 0.7533408 0.2831837 0.4605985 0.2831889 0.4880673 0.27735 0.4785448 0.2831837 0.4605985 0.27735 0.4785448 0.27735 0.4600343 0.2831887 0.513846 0.2831922 0.5418172 0.27735 0.5246861 0.27735 0.50246 0.2831889 0.4880673 0.2831887 0.513846 0.2831922 0.5418172 0.2831888 0.5655115 0.27735 0.5485623 0.27735 0.5781089 0.2831888 0.5655115 0.283186 0.5893309 0.27735 0.6003301 0.283186 0.5893309 0.2831836 0.6077538 0.2773501 0.6666858 0.2831833 0.6482706 0.2831833 0.6722536 0.2831833 0.6262114 0.27735 0.6223891 0.2831836 0.6077538 0.27735 0.6446328 0.2831833 0.6262114 0.2831833 0.6482706 0.27735 0.50246 0.27735 0.4785448 0.2831889 0.4880673 0.2831887 0.513846 0.27735 0.5246861 0.27735 0.50246 0.27735 0.5485623 0.27735 0.5246861 0.2831922 0.5418172 0.27735 0.5781089 0.27735 0.5485623 0.2831888 0.5655115 0.27735 0.6003301 0.27735 0.5781089 0.283186 0.5893309 0.27735 0.6223891 0.27735 0.6003301 0.2831836 0.6077538 0.27735 0.6446328 0.27735 0.6223891 0.2831833 0.6262114 0.2831833 0.6482706 0.2773501 0.6666858 0.27735 0.6446328 0.27735 0.7091699 0.2831837 0.6975377 0.2831906 0.7187548 0.2831906 0.7187548 0.2831872 0.7372644 0.27735 0.7313911 0.2831898 0.7557867 0.27735 0.7534891 0.2831872 0.7372644 0.2773501 0.6666858 0.2831833 0.6722536 0.27735 0.6889309 0.27735 0.6889309 0.2831833 0.6722536 0.2831837 0.6975377 0.2831837 0.6975377 0.27735 0.7091699 0.27735 0.6889309 0.2831965 0.7768794 0.2831982 0.8005952 0.2773501 0.7810829 0.2831959 0.8377178 0.2831926 0.8628702 0.27735 0.8586524 0.27735 0.8106257 0.2831982 0.8005952 0.2831909 0.8191931 0.2831959 0.8377178 0.27735 0.8347873 0.2831909 0.8191931 0.27735 0.9142943 0.2831876 0.8942638 0.2831833 0.9143239 0.27735 0.8809053 0.2831926 0.8628702 0.2831876 0.8942638 0.27735 0.7534891 0.2831898 0.7557867 0.2831965 0.7768794 0.27735 0.7313911 0.27735 0.7091699 0.2831906 0.7187548 0.2831872 0.7372644 0.27735 0.7534891 0.27735 0.7313911 0.2773501 0.7810829 0.27735 0.7534891 0.2831965 0.7768794 0.27735 0.8106257 0.2773501 0.7810829 0.2831982 0.8005952 0.27735 0.8347873 0.27735 0.8106257 0.2831909 0.8191931 0.27735 0.8347873 0.2831959 0.8377178 0.27735 0.8586524 0.2831876 0.8942638 0.27735 0.8974912 0.27735 0.8809053 0.2831876 0.8942638 0.27735 0.9142943 0.27735 0.8974912 0.27735 0.8586524 0.2831926 0.8628702 0.27735 0.8809053 0.3299182 0.5283717 0.3275997 0.5556365 0.3344035 0.5442458 0.3344035 0.5442458 0.3250148 0.5860418 0.3304033 0.5913 0.3344035 0.5442458 0.3275997 0.5556365 0.3250148 0.5860418 0.4602575 0.7973733 0.4561622 0.7838206 0.4540097 0.8127667 0.4602575 0.7973733 0.4540097 0.8127667 0.4567176 0.8449859 0.4516292 0.8447882 0.4567176 0.8449859 0.4540097 0.8127667 0.3311305 0.5115541 0.3353454 0.4619757 0.3275769 0.4847273 0.3275769 0.4847273 0.3353454 0.4619757 0.3299201 0.4571711 0.3311305 0.5115541 0.3275769 0.4847273 0.3249666 0.5154315 0.3790442 0.5478493 0.3808513 0.5265843 0.3742595 0.5354896 0.3742595 0.5354896 0.3703008 0.5820522 0.3790442 0.5478493 0.3790442 0.5478493 0.3703008 0.5820522 0.3757703 0.5863439 0.4362651 0.09321445 0.4417454 0.0948522 0.444106 0.06855595 0.4362651 0.09321445 0.444106 0.06855595 0.4382646 0.06858921 0.3519446 0.03289777 0.354865 -1.59338e-5 0.349031 -3.21788e-5 0.3519446 0.03289777 0.349031 -3.21788e-5 0.3460513 0.03347897 0.1330206 0.4884411 0.144122 0.4835696 0.1102766 0.4806304 0.1050338 0.4860092 0.1330206 0.4884411 0.1102766 0.4806304 0.1677192 0.4914544 0.1721162 0.4860022 0.144122 0.4835696 0.144122 0.4835696 0.1330206 0.4884411 0.1677192 0.4914544 0.4979705 0.601519 0.4979838 0.6221635 0.4921495 0.6177457 0.4979826 0.6882487 0.4921514 0.6805156 0.4979807 0.664411 0.4979823 0.640579 0.4979807 0.664411 0.4921501 0.6600137 0.4921497 0.6382732 0.4979838 0.6221635 0.4979823 0.640579 0.4921498 0.6997693 0.4979826 0.6882487 0.4979742 0.7151957 0.4921503 0.7215381 0.4979742 0.7151957 0.4979707 0.7459807 0.497976 0.7743932 0.4921512 0.7687537 0.4979707 0.7459807 0.4921497 0.6382732 0.4979823 0.640579 0.4921501 0.6600137 0.4921497 0.6382732 0.4921495 0.6177457 0.4979838 0.6221635 0.4921501 0.6600137 0.4979807 0.664411 0.4921514 0.6805156 0.4921495 0.6177457 0.4921348 0.6010407 0.4979705 0.601519 0.4921498 0.6997693 0.4979742 0.7151957 0.4921503 0.7215381 0.49215 0.7457674 0.4921503 0.7215381 0.4979707 0.7459807 0.4921512 0.7687537 0.49215 0.7457674 0.4979707 0.7459807 0.4921514 0.6805156 0.4979826 0.6882487 0.4921498 0.6997693 0.497976 0.7743932 0.4979817 0.7994636 0.4921502 0.7892596 0.4979833 0.8231291 0.4921495 0.8110087 0.4979817 0.7994636 0.4979813 0.8469406 0.4979798 0.8730027 0.4921501 0.8494626 0.492154 0.8303073 0.4979833 0.8231291 0.4979813 0.8469406 0.4979798 0.8730027 0.4962108 0.8995087 0.4921479 0.8880514 0.4921481 0.9047703 0.4921479 0.8880514 0.4962108 0.8995087 0.4962108 0.8995087 0.4920197 0.9205241 0.4921481 0.9047703 0.4921512 0.7687537 0.497976 0.7743932 0.4921502 0.7892596 0.4979817 0.7994636 0.4921495 0.8110087 0.4921502 0.7892596 0.492154 0.8303073 0.4921495 0.8110087 0.4979833 0.8231291 0.4921501 0.8494626 0.492154 0.8303073 0.4979813 0.8469406 0.4979798 0.8730027 0.4921504 0.8712751 0.4921501 0.8494626 0.4921479 0.8880514 0.4921504 0.8712751 0.4979798 0.8730027 0.4908702 0.06665456 0.4932028 0.0392121 0.487356 0.03934091 0.4859576 0.06268477 0.4908702 0.06665456 0.487356 0.03934091 0.4895193 0.1065216 0.4908702 0.06665456 0.4859576 0.06268477 0.5639495 0.6181333 0.5581338 0.6018473 0.5639644 0.6014512 0.558134 0.6645571 0.5639506 0.6577181 0.5639509 0.6781038 0.563953 0.6398269 0.558134 0.6256653 0.5639495 0.6181333 0.563953 0.6398269 0.5639506 0.6577181 0.558134 0.6470056 0.558134 0.6840733 0.5639509 0.6781038 0.5639544 0.6985564 0.558134 0.7334647 0.5639491 0.7202832 0.5639503 0.7418898 0.5639503 0.7418898 0.5639476 0.7634981 0.5581339 0.7574023 0.558134 0.6256653 0.563953 0.6398269 0.558134 0.6470056 0.5639495 0.6181333 0.558134 0.6256653 0.5581338 0.6018473 0.5639506 0.6577181 0.558134 0.6645571 0.558134 0.6470056 0.558134 0.6840733 0.558134 0.6645571 0.5639509 0.6781038 0.558134 0.6840733 0.5639544 0.6985564 0.558134 0.708103 0.5639491 0.7202832 0.558134 0.708103 0.5639544 0.6985564 0.5639476 0.7634981 0.558134 0.7760877 0.5581339 0.7574023 0.5639531 0.7851828 0.558134 0.7760877 0.5639476 0.7634981 0.5639491 0.7202832 0.558134 0.7334647 0.558134 0.708103 0.5581339 0.7574023 0.558134 0.7334647 0.5639503 0.7418898 0.5581339 0.7945665 0.5639531 0.7851828 0.5639504 0.8056448 0.5581339 0.8173554 0.5581339 0.7945665 0.5639504 0.8056448 0.5639504 0.8056448 0.5639485 0.8298299 0.5581339 0.8173554 0.5581339 0.8412945 0.5639485 0.8298299 0.5639514 0.8567255 0.5639531 0.7851828 0.5581339 0.7945665 0.558134 0.7760877 0.5639514 0.8567255 0.56395 0.8810002 0.5581339 0.878507 0.5636902 0.9296879 0.5581337 0.9252162 0.5639496 0.9126663 0.5581339 0.8601002 0.5581339 0.8412945 0.5639514 0.8567255 0.5581339 0.8412945 0.5581339 0.8173554 0.5639485 0.8298299 0.5581339 0.878507 0.5581339 0.8601002 0.5639514 0.8567255 0.5581338 0.9012466 0.5581339 0.878507 0.5639414 0.8961614 0.5581338 0.9012466 0.5639414 0.8961614 0.5639496 0.9126663 0.5636902 0.9296879 0.5612081 0.9478769 0.5581338 0.9441147 0.5639496 0.9126663 0.5581337 0.9252162 0.5581338 0.9012466 0.5582695 0.9630454 0.5581338 0.9441147 0.5612081 0.9478769 0.5581337 0.9252162 0.5636902 0.9296879 0.5581338 0.9441147 0.5639414 0.8961614 0.5581339 0.878507 0.56395 0.8810002 0.2422208 0.461066 0.2480556 0.4600682 0.248054 0.4839707 0.2480536 0.5062878 0.2422122 0.5089226 0.248054 0.4839707 0.2422122 0.5089226 0.2480536 0.5062878 0.2480537 0.5302885 0.2480537 0.5302885 0.242217 0.5368153 0.2422122 0.5089226 0.248054 0.4839707 0.2422122 0.5089226 0.2422134 0.486509 0.242217 0.5657659 0.242217 0.5368153 0.2480537 0.5579209 0.2480537 0.5579209 0.242217 0.5368153 0.2480537 0.5302885 0.2422134 0.486509 0.2422208 0.461066 0.248054 0.4839707 0.2480536 0.580124 0.2422184 0.5894332 0.242217 0.5657659 0.2422184 0.5894332 0.2480536 0.580124 0.2480537 0.6041247 0.2480537 0.6041247 0.2480537 0.6317571 0.2422144 0.6159886 0.2480536 0.6539594 0.2422087 0.6424469 0.2480537 0.6317571 0.2480536 0.6539594 0.2422086 0.6689264 0.2422087 0.6424469 0.2480537 0.6779609 0.2422086 0.6689264 0.2480536 0.6539594 0.2422156 0.6924318 0.2422086 0.6689264 0.2480537 0.6779609 0.2422144 0.6159886 0.2422184 0.5894332 0.2480537 0.6041247 0.2422144 0.6159886 0.2480537 0.6317571 0.2422087 0.6424469 0.242217 0.5657659 0.2480537 0.5579209 0.2480536 0.580124 0.2480537 0.7074987 0.2422156 0.6924318 0.2480537 0.6779609 0.242215 0.7294945 0.2480537 0.7296116 0.2480537 0.7461919 0.2422184 0.7109891 0.2480537 0.7074987 0.2480537 0.7296116 0.2422224 0.7739989 0.242222 0.7506301 0.2480537 0.7703124 0.242222 0.7506301 0.2480537 0.7461919 0.2480537 0.7703124 0.2480537 0.8643518 0.2480537 0.8828025 0.2422222 0.8606108 0.2480537 0.8993759 0.2480536 0.9143124 0.2422223 0.9140586 0.2422224 0.7998731 0.2422224 0.7739989 0.2480537 0.7703124 0.2422224 0.8307079 0.2480536 0.7998469 0.2480536 0.8218812 0.2422224 0.7998731 0.2480537 0.7703124 0.2480536 0.7998469 0.2480537 0.7296116 0.242215 0.7294945 0.2422184 0.7109891 0.2480537 0.7074987 0.2422184 0.7109891 0.2422156 0.6924318 0.2422224 0.7998731 0.2480536 0.7998469 0.2422224 0.8307079 0.242222 0.7506301 0.242215 0.7294945 0.2480537 0.7461919 0.2480537 0.842282 0.2422224 0.8307079 0.2480536 0.8218812 0.2422222 0.8606108 0.2422224 0.8307079 0.2480537 0.842282 0.2480537 0.842282 0.2480537 0.8643518 0.2422222 0.8606108 0.2480537 0.8828025 0.2422223 0.8884994 0.2422222 0.8606108 0.2480537 0.8993759 0.2422223 0.8884994 0.2480537 0.8828025 0.2480537 0.8993759 0.2422223 0.9140586 0.2422223 0.8884994 0.3660677 0.6320154 0.3660171 0.6019108 0.363145 0.6320768 0.6056843 0.03920942 0.5956785 0.05397647 0.6056843 0.07434821 0.5998609 0.07340729 0.6056843 0.07434821 0.5956785 0.05397647 0.5919358 0.09800207 0.5973522 0.1029206 0.5998609 0.07340729 0.5919358 0.09800207 0.5998609 0.07340729 0.5956785 0.05397647 0.2363404 0.5357764 0.2421815 0.5152999 0.2421805 0.541824 0.2363404 0.5634064 0.2421805 0.541824 0.2421789 0.5654478 0.2421783 0.5863451 0.2363404 0.5634064 0.2421789 0.5654478 0.2421749 0.4611581 0.2363412 0.4785146 0.2363406 0.4599613 0.2421834 0.4888197 0.2421815 0.5152999 0.2363404 0.4969882 0.2363412 0.4785146 0.2421834 0.4888197 0.2363404 0.4969882 0.2421834 0.4888197 0.2363412 0.4785146 0.2421749 0.4611581 0.2363404 0.4969882 0.2421815 0.5152999 0.2363405 0.513572 0.2363404 0.5357764 0.2421805 0.541824 0.2363404 0.5634064 0.2363405 0.513572 0.2421815 0.5152999 0.2363404 0.5357764 0.2363404 0.5634064 0.2421783 0.5863451 0.2363405 0.5855901 0.2363405 0.6077099 0.2421784 0.6039087 0.2421859 0.6276608 0.2421897 0.6526176 0.2363405 0.6464768 0.2421859 0.6276608 0.2363405 0.6077099 0.2363405 0.5855901 0.2421784 0.6039087 0.2421784 0.6039087 0.2363405 0.5855901 0.2421783 0.5863451 0.2421836 0.6740359 0.2363405 0.6686739 0.2421897 0.6526176 0.2421859 0.6276608 0.2363403 0.6298946 0.2363405 0.6077099 0.2421859 0.6276608 0.2363405 0.6464768 0.2363403 0.6298946 0.2363405 0.6686739 0.2363405 0.6464768 0.2421897 0.6526176 0.2421836 0.6740359 0.2421807 0.6923997 0.2363405 0.6686739 0.2421807 0.6923997 0.2363405 0.6963104 0.2363405 0.6686739 0.2421778 0.7108709 0.2363405 0.6963104 0.2421807 0.6923997 0.2363405 0.7203115 0.2421778 0.7108709 0.2421814 0.7294245 0.2421761 0.750507 0.2363404 0.7425235 0.2421814 0.7294245 0.2421778 0.7108709 0.2363405 0.7203115 0.2363405 0.6963104 0.2363405 0.7203115 0.2421814 0.7294245 0.2363404 0.7425235 0.2421761 0.750507 0.2421832 0.775587 0.2363405 0.7645943 0.2363405 0.7645943 0.2363404 0.7425235 0.2421761 0.750507 0.2363405 0.7886214 0.2363405 0.7645943 0.2421832 0.775587 0.2421826 0.7954836 0.2363405 0.7886214 0.2421832 0.775587 0.2421826 0.7954836 0.2421838 0.8126653 0.2363404 0.8163598 0.2421838 0.8126653 0.2421792 0.8387795 0.2363404 0.8163598 0.2421738 0.8697786 0.2363405 0.8697671 0.2421792 0.8387795 0.2421739 0.8920388 0.2421738 0.9134292 0.2363405 0.895631 0.2421738 0.8697786 0.2421739 0.8920388 0.2363405 0.895631 0.2421826 0.7954836 0.2363404 0.8163598 0.2363405 0.7886214 0.2421792 0.8387795 0.2363405 0.842119 0.2363404 0.8163598 0.2363405 0.842119 0.2421792 0.8387795 0.2363405 0.8697671 0.2421738 0.8697786 0.2363405 0.895631 0.2363405 0.8697671 0.2363405 0.895631 0.2421738 0.9134292 0.2363405 0.9142944 0.3133742 0.03383076 0.3163103 0.06627714 0.3191784 0.03421616 0.3104182 0.06715863 0.3163103 0.06627714 0.3133742 0.03383076 0.4353073 0.1362026 0.444162 0.1022308 0.4382713 0.102849 0.4411802 0.135861 0.444162 0.1022308 0.4353073 0.1362026 0.3738331 0.4693251 0.3772897 0.4973111 0.3804832 0.4597365 0.3772897 0.4973111 0.3699963 0.5144563 0.3750215 0.5239825 0.3738331 0.4693251 0.3699963 0.5144563 0.3772897 0.4973111 0.4004393 0.1272541 0.4059742 0.1288633 0.4084165 0.102804 0.4025709 0.1029036 0.4004393 0.1272541 0.4084165 0.102804 0.4025839 -1.57599e-4 0.4054893 0.03290081 0.4085034 -0.0010432 0.4054893 0.03290081 0.4025839 -1.57599e-4 0.3996508 0.0328707 0.4557642 0.4554111 0.4487894 0.4685359 0.4538384 0.4775961 0.4487894 0.4685359 0.4507508 0.5131318 0.4538384 0.4775961 0.4507508 0.5131318 0.4487894 0.4685359 0.4449568 0.5126514 0.5224302 0.483212 0.5270046 0.4977327 0.5300261 0.4629493 0.5224302 0.483212 0.5300261 0.4629493 0.5248149 0.4557707 0.5196018 0.5157722 0.5248521 0.5225101 0.5270046 0.4977327 0.5224302 0.483212 0.5196018 0.5157722 0.5270046 0.4977327 0.3888067 0.7425053 0.4179711 0.7449852 0.3979451 0.7374437 0.4179711 0.7449852 0.4446219 0.741413 0.3979451 0.7374437 0.4446219 0.741413 0.4179711 0.7449852 0.445269 0.7473058 0.4996245 0.4679577 0.4948732 0.4554867 0.4926192 0.4814215 0.4954809 0.5156455 0.4996245 0.4679577 0.4926192 0.4814215 0.4954809 0.5156455 0.4926192 0.4814215 0.4890581 0.5224162 0.4921092 0.6508567 0.4921079 0.6744889 0.4862861 0.6587693 0.4921106 0.6332945 0.4862814 0.6177518 0.492111 0.6142806 0.492111 0.6142806 0.4862667 0.6010872 0.4921025 0.6010346 0.4921106 0.6332945 0.4921092 0.6508567 0.4862813 0.6395224 0.4862855 0.7176981 0.4921031 0.7041339 0.4921042 0.7302922 0.4921042 0.7302922 0.4921028 0.7492799 0.4862812 0.7381497 0.4862814 0.6177518 0.4862667 0.6010872 0.492111 0.6142806 0.4862813 0.6395224 0.4862814 0.6177518 0.4921106 0.6332945 0.4921092 0.6508567 0.4862861 0.6587693 0.4862813 0.6395224 0.4862861 0.6587693 0.4921079 0.6744889 0.4862807 0.6779903 0.4921031 0.7041339 0.4862855 0.7176981 0.4862819 0.6997646 0.4862807 0.6779903 0.4921031 0.7041339 0.4862819 0.6997646 0.4862812 0.7381497 0.4862855 0.7176981 0.4921042 0.7302922 0.4921031 0.7041339 0.4862807 0.6779903 0.4921079 0.6744889 0.4921134 0.7994644 0.4862832 0.7996675 0.4921146 0.7729094 0.4862828 0.844536 0.4921153 0.8390927 0.4921151 0.862975 0.4862832 0.7996675 0.4921134 0.7994644 0.4921091 0.8180366 0.4862828 0.844536 0.4921151 0.862975 0.4862788 0.8637816 0.4862819 0.7612628 0.4921028 0.7492799 0.4921146 0.7729094 0.4921153 0.8390927 0.4862819 0.8227629 0.4921091 0.8180366 0.4862828 0.844536 0.4862819 0.8227629 0.4921153 0.8390927 0.4921098 0.8805367 0.4862836 0.8829931 0.4921151 0.862975 0.4921098 0.8805367 0.4903427 0.8995088 0.4862836 0.8829931 0.4903427 0.8995088 0.4861517 0.920524 0.48628 0.9047704 0.4862836 0.8829931 0.4862788 0.8637816 0.4921151 0.862975 0.48628 0.9047704 0.4862836 0.8829931 0.4903427 0.8995088 0.4921146 0.7729094 0.4862816 0.7792068 0.4862819 0.7612628 0.4862816 0.7792068 0.4921146 0.7729094 0.4862832 0.7996675 0.4862819 0.7612628 0.4862812 0.7381497 0.4921028 0.7492799 0.4862819 0.8227629 0.4862832 0.7996675 0.4921091 0.8180366 0.3953833 0.7075169 0.4281245 0.7099665 0.3997075 0.7020487 0.4354844 0.7050897 0.3997075 0.7020487 0.4281245 0.7099665 0.4354844 0.7050897 0.4281245 0.7099665 0.4598371 0.7064513 0.5214074 0.6399109 0.5155838 0.6335991 0.5214064 0.6168988 0.515586 0.6146078 0.5214217 0.6014668 0.5214064 0.6168988 0.5214093 0.6639536 0.5155845 0.6545976 0.5214074 0.6399109 0.5214093 0.6855927 0.5214074 0.7072506 0.51559 0.6975118 0.5214145 0.7622672 0.5155911 0.7610881 0.5214065 0.7443668 0.5214095 0.7251877 0.5214065 0.7443668 0.51559 0.7214495 0.5214057 0.7776197 0.5155911 0.7610881 0.5214145 0.7622672 0.5214093 0.6639536 0.5155874 0.6761682 0.5155845 0.6545976 0.5214217 0.6014668 0.515586 0.6146078 0.515591 0.6014565 0.5155838 0.6335991 0.5214074 0.6399109 0.5155845 0.6545976 0.5214093 0.6855927 0.51559 0.6975118 0.5155874 0.6761682 0.5214093 0.6855927 0.5155874 0.6761682 0.5214093 0.6639536 0.5214064 0.6168988 0.5155838 0.6335991 0.515586 0.6146078 0.5214074 0.7072506 0.5214095 0.7251877 0.51559 0.7214495 0.5214074 0.7072506 0.51559 0.7214495 0.51559 0.6975118 0.5214065 0.7443668 0.51559 0.7426353 0.51559 0.7214495 0.5214057 0.7776197 0.5155898 0.7814013 0.5155911 0.7610881 0.5155911 0.7610881 0.51559 0.7426353 0.5214065 0.7443668 0.5155898 0.7814013 0.5214057 0.7776197 0.5214043 0.7927901 0.5155898 0.8011988 0.5214043 0.7927901 0.521408 0.8093444 0.5214101 0.8259786 0.5155898 0.8189499 0.521408 0.8093444 0.5155898 0.8383978 0.5214101 0.8259786 0.5214074 0.8427088 0.5211477 0.9296866 0.5155876 0.9281324 0.521407 0.9126656 0.5214064 0.8897302 0.5155896 0.8623393 0.5214048 0.8656072 0.5214074 0.8427088 0.5214048 0.8656072 0.5155896 0.8623393 0.5155898 0.7814013 0.5214043 0.7927901 0.5155898 0.8011988 0.5155898 0.8189499 0.5155898 0.8011988 0.521408 0.8093444 0.5155898 0.8189499 0.5214101 0.8259786 0.5155898 0.8383978 0.5155898 0.8383978 0.5214074 0.8427088 0.5155896 0.8623393 0.521407 0.9126656 0.5155896 0.9104592 0.5214064 0.8897302 0.5155896 0.8623393 0.5214064 0.8897302 0.5155896 0.889263 0.5211477 0.9296866 0.5186633 0.9478932 0.5155803 0.9466352 0.5214064 0.8897302 0.5155896 0.9104592 0.5155896 0.889263 0.5155896 0.9104592 0.521407 0.9126656 0.5155876 0.9281324 0.5155876 0.9281324 0.5211477 0.9296866 0.5155803 0.9466352 0.5155803 0.9466352 0.5186633 0.9478932 0.5154975 0.9650555 0.318374 0.532199 0.318374 0.5524332 0.3125368 0.5445147 0.318374 0.5524332 0.318374 0.5690143 0.312539 0.5630402 0.318374 0.4951772 0.3125313 0.4839324 0.318374 0.4785926 0.3125408 0.4611198 0.3183761 0.4600713 0.318374 0.4785926 0.318374 0.5117687 0.3125272 0.504835 0.318374 0.4951772 0.318374 0.532199 0.3125331 0.5259888 0.318374 0.5117687 0.3125334 0.6661199 0.318374 0.648517 0.318374 0.6724113 0.3125348 0.6845985 0.318374 0.6724113 0.318374 0.6946163 0.318374 0.5912634 0.312538 0.5868524 0.318374 0.5690143 0.3125323 0.6450439 0.318374 0.6189919 0.318374 0.648517 0.3125313 0.4839324 0.3125408 0.4611198 0.318374 0.4785926 0.318374 0.4951772 0.3125272 0.504835 0.3125313 0.4839324 0.312539 0.5630402 0.3125368 0.5445147 0.318374 0.5524332 0.3125272 0.504835 0.318374 0.5117687 0.3125331 0.5259888 0.3125331 0.5259888 0.318374 0.532199 0.3125368 0.5445147 0.318374 0.5690143 0.312538 0.5868524 0.312539 0.5630402 0.3125372 0.6159731 0.312538 0.5868524 0.318374 0.5912634 0.318374 0.6724113 0.3125348 0.6845985 0.3125334 0.6661199 0.318374 0.6946163 0.3125401 0.7083625 0.3125348 0.6845985 0.318374 0.5912634 0.318374 0.6189919 0.3125372 0.6159731 0.318374 0.6189919 0.3125323 0.6450439 0.3125372 0.6159731 0.3125323 0.6450439 0.318374 0.648517 0.3125334 0.6661199 0.3183739 0.716715 0.3125401 0.7083625 0.318374 0.6946163 0.318374 0.7814117 0.318374 0.805284 0.3125279 0.8019851 0.3183739 0.7389211 0.3125382 0.7391013 0.3183739 0.716715 0.318374 0.7814117 0.3125326 0.7651063 0.3183739 0.7591682 0.3183739 0.7591682 0.3125382 0.7391013 0.3183739 0.7389211 0.3183739 0.914312 0.3125423 0.8983579 0.318374 0.8957291 0.318374 0.8957291 0.3125351 0.877421 0.318374 0.8700188 0.318374 0.805284 0.318374 0.82749 0.3125327 0.8220643 0.318374 0.8477789 0.3125314 0.8403916 0.318374 0.82749 0.318374 0.8700188 0.31253 0.8589888 0.318374 0.8477789 0.3125382 0.7391013 0.3183739 0.7591682 0.3125326 0.7651063 0.318374 0.7814117 0.3125283 0.7834928 0.3125326 0.7651063 0.3125401 0.7083625 0.3183739 0.716715 0.3125382 0.7391013 0.318374 0.7814117 0.3125279 0.8019851 0.3125283 0.7834928 0.3125426 0.9143161 0.3125423 0.8983579 0.3183739 0.914312 0.3125351 0.877421 0.318374 0.8957291 0.3125423 0.8983579 0.3125327 0.8220643 0.3125279 0.8019851 0.318374 0.805284 0.3125327 0.8220643 0.318374 0.82749 0.3125314 0.8403916 0.318374 0.8700188 0.3125351 0.877421 0.31253 0.8589888 0.31253 0.8589888 0.3125314 0.8403916 0.318374 0.8477789 0.4234135 0.8116795 0.4234135 0.7828978 0.414238 0.8185903 0.414238 0.8185903 0.4234135 0.7828978 0.4169301 0.7829653 0.414238 0.8185903 0.4190903 0.8342638 0.4234135 0.8116795 0.4172599 0.847221 0.4190903 0.8342638 0.414238 0.8185903 0.4169357 0.8515059 0.4169357 0.8515059 0.4172599 0.847221 0.4172599 0.847221 0.414238 0.8185903 0.4168323 0.8515059 0.4169357 0.8515059 0.4169357 0.8515059 0.4168323 0.8515059 0.4117527 0.8515058 0.4168323 0.8515059 0.414238 0.8185903 0.4117527 0.8515058 0.4169357 0.8515059 0.4168323 0.8515059 0.4169357 0.8515059 0.4172599 0.847221 0.4168323 0.8515059 0.2890715 0.4969884 0.2949187 0.4888247 0.294916 0.5152975 0.2949187 0.4888247 0.2890723 0.4785147 0.2949062 0.4611579 0.2949134 0.5418227 0.2890715 0.5357764 0.294916 0.5152975 0.2890723 0.4785147 0.2890716 0.4599613 0.2949062 0.4611579 0.2890715 0.4969884 0.2890723 0.4785147 0.2949187 0.4888247 0.2890716 0.513572 0.294916 0.5152975 0.2890715 0.5357764 0.2890716 0.513572 0.2890715 0.4969884 0.294916 0.5152975 0.2949134 0.5418227 0.294911 0.5679507 0.2890715 0.5634087 0.2890715 0.5357764 0.2949134 0.5418227 0.2890715 0.5634087 0.2890715 0.5634087 0.294911 0.5679507 0.2890716 0.5855878 0.294912 0.6130075 0.2890715 0.6077105 0.2949064 0.5919844 0.2949064 0.5919844 0.2890716 0.5855878 0.294911 0.5679507 0.2949145 0.6566834 0.2890716 0.6464767 0.2949147 0.6354492 0.294912 0.6130075 0.2949147 0.6354492 0.2890716 0.6298926 0.2949145 0.6566834 0.2949104 0.6843141 0.2890715 0.6686802 0.294912 0.6130075 0.2890716 0.6298926 0.2890715 0.6077105 0.2949147 0.6354492 0.2890716 0.6464767 0.2890716 0.6298926 0.2890715 0.6686802 0.2890716 0.6464767 0.2949145 0.6566834 0.2949104 0.6843141 0.2890715 0.6963104 0.2890715 0.6686802 0.2890715 0.6077105 0.2890716 0.5855878 0.2949064 0.5919844 0.2949101 0.7359206 0.2949134 0.7583952 0.2890715 0.7425271 0.2949134 0.7583952 0.2949159 0.7781671 0.2890716 0.7664993 0.2890715 0.6963104 0.2949104 0.6843141 0.2949078 0.7108723 0.2890715 0.6963104 0.2949078 0.7108723 0.2890716 0.7203114 0.2890716 0.7203114 0.2949101 0.7359206 0.2890715 0.7425271 0.2890716 0.7203114 0.2949078 0.7108723 0.2949101 0.7359206 0.2890716 0.7664993 0.2890715 0.7425271 0.2949134 0.7583952 0.2949159 0.7781671 0.2949207 0.8005605 0.2890715 0.7850103 0.2890715 0.8439827 0.2949163 0.8403413 0.2949178 0.8614193 0.294915 0.8219788 0.2890716 0.8034406 0.2949207 0.8005605 0.2890716 0.8034406 0.2890715 0.7850103 0.2949207 0.8005605 0.2890716 0.7664993 0.2949159 0.7781671 0.2890715 0.7850103 0.294905 0.9123033 0.2890715 0.8901861 0.294908 0.885169 0.294915 0.8219788 0.2890716 0.8218619 0.2890716 0.8034406 0.2949163 0.8403413 0.2890715 0.8439827 0.2890716 0.8218619 0.2949163 0.8403413 0.2890716 0.8218619 0.294915 0.8219788 0.294908 0.885169 0.2890715 0.8901861 0.2949178 0.8614193 0.2890716 0.8679828 0.2949178 0.8614193 0.2890715 0.8901861 0.2890716 0.8679828 0.2890715 0.8439827 0.2949178 0.8614193 0.294905 0.9123033 0.2890716 0.9142004 0.2890715 0.8901861 0.3370277 0.06849902 0.3311817 0.06859779 0.3295452 0.09002381 0.3295452 0.09002381 0.3343175 0.09857523 0.3370277 0.06849902 0.5366696 0.01534801 0.571606 0.01259547 0.5369235 0.009794712 0.571606 0.01259547 0.5366696 0.01534801 0.5715208 0.01815587 0.4857311 0.4554049 0.4795324 0.4595979 0.4845014 0.4695737 0.4810152 0.5096908 0.4845014 0.4695737 0.4772406 0.4859712 0.479897 0.4554048 0.479897 0.4554048 0.4800893 0.4554048 0.4795324 0.4595979 0.4800893 0.4554048 0.479897 0.4554048 0.479897 0.4554048 0.4795324 0.4595979 0.479897 0.4554048 0.4795324 0.4595979 0.4857311 0.4554049 0.4800893 0.4554048 0.4845014 0.4695737 0.4795324 0.4595979 0.4772406 0.4859712 0.4857311 0.4554049 0.479897 0.4554048 0.4800893 0.4554048 0.4810152 0.5096908 0.4772406 0.4859712 0.4740653 0.5225267 0.4530714 0.005554974 0.4865771 0.002724587 0.4531579 -3.04537e-6 0.4876936 0.008352816 0.4865771 0.002724587 0.4530714 0.005554974 0.4522051 0.01951909 0.4532814 0.02516698 0.4876067 0.0223875 0.4875081 0.02794253 0.4876067 0.0223875 0.4532814 0.02516698 0.1484474 0.469536 0.1143112 0.4665713 0.1132793 0.4723156 0.1132793 0.4723156 0.1606182 0.4764282 0.1484474 0.469536 0.1606182 0.4764282 0.1721193 0.4715932 0.1484474 0.469536 0.4162189 0.6743008 0.4183539 0.6686601 0.3906997 0.6721432 0.3907316 0.6663074 0.3906997 0.6721432 0.4183539 0.6686601 0.4875594 0.01258361 0.4524964 0.00973761 0.4529553 0.01534271 0.4875361 0.01814246 0.4875594 0.01258361 0.4529553 0.01534271 0.5517637 0.4905134 0.5561031 0.5077664 0.5606271 0.4556577 0.5517637 0.4905134 0.5606271 0.4556577 0.5544566 0.4595173 0.5492632 0.5192973 0.5561031 0.5077664 0.5517637 0.4905134 0.3604734 0.5188692 0.3644808 0.4717341 0.3589042 0.4686955 0.3604734 0.5188692 0.3589042 0.4686955 0.3549566 0.5151315 0.4628165 0.6625401 0.4686415 0.6527036 0.4686387 0.6686195 0.4686392 0.6010343 0.4686451 0.613624 0.462817 0.6164748 0.4686451 0.613624 0.4686411 0.6340355 0.462817 0.6164748 0.4686411 0.6340355 0.4686415 0.6527036 0.4628203 0.6419503 0.4628165 0.6625401 0.4628203 0.6419503 0.4686415 0.6527036 0.4686387 0.6686195 0.4686427 0.6936627 0.462819 0.6792635 0.4628211 0.7407634 0.4686388 0.7227869 0.4686514 0.751721 0.4686388 0.7227869 0.4628186 0.6997669 0.4686427 0.6936627 0.462817 0.6164748 0.4686411 0.6340355 0.4628203 0.6419503 0.462819 0.6792635 0.4628165 0.6625401 0.4686387 0.6686195 0.4628034 0.6010427 0.4686392 0.6010343 0.462817 0.6164748 0.4686427 0.6936627 0.4628186 0.6997669 0.462819 0.6792635 0.4628186 0.6997669 0.4686388 0.7227869 0.462819 0.7215335 0.4628211 0.7407634 0.462819 0.7215335 0.4686388 0.7227869 0.4686514 0.751721 0.4628184 0.7599858 0.4628211 0.7407634 0.4686514 0.751721 0.4686502 0.7783061 0.4628184 0.7599858 0.4686427 0.8598868 0.4628188 0.8494735 0.4686408 0.8420419 0.4686501 0.7994651 0.4686496 0.8228179 0.4628183 0.8110091 0.4628185 0.7854214 0.4686502 0.7783061 0.4686501 0.7994651 0.4686496 0.8228179 0.4686408 0.8420419 0.4628227 0.830312 0.4628171 0.8675525 0.4686427 0.8598868 0.4682809 0.8828557 0.4628168 0.9047704 0.4628189 0.8842743 0.4682809 0.8828557 0.4682809 0.8828557 0.4655296 0.9092989 0.4628168 0.9047704 0.4630361 0.9233967 0.4628168 0.9047704 0.4655296 0.9092989 0.4628185 0.7854214 0.4628184 0.7599858 0.4686502 0.7783061 0.4628188 0.8494735 0.4628227 0.830312 0.4686408 0.8420419 0.4686501 0.7994651 0.4628183 0.8110091 0.4628185 0.7854214 0.4628227 0.830312 0.4628183 0.8110091 0.4686496 0.8228179 0.4628171 0.8675525 0.4628188 0.8494735 0.4686427 0.8598868 0.4682809 0.8828557 0.4628189 0.8842743 0.4628171 0.8675525 0.4463175 0.5810434 0.4934233 0.584136 0.4586519 0.5769429 0.5059961 0.58039 0.4586519 0.5769429 0.4934233 0.584136 0.5097408 0.6020336 0.5155718 0.6014671 0.5155555 0.6218826 0.5097392 0.670598 0.5155569 0.6460389 0.51556 0.6677363 0.5097394 0.6442825 0.5155555 0.6218826 0.5155569 0.6460389 0.51556 0.688118 0.5155574 0.7072505 0.5097393 0.6975116 0.5097393 0.7254409 0.5155596 0.7251875 0.5155574 0.7418902 0.5155574 0.7418902 0.5155549 0.763498 0.5097393 0.748608 0.5097408 0.6020336 0.5155555 0.6218826 0.5097391 0.6230621 0.51556 0.688118 0.5097393 0.6975116 0.5097392 0.670598 0.5097392 0.670598 0.51556 0.6677363 0.51556 0.688118 0.5097391 0.6230621 0.5155555 0.6218826 0.5097394 0.6442825 0.5155569 0.6460389 0.5097392 0.670598 0.5097394 0.6442825 0.5155596 0.7251875 0.5097393 0.7254409 0.5155574 0.7072505 0.5155549 0.763498 0.5097394 0.7696941 0.5097393 0.748608 0.5097394 0.7696941 0.5155549 0.763498 0.5155602 0.7851846 0.5097393 0.6975116 0.5155574 0.7072505 0.5097393 0.7254409 0.5097393 0.7254409 0.5155574 0.7418902 0.5097393 0.748608 0.5097393 0.79352 0.5155602 0.7851846 0.5155575 0.8068429 0.5097394 0.8150386 0.5097393 0.79352 0.5155575 0.8068429 0.5155574 0.8439599 0.5097395 0.8326596 0.5155584 0.8272214 0.5097394 0.8150386 0.5155575 0.8068429 0.5155584 0.8272214 0.5155548 0.8618558 0.5155574 0.8810004 0.5097395 0.8772477 0.5152979 0.9296866 0.5097368 0.918924 0.5155569 0.9126659 0.5155574 0.8439599 0.5155548 0.8618558 0.5097395 0.8533099 0.5097395 0.8326596 0.5155574 0.8439599 0.5097395 0.8533099 0.5155548 0.8618558 0.5097395 0.8772477 0.5097395 0.8533099 0.5097393 0.79352 0.5097394 0.7696941 0.5155602 0.7851846 0.5097394 0.8150386 0.5155584 0.8272214 0.5097395 0.8326596 0.5155488 0.8961619 0.5097395 0.8991965 0.5097395 0.8772477 0.5155574 0.8810004 0.5155488 0.8961619 0.5097395 0.8772477 0.5155569 0.9126659 0.5097395 0.8991965 0.5155488 0.8961619 0.5098198 0.9596559 0.5097365 0.9366738 0.5128156 0.9478767 0.5152979 0.9296866 0.5128156 0.9478767 0.5097365 0.9366738 0.5097395 0.8991965 0.5155569 0.9126659 0.5097368 0.918924 0.5152979 0.9296866 0.5097365 0.9366738 0.5097368 0.918924 0.2656468 0.4844417 0.2714907 0.4600771 0.2714892 0.4839612 0.2656468 0.4844417 0.2714892 0.4839612 0.2656463 0.5100665 0.2714892 0.4839612 0.2714887 0.5062877 0.2656463 0.5100665 0.2714887 0.5302883 0.2656463 0.5100665 0.2714887 0.5062877 0.2656522 0.5368147 0.2656463 0.5100665 0.2714887 0.5302883 0.2714887 0.5579209 0.2656524 0.5657659 0.2656522 0.5368147 0.2714887 0.5801239 0.2656534 0.5894328 0.2656524 0.5657659 0.2656524 0.5657659 0.2714887 0.5579209 0.2714887 0.5801239 0.2714887 0.5579209 0.2656522 0.5368147 0.2714887 0.5302883 0.2656573 0.4600343 0.2714907 0.4600771 0.2656468 0.4844417 0.2656534 0.5894328 0.2714887 0.5801239 0.2714887 0.6041247 0.2714887 0.631757 0.2656488 0.6159877 0.2714887 0.6041247 0.2714887 0.6539593 0.2656441 0.6689268 0.2656434 0.6424471 0.2714887 0.6779609 0.2656441 0.6689268 0.2714887 0.6539593 0.2656532 0.7019962 0.2656441 0.6689268 0.2714887 0.6779609 0.2714887 0.7075011 0.2656532 0.7019962 0.2714887 0.6779609 0.2656434 0.6424471 0.2714887 0.631757 0.2714887 0.6539593 0.2656488 0.6159877 0.2656534 0.5894328 0.2714887 0.6041247 0.2656488 0.6159877 0.2714887 0.631757 0.2656434 0.6424471 0.2656506 0.7295984 0.2714887 0.7075011 0.2714887 0.7351251 0.2656519 0.7559165 0.271487 0.7573915 0.2714887 0.7813248 0.2656519 0.7559165 0.2714887 0.7351251 0.271487 0.7573915 0.2656475 0.8023496 0.2714887 0.7813248 0.2714888 0.8108662 0.2714887 0.7351251 0.2656519 0.7559165 0.2656506 0.7295984 0.2656506 0.7295984 0.2656532 0.7019962 0.2714887 0.7075011 0.2656475 0.8023496 0.2656476 0.7821875 0.2714887 0.7813248 0.2656476 0.7821875 0.2656519 0.7559165 0.2714887 0.7813248 0.2714888 0.8329834 0.2656441 0.8482956 0.2656494 0.8246254 0.2714888 0.8108662 0.2714888 0.8329834 0.2656494 0.8246254 0.2656441 0.8482956 0.2714888 0.8329834 0.2714888 0.855171 0.2714888 0.8772836 0.2656509 0.8762871 0.2714888 0.855171 0.2714888 0.8956796 0.2656509 0.8762871 0.2714888 0.8772836 0.2714886 0.9143128 0.2656561 0.9108807 0.2714888 0.8956796 0.2656509 0.8762871 0.2656441 0.8482956 0.2714888 0.855171 0.2714888 0.8108662 0.2656494 0.8246254 0.2656475 0.8023496 0.2656561 0.9108807 0.2656509 0.8762871 0.2714888 0.8956796 0.4746062 0.586094 0.4441232 0.586094 0.4587482 0.5922849 0.5126717 0.586094 0.4746062 0.586094 0.5047039 0.5957008 0.5047039 0.5957008 0.4746062 0.586094 0.4587482 0.5922849 0.2656059 0.486072 0.265606 0.5153674 0.2597724 0.5153561 0.2656062 0.5447203 0.2597724 0.5376228 0.265606 0.5153674 0.2656059 0.486072 0.2597724 0.4914875 0.2597732 0.4748284 0.2597724 0.4599608 0.2656058 0.4602454 0.2656059 0.486072 0.2597732 0.4748284 0.2597724 0.4599608 0.2656059 0.486072 0.2597724 0.4914875 0.2656059 0.486072 0.2597724 0.5153561 0.2597724 0.5153561 0.265606 0.5153674 0.2597724 0.5376228 0.2656125 0.5706986 0.2656086 0.5919863 0.2597724 0.5781778 0.2597724 0.5542226 0.2656062 0.5447203 0.2656125 0.5706986 0.2656125 0.5706986 0.2597724 0.5781778 0.2597724 0.5542226 0.2597724 0.6224714 0.2656156 0.6130066 0.265618 0.6331961 0.2656156 0.6130066 0.2597723 0.6003611 0.2656086 0.5919863 0.2597723 0.6446605 0.265618 0.6331961 0.2656202 0.6551977 0.2656202 0.6551977 0.2656136 0.6843129 0.2597723 0.6667727 0.2597724 0.5376228 0.2656062 0.5447203 0.2597724 0.5542226 0.2656086 0.5919863 0.2597723 0.6003611 0.2597724 0.5781778 0.265618 0.6331961 0.2597723 0.6446605 0.2597724 0.6224714 0.2656202 0.6551977 0.2597723 0.6667727 0.2597723 0.6446605 0.2597724 0.6224714 0.2597723 0.6003611 0.2656156 0.6130066 0.2656136 0.6843129 0.2597724 0.6963104 0.2597723 0.6667727 0.2656136 0.6843129 0.2656103 0.711977 0.2597724 0.6963104 0.2656112 0.7568352 0.2597724 0.7425292 0.2656119 0.7320523 0.2597724 0.7203121 0.2597724 0.6963104 0.2656103 0.711977 0.2597724 0.7203121 0.2656119 0.7320523 0.2597724 0.7425292 0.2597724 0.7203121 0.2656103 0.711977 0.2656119 0.7320523 0.2597724 0.7645943 0.2597724 0.7425292 0.2656112 0.7568352 0.2656185 0.8562902 0.2597724 0.8550506 0.2656135 0.8322975 0.2597724 0.8550506 0.2656185 0.8562902 0.2656131 0.8766276 0.2597723 0.7886213 0.2656112 0.7568352 0.265616 0.7833756 0.265615 0.8046056 0.2597723 0.7886213 0.265616 0.7833756 0.2656112 0.7568352 0.2597723 0.7886213 0.2597724 0.7645943 0.2656115 0.8984341 0.2641205 0.9142948 0.2597724 0.8990492 0.265615 0.8046056 0.2656135 0.8322975 0.2597723 0.8163502 0.2597723 0.7886213 0.265615 0.8046056 0.2597723 0.8163502 0.2656135 0.8322975 0.2597724 0.8366324 0.2597723 0.8163502 0.2597724 0.8754154 0.2597724 0.8550506 0.2656131 0.8766276 0.2656115 0.8984341 0.2597724 0.8990492 0.2656131 0.8766276 0.2597724 0.8550506 0.2597724 0.8366324 0.2656135 0.8322975 0.2597724 0.8990492 0.2597724 0.8754154 0.2656131 0.8766276 0.426342 -9.40159e-4 0.4204257 -2.60219e-4 0.4174864 0.03300493 0.4233356 0.0327413 0.426342 -9.40159e-4 0.4174864 0.03300493 0.3876748 0.1009724 0.3905591 0.06860941 0.3847259 0.06858426 0.3876748 0.1009724 0.3847259 0.06858426 0.3817449 0.102149 0.4210168 0.5116576 0.4250357 0.4643852 0.4190176 0.4665389 0.4141519 0.5237807 0.4210168 0.5116576 0.4190176 0.4665389 0.4055951 0.06572216 0.4084154 0.03419011 0.4026159 0.03376382 0.4055951 0.06572216 0.4026159 0.03376382 0.399648 0.06720787 0.5365183 0.02936303 0.5370069 0.03496474 0.5718803 0.03779017 0.5718803 0.03779017 0.5713356 0.03218406 0.5365183 0.02936303 0.3633388 0.5563542 0.365873 0.5265341 0.3600913 0.5259194 0.3600913 0.5259194 0.3565331 0.5677704 0.3633388 0.5563542 0.3565331 0.5677704 0.3600099 0.5954915 0.3633388 0.5563542 0.3541969 0.5952498 0.3600099 0.5954915 0.3565331 0.5677704 0.3780001 0.6937728 0.3800773 0.6663043 0.3749248 0.6662839 0.3749248 0.6662839 0.3730471 0.6915177 0.3780001 0.6937728 0.5580242 0.03865915 0.5608986 0.07350718 0.5638821 0.03844845 0.5608986 0.07350718 0.5580242 0.03865915 0.5550637 0.07347565 0.5442919 0.4712692 0.5456652 0.455405 0.539002 0.4649385 0.5442919 0.4712692 0.539002 0.4649385 0.5352725 0.5078675 0.5352725 0.5078675 0.54089 0.5104004 0.5442919 0.4712692 0.3923727 0.5673114 0.3952703 0.5332223 0.387758 0.5529493 0.3952703 0.5332223 0.3899949 0.5266444 0.387758 0.5529493 0.3900086 0.5951054 0.3923727 0.5673114 0.384751 0.5883156 0.387758 0.5529493 0.384751 0.5883156 0.3923727 0.5673114 0.5411169 0.643478 0.5450058 0.6380071 0.5446246 0.6045709 0.5411169 0.643478 0.5450057 0.6663689 0.5450058 0.6380071 0.5450057 0.6663689 0.5411169 0.643478 0.5391719 0.6663702 0.509707 0.6010388 0.5097147 0.6233299 0.5038713 0.6010931 0.5038862 0.6383417 0.5097147 0.6233299 0.50972 0.6540043 0.5097187 0.6777744 0.5097168 0.7015736 0.5038862 0.6818801 0.5038875 0.6588701 0.50972 0.6540043 0.5097187 0.6777744 0.5038875 0.7061312 0.509719 0.7254619 0.5038861 0.7279797 0.509719 0.7254619 0.5038875 0.7061312 0.5097168 0.7015736 0.509719 0.7519572 0.5038861 0.7279797 0.509719 0.7254619 0.50972 0.6540043 0.5038875 0.6588701 0.5038862 0.6383417 0.5038862 0.6383417 0.5038861 0.6177832 0.5097147 0.6233299 0.5038875 0.6588701 0.5097187 0.6777744 0.5038862 0.6818801 0.5038861 0.6177832 0.5038713 0.6010931 0.5097147 0.6233299 0.5097168 0.7015736 0.5038875 0.7061312 0.5038862 0.6818801 0.5038861 0.7279797 0.509719 0.7519572 0.5038868 0.7485198 0.509719 0.7519572 0.5038877 0.7690446 0.5038868 0.7485198 0.5038867 0.7895913 0.5097184 0.7786188 0.5097189 0.7998108 0.5097182 0.8422215 0.5038905 0.8307099 0.5097183 0.8210255 0.5097183 0.8210255 0.5038861 0.8113778 0.5097189 0.7998108 0.5097182 0.8422215 0.5097203 0.8659868 0.5038866 0.849898 0.503887 0.8717464 0.5097203 0.8659868 0.5089643 0.8912121 0.5038846 0.9053018 0.5089643 0.8912121 0.5065974 0.9098386 0.5038846 0.9053018 0.5038845 0.888553 0.5089643 0.8912121 0.5038846 0.9053018 0.5065974 0.9098386 0.5041039 0.9239603 0.5038877 0.7690446 0.5097184 0.7786188 0.5038867 0.7895913 0.5097189 0.7998108 0.5038861 0.8113778 0.5038867 0.7895913 0.5038905 0.8307099 0.5038861 0.8113778 0.5097183 0.8210255 0.503887 0.8717464 0.5038866 0.849898 0.5097203 0.8659868 0.5038866 0.849898 0.5038905 0.8307099 0.5097182 0.8422215 0.5038845 0.888553 0.503887 0.8717464 0.5089643 0.8912121 0.509719 0.7519572 0.5097184 0.7786188 0.5038877 0.7690446 0.4136306 0.6121695 0.3907325 0.6102228 0.3907337 0.6160586 0.3907337 0.6160586 0.4190937 0.6160575 0.4136306 0.6121695 0.4525042 0.615673 0.4136306 0.6121695 0.4190937 0.6160575 0.3969944 0.7665175 0.426887 0.7632229 0.3918874 0.7602474 0.4526168 0.7654101 0.426887 0.7632229 0.4436229 0.7704819 0.426887 0.7632229 0.3969944 0.7665175 0.4436229 0.7704819 0.1422376 0.5327193 0.1480609 0.52947 0.1480605 0.5499811 0.1422376 0.5327193 0.1480708 0.5127116 0.1480609 0.52947 0.148059 0.597188 0.1422396 0.5835459 0.1480582 0.5729811 0.1480605 0.5499811 0.1480582 0.5729811 0.1422396 0.5603396 0.1422398 0.6633077 0.1480597 0.6612092 0.1480594 0.6804048 0.1480591 0.6189252 0.1422396 0.6091987 0.148059 0.597188 0.1422398 0.6363258 0.1480591 0.6189252 0.1480603 0.639431 0.1480597 0.6612092 0.1422398 0.6633077 0.1480603 0.639431 0.1422376 0.5327193 0.1480605 0.5499811 0.1422396 0.5603396 0.1480582 0.5729811 0.1422396 0.5835459 0.1422396 0.5603396 0.1422401 0.5127314 0.1480708 0.5127116 0.1422376 0.5327193 0.1422396 0.5835459 0.148059 0.597188 0.1422396 0.6091987 0.1422398 0.6363258 0.1480603 0.639431 0.1422398 0.6633077 0.1422396 0.6091987 0.1480591 0.6189252 0.1422398 0.6363258 0.1422398 0.6872722 0.1422398 0.6633077 0.1480594 0.6804048 0.1480588 0.6996495 0.1422398 0.6872722 0.1480594 0.6804048 0.1422399 0.7098086 0.1480588 0.6996495 0.1480596 0.7214089 0.1480632 0.7381114 0.1480595 0.7549008 0.14224 0.7385939 0.1480581 0.7754007 0.14224 0.7609558 0.1480595 0.7549008 0.1480632 0.7381114 0.14224 0.7385939 0.1480596 0.7214089 0.1480574 0.7984529 0.14224 0.7806021 0.1480581 0.7754007 0.1480574 0.7984529 0.1480575 0.8225893 0.14224 0.8181558 0.1479208 0.8406372 0.1454878 0.8592202 0.14224 0.8453691 0.1479208 0.8406372 0.14224 0.8453691 0.1480575 0.8225893 0.1480595 0.7549008 0.14224 0.7609558 0.14224 0.7385939 0.1480581 0.7754007 0.14224 0.7806021 0.14224 0.7609558 0.1480596 0.7214089 0.14224 0.7385939 0.1422399 0.7098086 0.1480588 0.6996495 0.1422399 0.7098086 0.1422398 0.6872722 0.14224 0.7806021 0.1480574 0.7984529 0.14224 0.8000876 0.1423596 0.8744101 0.14224 0.8453691 0.1454878 0.8592202 0.14224 0.8000876 0.1480574 0.7984529 0.14224 0.8181558 0.14224 0.8453691 0.14224 0.8181558 0.1480575 0.8225893 0.3066742 0.5344263 0.312513 0.5192299 0.312513 0.5451503 0.312513 0.5451503 0.312513 0.5690142 0.3066779 0.5630409 0.312513 0.4752635 0.3066762 0.4769255 0.3081468 0.4599515 0.312513 0.4988633 0.3066762 0.4769255 0.312513 0.4752635 0.312513 0.5192299 0.306677 0.5046598 0.312513 0.4988633 0.312513 0.6632764 0.3066817 0.6337799 0.312513 0.6355483 0.3066817 0.6633142 0.3066817 0.6337799 0.312513 0.6632764 0.3066817 0.6633142 0.312513 0.6632764 0.312513 0.687175 0.312513 0.5912633 0.3066774 0.5868526 0.312513 0.5690142 0.312513 0.61332 0.3066816 0.6096631 0.312513 0.5912633 0.312513 0.6355483 0.3066817 0.6337799 0.312513 0.61332 0.3066762 0.4769255 0.312513 0.4988633 0.306677 0.5046598 0.312513 0.5192299 0.3066742 0.5344263 0.306677 0.5046598 0.3066817 0.6337799 0.3066816 0.6096631 0.312513 0.61332 0.312513 0.5451503 0.3066779 0.5630409 0.3066742 0.5344263 0.3066774 0.5868526 0.312513 0.5912633 0.3066816 0.6096631 0.312513 0.687175 0.3066817 0.6858595 0.3066817 0.6633142 0.3066774 0.5868526 0.3066779 0.5630409 0.312513 0.5690142 0.3066811 0.7030105 0.3066817 0.6858595 0.312513 0.687175 0.312513 0.7056012 0.3066811 0.7030105 0.312513 0.687175 0.312513 0.790547 0.3066671 0.7929828 0.312513 0.7666401 0.3066754 0.7269236 0.312513 0.7221921 0.312513 0.740728 0.3066754 0.7269236 0.312513 0.7056012 0.312513 0.7221921 0.312513 0.7666401 0.3066771 0.7519038 0.312513 0.740728 0.312513 0.8147032 0.3066671 0.7929828 0.312513 0.790547 0.3125129 0.914312 0.3066775 0.9017584 0.3125131 0.8957263 0.3125131 0.8957263 0.3066781 0.8797854 0.312513 0.870026 0.312513 0.8147032 0.312513 0.8422903 0.3066693 0.8192868 0.312513 0.870026 0.3066698 0.8503038 0.312513 0.8422903 0.312513 0.7056012 0.3066754 0.7269236 0.3066811 0.7030105 0.3066754 0.7269236 0.312513 0.740728 0.3066771 0.7519038 0.3066713 0.7708347 0.3066771 0.7519038 0.312513 0.7666401 0.3066781 0.8797854 0.3066698 0.8503038 0.312513 0.870026 0.3066671 0.7929828 0.3066713 0.7708347 0.312513 0.7666401 0.3066781 0.8797854 0.3125131 0.8957263 0.3066775 0.9017584 0.3066816 0.914318 0.3066775 0.9017584 0.3125129 0.914312 0.3066671 0.7929828 0.312513 0.8147032 0.3066693 0.8192868 0.312513 0.8422903 0.3066698 0.8503038 0.3066693 0.8192868 0.3665428 0.7875962 0.3709045 0.7887563 0.3700547 0.7488036 0.4692384 0.03920948 0.4585035 0.04538685 0.4692384 0.05646204 0.4692384 0.05646204 0.4585035 0.04538685 0.4634399 0.05596184 0.4557614 0.07763409 0.4634399 0.05596184 0.4585035 0.04538685 0.4557614 0.07763409 0.4598979 0.09762066 0.4634399 0.05596184 0.4531977 0.1078028 0.4598979 0.09762066 0.4557614 0.07763409 0.2890489 0.4877343 0.2832108 0.4600389 0.2890443 0.459989 0.2890492 0.5180318 0.2890558 0.5379093 0.2832106 0.5265248 0.2832107 0.5043389 0.2890489 0.4877343 0.2890492 0.5180318 0.2832108 0.4600389 0.2890489 0.4877343 0.2832115 0.4785184 0.2832107 0.5043389 0.2832115 0.4785184 0.2890489 0.4877343 0.2832107 0.5431069 0.2832106 0.5265248 0.2890558 0.5379093 0.2890558 0.5379093 0.2890474 0.5589337 0.2832107 0.5431069 0.2832107 0.5043389 0.2890492 0.5180318 0.2832106 0.5265248 0.2890474 0.5589337 0.2890493 0.5853205 0.2832108 0.5653086 0.2890493 0.5853205 0.2890444 0.6085551 0.2832108 0.5929375 0.2890442 0.6557647 0.2832108 0.6482602 0.2890442 0.6335045 0.2832107 0.6778287 0.2890442 0.6557647 0.2890442 0.6761161 0.2890442 0.6335045 0.2832108 0.6206148 0.2890444 0.6085551 0.2832107 0.5431069 0.2890474 0.5589337 0.2832108 0.5653086 0.2890444 0.6085551 0.2832108 0.6206148 0.2832108 0.5929375 0.2832108 0.6482602 0.2832108 0.6206148 0.2890442 0.6335045 0.2832107 0.6778287 0.2832108 0.6482602 0.2890442 0.6557647 0.2832108 0.5929375 0.2832108 0.5653086 0.2890493 0.5853205 0.2832105 0.7296116 0.2890505 0.732055 0.2890511 0.7544169 0.2890464 0.7065522 0.2832107 0.6778287 0.2890442 0.6761161 0.2832107 0.7056028 0.2890464 0.7065522 0.2890505 0.732055 0.2832105 0.7296116 0.2832107 0.7056028 0.2890505 0.732055 0.2832106 0.7480343 0.2832105 0.7296116 0.2890511 0.7544169 0.2832108 0.7645943 0.2832106 0.7480343 0.2890511 0.7544169 0.2890555 0.7832855 0.2832108 0.7645943 0.2890511 0.7544169 0.2832108 0.7645943 0.2890555 0.7832855 0.2832108 0.7886161 0.2890441 0.9143239 0.2832108 0.9142946 0.2890478 0.9030641 0.2832107 0.7056028 0.2832107 0.6778287 0.2890464 0.7065522 0.2890574 0.8164299 0.2832107 0.8163502 0.2890555 0.7832855 0.2832107 0.8163502 0.2832108 0.7886161 0.2890555 0.7832855 0.2890574 0.8164299 0.2890561 0.8498838 0.2832107 0.8163502 0.2890561 0.8498838 0.2832108 0.8366325 0.2832107 0.8163502 0.2832108 0.8568637 0.2890561 0.8498838 0.2832108 0.8790848 0.2890477 0.8795531 0.2832108 0.8790848 0.2890561 0.8498838 0.2832108 0.8974977 0.2832108 0.8790848 0.2890478 0.9030641 0.2890477 0.8795531 0.2890478 0.9030641 0.2832108 0.8790848 0.2890478 0.9030641 0.2832108 0.9142946 0.2832108 0.8974977 0.2832108 0.8568637 0.2832108 0.8366325 0.2890561 0.8498838 0.354902 0.03387284 0.3490275 0.03429257 0.3472862 0.05655169 0.354902 0.03387284 0.3472862 0.05655169 0.3520006 0.0663132 0.331184 0.0342791 0.3282 0.0678361 0.3371006 0.03343641 0.3371006 0.03343641 0.3282 0.0678361 0.3340997 0.06718951 0.4081832 0.5575726 0.4078575 0.5266103 0.4027488 0.5528517 0.4049912 0.5951021 0.4081832 0.5575726 0.3997179 0.5885004 0.4027488 0.5528517 0.3997179 0.5885004 0.4081832 0.5575726 0.3818033 0.1357976 0.3876386 0.1358543 0.3906441 0.1020203 0.3906441 0.1020203 0.3847435 0.1026533 0.3818033 0.1357976 0.3698561 0.03143185 0.3727707 -6.80001e-4 0.3668438 3.86753e-4 0.3668438 3.86753e-4 0.3639593 0.03283977 0.3698561 0.03143185 0.1609072 0.4994382 0.1102215 0.4950351 0.1198457 0.5017051 0.1609072 0.4994382 0.1198457 0.5017051 0.1633531 0.5054848 0.3548668 0.102894 0.3490168 0.1030703 0.3524848 0.1289665 0.3461199 0.1356785 0.3524848 0.1289665 0.3490168 0.1030703 0.5713503 0.0223838 0.5370144 0.0196045 0.5372548 0.02518075 0.5372548 0.02518075 0.5713236 0.02794218 0.5713503 0.0223838 0.4480406 0.8047485 0.4496653 0.7828957 0.4444952 0.7838003 0.4423412 0.8127664 0.4480406 0.8047485 0.4444952 0.7838003 0.4480406 0.8047485 0.4423412 0.8127664 0.4450488 0.8449885 0.4399604 0.8447914 0.4450488 0.8449885 0.4423412 0.8127664 0.4980033 0.6012365 0.503849 0.6236777 0.49802 0.62262 0.5038386 0.6012066 0.503849 0.6236777 0.4980033 0.6012365 0.503849 0.6236777 0.5038529 0.6486381 0.49802 0.62262 0.4980185 0.6675561 0.5038529 0.6486381 0.5038477 0.6725576 0.49802 0.62262 0.5038529 0.6486381 0.4980199 0.6469824 0.5038399 0.7161169 0.4980183 0.7035399 0.5038475 0.6956861 0.4980185 0.6675561 0.4980199 0.6469824 0.5038529 0.6486381 0.5038477 0.6725576 0.4980187 0.6867613 0.4980185 0.6675561 0.5038475 0.6956861 0.4980187 0.6867613 0.5038477 0.6725576 0.5038475 0.6956861 0.4980183 0.7035399 0.4980187 0.6867613 0.5038399 0.7340548 0.4980199 0.7215531 0.5038399 0.7161169 0.5038408 0.7588438 0.498018 0.7649257 0.4980224 0.7420758 0.4980224 0.7420758 0.5038399 0.7340548 0.5038408 0.7588438 0.4980199 0.7215531 0.4980183 0.7035399 0.5038399 0.7161169 0.4980199 0.7215531 0.5038399 0.7340548 0.4980224 0.7420758 0.498018 0.7649257 0.5038408 0.7588438 0.5038471 0.7835311 0.4980204 0.7880062 0.498018 0.7649257 0.5038471 0.7835311 0.5038471 0.7835311 0.5038498 0.8058991 0.4980204 0.7880062 0.5038495 0.8270638 0.4980205 0.8084984 0.5038498 0.8058991 0.5038496 0.8482236 0.4980186 0.8432895 0.5038495 0.8270638 0.4980251 0.8663199 0.5038498 0.8693943 0.4980177 0.8918061 0.5038498 0.8693943 0.4980251 0.8663199 0.5038496 0.8482236 0.4980186 0.8432895 0.4980199 0.8265441 0.5038495 0.8270638 0.4980186 0.8432895 0.5038496 0.8482236 0.4980251 0.8663199 0.4980177 0.8918061 0.5038498 0.8693943 0.50257 0.8953962 0.4980205 0.8084984 0.4980204 0.7880062 0.5038498 0.8058991 0.4980199 0.8265441 0.4980205 0.8084984 0.5038495 0.8270638 0.4980202 0.9148467 0.50257 0.8953962 0.4993187 0.919618 0.4980202 0.9148467 0.4980177 0.8918061 0.50257 0.8953962 0.5346268 0.04305565 0.5384516 0.06671631 0.5407895 0.03921109 0.5346268 0.04305565 0.5334956 0.07159578 0.5384516 0.06671631 0.5368452 0.1063432 0.5384516 0.06671631 0.5334956 0.07159578 0.1579287 0.5297199 0.1637495 0.5282318 0.1637492 0.5499795 0.1579291 0.5580726 0.1637492 0.5499795 0.1637481 0.5704723 0.1637472 0.5935212 0.1579291 0.5835459 0.1637481 0.5704723 0.1637495 0.5282318 0.1579288 0.5127051 0.1637596 0.5126961 0.1579291 0.6211827 0.1637474 0.6176723 0.163749 0.6394326 0.1579291 0.6016722 0.1637472 0.5935212 0.1637474 0.6176723 0.1637521 0.6561576 0.1579291 0.6568492 0.163749 0.6394326 0.1637489 0.672924 0.1579291 0.6568492 0.1637521 0.6561576 0.1579291 0.5580726 0.1579287 0.5297199 0.1637492 0.5499795 0.1579288 0.5127051 0.1637495 0.5282318 0.1579287 0.5297199 0.1637481 0.5704723 0.1579291 0.5835459 0.1579291 0.5580726 0.1579291 0.6016722 0.1579291 0.5835459 0.1637472 0.5935212 0.1637474 0.6176723 0.1579291 0.6211827 0.1579291 0.6016722 0.1579291 0.6211827 0.163749 0.6394326 0.1579291 0.6406437 0.1579291 0.6406437 0.163749 0.6394326 0.1579291 0.6568492 0.1579291 0.680426 0.1579291 0.6568492 0.1637489 0.672924 0.1637489 0.672924 0.1637474 0.6947197 0.1579291 0.680426 0.1637469 0.7611231 0.157929 0.7535963 0.163748 0.7406281 0.157929 0.7775391 0.1637469 0.7611231 0.1637522 0.7791072 0.163748 0.7406281 0.157929 0.7278931 0.1637464 0.7189178 0.1637474 0.6947197 0.1637464 0.7189178 0.1579291 0.7065976 0.1637522 0.7791072 0.163746 0.798383 0.157929 0.7775391 0.163746 0.798383 0.1637462 0.8225921 0.157929 0.8001808 0.1636096 0.8406373 0.1611768 0.8592187 0.1579288 0.8531976 0.1636096 0.8406373 0.1579289 0.8363651 0.1637462 0.8225921 0.1637464 0.7189178 0.157929 0.7278931 0.1579291 0.7065976 0.157929 0.7535963 0.157929 0.7278931 0.163748 0.7406281 0.1637469 0.7611231 0.157929 0.7775391 0.157929 0.7535963 0.157929 0.8001808 0.157929 0.7775391 0.163746 0.798383 0.1579289 0.8199222 0.157929 0.8001808 0.1637462 0.8225921 0.1637462 0.8225921 0.1579289 0.8363651 0.1579289 0.8199222 0.1579288 0.8531976 0.1579289 0.8363651 0.1636096 0.8406373 0.1580433 0.8738014 0.1579288 0.8531976 0.1611768 0.8592187 0.1579291 0.680426 0.1637474 0.6947197 0.1579291 0.7065976 0.2480785 0.4610661 0.2539133 0.4600682 0.2539117 0.4839708 0.2480699 0.5089227 0.2539117 0.4839708 0.2539113 0.5062878 0.2480746 0.5368154 0.2539114 0.5302885 0.2539114 0.5579209 0.2480699 0.5089227 0.2539113 0.5062878 0.2539114 0.5302885 0.2480699 0.5089227 0.2539114 0.5302885 0.2480746 0.5368154 0.2539117 0.4839708 0.2480699 0.5089227 0.2480711 0.4865091 0.2539113 0.580124 0.2480747 0.5657659 0.2539114 0.5579209 0.2539113 0.580124 0.248076 0.5894334 0.2480747 0.5657659 0.2539114 0.6041247 0.248076 0.5894334 0.2539113 0.580124 0.2480746 0.5368154 0.2539114 0.5579209 0.2480747 0.5657659 0.2480711 0.4865091 0.2480785 0.4610661 0.2539117 0.4839708 0.2539114 0.6041247 0.2539114 0.6317571 0.248072 0.6159886 0.2539114 0.6041247 0.248072 0.6159886 0.248076 0.5894334 0.2539113 0.659491 0.2480645 0.6505802 0.2539114 0.6317571 0.2480775 0.7029992 0.2480702 0.6816878 0.2539114 0.7000738 0.2539114 0.7000738 0.2480702 0.6816878 0.2539113 0.6835131 0.2480702 0.6816878 0.2539113 0.659491 0.2539113 0.6835131 0.248072 0.6159886 0.2539114 0.6317571 0.2480645 0.6505802 0.2480645 0.6505802 0.2539113 0.659491 0.2480702 0.6816878 0.24808 0.7681502 0.2539113 0.7628028 0.2539113 0.7850483 0.2480775 0.7029992 0.2539114 0.7000738 0.2539115 0.72225 0.2480779 0.7400323 0.2539115 0.72225 0.2539113 0.7462128 0.2539113 0.7462128 0.2539113 0.7628028 0.24808 0.7681502 0.2480801 0.7998963 0.24808 0.7681502 0.2539113 0.7850483 0.2480779 0.7400323 0.2539113 0.7462128 0.24808 0.7681502 0.2539114 0.8736482 0.2480798 0.8595363 0.2539114 0.8495855 0.2539114 0.8071146 0.2480801 0.7998963 0.2539113 0.7850483 0.24808 0.8310819 0.2539114 0.8071146 0.2539113 0.8274924 0.2480801 0.7998963 0.2539114 0.8071146 0.24808 0.8310819 0.2480714 0.7201018 0.2480775 0.7029992 0.2539115 0.72225 0.2539115 0.72225 0.2480779 0.7400323 0.2480714 0.7201018 0.2539114 0.8495855 0.24808 0.8310819 0.2539113 0.8274924 0.2539114 0.8736482 0.2480799 0.8847755 0.2480798 0.8595363 0.2539114 0.8975496 0.2480799 0.8847755 0.2539114 0.8736482 0.2539113 0.914237 0.24808 0.9133918 0.2539114 0.8975496 0.24808 0.9133918 0.2480799 0.8847755 0.2539114 0.8975496 0.24808 0.8310819 0.2539114 0.8495855 0.2480798 0.8595363 0.5391716 0.6320154 0.5391211 0.601911 0.5362491 0.6320769 0.4290012 0.7975922 0.4379967 0.8180344 0.4379967 0.7828956 0.4327582 0.8170934 0.4379967 0.8180344 0.4290012 0.7975922 0.4256091 0.841948 0.4304025 0.8478996 0.4327582 0.8170934 0.4256091 0.841948 0.4327582 0.8170934 0.4290012 0.7975922 0.2363268 0.523191 0.2304832 0.5190213 0.2363259 0.4968985 0.2363228 0.4758672 0.2304832 0.4600489 0.2363167 0.4600125 0.2363192 0.5484029 0.2304831 0.5431076 0.2363268 0.523191 0.2363259 0.4968985 0.2304831 0.4803525 0.2363228 0.4758672 0.2363227 0.5735819 0.2304831 0.5597245 0.2363192 0.5484029 0.2363288 0.6341847 0.2363317 0.6526564 0.2304831 0.6334065 0.2363227 0.5735819 0.2363189 0.5972979 0.2304831 0.580033 0.2363317 0.6526564 0.2363275 0.6750196 0.2304831 0.657559 0.2363268 0.6157049 0.2363288 0.6341847 0.2304831 0.6334065 0.2363189 0.5972979 0.2363268 0.6157049 0.2304831 0.6058209 0.236322 0.6936976 0.2304831 0.6962236 0.2363275 0.6750196 0.2304831 0.4803525 0.2304832 0.4600489 0.2363228 0.4758672 0.2304831 0.4803525 0.2363259 0.4968985 0.2304832 0.4969605 0.2304832 0.5190213 0.2304832 0.4969605 0.2363259 0.4968985 0.2304832 0.5190213 0.2363268 0.523191 0.2304831 0.5431076 0.2363192 0.5484029 0.2304831 0.5597245 0.2304831 0.5431076 0.2363227 0.5735819 0.2304831 0.580033 0.2304831 0.5597245 0.2304831 0.580033 0.2363189 0.5972979 0.2304831 0.6058209 0.2304831 0.6334065 0.2304831 0.6058209 0.2363268 0.6157049 0.2304831 0.6334065 0.2363317 0.6526564 0.2304831 0.657559 0.2304831 0.657559 0.2363275 0.6750196 0.2304831 0.6741704 0.2363275 0.6750196 0.2304831 0.6962236 0.2304831 0.6741704 0.2304831 0.7239553 0.2363225 0.7147859 0.2363184 0.7411621 0.236322 0.6936976 0.2363225 0.7147859 0.2304831 0.6962236 0.2363184 0.7411621 0.2363253 0.7716539 0.2304831 0.7461939 0.2363273 0.8031967 0.2304831 0.7830048 0.2363253 0.7716539 0.2304831 0.8661397 0.2363163 0.8539833 0.2363163 0.873368 0.2363163 0.8539833 0.2304831 0.8495383 0.2363218 0.8321029 0.2304831 0.8827455 0.2363163 0.873368 0.2363164 0.8951203 0.2304831 0.8993667 0.2363164 0.8951203 0.2363165 0.9142208 0.2363218 0.8321029 0.2304831 0.8273493 0.2363273 0.8031967 0.2363225 0.7147859 0.2304831 0.7239553 0.2304831 0.6962236 0.2363184 0.7411621 0.2304831 0.7461939 0.2304831 0.7239553 0.2304831 0.7627705 0.2304831 0.7461939 0.2363253 0.7716539 0.2363273 0.8031967 0.2304831 0.805259 0.2304831 0.7830048 0.2363253 0.7716539 0.2304831 0.7830048 0.2304831 0.7627705 0.2304831 0.8273493 0.2304831 0.805259 0.2363273 0.8031967 0.2363218 0.8321029 0.2304831 0.8495383 0.2304831 0.8273493 0.2304831 0.8661397 0.2304831 0.8495383 0.2363163 0.8539833 0.2304831 0.8827455 0.2304831 0.8661397 0.2363163 0.873368 0.2363164 0.8951203 0.2304831 0.8993667 0.2304831 0.8827455 0.2304831 0.9142942 0.2304831 0.8993667 0.2363165 0.9142208 0.3699167 0.1341241 0.3727121 0.1029132 0.3668528 0.1032269 0.3668528 0.1032269 0.3639597 0.135758 0.3699167 0.1341241 0.4263557 0.03339809 0.4204196 0.0342791 0.4174209 0.0680471 0.4174209 0.0680471 0.4233325 0.06724351 0.4263557 0.03339809 0.4371864 0.5688771 0.4401636 0.5338605 0.4340467 0.5371778 0.4371864 0.5688771 0.4304642 0.5793017 0.4320738 0.5951637 0.4371864 0.5688771 0.4340467 0.5371778 0.4304642 0.5793017 0.337103 0.1019616 0.3311784 0.1030079 0.3341014 0.1357858 0.3311784 0.1030079 0.3282662 0.1357559 0.3341014 0.1357858 0.3702771 0.06032133 0.3727203 0.03419381 0.3668828 0.03416377 0.3668828 0.03416377 0.364129 0.06523025 0.3702771 0.06032133 0.4220115 0.5711512 0.4257757 0.5268607 0.4167363 0.564551 0.419424 0.5329429 0.4167363 0.564551 0.4257757 0.5268607 0.4145448 0.5903313 0.419969 0.5951589 0.4220115 0.5711512 0.4145448 0.5903313 0.4220115 0.5711512 0.4167363 0.564551 0.4236896 0.1312994 0.4262562 0.1028889 0.4204263 0.1027972 0.4236896 0.1312994 0.4204263 0.1027972 0.4179666 0.1305174 0.3875935 0.033495 0.3905589 -1.66519e-5 0.3847422 -2.18231e-4 0.3847422 -2.18231e-4 0.3817997 0.03291076 0.3875935 0.033495 0.509015 0.4651617 0.5117749 0.500566 0.5156646 0.4557884 0.509015 0.4651617 0.5051549 0.509594 0.5117749 0.500566 0.5051549 0.509594 0.509866 0.5225489 0.5117749 0.500566 0.407242 0.6853393 0.3907371 0.683797 0.3905159 0.6896216 0.407242 0.6853393 0.3905159 0.6896216 0.4250824 0.692553 0.407242 0.6853393 0.4250824 0.692553 0.425056 0.6867081 0.3952162 0.7828661 0.3932921 0.8103234 0.4000875 0.7827755 0.4000875 0.7827755 0.3932921 0.8103234 0.398076 0.8102293 0.4862433 0.6495742 0.4804158 0.6444742 0.4862387 0.6264515 0.4862387 0.6264515 0.4804133 0.6227267 0.4862347 0.6013547 0.4862378 0.6725104 0.4862358 0.6913524 0.4804154 0.6792734 0.4862378 0.6725104 0.4804164 0.6625338 0.4862433 0.6495742 0.4862347 0.6013547 0.4804133 0.6227267 0.4803998 0.6015676 0.4804158 0.6444742 0.4804133 0.6227267 0.4862387 0.6264515 0.4862433 0.6495742 0.4804164 0.6625338 0.4804158 0.6444742 0.4804176 0.7240498 0.4862349 0.7117196 0.4862373 0.7327225 0.4862373 0.7327225 0.4862414 0.7590129 0.4804193 0.7445667 0.4862349 0.7117196 0.4804138 0.6997838 0.4862358 0.6913524 0.4804154 0.6792734 0.4804164 0.6625338 0.4862378 0.6725104 0.4804138 0.6997838 0.4804154 0.6792734 0.4862358 0.6913524 0.4862414 0.7590129 0.4804142 0.7625404 0.4804193 0.7445667 0.4804138 0.6997838 0.4862349 0.7117196 0.4804176 0.7240498 0.4862373 0.7327225 0.4804193 0.7445667 0.4804176 0.7240498 0.4862456 0.7847362 0.4804148 0.7867999 0.4862414 0.7590129 0.4804142 0.7625404 0.4862414 0.7590129 0.4804148 0.7867999 0.4862456 0.7847362 0.4862453 0.8058992 0.4804148 0.7867999 0.4804169 0.8097803 0.4862453 0.8058992 0.4862452 0.8270652 0.4804156 0.8265441 0.4862452 0.8270652 0.4804143 0.8432895 0.4804143 0.8432895 0.4862452 0.8270652 0.4862461 0.8482264 0.4862448 0.8693891 0.4804208 0.86632 0.4862461 0.8482264 0.4849658 0.895396 0.4804134 0.8918061 0.4862448 0.8693891 0.4804143 0.8432895 0.4862461 0.8482264 0.4804208 0.86632 0.4804134 0.8918061 0.4804208 0.86632 0.4862448 0.8693891 0.4804169 0.8097803 0.4804148 0.7867999 0.4862453 0.8058992 0.4804156 0.8265441 0.4804169 0.8097803 0.4862452 0.8270652 0.4804159 0.9148468 0.4849658 0.895396 0.4817144 0.919618 0.4804159 0.9148468 0.4804134 0.8918061 0.4849658 0.895396 0.4140894 0.7207597 0.3907485 0.7197713 0.4163353 0.7267598 0.4163353 0.7267598 0.4502696 0.7238351 0.4140894 0.7207597 0.4492759 0.727527 0.4502696 0.7238351 0.4163353 0.7267598 0.5272598 0.6856141 0.5214357 0.6668583 0.5272623 0.6652123 0.5272616 0.6169334 0.5214357 0.6153785 0.5258132 0.6014503 0.5272598 0.6856141 0.52726 0.7072684 0.52144 0.6929932 0.527261 0.7610562 0.5214399 0.7514786 0.5272642 0.7443584 0.5272611 0.7276943 0.5272642 0.7443584 0.5214399 0.7514786 0.5272585 0.6423725 0.5214337 0.6383605 0.5272616 0.6169334 0.5272623 0.6652123 0.5214357 0.6668583 0.5272585 0.6423725 0.52726 0.7072684 0.52144 0.7133347 0.52144 0.6929932 0.5214357 0.6668583 0.5272598 0.6856141 0.52144 0.6929932 0.5272616 0.6169334 0.5214337 0.6383605 0.5214357 0.6153785 0.5272585 0.6423725 0.5214357 0.6668583 0.5214337 0.6383605 0.5272611 0.7276943 0.52144 0.7133347 0.52726 0.7072684 0.5272611 0.7276943 0.52144 0.729375 0.52144 0.7133347 0.5272595 0.782769 0.5214398 0.7783762 0.527261 0.7610562 0.5272611 0.7276943 0.5214399 0.7514786 0.52144 0.729375 0.5214398 0.7783762 0.5214399 0.7514786 0.527261 0.7610562 0.5272601 0.8285019 0.5214398 0.8258324 0.5272585 0.8068729 0.5272585 0.8068729 0.5214398 0.8008349 0.5272595 0.782769 0.527259 0.848911 0.5214398 0.8258324 0.5272601 0.8285019 0.5214397 0.853405 0.527259 0.848911 0.5272643 0.866832 0.5272603 0.90395 0.5214396 0.8995447 0.5272598 0.883535 0.5271633 0.9255312 0.5214383 0.9209945 0.5272603 0.90395 0.5271633 0.9255312 0.5246882 0.9466348 0.5214383 0.9209945 0.5214396 0.8782276 0.5272643 0.866832 0.5272598 0.883535 0.5214398 0.7783762 0.5272595 0.782769 0.5214398 0.8008349 0.5272585 0.8068729 0.5214398 0.8258324 0.5214398 0.8008349 0.5214398 0.8258324 0.527259 0.848911 0.5214397 0.853405 0.5214396 0.8782276 0.5214397 0.853405 0.5272643 0.866832 0.5214396 0.8995447 0.5214396 0.8782276 0.5272598 0.883535 0.5272603 0.90395 0.5214383 0.9209945 0.5214396 0.8995447 0.5214303 0.9466446 0.5214383 0.9209945 0.5246882 0.9466348 0.5213475 0.9650555 0.5214303 0.9466446 0.5246882 0.9466348 0.3242349 0.532199 0.3242349 0.5524332 0.3183978 0.5445148 0.3184 0.5630404 0.3242349 0.5524332 0.3242349 0.5690141 0.3242349 0.4860782 0.324235 0.5099793 0.3183882 0.504835 0.3184018 0.4611197 0.3242371 0.4600713 0.3242349 0.4860782 0.3242349 0.532199 0.3183941 0.5259889 0.324235 0.5099793 0.324235 0.6189919 0.3242349 0.6485038 0.3183992 0.6290439 0.3183947 0.6674929 0.3242349 0.6485038 0.324235 0.6780396 0.3242349 0.5912635 0.318399 0.5868526 0.3242349 0.5690141 0.3183968 0.6105446 0.3242349 0.5912635 0.324235 0.6189919 0.324235 0.6780396 0.324235 0.707576 0.3183973 0.6899127 0.3183923 0.4839325 0.3184018 0.4611197 0.3242349 0.4860782 0.3242349 0.4860782 0.3183882 0.504835 0.3183923 0.4839325 0.3183978 0.5445148 0.3242349 0.5524332 0.3184 0.5630404 0.3183882 0.504835 0.324235 0.5099793 0.3183941 0.5259889 0.3183941 0.5259889 0.3242349 0.532199 0.3183978 0.5445148 0.3242349 0.5690141 0.318399 0.5868526 0.3184 0.5630404 0.3242349 0.5912635 0.3183968 0.6105446 0.318399 0.5868526 0.3183992 0.6290439 0.3183968 0.6105446 0.324235 0.6189919 0.3242349 0.6485038 0.3183935 0.6473906 0.3183992 0.6290439 0.3183947 0.6674929 0.324235 0.6780396 0.3183973 0.6899127 0.3242349 0.6485038 0.3183947 0.6674929 0.3183935 0.6473906 0.3242349 0.7905471 0.3242349 0.8146558 0.3183885 0.7955842 0.3242349 0.7905471 0.318396 0.7769777 0.3242349 0.7739401 0.3242349 0.7314771 0.3183982 0.7149869 0.324235 0.707576 0.3242349 0.7536652 0.3184003 0.7375984 0.3242349 0.7314771 0.3242349 0.7739401 0.318395 0.7584847 0.3242349 0.7536652 0.3242349 0.8532742 0.324235 0.8755329 0.318395 0.8653944 0.3184018 0.8893156 0.324235 0.8755329 0.324235 0.8957119 0.324235 0.8957119 0.324235 0.9139275 0.3184036 0.9142836 0.3242349 0.8146558 0.324235 0.8366406 0.3183879 0.8405212 0.3183879 0.8405212 0.324235 0.8366406 0.3242349 0.8532742 0.324235 0.707576 0.3183982 0.7149869 0.3183973 0.6899127 0.3184003 0.7375984 0.3242349 0.7536652 0.318395 0.7584847 0.318395 0.7584847 0.3242349 0.7739401 0.318396 0.7769777 0.3183982 0.7149869 0.3242349 0.7314771 0.3184003 0.7375984 0.3242349 0.7905471 0.3183885 0.7955842 0.318396 0.7769777 0.3183921 0.8164632 0.3183885 0.7955842 0.3242349 0.8146558 0.3242349 0.8532742 0.318395 0.8653944 0.3183879 0.8405212 0.3183879 0.8405212 0.3183921 0.8164632 0.3242349 0.8146558 0.318395 0.8653944 0.324235 0.8755329 0.3184018 0.8893156 0.3184018 0.8893156 0.324235 0.8957119 0.3184036 0.9142836 0.5566665 0.6265444 0.5566665 0.5977627 0.5480079 0.6266144 0.5480079 0.6266144 0.5566665 0.5977627 0.5501831 0.5978302 0.5480079 0.6266144 0.5566665 0.6492183 0.5566665 0.6265444 0.5566665 0.6492183 0.5480079 0.6266144 0.5515339 0.6485693 0.5450115 0.6662949 0.5515339 0.6485693 0.5480079 0.6266144 0.3007751 0.4767712 0.2949324 0.4599613 0.300766 0.4600124 0.2949324 0.5375813 0.3007785 0.5194237 0.300773 0.5443327 0.3007751 0.4767712 0.2949331 0.4785255 0.2949324 0.4599613 0.2949331 0.4785255 0.3007802 0.4969551 0.2949323 0.4969937 0.2949324 0.5135533 0.2949323 0.4969937 0.3007785 0.5194237 0.2949331 0.4785255 0.3007751 0.4767712 0.3007802 0.4969551 0.3007802 0.4969551 0.3007785 0.5194237 0.2949323 0.4969937 0.2949324 0.5375813 0.2949324 0.5135533 0.3007785 0.5194237 0.3007667 0.5998948 0.3007737 0.6210281 0.2949323 0.6151242 0.2949323 0.6372415 0.3007737 0.6210281 0.3007754 0.6433494 0.3007754 0.6433494 0.3007755 0.667285 0.2949324 0.6667834 0.2949324 0.6667834 0.3007755 0.667285 0.3007714 0.692363 0.2949324 0.5375813 0.300773 0.5443327 0.2949323 0.56531 0.300773 0.5443327 0.3007717 0.573175 0.2949323 0.56531 0.3007717 0.573175 0.3007667 0.5998948 0.2949323 0.5929366 0.3007717 0.573175 0.2949323 0.5929366 0.2949323 0.56531 0.3007667 0.5998948 0.2949323 0.6151242 0.2949323 0.5929366 0.3007737 0.6210281 0.2949323 0.6372415 0.2949323 0.6151242 0.2949324 0.6667834 0.2949323 0.6372415 0.3007754 0.6433494 0.3007714 0.692363 0.2949325 0.6907586 0.2949324 0.6667834 0.3007799 0.7902448 0.2949324 0.7701466 0.3007734 0.7634788 0.2949324 0.7425105 0.3007713 0.7347033 0.3007734 0.7634788 0.3007699 0.7135508 0.2949324 0.7147851 0.3007714 0.692363 0.2949324 0.7147851 0.2949325 0.6907586 0.3007714 0.692363 0.3007713 0.7347033 0.2949324 0.7147851 0.3007699 0.7135508 0.2949324 0.7147851 0.3007713 0.7347033 0.2949324 0.7425105 0.2949324 0.7701466 0.2949324 0.7425105 0.3007734 0.7634788 0.300778 0.8377586 0.2949323 0.816364 0.3007788 0.8151325 0.3007791 0.8601279 0.2949324 0.8606541 0.300778 0.8377586 0.3007685 0.8891759 0.2949324 0.8606541 0.3007791 0.8601279 0.3007788 0.8151325 0.2949323 0.816364 0.3007799 0.7902448 0.2949324 0.7941476 0.2949324 0.7701466 0.3007799 0.7902448 0.3007799 0.7902448 0.2949323 0.816364 0.2949324 0.7941476 0.300778 0.8377586 0.2949324 0.8384301 0.2949323 0.816364 0.3007685 0.8891759 0.2949324 0.888284 0.2949324 0.8606541 0.3007658 0.914229 0.2949325 0.9141978 0.2949324 0.888284 0.3007685 0.8891759 0.3007658 0.914229 0.2949324 0.888284 0.2949324 0.8606541 0.2949324 0.8384301 0.300778 0.8377586 0.47867 0.03684967 0.4530798 0.02939748 0.4531831 0.0349673 0.47867 0.03684967 0.4804078 0.03172975 0.4530798 0.02939748 0.4441955 0.03336477 0.4382672 0.03427958 0.4353043 0.06764566 0.4353043 0.06764566 0.4411807 0.0672279 0.4441955 0.03336477 0.4108163 0.4554063 0.4044216 0.4620037 0.4079122 0.4895799 0.4044216 0.4620037 0.4003715 0.5096383 0.4079122 0.4895799 0.4003715 0.5096383 0.4049866 0.5239785 0.4079122 0.4895799 0.4441952 -9.39018e-4 0.4382672 -2.60275e-5 0.4353018 0.03336977 0.4353018 0.03336977 0.4411801 0.03293895 0.4441952 -9.39018e-4 0.4234588 0.09981781 0.426254 0.06860792 0.4203947 0.0689215 0.4203947 0.0689215 0.4175014 0.1014527 0.4234588 0.09981781 0.434454 0.4612086 0.4311656 0.4998845 0.4394209 0.4714124 0.4311656 0.4998845 0.4352871 0.5200279 0.4394209 0.4714124 0.4311656 0.4998845 0.4291152 0.5240077 0.4352871 0.5200279 0.33463 0.02642482 0.3311835 -1.68561e-5 0.3292677 0.02198684 0.33463 0.02642482 0.3370178 -1.15622e-5 0.3311835 -1.68561e-5 0.3893104 0.5972289 0.3841482 0.5973036 0.3815396 0.6320772 0.3815396 0.6320772 0.3866932 0.6320748 0.3893104 0.5972289 0.3508864 0.5265846 0.3444252 0.53396 0.3480499 0.5599699 0.3480499 0.5599699 0.3444252 0.53396 0.3403395 0.5820147 0.3450679 0.595038 0.3480499 0.5599699 0.3403395 0.5820147 0.3638635 0.1025264 0.3727405 0.06828516 0.366877 0.06858581 0.3727405 0.06828516 0.3638635 0.1025264 0.3697955 0.1015347 0.3913397 0.7826511 0.3864579 0.7828584 0.3846966 0.8081297 0.389063 0.8142238 0.3913397 0.7826511 0.3846966 0.8081297 0.2347603 0.1077185 0.1992729 0.1076825 0.2342447 0.1106193 0.2608953 0.1077185 0.2347603 0.1077185 0.2609133 0.1120352 0.2347603 0.1077185 0.2342447 0.1106193 0.2609133 0.1120352 0.416579 0.8391342 0.4136499 0.8136222 0.4136871 0.8360182 0.416579 0.878854 0.416579 0.8391342 0.4113598 0.8790592 0.4113598 0.8790592 0.416579 0.8391342 0.4136871 0.8360182 0.6494387 0.8660423 0.649771 0.8612955 0.6173981 0.8612955 0.6494387 0.8660423 0.6173981 0.8612955 0.6151761 0.8642222 0.6494387 0.8660423 0.6738215 0.8612955 0.649771 0.8612955 0.6494387 0.8660423 0.6738229 0.8673377 0.6738215 0.8612955 0.2342447 0.1283609 0.2347603 0.1254602 0.1992729 0.1254242 0.2608953 0.1254602 0.2347603 0.1254602 0.2609133 0.1297768 0.2347603 0.1254602 0.2342447 0.1283609 0.2609133 0.1297768 0.4477562 0.8391342 0.4448271 0.8136222 0.4448648 0.8360111 0.4477562 0.8790246 0.4477562 0.8391342 0.4425498 0.8788242 0.4425498 0.8788242 0.4477562 0.8391342 0.4448648 0.8360111 0.514343 0.8410066 0.5146753 0.8362599 0.4823025 0.8362599 0.514343 0.8410066 0.4823025 0.8362599 0.4800806 0.8391866 0.514343 0.8410066 0.5387259 0.8362599 0.5146753 0.8362599 0.514343 0.8410066 0.5387274 0.842302 0.5387259 0.8362599 0.3892389 0.7686129 0.3892661 0.7162185 0.4535111 0.7162185 0.4721478 0.7686129 0.4535111 0.7162185 0.5273156 0.7162185 0.6143947 0.7162185 0.5871396 0.7686129 0.5273156 0.7162185 0.692836 0.7162185 0.6928631 0.7686129 0.6143947 0.7162185 0.529326 0.6623592 0.614792 0.7147536 0.5388911 0.7147536 0.6929516 0.6623592 0.614792 0.7147536 0.6101092 0.6623592 0.2152529 0.701245 0.2388843 0.7281796 0.2004384 0.731957 0.2152529 0.701245 0.2403627 0.6782441 0.2388843 0.7281796 0.2004384 0.731957 0.2388843 0.7281796 0.2314496 0.7643553 0.2715186 0.6648091 0.2662318 0.7036508 0.2403627 0.6782441 0.302511 0.6983177 0.2715186 0.6648091 0.3054433 0.6639952 0.2715186 0.6648091 0.302511 0.6983177 0.2662318 0.7036508 0.2662318 0.7036508 0.2388843 0.7281796 0.2403627 0.6782441 0.2051736 0.7988949 0.1964099 0.7659087 0.2314496 0.7643553 0.2314496 0.7643553 0.1964099 0.7659087 0.2004384 0.731957 0.2350965 0.8354357 0.2051736 0.7988949 0.2489802 0.8022367 0.2051736 0.7988949 0.2314496 0.7643553 0.2489802 0.8022367 0.2350965 0.8354357 0.2489802 0.8022367 0.2812085 0.8197417 0.2812085 0.8197417 0.2715186 0.8532503 0.2350965 0.8354357 0.3433955 0.6782693 0.302511 0.6983177 0.3054433 0.6639952 0.3433955 0.6782693 0.3271784 0.7082042 0.302511 0.6983177 0.3271784 0.7082042 0.3433955 0.6782693 0.346819 0.7332061 0.346819 0.7332061 0.3863381 0.7658386 0.3504565 0.7747885 0.346819 0.7332061 0.3749932 0.713289 0.3863381 0.7658386 0.3433955 0.6782693 0.3749932 0.713289 0.346819 0.7332061 0.3377209 0.8436592 0.3077969 0.818962 0.3312101 0.8062416 0.2715186 0.8532503 0.2812085 0.8197417 0.3054433 0.8540643 0.2812085 0.8197417 0.3077969 0.818962 0.3054433 0.8540643 0.3054433 0.8540643 0.3077969 0.818962 0.3377209 0.8436592 0.3863381 0.7658386 0.3676868 0.8162264 0.3504565 0.7747885 0.3377209 0.8436592 0.3312101 0.8062416 0.3676868 0.8162264 0.3312101 0.8062416 0.3504565 0.7747885 0.3676868 0.8162264 0.04493832 0.1077185 0.07371073 0 -2.54789e-4 0 0.1237033 0.1077185 0.1388231 0 0.07371073 0 0.1237033 0.1077185 0.1944856 0 0.1388231 0 0.7251015 0.1687725 0.8328201 0.1991608 0.8328201 0.1062641 0.8328201 0.1991608 0.7251015 0.2442556 0.8328201 0.2602588 0.8328201 0.2602588 0.7251015 0.3018501 0.8328201 0.30183 0.8328201 0.1991608 0.7251015 0.1687725 0.7251015 0.2442556 0.6803812 0.3331686 0.6279546 0.3853812 0.6670778 0.3687665 0.6279546 0.3853812 0.6601459 0.3816009 0.6670778 0.3687665 0.6336563 0.4627072 0.6279546 0.3853812 0.6025215 0.4450737 0.6279546 0.3853812 0.6633155 0.3967798 0.6601459 0.3816009 0.6670778 0.3687665 0.6807262 0.3650146 0.6803812 0.3331686 0.6756501 0.4044729 0.6633155 0.3967798 0.6490218 0.4645202 0.6633155 0.3967798 0.6279546 0.3853812 0.6490218 0.4645202 0.6336563 0.4627072 0.6025215 0.4450737 0.6223233 0.4711579 0.6189691 0.4834185 0.6223233 0.4711579 0.6013876 0.5099129 0.6013876 0.5099129 0.6223233 0.4711579 0.6025215 0.4450737 0.6336563 0.4627072 0.6490218 0.4645202 0.6279546 0.3853812 0.6490218 0.4645202 0.6585535 0.4749777 0.7167703 0.4714601 0.7654152 0.3288841 0.7310894 0.3096264 0.7573869 0.3454214 0.7573869 0.3454214 0.7310894 0.3096264 0.6803812 0.3331686 0.6803812 0.3331686 0.6967703 0.3743734 0.7573869 0.3454214 0.7671131 0.3612328 0.7573869 0.3454214 0.6967703 0.3743734 0.7882243 0.4216315 0.7671131 0.3612328 0.761433 0.4224081 0.7654152 0.3288841 0.7774748 0.30395 0.7310894 0.3096264 0.6803812 0.3331686 0.6807262 0.3650146 0.6967703 0.3743734 0.7342849 0.4390652 0.6900601 0.4024414 0.6756501 0.4044729 0.7342849 0.4390652 0.6989555 0.3912937 0.6900601 0.4024414 0.6967703 0.3743734 0.6989555 0.3912937 0.7671131 0.3612328 0.6989555 0.3912937 0.761433 0.4224081 0.7671131 0.3612328 0.7342849 0.4390652 0.761433 0.4224081 0.6989555 0.3912937 0.7342849 0.4390652 0.6756501 0.4044729 0.7167703 0.4714601 0.6756501 0.4044729 0.6490218 0.4645202 0.7167703 0.4714601 0.6241697 0.4954946 0.6189691 0.4834185 0.6013876 0.5099129 0.6225726 0.5711541 0.6418254 0.5013898 0.6013876 0.5099129 0.6013876 0.5099129 0.6418254 0.5013898 0.6241697 0.4954946 0.6688444 0.5632879 0.657982 0.4894914 0.6418254 0.5013898 0.657982 0.4894914 0.6885378 0.5613616 0.7175595 0.4980889 0.6688444 0.5632879 0.6418254 0.5013898 0.6225726 0.5711541 0.6885378 0.5613616 0.657982 0.4894914 0.6688444 0.5632879 0.6225726 0.5711541 0.6597203 0.5802951 0.6688444 0.5632879 0.6225726 0.5711541 0.657788 0.6144727 0.6597203 0.5802951 0.657788 0.6144727 0.6678833 0.5952234 0.6597203 0.5802951 0.657788 0.6144727 0.6874316 0.5976027 0.6678833 0.5952234 0.7135937 0.6478767 0.6874316 0.5976027 0.657788 0.6144727 0.7342849 0.5251266 0.6885378 0.5613616 0.6988543 0.5719173 0.6993154 0.5850002 0.6874316 0.5976027 0.7580167 0.613958 0.7342849 0.5251266 0.7175595 0.4980889 0.6885378 0.5613616 0.7686043 0.6017733 0.6988543 0.5719173 0.6993154 0.5850002 0.7667592 0.5425602 0.7342849 0.5251266 0.6988543 0.5719173 0.6988543 0.5719173 0.7686043 0.6017733 0.7667592 0.5425602 0.7175595 0.4980889 0.7167703 0.4714601 0.657982 0.4894914 0.6874316 0.5976027 0.7135937 0.6478767 0.7580167 0.613958 0.7135937 0.6478767 0.7607528 0.6303151 0.7580167 0.613958 0.7607528 0.6303151 0.7135937 0.6478767 0.7775089 0.6602417 0.7580167 0.613958 0.7686043 0.6017733 0.6993154 0.5850002 0.7775089 0.6602417 0.7735642 0.6395977 0.7607528 0.6303151 0.7667592 0.5425602 0.7686043 0.6017733 0.7878705 0.6029589 0.7167703 0.4714601 0.6585535 0.4749777 0.657982 0.4894914 0.7654152 0.3288841 0.7814194 0.324594 0.7774748 0.30395 0.7774748 0.30395 0.7814194 0.324594 0.7942308 0.3338767 0.796967 0.3502337 0.860807 0.3706055 0.8413898 0.316315 0.8413898 0.316315 0.7942308 0.3338767 0.796967 0.3502337 0.7863793 0.3624184 0.8556199 0.3880761 0.796967 0.3502337 0.8413898 0.316315 0.7774748 0.30395 0.7942308 0.3338767 0.7863793 0.3624184 0.7671131 0.3612328 0.7882243 0.4216315 0.7882243 0.4216315 0.8130802 0.4314777 0.8556199 0.3880761 0.8130802 0.4314777 0.8308987 0.4514182 0.8636372 0.4016506 0.8308987 0.4514182 0.8391451 0.4821227 0.8991605 0.4707998 0.7863793 0.3624184 0.7882243 0.4216315 0.8556199 0.3880761 0.860807 0.3706055 0.796967 0.3502337 0.8556199 0.3880761 0.8130802 0.4314777 0.8636372 0.4016506 0.8556199 0.3880761 0.8799003 0.3660795 0.8413898 0.316315 0.860807 0.3706055 0.8903195 0.3433338 0.8413898 0.316315 0.8799003 0.3660795 0.9221952 0.3773707 0.8799003 0.3660795 0.8939505 0.3770694 0.8937966 0.3921809 0.8795197 0.404074 0.9448687 0.418108 0.9221952 0.3773707 0.8903195 0.3433338 0.8799003 0.3660795 0.8939505 0.3770694 0.8937966 0.3921809 0.9221952 0.3773707 0.9448687 0.418108 0.9221952 0.3773707 0.8937966 0.3921809 0.8308987 0.4514182 0.8991605 0.4707998 0.8795197 0.404074 0.8795197 0.404074 0.8991605 0.4707998 0.9155925 0.4622108 0.8795197 0.404074 0.8636372 0.4016506 0.8308987 0.4514182 0.9308138 0.468697 0.9553857 0.4634577 0.9155925 0.4622108 0.9448687 0.418108 0.9155925 0.4622108 0.9553857 0.4634577 0.9553857 0.4634577 0.9308138 0.468697 0.9358828 0.4822531 0.9155925 0.4622108 0.9448687 0.418108 0.8795197 0.404074 0.8960663 0.4874951 0.8991605 0.4707998 0.8391451 0.4821227 0.8308988 0.5127735 0.8033154 0.5372487 0.8649235 0.5617503 0.7878705 0.6029589 0.8560281 0.572898 0.8033154 0.5372487 0.7878705 0.6029589 0.8591642 0.5907999 0.8560281 0.572898 0.9046297 0.4991066 0.8308988 0.5127735 0.8813192 0.5605953 0.8033154 0.5372487 0.8560281 0.572898 0.8649235 0.5617503 0.8308988 0.5127735 0.8649235 0.5617503 0.8813192 0.5605953 0.8960663 0.4874951 0.8391451 0.4821227 0.8308988 0.5127735 0.7895685 0.6353076 0.7735642 0.6395977 0.7775089 0.6602417 0.8238942 0.6545653 0.7895685 0.6353076 0.7775089 0.6602417 0.8591642 0.5907999 0.7878705 0.6029589 0.7975967 0.6187703 0.7975967 0.6187703 0.8746023 0.6310232 0.8591642 0.5907999 0.8755735 0.5994038 0.8591642 0.5907999 0.8746023 0.6310232 0.7895685 0.6353076 0.8238942 0.6545653 0.7975967 0.6187703 0.8238942 0.6545653 0.8746023 0.6310232 0.7975967 0.6187703 0.8033154 0.5372487 0.7667592 0.5425602 0.7878705 0.6029589 0.8960663 0.4874951 0.8308988 0.5127735 0.9046297 0.4991066 0.8813192 0.5605953 0.9170515 0.5024125 0.9046297 0.4991066 0.9497191 0.5280558 0.9358828 0.4822531 0.9298093 0.4962546 0.9497191 0.5280558 0.9298093 0.4962546 0.9170515 0.5024125 0.9358828 0.4822531 0.9497191 0.5280558 0.9553857 0.4634577 0.9497191 0.5280558 0.8813192 0.5605953 0.8945121 0.5758245 0.8755735 0.5994038 0.8746023 0.6310232 0.8896081 0.5935313 0.8945121 0.5758245 0.9222151 0.5867937 0.9497191 0.5280558 0.8813192 0.5605953 0.9497191 0.5280558 0.9170515 0.5024125 0.9222151 0.5867937 0.8945121 0.5758245 0.8896081 0.5935313 0.8896081 0.5935313 0.8746023 0.6310232 0.9222151 0.5867937 0.3153333 0.05385923 0.3023243 0.1062537 0.1959104 0.05385929 0.4748718 0.05385923 0.4711883 0.1062537 0.3153333 0.05385923 0.6159363 0.05385923 0.4711883 0.1062537 0.4748718 0.05385923 0.7599269 0.05385923 0.6375805 0.1062537 0.6159363 0.05385923 0.6284144 0 0.5844883 0.05239439 0.4870987 0 0.7605327 0.05239439 0.6284144 0 0.7597181 0 0.2618473 0.3968958 0.2493734 0.3565312 0.2590979 0.3774891 0.2157085 0.4010344 0.2464828 0.460313 0.2004823 0.445074 0.2157085 0.4010344 0.2618473 0.3968958 0.2464828 0.460313 0.2618473 0.3968958 0.2157085 0.4010344 0.2493734 0.3565312 0.2697644 0.3653897 0.2590979 0.3774891 0.2493734 0.3565312 0.2697644 0.3653897 0.2493734 0.3565312 0.2838735 0.3634606 0.2782409 0.4070338 0.2464828 0.460313 0.2618473 0.3968958 0.2464828 0.460313 0.2782409 0.4070338 0.2833333 0.4551336 0.217858 0.4740002 0.2184851 0.4893475 0.1964134 0.4914407 0.217858 0.4740002 0.1964134 0.4914407 0.2004823 0.445074 0.2282121 0.4618586 0.217858 0.4740002 0.2004823 0.445074 0.2833333 0.4551336 0.258242 0.467801 0.2464828 0.460313 0.258242 0.467801 0.2833333 0.4551336 0.2611014 0.4818264 0.2464828 0.460313 0.2282121 0.4618586 0.2004823 0.445074 0.3115547 0.316315 0.2957645 0.3696693 0.2838735 0.3634606 0.3115547 0.316315 0.3559151 0.3411318 0.2957645 0.3696693 0.3115547 0.316315 0.2838735 0.3634606 0.2493734 0.3565312 0.3559151 0.3411318 0.3754356 0.30395 0.3681713 0.3257687 0.3600096 0.3605625 0.302335 0.3849331 0.3559151 0.3411318 0.3115547 0.316315 0.3754356 0.30395 0.3559151 0.3411318 0.3757231 0.3682112 0.3617653 0.387449 0.3600096 0.3605625 0.298261 0.4245468 0.2833333 0.4551336 0.2782409 0.4070338 0.2947846 0.4013773 0.298261 0.4245468 0.2782409 0.4070338 0.3559151 0.3411318 0.302335 0.3849331 0.2957645 0.3696693 0.3617653 0.387449 0.3235625 0.4016398 0.3600096 0.3605625 0.3235625 0.4016398 0.2947846 0.4013773 0.302335 0.3849331 0.3235625 0.4016398 0.298261 0.4245468 0.2947846 0.4013773 0.3600096 0.3605625 0.3235625 0.4016398 0.302335 0.3849331 0.2833333 0.4551336 0.282191 0.5023008 0.2611014 0.4818264 0.1964134 0.4914407 0.2184851 0.4893475 0.233911 0.5015537 0.233911 0.5015537 0.2053266 0.53713 0.1964134 0.4914407 0.2534214 0.4974759 0.2611014 0.4818264 0.282191 0.5023008 0.2534214 0.4974759 0.2687913 0.5575164 0.233911 0.5015537 0.2687913 0.5575164 0.2053266 0.53713 0.233911 0.5015537 0.282191 0.5023008 0.2687913 0.5575164 0.2534214 0.4974759 0.2824229 0.5545303 0.2687913 0.5575164 0.2982611 0.539645 0.2053266 0.53713 0.2569694 0.5714759 0.2307294 0.5867938 0.278342 0.6310232 0.2307294 0.5867938 0.2696085 0.5977635 0.2307294 0.5867938 0.2569694 0.5714759 0.2582684 0.5873529 0.2687913 0.5575164 0.2569694 0.5714759 0.2053266 0.53713 0.278342 0.6310232 0.2696085 0.5977635 0.2891816 0.5955323 0.2582684 0.5873529 0.2696085 0.5977635 0.2307294 0.5867938 0.282191 0.5023008 0.2982611 0.539645 0.2687913 0.5575164 0.2944033 0.5624347 0.2824229 0.5545303 0.2982611 0.539645 0.2944033 0.5624347 0.3297119 0.5655222 0.3000831 0.578911 0.2982611 0.539645 0.3297119 0.5655222 0.2944033 0.5624347 0.3822615 0.5769071 0.3610993 0.5988283 0.3297119 0.5655222 0.3535805 0.6105394 0.2891816 0.5955323 0.3000831 0.578911 0.3297119 0.5655222 0.3535805 0.6105394 0.3000831 0.578911 0.3751821 0.5959805 0.3610993 0.5988283 0.3822615 0.5769071 0.278342 0.6310232 0.2891816 0.5955323 0.3535805 0.6105394 0.3290503 0.6545653 0.278342 0.6310232 0.3535805 0.6105394 0.3535805 0.6105394 0.3551325 0.6287357 0.3290503 0.6545653 0.3290503 0.6545653 0.3551325 0.6287357 0.3754355 0.6602417 0.3551325 0.6287357 0.3673238 0.6390475 0.3754355 0.6602417 0.3827339 0.638423 0.3754355 0.6602417 0.3673238 0.6390475 0.3535805 0.6105394 0.3297119 0.5655222 0.3610993 0.5988283 0.3681713 0.3257687 0.3754356 0.30395 0.3879624 0.3279033 0.3879624 0.3279033 0.3754356 0.30395 0.4393507 0.316315 0.4393507 0.316315 0.3984543 0.3437078 0.3879624 0.3279033 0.4617236 0.3686594 0.3984543 0.3437078 0.4393507 0.316315 0.4617236 0.3686594 0.3927366 0.3619003 0.3984543 0.3437078 0.3927366 0.3619003 0.402481 0.3903394 0.3757231 0.3682112 0.402481 0.3903394 0.3617653 0.387449 0.3757231 0.3682112 0.4508221 0.3852808 0.4429408 0.4148829 0.402481 0.3903394 0.4617236 0.3686594 0.4508221 0.3852808 0.3927366 0.3619003 0.4508221 0.3852808 0.402481 0.3903394 0.3927366 0.3619003 0.4429408 0.4148829 0.4711487 0.409583 0.4687142 0.4618908 0.4711487 0.409583 0.4429408 0.4148829 0.4565019 0.4017569 0.4508221 0.3852808 0.4565019 0.4017569 0.4429408 0.4148829 0.4951311 0.3496963 0.4812967 0.3664282 0.4617236 0.3686594 0.4951311 0.3496963 0.4617236 0.3686594 0.4393507 0.316315 0.4951311 0.3496963 0.5258136 0.3848487 0.4926369 0.3768388 0.5258136 0.3848487 0.4942766 0.3917871 0.4926369 0.3768388 0.4951311 0.3496963 0.4926369 0.3768388 0.4812967 0.3664282 0.5455787 0.4270619 0.4861744 0.404522 0.4942766 0.3917871 0.4942766 0.3917871 0.5258136 0.3848487 0.5455787 0.4270619 0.4861744 0.404522 0.4974838 0.4667159 0.4687142 0.4618908 0.4711487 0.409583 0.4861744 0.404522 0.4687142 0.4618908 0.4861744 0.404522 0.5169941 0.462638 0.4974838 0.4667159 0.4898038 0.4823653 0.4687142 0.4618908 0.4974838 0.4667159 0.5543282 0.4820789 0.5169941 0.462638 0.5455787 0.4270619 0.5543282 0.4820789 0.5324201 0.4748442 0.5169941 0.462638 0.5169941 0.462638 0.4861744 0.404522 0.5455787 0.4270619 0.3908956 0.6036292 0.3822615 0.5769071 0.4326493 0.5581901 0.4561206 0.5628145 0.4482625 0.5774015 0.4326493 0.5581901 0.4326493 0.5581901 0.4482625 0.5774015 0.4533444 0.592366 0.4561206 0.5628145 0.4326493 0.5581901 0.4726644 0.5571579 0.3908956 0.6036292 0.4326493 0.5581901 0.4533444 0.592366 0.4726644 0.5571579 0.4326493 0.5581901 0.4648777 0.5153136 0.3908956 0.6036292 0.3751821 0.5959805 0.3822615 0.5769071 0.3754355 0.6602417 0.3827339 0.638423 0.3949901 0.62306 0.430712 0.6515279 0.3754355 0.6602417 0.3949901 0.62306 0.4533444 0.592366 0.4661313 0.600435 0.430712 0.6515279 0.4533444 0.592366 0.3949901 0.62306 0.3908956 0.6036292 0.3949901 0.62306 0.4533444 0.592366 0.430712 0.6515279 0.430712 0.6515279 0.4661313 0.600435 0.4805793 0.6262288 0.4687142 0.4618908 0.4898038 0.4823653 0.4648777 0.5153136 0.4648777 0.5153136 0.4898038 0.4823653 0.4961405 0.4993093 0.4726644 0.5571579 0.4648777 0.5153136 0.4961405 0.4993093 0.5116239 0.5054754 0.4866244 0.5631689 0.4961405 0.4993093 0.5543282 0.4820789 0.5244402 0.5014917 0.5330473 0.4901916 0.5330473 0.4901916 0.5324201 0.4748442 0.5543282 0.4820789 0.5116239 0.5054754 0.5244402 0.5014917 0.5486286 0.5283089 0.5486286 0.5283089 0.5244402 0.5014917 0.5543282 0.4820789 0.4866244 0.5631689 0.4726644 0.5571579 0.4961405 0.4993093 0.4850071 0.5952684 0.4805793 0.6262288 0.4661313 0.600435 0.5116239 0.5054754 0.5249899 0.5788103 0.4866244 0.5631689 0.5249899 0.5788103 0.4931977 0.5775447 0.4866244 0.5631689 0.5249899 0.5788103 0.5116239 0.5054754 0.5486286 0.5283089 0.5249899 0.5788103 0.4850071 0.5952684 0.4931977 0.5775447 0.4805793 0.6262288 0.4850071 0.5952684 0.5249899 0.5788103 0.475295 0.7811973 0.4557573 0.7867335 0.4494832 0.7812008 0.436622 0.7867334 0.4167943 0.7812041 0.4494832 0.7812008 0.3949267 0.7812101 0.4167943 0.7812041 0.3950104 0.7867332 0.4895519 0.7867333 0.475295 0.7811973 0.4953105 0.7811977 0.4953105 0.7811977 0.5153232 0.7811979 0.5086901 0.7867331 0.5243389 0.7867258 0.5353365 0.7811977 0.5400423 0.7867237 0.5353365 0.7811977 0.5243389 0.7867258 0.5153232 0.7811979 0.5353365 0.7811977 0.5553539 0.7811981 0.5400423 0.7867237 0.5886196 0.7867285 0.5753737 0.781198 0.5953894 0.7811979 0.5953894 0.7811979 0.6128878 0.7811965 0.6098618 0.7867302 0.6328811 0.7811977 0.6566721 0.7811959 0.6481423 0.7867333 0.6803306 0.7811968 0.6661716 0.7867341 0.6566721 0.7811959 0.5553539 0.7811981 0.5753737 0.781198 0.5694945 0.7867262 0.6328811 0.7811977 0.6098618 0.7867302 0.6128878 0.7811965 0.5400423 0.7867237 0.5553539 0.7811981 0.5547809 0.7867261 0.4163253 0.7867333 0.3950104 0.7867332 0.4167943 0.7812041 0.4895519 0.7867333 0.4953105 0.7811977 0.5086901 0.7867331 0.5243389 0.7867258 0.5086901 0.7867331 0.5153232 0.7811979 0.436622 0.7867334 0.4494832 0.7812008 0.4557573 0.7867335 0.4726545 0.7867334 0.475295 0.7811973 0.4895519 0.7867333 0.4167943 0.7812041 0.436622 0.7867334 0.4163253 0.7867333 0.4726545 0.7867334 0.4557573 0.7867335 0.475295 0.7811973 0.5886196 0.7867285 0.5694945 0.7867262 0.5753737 0.781198 0.5694945 0.7867262 0.5547809 0.7867261 0.5553539 0.7811981 0.6098618 0.7867302 0.5886196 0.7867285 0.5953894 0.7811979 0.6328811 0.7811977 0.6481423 0.7867333 0.6301116 0.7867322 0.6098618 0.7867302 0.6328811 0.7811977 0.6301116 0.7867322 0.6852787 0.7867344 0.6661716 0.7867341 0.6803306 0.7811968 0.6566721 0.7811959 0.6661716 0.7867341 0.6481423 0.7867333 0.7154864 0.781197 0.7044271 0.7867341 0.6991478 0.7811989 0.7154864 0.781197 0.7355015 0.7811971 0.7246817 0.7867335 0.7578878 0.7811971 0.7495727 0.7867313 0.7355015 0.7811971 0.7992298 0.7812002 0.7901725 0.7867279 0.7815837 0.7811961 0.7721568 0.7867296 0.7578878 0.7811971 0.7815837 0.7811961 0.6991478 0.7811989 0.6852787 0.7867344 0.6803306 0.7811968 0.7992298 0.7812002 0.8155698 0.7811979 0.8081879 0.7867264 0.7992298 0.7812002 0.8081879 0.7867264 0.7901725 0.7867279 0.8081879 0.7867264 0.8155698 0.7811979 0.8261992 0.7867249 0.8816692 0.7811964 0.8722526 0.7867345 0.85805 0.7811953 0.85805 0.7811953 0.8419139 0.786727 0.8355872 0.7811982 0.899311 0.7812052 0.9168772 0.781196 0.905015 0.7867351 0.9429505 0.7817102 0.9241507 0.7867351 0.9168772 0.781196 0.899311 0.7812052 0.886981 0.7867349 0.8816692 0.7811964 0.8419139 0.786727 0.8261992 0.7867249 0.8355872 0.7811982 0.8355872 0.7811982 0.8261992 0.7867249 0.8155698 0.7811979 0.9429505 0.7817102 0.971021 0.7856264 0.9567924 0.7867351 0.7495727 0.7867313 0.7578878 0.7811971 0.7721568 0.7867296 0.7901725 0.7867279 0.7721568 0.7867296 0.7815837 0.7811961 0.7044271 0.7867341 0.7154864 0.781197 0.7246817 0.7867335 0.7044271 0.7867341 0.6852787 0.7867344 0.6991478 0.7811989 0.7495727 0.7867313 0.7246817 0.7867335 0.7355015 0.7811971 0.8419139 0.786727 0.85805 0.7811953 0.8575465 0.7867344 0.8575465 0.7867344 0.85805 0.7811953 0.8722526 0.7867345 0.886981 0.7867349 0.8722526 0.7867345 0.8816692 0.7811964 0.9168772 0.781196 0.9241507 0.7867351 0.905015 0.7867351 0.9567924 0.7867351 0.9410473 0.7867352 0.9429505 0.7817102 0.886981 0.7867349 0.899311 0.7812052 0.905015 0.7867351 0.9410473 0.7867352 0.9241507 0.7867351 0.9429505 0.7817102 2.99054e-4 0.1832695 0.002313852 0.1678772 0.00289607 0.1463034 6.83473e-4 0.1981832 0.002313852 0.1678772 2.99054e-4 0.1832695 0.3947803 0.8324577 0.389263 0.8258159 0.3946806 0.8146504 0.3941795 0.8531371 0.389263 0.842985 0.3947803 0.8324577 0.389263 0.8258159 0.3947803 0.8324577 0.389263 0.842985 0.389263 0.842985 0.3941795 0.8531371 0.3892629 0.8595228 0.3941795 0.8531371 0.3918901 0.8800768 0.389263 0.8790476 0.389263 0.8790476 0.3892629 0.8595228 0.3941795 0.8531371 0.3902208 0.900811 0.389263 0.8790476 0.3918901 0.8800768 0.5596174 0.8426246 0.557807 0.8587778 0.5568847 0.84259 0.1737266 0.2215617 0.1792569 0.2183969 0.1792568 0.2364248 0.1792565 0.2511557 0.1737275 0.2397769 0.1792568 0.2364248 0.1792568 0.1823635 0.1792568 0.1992619 0.1737286 0.1942024 0.1737397 0.1520779 0.1792629 0.152048 0.1792567 0.1666217 0.1792567 0.1666217 0.1792568 0.1823635 0.1737278 0.168047 0.1792569 0.2183969 0.1737286 0.1942024 0.1792568 0.1992619 0.1737267 0.2573097 0.1792565 0.2511557 0.1792565 0.2658642 0.1792491 0.2814944 0.1737261 0.2773219 0.1792565 0.2658642 0.1737354 0.3934426 0.1792553 0.3895517 0.1792569 0.4098057 0.1792573 0.4255669 0.1792574 0.4424645 0.1737363 0.4177426 0.1737363 0.4177426 0.1792569 0.4098057 0.1792573 0.4255669 0.1792539 0.3692668 0.1737402 0.3709972 0.1792522 0.3512486 0.1737402 0.3709972 0.1792539 0.3692668 0.1792553 0.3895517 0.1792522 0.3512486 0.1737406 0.3486605 0.1792504 0.3332366 0.1737393 0.3262674 0.1792488 0.3152247 0.1792504 0.3332366 0.1792568 0.1823635 0.1737286 0.1942024 0.1737278 0.168047 0.1737397 0.1520779 0.1792567 0.1666217 0.1737278 0.168047 0.1792471 0.2972108 0.1737335 0.2999851 0.1792491 0.2814944 0.1737335 0.2999851 0.1792471 0.2972108 0.1792488 0.3152247 0.1737335 0.2999851 0.1792488 0.3152247 0.1737393 0.3262674 0.1737286 0.1942024 0.1792569 0.2183969 0.1737266 0.2215617 0.1737275 0.2397769 0.1737266 0.2215617 0.1792568 0.2364248 0.1792565 0.2511557 0.1737267 0.2573097 0.1737275 0.2397769 0.1737267 0.2573097 0.1792565 0.2658642 0.1737261 0.2773219 0.1737335 0.2999851 0.1737261 0.2773219 0.1792491 0.2814944 0.1792522 0.3512486 0.1737402 0.3709972 0.1737406 0.3486605 0.1737406 0.3486605 0.1737393 0.3262674 0.1792504 0.3332366 0.1737342 0.4543116 0.1737343 0.4387258 0.1792574 0.4424645 0.1737354 0.3934426 0.1792569 0.4098057 0.1737363 0.4177426 0.1792553 0.3895517 0.1737354 0.3934426 0.1737402 0.3709972 0.1792574 0.4424645 0.1737343 0.4387258 0.1737363 0.4177426 0.1792574 0.4424645 0.1792571 0.4616013 0.1737342 0.4543116 0.1792564 0.4818891 0.1737284 0.4726492 0.1792571 0.4616013 0.1792564 0.4818891 0.1792544 0.4998719 0.1737296 0.4914671 0.1737354 0.5525047 0.173732 0.5341441 0.179251 0.55061 0.1792544 0.4998719 0.1792536 0.5167662 0.1737294 0.5126963 0.173732 0.5341441 0.1792536 0.5167662 0.1792516 0.5358893 0.173732 0.5341441 0.1792516 0.5358893 0.179251 0.55061 0.1737354 0.5525047 0.179251 0.55061 0.1792491 0.5653486 0.1737361 0.5706317 0.1792491 0.5653486 0.1792476 0.5833668 0.1792572 0.6294017 0.1792576 0.6441548 0.1737389 0.6209577 0.1737396 0.6652961 0.1792576 0.6441548 0.1792577 0.6621827 0.1792578 0.7048481 0.1737371 0.6896305 0.1792577 0.6813346 0.1792578 0.7048481 0.1792641 0.728092 0.1737303 0.7125485 0.1792572 0.6294017 0.1737389 0.6209577 0.1792571 0.6147054 0.1737369 0.5932031 0.1792476 0.5833668 0.1792497 0.5990679 0.1737369 0.5932031 0.1792497 0.5990679 0.1792571 0.6147054 0.1792577 0.6813346 0.1737396 0.6652961 0.1792577 0.6621827 0.1737369 0.5932031 0.1737361 0.5706317 0.1792476 0.5833668 0.1737354 0.5525047 0.1792491 0.5653486 0.1737361 0.5706317 0.1737296 0.4914671 0.1737284 0.4726492 0.1792564 0.4818891 0.1792571 0.4616013 0.1737284 0.4726492 0.1737342 0.4543116 0.1737294 0.5126963 0.1737296 0.4914671 0.1792544 0.4998719 0.1792536 0.5167662 0.173732 0.5341441 0.1737294 0.5126963 0.1737405 0.6440179 0.1737389 0.6209577 0.1792576 0.6441548 0.1792576 0.6441548 0.1737396 0.6652961 0.1737405 0.6440179 0.1737389 0.6209577 0.1737301 0.6067904 0.1792571 0.6147054 0.1737301 0.6067904 0.1737369 0.5932031 0.1792571 0.6147054 0.1737396 0.6652961 0.1792577 0.6813346 0.1737371 0.6896305 0.1737303 0.7125485 0.1737371 0.6896305 0.1792578 0.7048481 0.1737396 0.728513 0.1737303 0.7125485 0.1792641 0.728092 0.5543195 0.1335265 0.5561791 0.1246641 0.5561408 0.1076999 0.5547254 0.1520537 0.5561791 0.1246641 0.5543195 0.1335265 0.5529343 0.1730092 0.5547254 0.1520537 0.5543195 0.1335265 0.09722995 0.1521841 0.09724056 0.1744282 0.09170544 0.1536171 0.09724187 0.2344765 0.09170818 0.2309231 0.09724217 0.2145082 0.09170699 0.2511088 0.09724187 0.2344765 0.09724247 0.2557498 0.09170752 0.175757 0.09724056 0.1744282 0.09724175 0.1956965 0.09170556 0.1959295 0.09170752 0.175757 0.09724175 0.1956965 0.09724175 0.1956965 0.09724217 0.2145082 0.09170556 0.1959295 0.09724217 0.2145082 0.09170585 0.2150966 0.09170556 0.1959295 0.09170818 0.2309231 0.09170585 0.2150966 0.09724217 0.2145082 0.09724265 0.2757506 0.09170699 0.2511088 0.09724247 0.2557498 0.09171092 0.2757425 0.09170699 0.2511088 0.09724265 0.2757506 0.09171092 0.2757425 0.09724265 0.2757506 0.09724289 0.2995397 0.09171092 0.2757425 0.09724289 0.2995397 0.09171712 0.3016445 0.09724068 0.3247347 0.09171712 0.3016445 0.09724289 0.2995397 0.09171247 0.3265975 0.09724068 0.3247347 0.09724038 0.3472499 0.09724414 0.3721113 0.09724241 0.3958616 0.09170776 0.3839895 0.09723812 0.4196231 0.09724104 0.444831 0.09170579 0.4347354 0.09171712 0.3016445 0.09724068 0.3247347 0.09171247 0.3265975 0.09170818 0.2309231 0.09724187 0.2344765 0.09170699 0.2511088 0.09170544 0.1536171 0.09724056 0.1744282 0.09170752 0.175757 0.09724038 0.3472499 0.09171301 0.3500949 0.09171247 0.3265975 0.09724038 0.3472499 0.09724414 0.3721113 0.09171301 0.3500949 0.09724414 0.3721113 0.09170776 0.3839895 0.09170901 0.3692556 0.09170818 0.4009118 0.09170776 0.3839895 0.09724241 0.3958616 0.09170901 0.3692556 0.09171301 0.3500949 0.09724414 0.3721113 0.09170919 0.4178385 0.09170818 0.4009118 0.09723812 0.4196231 0.09723812 0.4196231 0.09170818 0.4009118 0.09724241 0.3958616 0.09723812 0.4196231 0.09170579 0.4347354 0.09170919 0.4178385 0.09724354 0.506105 0.09724247 0.5298936 0.09171193 0.5224328 0.09724247 0.5298936 0.09724235 0.54868 0.09171426 0.5462081 0.09724104 0.444831 0.09170597 0.4504014 0.09170579 0.4347354 0.0972445 0.4635373 0.09170597 0.4504014 0.09724104 0.444831 0.0972445 0.4635373 0.09724062 0.4822952 0.09170883 0.4649317 0.09170806 0.4987009 0.09724062 0.4822952 0.09724354 0.506105 0.09724354 0.506105 0.09171193 0.5224328 0.09170806 0.4987009 0.09724265 0.567447 0.09171426 0.5462081 0.09724235 0.54868 0.09170806 0.4987009 0.09170842 0.4807105 0.09724062 0.4822952 0.09171915 0.5833384 0.09724265 0.567447 0.09724175 0.5887315 0.09724158 0.6086946 0.09171104 0.6047471 0.09724175 0.5887315 0.09170693 0.6293777 0.09724158 0.6086946 0.09724462 0.6311629 0.0917145 0.5653296 0.09724265 0.567447 0.09171915 0.5833384 0.09171104 0.6047471 0.09171915 0.5833384 0.09724175 0.5887315 0.09170693 0.6293777 0.09171104 0.6047471 0.09724158 0.6086946 0.09722942 0.6762019 0.09170693 0.6632458 0.09723591 0.6549 0.09722942 0.6762019 0.09722721 0.6937243 0.09170663 0.6823731 0.09170907 0.6993017 0.09722721 0.6937243 0.09723156 0.713453 0.09722918 0.7285023 0.09170609 0.7284893 0.09723156 0.713453 0.09171426 0.5462081 0.09171193 0.5224328 0.09724247 0.5298936 0.0917145 0.5653296 0.09171426 0.5462081 0.09724265 0.567447 0.09170842 0.4807105 0.09170883 0.4649317 0.09724062 0.4822952 0.0972445 0.4635373 0.09170883 0.4649317 0.09170597 0.4504014 0.09723591 0.6549 0.09171122 0.6474121 0.09724462 0.6311629 0.09723591 0.6549 0.09170693 0.6632458 0.09171122 0.6474121 0.09171122 0.6474121 0.09170693 0.6293777 0.09724462 0.6311629 0.09722942 0.6762019 0.09170663 0.6823731 0.09170693 0.6632458 0.09722721 0.6937243 0.09170907 0.6993017 0.09170663 0.6823731 0.09723156 0.713453 0.0917074 0.7150812 0.09170907 0.6993017 0.09170609 0.7284893 0.0917074 0.7150812 0.09723156 0.713453 0.6791869 0.1072829 0.6781199 0.1402349 0.6805679 0.1073279 0.3782183 0.2138658 0.3949763 0.2133677 0.3614702 0.2120311 0.3782183 0.2138658 0.4067995 0.2153835 0.3949763 0.2133677 0.4269676 0.2151902 0.3949763 0.2133677 0.4067995 0.2153835 0.3607829 0.1575437 0.4126797 0.1606918 0.385821 0.1578811 0.4195362 0.1596718 0.385821 0.1578811 0.4126797 0.1606918 0.6155628 0.146808 0.6176933 0.1287091 0.6183252 0.1073995 0.5414944 0.2402821 0.5440211 0.218869 0.5431691 0.2088398 0.5415769 0.2628058 0.5440211 0.218869 0.5414944 0.2402821 0.2021687 0.1316105 0.2285304 0.1341196 0.2395387 0.1333188 0.2395387 0.1333188 0.2285304 0.1341196 0.2603805 0.1351687 0.4611742 0.9019567 0.4473245 0.8964353 0.464198 0.8964353 0.4970694 0.901961 0.4833129 0.8964353 0.5013332 0.8964354 0.5146206 0.9019641 0.5013332 0.8964354 0.5160443 0.8964357 0.4833129 0.8964353 0.4812861 0.9019557 0.464198 0.8964353 0.4193311 0.9019526 0.4170381 0.8964285 0.431599 0.8964354 0.431599 0.8964354 0.4473245 0.8964353 0.4426279 0.9019568 0.5160443 0.8964357 0.5307422 0.8964358 0.5146206 0.9019641 0.5307422 0.8964358 0.5463441 0.8964431 0.537006 0.9019631 0.6385926 0.8964385 0.6634613 0.8964363 0.6470703 0.9019523 0.7028245 0.8964354 0.6906512 0.9019525 0.6836956 0.8964357 0.6634613 0.8964363 0.6836956 0.8964357 0.6719027 0.9019516 0.6385926 0.8964385 0.6258172 0.9019556 0.6160315 0.8964404 0.6160315 0.8964404 0.6083601 0.9019675 0.5980369 0.8964421 0.5800463 0.8964437 0.5980369 0.8964421 0.5847905 0.9019666 0.4426279 0.9019568 0.4193311 0.9019526 0.431599 0.8964354 0.4473245 0.8964353 0.4611742 0.9019567 0.4426279 0.9019568 0.4970694 0.901961 0.4812861 0.9019557 0.4833129 0.8964353 0.5013332 0.8964354 0.5146206 0.9019641 0.4970694 0.901961 0.537006 0.9019631 0.5146206 0.9019641 0.5307422 0.8964358 0.464198 0.8964353 0.4812861 0.9019557 0.4611742 0.9019567 0.5463441 0.8964431 0.5620581 0.8964453 0.5594331 0.9019647 0.5620581 0.8964453 0.5800463 0.8964437 0.5847905 0.9019666 0.6258172 0.9019556 0.6385926 0.8964385 0.6470703 0.9019523 0.6470703 0.9019523 0.6634613 0.8964363 0.6719027 0.9019516 0.6719027 0.9019516 0.6836956 0.8964357 0.6906512 0.9019525 0.7028245 0.8964354 0.7094014 0.9019539 0.6906512 0.9019525 0.5594331 0.9019647 0.537006 0.9019631 0.5463441 0.8964431 0.5594331 0.9019647 0.5620581 0.8964453 0.5847905 0.9019666 0.6160315 0.8964404 0.6258172 0.9019556 0.6083601 0.9019675 0.5847905 0.9019666 0.5980369 0.8964421 0.6083601 0.9019675 0.7028245 0.8964354 0.7241374 0.8964356 0.7094014 0.9019539 0.7465471 0.8964364 0.7332591 0.9019595 0.7241374 0.8964356 0.7714814 0.8964387 0.7558245 0.9019663 0.7465471 0.8964364 0.7939342 0.8964405 0.7758159 0.9019656 0.7714814 0.8964387 0.8119314 0.8964423 0.8120932 0.9019658 0.7939342 0.8964405 0.971499 0.8964358 0.9657223 0.9019502 0.9512245 0.8964357 0.9207455 0.9019594 0.91081 0.8964357 0.9321077 0.8964357 0.8938971 0.8964361 0.91081 0.8964357 0.898104 0.901967 0.8792347 0.8964361 0.8938971 0.8964361 0.898104 0.901967 0.8792347 0.8964361 0.8781074 0.9019659 0.8636007 0.8964435 0.9445489 0.9019526 0.9321077 0.8964357 0.9512245 0.8964357 0.9909867 0.9019544 0.971499 0.8964358 0.9927951 0.8964302 0.7094014 0.9019539 0.7241374 0.8964356 0.7332591 0.9019595 0.8479095 0.8964456 0.8333026 0.9019645 0.8299211 0.896444 0.7939342 0.8964405 0.7932985 0.901965 0.7758159 0.9019656 0.7558245 0.9019663 0.7332591 0.9019595 0.7465471 0.8964364 0.7558245 0.9019663 0.7714814 0.8964387 0.7758159 0.9019656 0.8120932 0.9019658 0.8119314 0.8964423 0.8299211 0.896444 0.8120932 0.9019658 0.8299211 0.896444 0.8333026 0.9019645 0.8120932 0.9019658 0.7932985 0.901965 0.7939342 0.8964405 0.8479095 0.8964456 0.8556939 0.901965 0.8333026 0.9019645 0.8479095 0.8964456 0.8636007 0.8964435 0.8556939 0.901965 0.9321077 0.8964357 0.9445489 0.9019526 0.9207455 0.9019594 0.971499 0.8964358 0.9909867 0.9019544 0.9657223 0.9019502 0.9445489 0.9019526 0.9512245 0.8964357 0.9657223 0.9019502 0.8556939 0.901965 0.8636007 0.8964435 0.8781074 0.9019659 0.8781074 0.9019659 0.8792347 0.8964361 0.898104 0.901967 0.91081 0.8964357 0.9207455 0.9019594 0.898104 0.901967 0.04164111 0.2117251 0.04322135 0.1729092 0.03817462 0.2116351 0.505807 0.8214041 0.4737568 0.8214042 0.4840936 0.8254072 0.505807 0.8214041 0.4840936 0.8254072 0.5273385 0.8277055 0.5273385 0.8277055 0.5387265 0.8214042 0.505807 0.8214041 0.1376857 0.2800165 0.1362775 0.3005307 0.1375353 0.3030334 0.135082 0.3366356 0.1375353 0.3030334 0.1362775 0.3005307 0.392136 0.1337745 0.3614956 0.1327657 0.389755 0.1350343 0.4272658 0.1356403 0.392136 0.1337745 0.389755 0.1350343 0.4269044 0.1370044 0.4272658 0.1356403 0.389755 0.1350343 0.4140352 0.2463272 0.4186424 0.2451874 0.3844615 0.2437515 0.1116259 0.1461805 0.1095629 0.1753302 0.1107736 0.1786603 0.1095629 0.1753302 0.1085721 0.1939923 0.1107736 0.1786603 0.1081793 0.2114635 0.1107736 0.1786603 0.1085721 0.1939923 0.1080797 0.2033094 0.1081793 0.2114635 0.1085721 0.1939923 0.3610243 0.2557358 0.3957284 0.2565879 0.3613469 0.254369 0.1903509 0.2161858 0.1848154 0.2129972 0.1903501 0.1995678 0.1848155 0.1524671 0.1903386 0.1520987 0.1903414 0.1742949 0.1903414 0.1742949 0.1903501 0.1995678 0.1848154 0.1938371 0.1903511 0.2526074 0.1848155 0.2468401 0.1903513 0.2325624 0.1848154 0.2129972 0.1903509 0.2161858 0.1903513 0.2325624 0.1848156 0.2660065 0.1903511 0.2526074 0.1903512 0.2726471 0.184825 0.2974047 0.184823 0.2816781 0.1903508 0.2926942 0.1903512 0.2726471 0.1903508 0.2926942 0.184823 0.2816781 0.1848203 0.3460533 0.1903507 0.3327879 0.1903527 0.3540632 0.1848226 0.3269 0.1903507 0.3127394 0.1903507 0.3327879 0.1848166 0.3876057 0.1903483 0.3728722 0.1903519 0.3916805 0.1903519 0.3916805 0.1903529 0.4142054 0.1848154 0.4056629 0.1848186 0.3673257 0.1903527 0.3540632 0.1903483 0.3728722 0.1848147 0.4237186 0.1903529 0.4142054 0.190352 0.4378985 0.184825 0.2974047 0.1903507 0.3127394 0.1848226 0.3121647 0.1903508 0.2926942 0.1903507 0.3127394 0.184825 0.2974047 0.1848155 0.1735039 0.1848155 0.1524671 0.1903414 0.1742949 0.1848154 0.2129972 0.1848154 0.1938371 0.1903501 0.1995678 0.1848156 0.2660065 0.1848155 0.2468401 0.1903511 0.2526074 0.1848156 0.2660065 0.1903512 0.2726471 0.184823 0.2816781 0.1848153 0.2299183 0.1903513 0.2325624 0.1848155 0.2468401 0.1848155 0.1735039 0.1903414 0.1742949 0.1848154 0.1938371 0.1848154 0.2129972 0.1903513 0.2325624 0.1848153 0.2299183 0.1903507 0.3327879 0.1848203 0.3460533 0.1848226 0.3269 0.1848226 0.3269 0.1848226 0.3121647 0.1903507 0.3127394 0.1903527 0.3540632 0.1848186 0.3673257 0.1848203 0.3460533 0.1848154 0.4056629 0.1848166 0.3876057 0.1903519 0.3916805 0.1848186 0.3673257 0.1903483 0.3728722 0.1848166 0.3876057 0.190352 0.4378985 0.1848144 0.4428535 0.1848147 0.4237186 0.1848147 0.4237186 0.1848154 0.4056629 0.1903529 0.4142054 0.1903517 0.4931501 0.1848153 0.4823142 0.1903505 0.4767749 0.1848208 0.547901 0.1903524 0.5392991 0.1903485 0.5569715 0.1848191 0.5298588 0.1903519 0.5155687 0.1903524 0.5392991 0.1848146 0.4620299 0.1903511 0.4603741 0.1903505 0.4767749 0.1903519 0.5155687 0.1848174 0.5072417 0.1903517 0.4931501 0.1903511 0.4603741 0.1848144 0.4428535 0.190352 0.4378985 0.1903485 0.5569715 0.1903508 0.5733355 0.1848224 0.5659425 0.1848208 0.547901 0.1903485 0.5569715 0.1848224 0.5659425 0.1848224 0.5659425 0.1903508 0.5733355 0.1848239 0.5839804 0.1848239 0.5839804 0.1903508 0.5733355 0.1903502 0.5933322 0.1903502 0.5933322 0.1903387 0.617004 0.1848219 0.5997162 0.1848137 0.682075 0.190338 0.6671872 0.1901932 0.6929117 0.1848143 0.6301029 0.1903387 0.617004 0.1903377 0.6422435 0.1848239 0.5839804 0.1903502 0.5933322 0.1848219 0.5997162 0.190338 0.6671872 0.1848139 0.6448514 0.1903377 0.6422435 0.1901932 0.6929117 0.1887941 0.7153114 0.1848137 0.7147647 0.1887941 0.7153114 0.1858056 0.7293278 0.1848137 0.7147647 0.1848174 0.5072417 0.1903519 0.5155687 0.1848191 0.5298588 0.1848208 0.547901 0.1848191 0.5298588 0.1903524 0.5392991 0.1903511 0.4603741 0.1848146 0.4620299 0.1848144 0.4428535 0.1848153 0.4823142 0.1848146 0.4620299 0.1903505 0.4767749 0.1903517 0.4931501 0.1848174 0.5072417 0.1848153 0.4823142 0.1848219 0.5997162 0.1903387 0.617004 0.1848143 0.6153741 0.1848143 0.6153741 0.1903387 0.617004 0.1848143 0.6301029 0.1848137 0.7147647 0.1848136 0.6989964 0.1901932 0.6929117 0.1848137 0.6629093 0.190338 0.6671872 0.1848137 0.682075 0.1848143 0.6301029 0.1903377 0.6422435 0.1848139 0.6448514 0.190338 0.6671872 0.1848137 0.6629093 0.1848139 0.6448514 0.1848136 0.6989964 0.1848137 0.682075 0.1901932 0.6929117 0.4736066 0.8322821 0.5018022 0.8333498 0.4897233 0.8319241 0.6413488 0.8729091 0.6237697 0.8713219 0.6082143 0.871517 0.1650739 0.1643642 0.1595554 0.1563746 0.1649742 0.1465572 0.1650739 0.1643642 0.1649975 0.178593 0.1595528 0.1745008 0.1650739 0.1643642 0.1595528 0.1745008 0.1595554 0.1563746 0.1637187 0.1941933 0.159555 0.1945502 0.1595528 0.1745008 0.1637187 0.1941933 0.1595528 0.1745008 0.1649975 0.178593 0.1637187 0.1941933 0.1620115 0.213982 0.1595537 0.215891 0.1601988 0.2334011 0.1595537 0.215891 0.1620115 0.213982 0.1595537 0.215891 0.159555 0.1945502 0.1637187 0.1941933 0.4931148 0.8426246 0.4913043 0.8587778 0.490382 0.84259 0.4114981 0.792266 0.395033 0.7867372 0.4187537 0.7867432 0.4779429 0.7922719 0.4613607 0.7867431 0.4794149 0.7867432 0.4941675 0.7867434 0.4779429 0.7922719 0.4794149 0.7867432 0.4187537 0.7867432 0.4421929 0.7867432 0.4334286 0.7922768 0.5088971 0.7867435 0.5003309 0.7922729 0.4941675 0.7867434 0.5088971 0.7867435 0.5245509 0.7867509 0.5203723 0.7922743 0.4554179 0.7922716 0.4421929 0.7867432 0.4613607 0.7867431 0.6419532 0.7867437 0.631884 0.7922614 0.6238923 0.7867458 0.6814097 0.7867426 0.6784198 0.792274 0.6622383 0.7867429 0.6419532 0.7867437 0.6622383 0.7867429 0.6558045 0.7922678 0.5763686 0.7867495 0.5693784 0.7922605 0.5583299 0.7867512 0.6070089 0.7867465 0.5942836 0.792258 0.5911149 0.7867478 0.6130822 0.7922589 0.6070089 0.7867465 0.6238923 0.7867458 0.5911149 0.7867478 0.5942836 0.792258 0.5763686 0.7867495 0.4114981 0.792266 0.3949872 0.7922602 0.395033 0.7867372 0.4554179 0.7922716 0.4613607 0.7867431 0.4779429 0.7922719 0.5402899 0.7867528 0.5430682 0.7922674 0.5245509 0.7867509 0.4421929 0.7867432 0.4554179 0.7922716 0.4334286 0.7922768 0.4114981 0.792266 0.4187537 0.7867432 0.4334286 0.7922768 0.5003309 0.7922729 0.4779429 0.7922719 0.4941675 0.7867434 0.5003309 0.7922729 0.5088971 0.7867435 0.5203723 0.7922743 0.5430682 0.7922674 0.5203723 0.7922743 0.5245509 0.7867509 0.5402899 0.7867528 0.5583299 0.7867512 0.5430682 0.7922674 0.5693784 0.7922605 0.5763686 0.7867495 0.5942836 0.792258 0.5430682 0.7922674 0.5583299 0.7867512 0.5693784 0.7922605 0.6070089 0.7867465 0.6130822 0.7922589 0.5942836 0.792258 0.6130822 0.7922589 0.6238923 0.7867458 0.631884 0.7922614 0.6558045 0.7922678 0.631884 0.7922614 0.6419532 0.7867437 0.6622383 0.7867429 0.6784198 0.792274 0.6558045 0.7922678 0.6784198 0.792274 0.6814097 0.7867426 0.6984608 0.7922725 0.6814097 0.7867426 0.6983047 0.7867426 0.6984608 0.7922725 0.6984608 0.7922725 0.6983047 0.7867426 0.7141067 0.7867431 0.7344265 0.7867446 0.7547061 0.7867459 0.7348309 0.7922711 0.7570709 0.7922694 0.7547061 0.7867459 0.7727523 0.7867475 0.786936 0.7922642 0.7727523 0.7867475 0.7907927 0.7867492 0.8088201 0.7867509 0.8057845 0.7922632 0.7907927 0.7867492 0.8268662 0.7867524 0.8210271 0.7922629 0.8088201 0.7867509 0.7141067 0.7867431 0.7344265 0.7867446 0.7159854 0.792271 0.8943502 0.7867423 0.911266 0.7867423 0.9076329 0.7922592 0.9299389 0.7922616 0.9304339 0.7867423 0.9507597 0.7867423 0.9507597 0.7867423 0.971802 0.7867359 0.9718559 0.7922606 0.85826 0.7867429 0.8774301 0.7867426 0.8600252 0.7922608 0.85826 0.7867429 0.8600252 0.7922608 0.8425872 0.7867503 0.911266 0.7867423 0.9304339 0.7867423 0.9299389 0.7922616 0.8943502 0.7867423 0.8851733 0.7922597 0.8774301 0.7867426 0.7570709 0.7922694 0.7727523 0.7867475 0.7732555 0.7922623 0.786936 0.7922642 0.7732555 0.7922623 0.7727523 0.7867475 0.786936 0.7922642 0.7907927 0.7867492 0.8057845 0.7922632 0.8057845 0.7922632 0.8088201 0.7867509 0.8210271 0.7922629 0.7344265 0.7867446 0.7348309 0.7922711 0.7159854 0.792271 0.6984608 0.7922725 0.7141067 0.7867431 0.7159854 0.792271 0.7570709 0.7922694 0.7348309 0.7922711 0.7547061 0.7867459 0.9076329 0.7922592 0.8851733 0.7922597 0.8943502 0.7867423 0.911266 0.7867423 0.9299389 0.7922616 0.9076329 0.7922592 0.9299389 0.7922616 0.9507597 0.7867423 0.9493517 0.7922597 0.9718559 0.7922606 0.9493517 0.7922597 0.9507597 0.7867423 0.8210271 0.7922629 0.8268662 0.7867524 0.8369095 0.7922652 0.8425872 0.7867503 0.8369095 0.7922652 0.8268662 0.7867524 0.8600252 0.7922608 0.8369095 0.7922652 0.8425872 0.7867503 0.8851733 0.7922597 0.8600252 0.7922608 0.8774301 0.7867426 0.3660711 0.2306618 0.3762739 0.2320944 0.4027519 0.2321134 0.4025503 0.2334922 0.4027519 0.2321134 0.3762739 0.2320944 0.4027519 0.2321134 0.4025503 0.2334922 0.4259914 0.2340561 0.09168237 0.1670478 0.08615177 0.152148 0.09167623 0.1520621 0.09168654 0.2113742 0.09168833 0.2344757 0.08615481 0.2309232 0.09168785 0.2921386 0.08615761 0.2757425 0.09168946 0.2757507 0.09168833 0.2344757 0.0916891 0.2557496 0.08615368 0.2511089 0.08616453 0.2971751 0.08615761 0.2757425 0.09168785 0.2921386 0.09168237 0.1670478 0.08615398 0.1756524 0.08615177 0.152148 0.09168237 0.1670478 0.09168338 0.1876544 0.08615398 0.1756524 0.09168338 0.1876544 0.08615237 0.198148 0.08615398 0.1756524 0.08615237 0.198148 0.09168338 0.1876544 0.09168654 0.2113742 0.08615237 0.198148 0.09168654 0.2113742 0.08615255 0.2150964 0.09168654 0.2113742 0.08615481 0.2309232 0.08615255 0.2150964 0.09168946 0.2757507 0.08615368 0.2511089 0.0916891 0.2557496 0.08615761 0.2757425 0.08615368 0.2511089 0.09168946 0.2757507 0.08616107 0.3152019 0.09168827 0.309719 0.09168958 0.3285048 0.09168696 0.3472502 0.08615928 0.3331946 0.09168958 0.3285048 0.08616453 0.2971751 0.09168785 0.2921386 0.09168827 0.309719 0.08616107 0.3152019 0.09168958 0.3285048 0.08615928 0.3331946 0.09169113 0.3721101 0.09168863 0.3958582 0.08615446 0.3839896 0.09168803 0.4448283 0.08615243 0.4347354 0.09168481 0.4196236 0.08615368 0.2511089 0.08615481 0.2309232 0.09168833 0.2344757 0.08616453 0.2971751 0.09168827 0.309719 0.08616107 0.3152019 0.09168696 0.3472502 0.09169113 0.3721101 0.08615934 0.3523313 0.09168696 0.3472502 0.08615934 0.3523313 0.08615928 0.3331946 0.08615571 0.3692556 0.08615934 0.3523313 0.09169113 0.3721101 0.08615446 0.3839896 0.08615571 0.3692556 0.09169113 0.3721101 0.09168863 0.3958582 0.09168481 0.4196236 0.08615481 0.4009119 0.08615481 0.4009119 0.08615446 0.3839896 0.09168863 0.3958582 0.08615589 0.4178385 0.08615481 0.4009119 0.09168481 0.4196236 0.09168803 0.4448283 0.08615267 0.4504014 0.08615243 0.4347354 0.08615243 0.4347354 0.08615589 0.4178385 0.09168481 0.4196236 0.09168833 0.5723643 0.08616119 0.5653294 0.09168928 0.5547344 0.09168887 0.536003 0.09168928 0.5547344 0.08616101 0.5462083 0.09168887 0.536003 0.08615863 0.5224328 0.09168851 0.5171822 0.08615267 0.4504014 0.09168803 0.4448283 0.09169107 0.463536 0.08615475 0.4987009 0.08615511 0.4807104 0.09168708 0.4822946 0.09168708 0.4822946 0.08615547 0.4649319 0.09169107 0.463536 0.09168708 0.4822946 0.09169358 0.4997603 0.08615475 0.4987009 0.08615475 0.4987009 0.09168851 0.5171822 0.08615863 0.5224328 0.08615475 0.4987009 0.09169358 0.4997603 0.09168851 0.5171822 0.09168839 0.5887314 0.08616578 0.5833383 0.09168833 0.5723643 0.08616125 0.5990471 0.09168839 0.5887314 0.09168976 0.608692 0.09169161 0.6310746 0.08615338 0.6146939 0.09168976 0.608692 0.09169161 0.6310746 0.09168446 0.6511501 0.08615499 0.6441325 0.09167462 0.6848759 0.08615291 0.680153 0.09167689 0.667366 0.08616119 0.5653294 0.09168833 0.5723643 0.08616578 0.5833383 0.08616125 0.5990471 0.08616578 0.5833383 0.09168839 0.5887314 0.08615672 0.6970639 0.09167462 0.6848759 0.09166991 0.7032888 0.08615481 0.7150729 0.09166991 0.7032888 0.09167522 0.72652 0.09168887 0.536003 0.08616101 0.5462083 0.08615863 0.5224328 0.08616101 0.5462083 0.09168928 0.5547344 0.08616119 0.5653294 0.09168976 0.608692 0.08615338 0.6146939 0.08616125 0.5990471 0.08615547 0.4649319 0.09168708 0.4822946 0.08615511 0.4807104 0.08615547 0.4649319 0.08615267 0.4504014 0.09169107 0.463536 0.08615398 0.6293841 0.08615338 0.6146939 0.09169161 0.6310746 0.09168446 0.6511501 0.08615362 0.6632459 0.08615499 0.6441325 0.09167689 0.667366 0.08615291 0.680153 0.08615362 0.6632459 0.09167689 0.667366 0.08615362 0.6632459 0.09168446 0.6511501 0.08615672 0.6970639 0.08615291 0.680153 0.09167462 0.6848759 0.09166991 0.7032888 0.08615481 0.7150729 0.08615672 0.6970639 0.09167522 0.72652 0.08615279 0.7284896 0.08615481 0.7150729 0.08615499 0.6441325 0.08615398 0.6293841 0.09169161 0.6310746 0.6088503 0.8423021 0.6082396 0.8473848 0.6252285 0.8423021 0.6250861 0.8469719 0.6252285 0.8423021 0.6082396 0.8473848 0.641804 0.8488967 0.6451091 0.8478721 0.6250861 0.8469719 0.6250861 0.8469719 0.6082396 0.8473848 0.641804 0.8488967 0.6740333 0.8496918 0.6451091 0.8478721 0.641804 0.8488967 0.4292683 0.8853084 0.4171559 0.8797782 0.4384993 0.8797846 0.4384993 0.8797846 0.4587423 0.8797846 0.4442649 0.8853106 0.4778819 0.8797846 0.4947208 0.8797847 0.4946101 0.8853153 0.4778819 0.8797846 0.4750556 0.8853104 0.4587423 0.8797846 0.5146073 0.8853153 0.5116346 0.8797849 0.5307418 0.8797852 0.5307418 0.8797852 0.5463446 0.8797926 0.5370158 0.8853158 0.4946101 0.8853153 0.4947208 0.8797847 0.5116346 0.8797849 0.6385787 0.8797879 0.6634563 0.8797857 0.6567917 0.8853017 0.6634563 0.8797857 0.6858696 0.879785 0.674512 0.8853016 0.6858696 0.879785 0.7071562 0.8797847 0.6908378 0.8853017 0.6385787 0.8797879 0.6324846 0.8853052 0.6160297 0.8797897 0.5980388 0.8797914 0.5924288 0.8853076 0.5800469 0.8797931 0.6160297 0.8797897 0.6103314 0.8853058 0.5980388 0.8797914 0.7262734 0.8797851 0.7170683 0.8853037 0.7071562 0.8797847 0.4587423 0.8797846 0.4592637 0.8853104 0.4442649 0.8853106 0.4442649 0.8853106 0.4292683 0.8853084 0.4384993 0.8797846 0.4750556 0.8853104 0.4592637 0.8853104 0.4587423 0.8797846 0.5620521 0.8797946 0.5574675 0.8853061 0.5463446 0.8797926 0.5620521 0.8797946 0.5739189 0.8853053 0.5574675 0.8853061 0.5620521 0.8797946 0.5800469 0.8797931 0.5739189 0.8853053 0.4170534 0.8853023 0.4171559 0.8797782 0.4292683 0.8853084 0.5146073 0.8853153 0.4946101 0.8853153 0.5116346 0.8797849 0.5146073 0.8853153 0.5307418 0.8797852 0.5370158 0.8853158 0.5370158 0.8853158 0.5463446 0.8797926 0.5574675 0.8853061 0.4750556 0.8853104 0.4778819 0.8797846 0.4946101 0.8853153 0.5924288 0.8853076 0.5980388 0.8797914 0.6103314 0.8853058 0.6103314 0.8853058 0.6160297 0.8797897 0.6324846 0.8853052 0.6324846 0.8853052 0.6385787 0.8797879 0.6567917 0.8853017 0.6567917 0.8853017 0.6634563 0.8797857 0.674512 0.8853016 0.6908378 0.8853017 0.674512 0.8853016 0.6858696 0.879785 0.5800469 0.8797931 0.5924288 0.8853076 0.5739189 0.8853053 0.6908378 0.8853017 0.7071562 0.8797847 0.7170683 0.8853037 0.7414652 0.8853058 0.7262734 0.8797851 0.7465417 0.8797858 0.7645045 0.8797879 0.7612441 0.8853059 0.7465417 0.8797858 0.7825114 0.8853046 0.7645045 0.8797879 0.7813746 0.8797886 0.7813746 0.8797886 0.7971927 0.87979 0.7825114 0.8853046 0.8094994 0.8853138 0.7971927 0.87979 0.8119315 0.8797916 0.8094994 0.8853138 0.8119315 0.8797916 0.8299213 0.8797934 0.8299213 0.8797934 0.8479094 0.8797949 0.8333027 0.8853123 0.8556945 0.8853142 0.8479094 0.8797949 0.8636006 0.8797928 0.8981037 0.8853172 0.8938973 0.8797854 0.9108092 0.8797851 0.9623996 0.8853136 0.9512254 0.8797851 0.9714959 0.8797851 0.9321077 0.8797851 0.9207451 0.8853089 0.9108092 0.8797851 0.8981037 0.8853172 0.8792347 0.8797854 0.8938973 0.8797854 0.8636006 0.8797928 0.8792347 0.8797854 0.878108 0.8853161 0.943285 0.8853017 0.9321077 0.8797851 0.9512254 0.8797851 0.9714959 0.8797851 0.9927983 0.8797795 0.9779962 0.885304 0.9512254 0.8797851 0.9623996 0.8853136 0.943285 0.8853017 0.7465417 0.8797858 0.7612441 0.8853059 0.7414652 0.8853058 0.7170683 0.8853037 0.7262734 0.8797851 0.7414652 0.8853058 0.7825114 0.8853046 0.7612441 0.8853059 0.7645045 0.8797879 0.8299213 0.8797934 0.8333027 0.8853123 0.8094994 0.8853138 0.8094994 0.8853138 0.7825114 0.8853046 0.7971927 0.87979 0.8333027 0.8853123 0.8479094 0.8797949 0.8556945 0.8853142 0.9779962 0.885304 0.9623996 0.8853136 0.9714959 0.8797851 0.9927338 0.8853028 0.9842711 0.8853132 0.9927983 0.8797795 0.9207451 0.8853089 0.9321077 0.8797851 0.943285 0.8853017 0.878108 0.8853161 0.8556945 0.8853142 0.8636006 0.8797928 0.8792347 0.8797854 0.8981037 0.8853172 0.878108 0.8853161 0.9842711 0.8853132 0.9779962 0.885304 0.9927983 0.8797795 0.9207451 0.8853089 0.8981037 0.8853172 0.9108092 0.8797851 0.1595456 0.1951161 0.1597359 0.1727277 0.1569558 0.1951174 0.2167365 0.1955661 0.2285882 0.1948091 0.2003883 0.1938323 0.2167365 0.1955661 0.2451575 0.1970762 0.2285882 0.1948091 0.2558216 0.1966524 0.2285882 0.1948091 0.2451575 0.1970762 0.3863529 0.287649 0.3997026 0.2870885 0.3614807 0.2855852 0.6407048 0.2321327 0.641315 0.2467453 0.6429001 0.2052789 0.6393998 0.2659657 0.641315 0.2467453 0.6407048 0.2321327 0.2018804 0.1637387 0.2179211 0.1645885 0.2103334 0.1628029 0.2103334 0.1628029 0.2179211 0.1645885 0.2289447 0.1651773 0.2537525 0.1656603 0.2103334 0.1628029 0.2289447 0.1651773 0.02971398 0.1775923 0.03106743 0.1620083 0.03117632 0.1457511 0.03741735 0.1459102 0.03577816 0.1788976 0.03729748 0.1626204 0.4070656 0.1895636 0.3694406 0.1880706 0.3977191 0.1904543 0.4070656 0.1895636 0.3977191 0.1904543 0.4259961 0.1912912 0.2362784 0.2504217 0.2028018 0.2490921 0.2236456 0.2511355 0.2564731 0.252253 0.2362784 0.2504217 0.2236456 0.2511355 0.6162354 0.2278894 0.6167551 0.244225 0.6178193 0.2069883 0.6145649 0.2633359 0.6167551 0.244225 0.6162354 0.2278894 0.567665 0.1407669 0.5686784 0.1122863 0.5667605 0.1316626 0.5667605 0.1316626 0.5655333 0.166867 0.567665 0.1407669 0.3777869 0.12218 0.4023116 0.1220942 0.3647098 0.1207458 0.4151248 0.1239477 0.4023116 0.1220942 0.3777869 0.12218 0.465901 0.9131016 0.4619894 0.9186371 0.4456746 0.9131027 0.4858963 0.9131017 0.476713 0.9186378 0.465901 0.9131016 0.4924513 0.9186363 0.4858963 0.9131017 0.5046337 0.9131019 0.5149202 0.9186364 0.5046337 0.9131019 0.5246296 0.9131016 0.5458729 0.9131007 0.5405891 0.9186331 0.5246296 0.9131016 0.4304113 0.9186369 0.4170674 0.9186378 0.4290193 0.9131107 0.4170674 0.9186378 0.4170246 0.9131148 0.4290193 0.9131107 0.4290193 0.9131107 0.4456746 0.9131027 0.4304113 0.9186369 0.4461748 0.9186344 0.4456746 0.9131027 0.4619894 0.9186371 0.4858963 0.9131017 0.4924513 0.9186363 0.476713 0.9186378 0.5149202 0.9186364 0.5246296 0.9131016 0.5405891 0.9186331 0.5458729 0.9131007 0.5671302 0.9131033 0.5620369 0.9186252 0.6891399 0.9186375 0.6748192 0.9131025 0.6909658 0.9130975 0.6509005 0.9131056 0.6748192 0.9131025 0.6689559 0.918635 0.5671302 0.9131033 0.5883448 0.9131034 0.5767474 0.9186303 0.5405891 0.9186331 0.5458729 0.9131007 0.5620369 0.9186252 0.5767474 0.9186303 0.5620369 0.9186252 0.5671302 0.9131033 0.7083206 0.913103 0.6891399 0.9186375 0.6909658 0.9130975 0.6105552 0.9186304 0.5883448 0.9131034 0.6071756 0.913101 0.6105552 0.9186304 0.6071756 0.913101 0.6258149 0.9131036 0.6465691 0.9186362 0.6258149 0.9131036 0.6509005 0.9131056 0.4304113 0.9186369 0.4456746 0.9131027 0.4461748 0.9186344 0.4924513 0.9186363 0.5046337 0.9131019 0.5149202 0.9186364 0.5767474 0.9186303 0.5883448 0.9131034 0.5914596 0.9186307 0.465901 0.9131016 0.476713 0.9186378 0.4619894 0.9186371 0.5883448 0.9131034 0.6105552 0.9186304 0.5914596 0.9186307 0.6258149 0.9131036 0.6285849 0.9186328 0.6105552 0.9186304 0.6465691 0.9186362 0.6285849 0.9186328 0.6258149 0.9131036 0.7083206 0.913103 0.7049537 0.9186389 0.6891399 0.9186375 0.6465691 0.9186362 0.6509005 0.9131056 0.6689559 0.918635 0.6748192 0.9131025 0.6891399 0.9186375 0.6689559 0.918635 0.7609596 0.9131022 0.7545539 0.9186365 0.7445767 0.9131023 0.7972914 0.9131023 0.7927973 0.9186308 0.7772644 0.9131017 0.7218741 0.9186376 0.7049537 0.9186389 0.7083206 0.913103 0.7218741 0.9186376 0.7083206 0.913103 0.7271227 0.9130999 0.7376776 0.9186349 0.7271227 0.9130999 0.7445767 0.9131023 0.7218741 0.9186376 0.7271227 0.9130999 0.7376776 0.9186349 0.7545539 0.9186365 0.7376776 0.9186349 0.7445767 0.9131023 0.7736836 0.9186355 0.7609596 0.9131022 0.7772644 0.9131017 0.7736836 0.9186355 0.7772644 0.9131017 0.7927973 0.9186308 0.817241 0.9131029 0.8108145 0.9186331 0.7972914 0.9131023 0.8287916 0.9186298 0.8108145 0.9186331 0.817241 0.9131029 0.8287916 0.9186298 0.817241 0.9131029 0.83348 0.9130966 0.9501231 0.9186393 0.9445431 0.9131028 0.9633046 0.9134247 0.8287916 0.9186298 0.83348 0.9130966 0.8509167 0.9131025 0.890582 0.9186381 0.8770154 0.9131142 0.9047273 0.9131165 0.8692725 0.9186337 0.8479003 0.9186269 0.8509167 0.9131025 0.890582 0.9186381 0.8692725 0.9186337 0.8770154 0.9131142 0.8692725 0.9186337 0.8509167 0.9131025 0.8770154 0.9131142 0.9354495 0.9186393 0.9258472 0.9131025 0.9445431 0.9131028 0.9929081 0.9158783 0.9924753 0.9186397 0.9807793 0.9148229 0.7736836 0.9186355 0.7545539 0.9186365 0.7609596 0.9131022 0.7927973 0.9186308 0.7972914 0.9131023 0.8108145 0.9186331 0.8509167 0.9131025 0.8479003 0.9186269 0.8287916 0.9186298 0.9047273 0.9131165 0.9129429 0.9186366 0.890582 0.9186381 0.9258472 0.9131025 0.9129429 0.9186366 0.9047273 0.9131165 0.9445431 0.9131028 0.9501231 0.9186393 0.9354495 0.9186393 0.9807793 0.9148229 0.9691151 0.9186379 0.9633046 0.9134247 0.9354495 0.9186393 0.9129429 0.9186366 0.9258472 0.9131025 0.9501231 0.9186393 0.9633046 0.9134247 0.9691151 0.9186379 0.9691151 0.9186379 0.9807793 0.9148229 0.9924753 0.9186397 0.05838114 0.1594663 0.05286389 0.1640079 0.05836355 0.1464192 0.05838114 0.1594663 0.05832749 0.176136 0.05286389 0.1640079 0.05832749 0.176136 0.05286389 0.1834692 0.05286389 0.1640079 0.05286389 0.1834692 0.05832749 0.176136 0.0566824 0.1981594 0.05286389 0.2022609 0.05286389 0.1834692 0.0566824 0.1981594 0.05286389 0.2022609 0.0566824 0.1981594 0.05462914 0.2219731 0.05462914 0.2219731 0.05288225 0.2294003 0.05286389 0.2022609 0.5013281 0.8853359 0.4998602 0.8908646 0.4833188 0.8853359 0.4998602 0.8908646 0.5013281 0.8853359 0.5160437 0.8853363 0.4401205 0.8908607 0.4408183 0.8853361 0.464202 0.8853359 0.4401205 0.8908607 0.4171563 0.88533 0.4408183 0.8853361 0.464202 0.8853359 0.4833188 0.8853359 0.4773907 0.8908628 0.5221927 0.8908668 0.5160437 0.8853363 0.5307378 0.8853364 0.5421831 0.8908677 0.5307378 0.8853364 0.5463514 0.8853436 0.6534172 0.8908544 0.645446 0.8853386 0.6634618 0.8853365 0.6998388 0.8908663 0.6836962 0.8853358 0.7028202 0.8853353 0.6634618 0.8853365 0.6836962 0.8853358 0.6772772 0.8908599 0.5980399 0.8853424 0.6127505 0.8853406 0.6159104 0.8908516 0.6159104 0.8908516 0.6127505 0.8853406 0.628603 0.8853393 0.645446 0.8853386 0.6346628 0.8908527 0.628603 0.8853393 0.4171657 0.8908531 0.4171563 0.88533 0.4401205 0.8908607 0.464202 0.8853359 0.4610349 0.8908632 0.4401205 0.8908607 0.5620515 0.8853457 0.5648221 0.89086 0.5463514 0.8853436 0.4833188 0.8853359 0.4998602 0.8908646 0.4773907 0.8908628 0.464202 0.8853359 0.4773907 0.8908628 0.4610349 0.8908632 0.5221927 0.8908668 0.4998602 0.8908646 0.5160437 0.8853363 0.5307378 0.8853364 0.5421831 0.8908677 0.5221927 0.8908668 0.5648221 0.89086 0.5421831 0.8908677 0.5463514 0.8853436 0.5620515 0.8853457 0.580047 0.885344 0.5648221 0.89086 0.6159104 0.8908516 0.5910788 0.8908522 0.5980399 0.8853424 0.5648221 0.89086 0.580047 0.885344 0.5910788 0.8908522 0.6159104 0.8908516 0.628603 0.8853393 0.6346628 0.8908527 0.645446 0.8853386 0.6534172 0.8908544 0.6346628 0.8908527 0.6534172 0.8908544 0.6634618 0.8853365 0.6772772 0.8908599 0.6772772 0.8908599 0.6836962 0.8853358 0.6998388 0.8908663 0.5980399 0.8853424 0.5910788 0.8908522 0.580047 0.885344 0.7196732 0.8853355 0.7198292 0.8908656 0.7028202 0.8853353 0.7354357 0.8853358 0.7198292 0.8908656 0.7196732 0.8853355 0.7510911 0.8853368 0.7667482 0.8853378 0.7561051 0.8908658 0.7773148 0.8908647 0.7667482 0.8853378 0.7825015 0.8853403 0.7993822 0.8853408 0.7997081 0.8908653 0.7825015 0.8853403 0.7993822 0.8853408 0.8151897 0.8853418 0.7997081 0.8908653 0.8221178 0.8908661 0.8151897 0.8853418 0.8299239 0.8853437 0.7373101 0.890865 0.7354357 0.8853358 0.7510911 0.8853368 0.9085029 0.8908514 0.9086384 0.8853353 0.9266554 0.8853351 0.9692566 0.885335 0.9569761 0.8908588 0.9457847 0.8853351 0.9692566 0.885335 0.9927954 0.8853284 0.9782361 0.8908615 0.8635959 0.8853431 0.8792302 0.8853356 0.8634641 0.89086 0.8847462 0.8908535 0.8792302 0.8853356 0.8939008 0.8853356 0.9086384 0.8853353 0.9085029 0.8908514 0.8939008 0.8853356 0.9457847 0.8853351 0.9321013 0.8908507 0.9266554 0.8853351 0.7561051 0.8908658 0.7373101 0.890865 0.7510911 0.8853368 0.7561051 0.8908658 0.7667482 0.8853378 0.7773148 0.8908647 0.8479176 0.8853452 0.8421173 0.8908672 0.8299239 0.8853437 0.7825015 0.8853403 0.7997081 0.8908653 0.7773148 0.8908647 0.6998388 0.8908663 0.7028202 0.8853353 0.7198292 0.8908656 0.7354357 0.8853358 0.7373101 0.890865 0.7198292 0.8908656 0.8221178 0.8908661 0.8299239 0.8853437 0.8421173 0.8908672 0.8151897 0.8853418 0.8221178 0.8908661 0.7997081 0.8908653 0.8421173 0.8908672 0.8479176 0.8853452 0.8634641 0.89086 0.8479176 0.8853452 0.8635959 0.8853431 0.8634641 0.89086 0.9085029 0.8908514 0.9266554 0.8853351 0.9321013 0.8908507 0.9085029 0.8908514 0.8847462 0.8908535 0.8939008 0.8853356 0.9457847 0.8853351 0.9569761 0.8908588 0.9321013 0.8908507 0.8847462 0.8908535 0.8634641 0.89086 0.8792302 0.8853356 0.9569761 0.8908588 0.9692566 0.885335 0.9782361 0.8908615 0.9782361 0.8908615 0.9927954 0.8853284 0.9927655 0.8908536 0.2328047 0.2196708 0.1954993 0.217692 0.2266534 0.2207306 0.1955747 0.2190776 0.2266534 0.2207306 0.1954993 0.217692 0.2328047 0.2196708 0.2475716 0.2218423 0.261124 0.2213255 0.2266534 0.2207306 0.2475716 0.2218423 0.2328047 0.2196708 0.0750302 0.2096456 0.06949198 0.1992034 0.07502591 0.1917369 0.07502996 0.2472033 0.06949216 0.236395 0.07502764 0.2284243 0.0750302 0.2096456 0.07502764 0.2284243 0.06949198 0.2183626 0.07503008 0.2933505 0.06950002 0.2814806 0.07502949 0.2696911 0.07502949 0.2696911 0.06949257 0.2658263 0.07502996 0.2472033 0.06949198 0.1756991 0.07501757 0.1524795 0.07502812 0.1744663 0.07502591 0.1917369 0.06949198 0.1756991 0.07502812 0.1744663 0.06950002 0.2814806 0.07503008 0.2933505 0.06950211 0.2971789 0.06950211 0.2971789 0.07503008 0.2933505 0.07502692 0.3121715 0.07502859 0.3285061 0.07502877 0.3485184 0.06949895 0.333199 0.06949603 0.3637754 0.07502877 0.3485184 0.07503068 0.3709082 0.07503056 0.449835 0.06949234 0.4380786 0.07502216 0.4322524 0.07503068 0.3709082 0.07503026 0.3946044 0.06949532 0.3806728 0.06950062 0.3151881 0.07502692 0.3121715 0.07502859 0.3285061 0.06950062 0.3151881 0.07502859 0.3285061 0.06949895 0.333199 0.06949329 0.3986533 0.07503026 0.3946044 0.07502847 0.4158736 0.06949263 0.4189464 0.07502847 0.4158736 0.07502216 0.4322524 0.06950211 0.2971789 0.07502692 0.3121715 0.06950062 0.3151881 0.0750302 0.2096456 0.06949198 0.2183626 0.06949198 0.1992034 0.07502996 0.2472033 0.06949257 0.2658263 0.06949251 0.2511436 0.07502949 0.2696911 0.06950002 0.2814806 0.06949257 0.2658263 0.07502591 0.1917369 0.06949198 0.1992034 0.06949198 0.1756991 0.07501757 0.1524795 0.06949198 0.1756991 0.06949186 0.152152 0.07502996 0.2472033 0.06949251 0.2511436 0.06949216 0.236395 0.06949198 0.2183626 0.07502764 0.2284243 0.06949216 0.236395 0.07502877 0.3485184 0.06949603 0.3637754 0.06949734 0.3479498 0.06949895 0.333199 0.07502877 0.3485184 0.06949734 0.3479498 0.06949532 0.3806728 0.06949603 0.3637754 0.07503068 0.3709082 0.06949329 0.3986533 0.07502847 0.4158736 0.06949263 0.4189464 0.07503026 0.3946044 0.06949329 0.3986533 0.06949532 0.3806728 0.06949234 0.4380786 0.06949263 0.4189464 0.07502216 0.4322524 0.07503056 0.449835 0.06949263 0.4593899 0.06949234 0.4380786 0.07503056 0.449835 0.07502996 0.4734942 0.06949263 0.4593899 0.07502973 0.5086479 0.06949555 0.4998505 0.07502573 0.4923107 0.06949836 0.5358517 0.07502949 0.5286634 0.07502943 0.5461663 0.06949627 0.5167101 0.07502973 0.5086479 0.07502949 0.5286634 0.07502573 0.4923107 0.06949341 0.4818187 0.07502996 0.4734942 0.06949907 0.5505961 0.07502943 0.5461663 0.07502955 0.5649222 0.06950259 0.5833238 0.07502955 0.5649222 0.07503038 0.5849476 0.07501876 0.6065118 0.06950056 0.599047 0.07503038 0.5849476 0.07502061 0.6323826 0.07502108 0.6572905 0.06949287 0.6441183 0.07501786 0.6925184 0.07503515 0.7124994 0.06949293 0.7046917 0.06949293 0.7283695 0.07503515 0.7124994 0.07501608 0.7284694 0.07501876 0.6065118 0.07502061 0.6323826 0.06949323 0.6146822 0.07502108 0.6572905 0.07500612 0.6763147 0.06949281 0.6621424 0.07500612 0.6763147 0.07501786 0.6925184 0.06949287 0.6812829 0.07502973 0.5086479 0.06949627 0.5167101 0.06949555 0.4998505 0.07502949 0.5286634 0.06949836 0.5358517 0.06949627 0.5167101 0.07502955 0.5649222 0.06950098 0.5653145 0.06949907 0.5505961 0.06950259 0.5833238 0.06950098 0.5653145 0.07502955 0.5649222 0.07502943 0.5461663 0.06949907 0.5505961 0.06949836 0.5358517 0.07502996 0.4734942 0.06949341 0.4818187 0.06949263 0.4593899 0.06949555 0.4998505 0.06949341 0.4818187 0.07502573 0.4923107 0.06949323 0.6146822 0.06950056 0.599047 0.07501876 0.6065118 0.07502061 0.6323826 0.06949323 0.6293849 0.06949323 0.6146822 0.06949323 0.6293849 0.07502061 0.6323826 0.06949287 0.6441183 0.06950056 0.599047 0.06950259 0.5833238 0.07503038 0.5849476 0.06949281 0.6621424 0.07500612 0.6763147 0.06949287 0.6812829 0.07503515 0.7124994 0.06949293 0.7283695 0.06949293 0.7046917 0.06949293 0.7046917 0.06949287 0.6812829 0.07501786 0.6925184 0.07502108 0.6572905 0.06949281 0.6621424 0.06949287 0.6441183 0.1679509 0.1464031 0.1676548 0.1784721 0.1722509 0.1459546 0.1722509 0.1459546 0.1676548 0.1784721 0.1722509 0.1789249 0.1655306 0.2012046 0.1664723 0.2059354 0.1676548 0.1784721 0.4580544 0.7922924 0.4562841 0.7978224 0.4399942 0.7922966 0.4126735 0.7978236 0.4072314 0.7922917 0.4241417 0.7922924 0.4338114 0.797823 0.4241417 0.7922924 0.4399942 0.7922966 0.4338114 0.797823 0.4399942 0.7922966 0.4562841 0.7978224 0.4126735 0.7978236 0.3949151 0.7922851 0.4072314 0.7922917 0.4787992 0.7978217 0.4783173 0.7922922 0.4963534 0.7922945 0.4987969 0.7978224 0.4963534 0.7922945 0.5166406 0.7922943 0.4787992 0.7978217 0.4580544 0.7922924 0.4783173 0.7922922 0.6611338 0.7922951 0.6580994 0.7978077 0.6430764 0.792294 0.6791754 0.7922921 0.7028301 0.7922944 0.6843237 0.7978088 0.6024377 0.7922976 0.623927 0.7922946 0.6116066 0.7978112 0.4580544 0.7922924 0.4787992 0.7978217 0.4562841 0.7978224 0.4787992 0.7978217 0.4963534 0.7922945 0.4987969 0.7978224 0.5392469 0.7923066 0.5340311 0.7978219 0.5166406 0.7922943 0.5564638 0.7978223 0.5392469 0.7923066 0.5605666 0.7923014 0.5392469 0.7923066 0.5564638 0.7978223 0.5340311 0.7978219 0.4126735 0.7978236 0.4241417 0.7922924 0.4338114 0.797823 0.3949151 0.7922851 0.4126735 0.7978236 0.3949663 0.7978096 0.5166406 0.7922943 0.5340311 0.7978219 0.5151882 0.7978226 0.4987969 0.7978224 0.5166406 0.7922943 0.5151882 0.7978226 0.5797385 0.7922988 0.576502 0.797823 0.5605666 0.7923014 0.6024377 0.7922976 0.5940871 0.7978172 0.5797385 0.7922988 0.6430764 0.792294 0.6580994 0.7978077 0.6328805 0.7978094 0.6430764 0.792294 0.6328805 0.7978094 0.623927 0.7922946 0.6791754 0.7922921 0.6580994 0.7978077 0.6611338 0.7922951 0.6580994 0.7978077 0.6791754 0.7922921 0.6843237 0.7978088 0.6024377 0.7922976 0.6116066 0.7978112 0.5940871 0.7978172 0.5605666 0.7923014 0.576502 0.797823 0.5564638 0.7978223 0.576502 0.797823 0.5797385 0.7922988 0.5940871 0.7978172 0.6116066 0.7978112 0.623927 0.7922946 0.6328805 0.7978094 0.7251794 0.7922938 0.710653 0.7978155 0.7028301 0.7922944 0.7546881 0.7922976 0.7727487 0.7922984 0.7583174 0.7978224 0.7345355 0.7978238 0.710653 0.7978155 0.7251794 0.7922938 0.7345355 0.7978238 0.7251794 0.7922938 0.739921 0.7922944 0.7583174 0.7978224 0.739921 0.7922944 0.7546881 0.7922976 0.7858726 0.7978196 0.7727487 0.7922984 0.7907821 0.7922992 0.8109855 0.7978196 0.7907821 0.7922992 0.8077118 0.7922999 0.8707544 0.7922949 0.8877366 0.7922925 0.8789454 0.7978134 0.9238435 0.7922942 0.9242997 0.7978015 0.9057707 0.7922928 0.8297657 0.7978224 0.8257504 0.7923064 0.8494588 0.792297 0.8109855 0.7978196 0.8077118 0.7922999 0.8257504 0.7923064 0.9570036 0.7978116 0.9575672 0.7922924 0.9717928 0.792287 0.7028301 0.7922944 0.710653 0.7978155 0.6843237 0.7978088 0.8109855 0.7978196 0.7858726 0.7978196 0.7907821 0.7922992 0.8297657 0.7978224 0.8494588 0.792297 0.8513849 0.7978104 0.8513849 0.7978104 0.8494588 0.792297 0.8707544 0.7922949 0.8513849 0.7978104 0.8707544 0.7922949 0.8789454 0.7978134 0.7858726 0.7978196 0.7583174 0.7978224 0.7727487 0.7922984 0.739921 0.7922944 0.7583174 0.7978224 0.7345355 0.7978238 0.8109855 0.7978196 0.8257504 0.7923064 0.8297657 0.7978224 0.9057707 0.7922928 0.9030504 0.7978119 0.8877366 0.7922925 0.9242997 0.7978015 0.9030504 0.7978119 0.9057707 0.7922928 0.9242997 0.7978015 0.9238435 0.7922942 0.9430148 0.7922927 0.9575672 0.7922924 0.9570036 0.7978116 0.9430148 0.7922927 0.9430148 0.7922927 0.9413357 0.7978135 0.9242997 0.7978015 0.9722062 0.7978097 0.9570036 0.7978116 0.9717928 0.792287 0.8789454 0.7978134 0.8877366 0.7922925 0.9030504 0.7978119 0.9413357 0.7978135 0.9430148 0.7922927 0.9570036 0.7978116 0.6044836 0.1449275 0.6057184 0.1122844 0.6040312 0.1273266 0.6024109 0.1654115 0.6044836 0.1449275 0.6040312 0.1273266 0.3945561 0.1400135 0.3614392 0.139114 0.3935638 0.1413475 0.3935638 0.1413475 0.4269566 0.1424766 0.3945561 0.1400135 0.3616672 0.2248395 0.3894624 0.2266842 0.3827381 0.2249421 0.3894624 0.2266842 0.4186456 0.2268498 0.3827381 0.2249421 0.4195726 0.2282835 0.4186456 0.2268498 0.3894624 0.2266842 0.7149892 0.2283712 0.7163177 0.229481 0.7166288 0.2054975 0.7127358 0.2708208 0.7163177 0.229481 0.7149892 0.2283712 0.714124 0.2707423 0.7163177 0.229481 0.7127358 0.2708208 0.4058066 0.1833868 0.388349 0.1838265 0.4204596 0.1851818 0.6902143 0.2298769 0.6908259 0.2444614 0.6918852 0.2054158 0.6885902 0.2639862 0.6908259 0.2444614 0.6902143 0.2298769 0.2144497 0.2995566 0.2317899 0.2995657 0.1956568 0.2976118 0.3616536 0.1633989 0.389456 0.1655701 0.3887856 0.1641491 0.4191015 0.166473 0.3887856 0.1641491 0.389456 0.1655701 0.6526064 0.1468138 0.6547361 0.1287085 0.6553678 0.1073994 0.5292541 0.241647 0.5316721 0.2189198 0.5308223 0.2088493 0.2231834 0.1524597 0.2361408 0.1517592 0.201536 0.1506472 0.2361408 0.1517592 0.2231834 0.1524597 0.2551828 0.1537265 0.6414373 0.8696873 0.6248834 0.8682786 0.608411 0.8686828 0.4072228 0.808941 0.3949629 0.8034189 0.4176664 0.8034057 0.4413823 0.8034065 0.4377971 0.8089397 0.4176664 0.8034057 0.4413823 0.8034065 0.4590594 0.8034068 0.4580051 0.808941 0.4580051 0.808941 0.4590594 0.8034068 0.4754137 0.8034062 0.3949629 0.8034189 0.4072228 0.808941 0.3949443 0.808942 0.4072228 0.808941 0.4176664 0.8034057 0.4219315 0.8089418 0.4377971 0.8089397 0.4219315 0.8089418 0.4176664 0.8034057 0.4804806 0.8089415 0.4580051 0.808941 0.4754137 0.8034062 0.4804806 0.8089415 0.4954787 0.8034068 0.5042539 0.8089392 0.4804806 0.8089415 0.4754137 0.8034062 0.4954787 0.8034068 0.5245375 0.8089345 0.5042539 0.8089392 0.5167394 0.8034068 0.5042539 0.8089392 0.4954787 0.8034068 0.5167394 0.8034068 0.5616506 0.803405 0.5413704 0.808929 0.5392322 0.8034054 0.5793149 0.8034141 0.5969234 0.8034058 0.5943755 0.808937 0.5167394 0.8034068 0.5392322 0.8034054 0.5245375 0.8089345 0.5793149 0.8034141 0.5763381 0.8089358 0.5616506 0.803405 0.6124379 0.8089362 0.5969234 0.8034058 0.6181907 0.8034062 0.5245375 0.8089345 0.5392322 0.8034054 0.5413704 0.808929 0.5594087 0.8089348 0.5413704 0.808929 0.5616506 0.803405 0.5594087 0.8089348 0.5616506 0.803405 0.5763381 0.8089358 0.6631399 0.8034074 0.6831746 0.803407 0.6676601 0.8089416 0.6405813 0.8034047 0.6631399 0.8034074 0.6519096 0.8089401 0.4377971 0.8089397 0.4413823 0.8034065 0.4580051 0.808941 0.5943755 0.808937 0.5763381 0.8089358 0.5793149 0.8034141 0.5969234 0.8034058 0.6124379 0.8089362 0.5943755 0.808937 0.6181907 0.8034062 0.6338868 0.8089408 0.6124379 0.8089362 0.6405813 0.8034047 0.6519096 0.8089401 0.6338868 0.8089408 0.6405813 0.8034047 0.6338868 0.8089408 0.6181907 0.8034062 0.6676601 0.8089416 0.6519096 0.8089401 0.6631399 0.8034074 0.6676601 0.8089416 0.6831746 0.803407 0.6879456 0.8089428 0.73603 0.803406 0.7572835 0.8034068 0.7431979 0.8089407 0.6879456 0.8089428 0.6831746 0.803407 0.7032362 0.8034064 0.6879456 0.8089428 0.7032362 0.8034064 0.7059897 0.8089402 0.7059897 0.8089402 0.7032362 0.8034064 0.7196516 0.8034086 0.7240478 0.8089413 0.7196516 0.8034086 0.73603 0.803406 0.7431979 0.8089407 0.7240478 0.8089413 0.73603 0.803406 0.7612283 0.8089365 0.7572835 0.8034068 0.7797895 0.8034067 0.7838204 0.8089377 0.7797895 0.8034067 0.8034625 0.803404 0.7838204 0.8089377 0.8034625 0.803404 0.8065566 0.8089335 0.864844 0.8034067 0.8640531 0.8089413 0.842291 0.8034048 0.8235475 0.8034094 0.8267949 0.8089293 0.8034625 0.803404 0.8820806 0.8089423 0.883385 0.8034136 0.9025399 0.8034128 0.8235475 0.8034094 0.842291 0.8034048 0.8267949 0.8089293 0.8065566 0.8089335 0.8034625 0.803404 0.8267949 0.8089293 0.8459946 0.8089392 0.8267949 0.8089293 0.842291 0.8034048 0.9276261 0.8034142 0.9123325 0.808943 0.9025399 0.8034128 0.7612283 0.8089365 0.7797895 0.8034067 0.7838204 0.8089377 0.842291 0.8034048 0.8640531 0.8089413 0.8459946 0.8089392 0.7240478 0.8089413 0.7059897 0.8089402 0.7196516 0.8034086 0.7431979 0.8089407 0.7572835 0.8034068 0.7612283 0.8089365 0.9025399 0.8034128 0.8966065 0.808944 0.8820806 0.8089423 0.8820806 0.8089423 0.864844 0.8034067 0.883385 0.8034136 0.9501888 0.804276 0.9484812 0.808944 0.9276261 0.8034142 0.9276261 0.8034142 0.9484812 0.808944 0.9293113 0.8089403 0.9501888 0.804276 0.971771 0.8068221 0.9484812 0.808944 0.8640531 0.8089413 0.864844 0.8034067 0.8820806 0.8089423 0.8966065 0.808944 0.9025399 0.8034128 0.9123325 0.808943 0.9123325 0.808943 0.9276261 0.8034142 0.9293113 0.8089403 0.971771 0.8068221 0.9654467 0.8089448 0.9484812 0.808944 0.4057781 0.8466845 0.4003314 0.8315836 0.4058544 0.8324566 0.4003314 0.8315836 0.4003375 0.8144984 0.4058595 0.8147931 0.4058544 0.8324566 0.4003314 0.8315836 0.4058595 0.8147931 0.4003357 0.8548445 0.4003314 0.8315836 0.4057781 0.8466845 0.4003357 0.8548445 0.4057781 0.8466845 0.4044971 0.8623114 0.4027934 0.8820595 0.4003342 0.8758213 0.4044971 0.8623114 0.4003342 0.8758213 0.4003357 0.8548445 0.4044971 0.8623114 0.4003342 0.8758213 0.4027934 0.8820595 0.4019853 0.8972056 0.4408128 0.9408525 0.4178008 0.9463709 0.4171561 0.9408466 0.4408128 0.9408525 0.4642019 0.9408526 0.4561792 0.9463806 0.5160431 0.9408529 0.5211461 0.9463724 0.501327 0.9408525 0.4833188 0.9408525 0.501327 0.9408525 0.4979526 0.9463768 0.4979526 0.9463768 0.501327 0.9408525 0.5211461 0.9463724 0.5307277 0.9408529 0.5211461 0.9463724 0.5160431 0.9408529 0.546111 0.9463747 0.5307277 0.9408529 0.5463514 0.9408602 0.5463514 0.9408602 0.5620583 0.9408623 0.546111 0.9463747 0.477391 0.9463801 0.4642019 0.9408526 0.4833188 0.9408525 0.6454461 0.9408553 0.6634588 0.9408531 0.6410724 0.9463696 0.6880764 0.9463745 0.6836966 0.9408524 0.7028219 0.9408521 0.6634588 0.9408531 0.6836966 0.9408524 0.6671987 0.9463716 0.5620583 0.9408623 0.5800355 0.9408607 0.5681958 0.9463725 0.5800355 0.9408607 0.5980405 0.940859 0.5922223 0.9463691 0.6286029 0.940856 0.6454461 0.9408553 0.6410724 0.9463696 0.6159094 0.9463691 0.6127504 0.9408574 0.6286029 0.940856 0.6127504 0.9408574 0.6159094 0.9463691 0.5980405 0.940859 0.546111 0.9463747 0.5211461 0.9463724 0.5307277 0.9408529 0.4408128 0.9408525 0.43738 0.9463816 0.4178008 0.9463709 0.43738 0.9463816 0.4408128 0.9408525 0.4561792 0.9463806 0.477391 0.9463801 0.4561792 0.9463806 0.4642019 0.9408526 0.477391 0.9463801 0.4833188 0.9408525 0.4979526 0.9463768 0.5800355 0.9408607 0.5922223 0.9463691 0.5681958 0.9463725 0.6159094 0.9463691 0.5922223 0.9463691 0.5980405 0.940859 0.6410724 0.9463696 0.6159094 0.9463691 0.6286029 0.940856 0.6671987 0.9463716 0.6410724 0.9463696 0.6634588 0.9408531 0.546111 0.9463747 0.5620583 0.9408623 0.5681958 0.9463725 0.7093884 0.9463735 0.6880764 0.9463745 0.7028219 0.9408521 0.6836966 0.9408524 0.6880764 0.9463745 0.6671987 0.9463716 0.7093884 0.9463735 0.7028219 0.9408521 0.7241375 0.9408522 0.7296521 0.946372 0.7241375 0.9408522 0.7465433 0.9408529 0.7773146 0.9463798 0.7667482 0.9408545 0.7825016 0.9408569 0.7667482 0.9408545 0.7534963 0.9463812 0.7465433 0.9408529 0.7825016 0.9408569 0.7993823 0.9408574 0.7997086 0.9463818 0.8151895 0.9408584 0.7997086 0.9463818 0.7993823 0.9408574 0.8479166 0.9408618 0.8471825 0.9463842 0.829925 0.9408603 0.829925 0.9408603 0.8221185 0.9463835 0.8151895 0.9408584 0.8946253 0.9463679 0.8939005 0.9408522 0.9086398 0.9408518 0.9266481 0.9408517 0.9171516 0.9463682 0.9086398 0.9408518 0.9692529 0.9408516 0.944827 0.9463703 0.9457803 0.9408518 0.9692529 0.9408516 0.9924902 0.9408453 0.9926338 0.9463701 0.8792303 0.9408523 0.8939005 0.9408522 0.8946253 0.9463679 0.8635959 0.9408598 0.8471825 0.9463842 0.8479166 0.9408618 0.8792303 0.9408523 0.8734526 0.9463706 0.8635959 0.9408598 0.9457803 0.9408518 0.944827 0.9463703 0.9266481 0.9408517 0.7241375 0.9408522 0.7213688 0.9463783 0.7093884 0.9463735 0.7241375 0.9408522 0.7296521 0.946372 0.7213688 0.9463783 0.7534963 0.9463812 0.7296521 0.946372 0.7465433 0.9408529 0.7773146 0.9463798 0.7534963 0.9463812 0.7667482 0.9408545 0.7825016 0.9408569 0.7997086 0.9463818 0.7773146 0.9463798 0.8151895 0.9408584 0.8221185 0.9463835 0.7997086 0.9463818 0.8946253 0.9463679 0.9086398 0.9408518 0.9171516 0.9463682 0.8946253 0.9463679 0.8734526 0.9463706 0.8792303 0.9408523 0.944827 0.9463703 0.9171516 0.9463682 0.9266481 0.9408517 0.9692529 0.9408516 0.9695916 0.9463834 0.944827 0.9463703 0.8471825 0.9463842 0.8221185 0.9463835 0.829925 0.9408603 0.9692529 0.9408516 0.9926338 0.9463701 0.9695916 0.9463834 0.8635959 0.9408598 0.8734526 0.9463706 0.8471825 0.9463842 0.2058802 0.1687711 0.1990514 0.1697928 0.2306444 0.1714722 0.2306444 0.1714722 0.2409751 0.1706338 0.2058802 0.1687711 0.2306444 0.1714722 0.2594552 0.1722075 0.2409751 0.1706338 0.0972687 0.2971788 0.1027966 0.2933505 0.1027935 0.3121714 0.1027966 0.2933505 0.09726667 0.2814806 0.102796 0.2696913 0.102796 0.2696913 0.09725916 0.2658265 0.1027953 0.2521102 0.1027957 0.2357279 0.09725856 0.2183625 0.1027953 0.2157124 0.1027956 0.1756203 0.09725856 0.1756994 0.1027842 0.1524798 0.1027951 0.1956986 0.1027953 0.2157124 0.09725856 0.1992093 0.1027951 0.1956986 0.09725856 0.1756994 0.1027956 0.1756203 0.1027953 0.2521102 0.0972591 0.2511436 0.1027957 0.2357279 0.09726667 0.2814806 0.1027966 0.2933505 0.0972687 0.2971788 0.0972687 0.2971788 0.1027935 0.3121714 0.09726721 0.315188 0.102795 0.3885545 0.09726113 0.3872174 0.102795 0.3685395 0.09726262 0.3637756 0.1027951 0.3485205 0.102795 0.3685395 0.09726554 0.333199 0.1027955 0.3285039 0.1027951 0.3485205 0.1027973 0.4060526 0.09726113 0.3872174 0.102795 0.3885545 0.1027972 0.4498359 0.09725892 0.4424161 0.1027945 0.4260444 0.1027972 0.4498359 0.1027966 0.4734947 0.09725928 0.461565 0.09726721 0.315188 0.1027935 0.3121714 0.1027955 0.3285039 0.09726554 0.333199 0.09726721 0.315188 0.1027955 0.3285039 0.1027973 0.4060526 0.1027945 0.4260444 0.09725934 0.4097689 0.1027953 0.2157124 0.09725856 0.2183625 0.09725856 0.1992093 0.102796 0.2696913 0.09726667 0.2814806 0.09725916 0.2658265 0.09725916 0.2658265 0.0972591 0.2511436 0.1027953 0.2521102 0.09725856 0.1756994 0.1027951 0.1956986 0.09725856 0.1992093 0.1027842 0.1524798 0.09725856 0.1756994 0.09725838 0.152152 0.09725856 0.2183625 0.1027957 0.2357279 0.09725874 0.236395 0.0972591 0.2511436 0.09725874 0.236395 0.1027957 0.2357279 0.09726393 0.3479499 0.09726554 0.333199 0.1027951 0.3485205 0.09726262 0.3637756 0.09726393 0.3479499 0.1027951 0.3485205 0.09726113 0.3872174 0.09726262 0.3637756 0.102795 0.3685395 0.1027973 0.4060526 0.09725934 0.4097689 0.09726113 0.3872174 0.09725934 0.4097689 0.1027945 0.4260444 0.09725898 0.4255421 0.09725928 0.461565 0.09725892 0.4424161 0.1027972 0.4498359 0.09725898 0.4255421 0.1027945 0.4260444 0.09725892 0.4424161 0.09726226 0.506718 0.1027938 0.499685 0.1027969 0.5261207 0.1027969 0.5261207 0.1027961 0.5486822 0.09726691 0.5495082 0.09726691 0.5495082 0.1027961 0.5486822 0.1027915 0.5716023 0.09725999 0.4818188 0.1027966 0.4734947 0.1027938 0.499685 0.1027863 0.5940425 0.1027861 0.6116546 0.0972675 0.5932964 0.09725946 0.6675897 0.1027878 0.6514161 0.1027871 0.6686726 0.09725952 0.7070118 0.1027869 0.7027096 0.1027835 0.7264201 0.09726411 0.5292959 0.1027969 0.5261207 0.09726691 0.5495082 0.09726411 0.5292959 0.09726226 0.506718 0.1027969 0.5261207 0.09726691 0.5495082 0.1027915 0.5716023 0.09726804 0.5707649 0.1027915 0.5716023 0.0972675 0.5932964 0.09726804 0.5707649 0.1027966 0.4734947 0.09725999 0.4818188 0.09725928 0.461565 0.09725999 0.4818188 0.1027938 0.499685 0.09726226 0.506718 0.1027915 0.5716023 0.1027863 0.5940425 0.0972675 0.5932964 0.09725981 0.6146819 0.0972675 0.5932964 0.1027861 0.6116546 0.1027848 0.6283146 0.09725981 0.6146819 0.1027861 0.6116546 0.09725981 0.6146819 0.1027848 0.6283146 0.0972597 0.633805 0.1027848 0.6283146 0.1027878 0.6514161 0.0972597 0.633805 0.09725946 0.650731 0.0972597 0.633805 0.1027878 0.6514161 0.09725946 0.6675897 0.1027871 0.6686726 0.102786 0.6839432 0.102786 0.6839432 0.09725946 0.6867405 0.09725946 0.6675897 0.09725952 0.7070118 0.1027835 0.7264201 0.09725946 0.7283697 0.09725946 0.6867405 0.1027869 0.7027096 0.09725952 0.7070118 0.1027878 0.6514161 0.09725946 0.6675897 0.09725946 0.650731 0.102786 0.6839432 0.1027869 0.7027096 0.09725946 0.6867405 0.01321464 0.1676706 0.01321464 0.1464043 0.009205937 0.1581401 0.009205937 0.1581401 0.008631944 0.1947008 0.01321464 0.1676706 0.01321464 0.1676706 0.008631944 0.1947008 0.01321464 0.1951684 0.4580543 0.770085 0.4526273 0.7756137 0.439994 0.7700894 0.4126715 0.7756165 0.4072312 0.7700845 0.4241418 0.7700852 0.4338111 0.7756151 0.4241418 0.7700852 0.439994 0.7700894 0.4338111 0.7756151 0.439994 0.7700894 0.4526273 0.7756137 0.4126715 0.7756165 0.3949151 0.7700778 0.4072312 0.7700845 0.4752085 0.7756156 0.4783172 0.7700849 0.4963535 0.7700873 0.4988048 0.7756138 0.4963535 0.7700873 0.5166406 0.770087 0.4752085 0.7756156 0.4580543 0.770085 0.4783172 0.7700849 0.6611337 0.7700878 0.6580982 0.7755997 0.6430765 0.7700867 0.7028302 0.7700873 0.6843204 0.7756025 0.6791754 0.7700847 0.6024377 0.7700904 0.6239268 0.7700873 0.611606 0.7756043 0.4988048 0.7756138 0.4752085 0.7756156 0.4963535 0.7700873 0.5340312 0.7756133 0.5151857 0.775613 0.5166406 0.770087 0.5340312 0.7756133 0.5166406 0.770087 0.5392468 0.7700993 0.5392468 0.7700993 0.5564646 0.7756146 0.5340312 0.7756133 0.5564646 0.7756146 0.5392468 0.7700993 0.5605666 0.7700941 0.4126715 0.7756165 0.4241418 0.7700852 0.4338111 0.7756151 0.4580543 0.770085 0.4752085 0.7756156 0.4526273 0.7756137 0.3949151 0.7700778 0.4126715 0.7756165 0.3949662 0.7756023 0.4988048 0.7756138 0.5166406 0.770087 0.5151857 0.775613 0.5797385 0.7700916 0.5765026 0.7756162 0.5605666 0.7700941 0.6024377 0.7700904 0.5940862 0.7756109 0.5797385 0.7700916 0.6430765 0.7700867 0.6328802 0.7756016 0.6239268 0.7700873 0.6580982 0.7755997 0.6328802 0.7756016 0.6430765 0.7700867 0.6791754 0.7700847 0.6580982 0.7755997 0.6611337 0.7700878 0.611606 0.7756043 0.5940862 0.7756109 0.6024377 0.7700904 0.5765026 0.7756162 0.5797385 0.7700916 0.5940862 0.7756109 0.611606 0.7756043 0.6239268 0.7700873 0.6328802 0.7756016 0.6791754 0.7700847 0.6843204 0.7756025 0.6580982 0.7755997 0.6843204 0.7756025 0.7028302 0.7700873 0.7106527 0.7756084 0.5564646 0.7756146 0.5605666 0.7700941 0.5765026 0.7756162 0.7218658 0.7700865 0.7106527 0.7756084 0.7028302 0.7700873 0.7218658 0.7700865 0.7366395 0.7700869 0.7106527 0.7756084 0.734534 0.7756161 0.7106527 0.7756084 0.7366395 0.7700869 0.7545915 0.7756142 0.7366395 0.7700869 0.7569139 0.7700914 0.7569139 0.7700914 0.7793717 0.7700905 0.7721146 0.7756131 0.7896777 0.7756133 0.7793717 0.7700905 0.8031625 0.7700929 0.8156848 0.775609 0.8031625 0.7700929 0.824612 0.7700974 0.8416008 0.7756078 0.8391769 0.7700988 0.8537711 0.7700867 0.8416008 0.7756078 0.824612 0.7700974 0.8391769 0.7700988 0.8661796 0.7756056 0.8416008 0.7756078 0.8537711 0.7700867 0.8156848 0.775609 0.824612 0.7700974 0.8416008 0.7756078 0.8537711 0.7700867 0.8718258 0.7700888 0.8661796 0.7756056 0.7569139 0.7700914 0.7721146 0.7756131 0.7545915 0.7756142 0.734534 0.7756161 0.7366395 0.7700869 0.7545915 0.7756142 0.8031625 0.7700929 0.8156848 0.775609 0.7896777 0.7756133 0.7896777 0.7756133 0.7721146 0.7756131 0.7793717 0.7700905 0.8888193 0.770085 0.8951866 0.7756072 0.8718258 0.7700888 0.8951866 0.7756072 0.8661796 0.7756056 0.8718258 0.7700888 0.8888193 0.770085 0.9079422 0.7700856 0.8951866 0.7756072 0.9260295 0.7700884 0.9198287 0.7756007 0.9079422 0.7700856 0.9458153 0.7756043 0.9260295 0.7700884 0.9430164 0.7700859 0.9430164 0.7700859 0.9575669 0.7700852 0.9458153 0.7756043 0.9260295 0.7700884 0.9458153 0.7756043 0.9198287 0.7756007 0.9721047 0.7700794 0.9714597 0.7756032 0.9575669 0.7700852 0.8951866 0.7756072 0.9079422 0.7700856 0.9198287 0.7756007 0.9458153 0.7756043 0.9575669 0.7700852 0.9714597 0.7756032 0.6055143 0.2088054 0.6032291 0.2402853 0.605081 0.2315602 0.6032798 0.2633934 0.605081 0.2315602 0.6032291 0.2402853 0.370905 0.199865 0.3692842 0.2011644 0.4053491 0.201977 0.2482626 0.234104 0.2528396 0.232963 0.2186704 0.2315198 0.5672413 0.2465881 0.5686777 0.2095093 0.5667492 0.2297471 0.5653218 0.266833 0.5672413 0.2465881 0.5667492 0.2297471 0.2198725 0.2815035 0.2367622 0.2810142 0.1998972 0.2796101 0.2547178 0.2829541 0.2367622 0.2810142 0.2198725 0.2815035 0.6909008 0.1452972 0.6921148 0.1224455 0.690627 0.1242851 0.6918247 0.107716 0.690627 0.1242851 0.6921148 0.1224455 0.690627 0.1242851 0.6892919 0.1494135 0.6909008 0.1452972 0.6892919 0.1494135 0.6888604 0.1728321 0.6909008 0.1452972 0.3826985 0.2677299 0.3617336 0.2668569 0.3846145 0.2692199 0.3846145 0.2692199 0.41122 0.2692456 0.3826985 0.2677299 0.41122 0.2692456 0.3846145 0.2692199 0.422134 0.2707229 0.3948076 0.1108618 0.3945533 0.1094615 0.3671846 0.1091538 0.4214221 0.1117308 0.3945533 0.1094615 0.3948076 0.1108618 0.5311025 0.1318379 0.5315046 0.109219 0.5296911 0.1323381 0.5296911 0.1323381 0.5299693 0.1531636 0.5311025 0.1318379 0.5283476 0.1659659 0.5299693 0.1531636 0.5296911 0.1323381 0.678357 0.2467467 0.6797859 0.2099674 0.6778386 0.2304033 0.678357 0.2467467 0.6778386 0.2304033 0.6764594 0.2657539 0.2038931 0.2745394 0.2395297 0.27533 0.2057909 0.2732543 0.1959055 0.2325561 0.1903697 0.2130253 0.1959011 0.2087164 0.1903733 0.1971177 0.1959006 0.1841223 0.1959011 0.2087164 0.195905 0.2738812 0.195908 0.2975956 0.1903772 0.2816791 0.1959055 0.2325561 0.1959049 0.2526203 0.1903701 0.2354556 0.1903727 0.2613956 0.1959049 0.2526203 0.195905 0.2738812 0.1903707 0.1643648 0.1958926 0.1520431 0.1958975 0.1661207 0.1903707 0.1643648 0.1958975 0.1661207 0.19037 0.1812459 0.1959006 0.1841223 0.19037 0.1812459 0.1958975 0.1661207 0.1903733 0.1971177 0.19037 0.1812459 0.1959006 0.1841223 0.1903697 0.2130253 0.1959055 0.2325561 0.1903701 0.2354556 0.1903727 0.2613956 0.1903701 0.2354556 0.1959049 0.2526203 0.1903772 0.2816791 0.1903727 0.2613956 0.195905 0.2738812 0.1903772 0.2816791 0.195908 0.2975956 0.1903828 0.2985123 0.1958978 0.3364568 0.195906 0.3540653 0.1903759 0.356042 0.1903761 0.3334798 0.1959048 0.320047 0.1958978 0.3364568 0.1903759 0.356042 0.195906 0.3540653 0.1959059 0.3753305 0.1959048 0.320047 0.1903828 0.2985123 0.195908 0.2975956 0.190377 0.31655 0.1903828 0.2985123 0.1959048 0.320047 0.190377 0.31655 0.1959048 0.320047 0.1903761 0.3334798 0.1959043 0.4202818 0.1959049 0.4403164 0.1903702 0.4248017 0.190371 0.4012068 0.1959067 0.3977215 0.1959043 0.4202818 0.1903761 0.3334798 0.1958978 0.3364568 0.1903759 0.356042 0.1903696 0.1520847 0.1958926 0.1520431 0.1903707 0.1643648 0.1903733 0.1971177 0.1959011 0.2087164 0.1903697 0.2130253 0.1959059 0.3753305 0.1959067 0.3977215 0.1903723 0.3787673 0.1903723 0.3787673 0.1903759 0.356042 0.1959059 0.3753305 0.1903723 0.3787673 0.1959067 0.3977215 0.190371 0.4012068 0.1903702 0.4248017 0.190371 0.4012068 0.1959043 0.4202818 0.1903702 0.4248017 0.1959049 0.4403164 0.1903689 0.4450874 0.195905 0.514425 0.190371 0.5003396 0.1959058 0.4931715 0.1903689 0.4450874 0.1959055 0.460379 0.1903716 0.4631315 0.1959055 0.460379 0.1903689 0.4450874 0.1959049 0.4403164 0.1959029 0.4767929 0.1903716 0.4631315 0.1959055 0.460379 0.1903705 0.4811892 0.1959029 0.4767929 0.1959058 0.4931715 0.190371 0.5003396 0.1903705 0.4811892 0.1959058 0.4931715 0.1903752 0.5183699 0.195905 0.514425 0.1959053 0.5369308 0.1903741 0.5409619 0.1959053 0.5369308 0.1959076 0.5606031 0.1903783 0.5636985 0.1903741 0.5409619 0.1959076 0.5606031 0.1903717 0.6064633 0.1959069 0.5994338 0.1958989 0.6171084 0.1959076 0.5606031 0.1959023 0.5806893 0.1903824 0.5839365 0.1959065 0.6547825 0.1903688 0.645951 0.1959045 0.6334598 0.1957457 0.6929477 0.1903703 0.6852674 0.1959016 0.6735457 0.1958989 0.6171084 0.1959045 0.6334598 0.1903708 0.6278674 0.1903824 0.5839365 0.1903783 0.5636985 0.1959076 0.5606031 0.1959023 0.5806893 0.1959069 0.5994338 0.1903824 0.5839365 0.1959069 0.5994338 0.1903717 0.6064633 0.1903824 0.5839365 0.1903708 0.6278674 0.1903717 0.6064633 0.1958989 0.6171084 0.1957457 0.6929477 0.1941801 0.7172603 0.1903678 0.7078208 0.1959053 0.5369308 0.1903741 0.5409619 0.1903752 0.5183699 0.1903752 0.5183699 0.190371 0.5003396 0.195905 0.514425 0.1903705 0.4811892 0.1903716 0.4631315 0.1959029 0.4767929 0.1959045 0.6334598 0.1903688 0.645951 0.1903708 0.6278674 0.1903681 0.6629166 0.1903688 0.645951 0.1959065 0.6547825 0.1941801 0.7172603 0.1924107 0.7293663 0.190367 0.7225884 0.1903681 0.6629166 0.1959065 0.6547825 0.1959016 0.6735457 0.1903703 0.6852674 0.1903681 0.6629166 0.1959016 0.6735457 0.1957457 0.6929477 0.1903678 0.7078208 0.1903703 0.6852674 0.1941801 0.7172603 0.190367 0.7225884 0.1903678 0.7078208 0.003754019 0.1832694 0.005768835 0.1678771 0.006351172 0.1463034 0.004138529 0.1981817 0.005768835 0.1678771 0.003754019 0.1832694 0.02572268 0.1643636 0.02020531 0.1577205 0.02562296 0.1465564 0.02512186 0.1850432 0.02020537 0.1748908 0.02572268 0.1643636 0.02020531 0.1577205 0.02572268 0.1643636 0.02020537 0.1748908 0.02020537 0.1748908 0.02512186 0.1850432 0.02020519 0.1914289 0.02512186 0.1850432 0.02283233 0.2119827 0.02020531 0.2109535 0.02020531 0.2109535 0.02020519 0.1914289 0.02512186 0.1850432 0.02116316 0.232717 0.02020531 0.2109535 0.02283233 0.2119827 0.1792766 0.168047 0.1848115 0.1521668 0.1848056 0.1758508 0.1792754 0.2215617 0.1848057 0.2183968 0.1848056 0.2364248 0.1848053 0.2511557 0.1792762 0.2397769 0.1848056 0.2364248 0.1848056 0.1758508 0.1848056 0.199262 0.1792774 0.1942025 0.1848057 0.2183968 0.1792774 0.1942025 0.1848056 0.199262 0.1792755 0.2573097 0.1848053 0.2511557 0.1848053 0.2658643 0.1848053 0.2658643 0.1847979 0.2814947 0.1792749 0.277322 0.1848062 0.4381266 0.1792851 0.4177426 0.1848058 0.4189811 0.184805 0.4009526 0.1848058 0.4189811 0.1792851 0.4177426 0.1848024 0.3659805 0.1792889 0.3709974 0.184801 0.3512487 0.1848037 0.3818549 0.1792889 0.3709974 0.1848024 0.3659805 0.1848037 0.3818549 0.184805 0.4009526 0.1792843 0.3934428 0.184801 0.3512487 0.1792894 0.3486605 0.1847992 0.3332367 0.179288 0.3262674 0.1847975 0.315225 0.1847992 0.3332367 0.1848056 0.1758508 0.1792774 0.1942025 0.1792766 0.168047 0.1792885 0.152078 0.1848115 0.1521668 0.1792766 0.168047 0.1847959 0.2972109 0.1792823 0.299985 0.1847979 0.2814947 0.1792823 0.299985 0.1847959 0.2972109 0.1847975 0.315225 0.179288 0.3262674 0.1792823 0.299985 0.1847975 0.315225 0.1792774 0.1942025 0.1848057 0.2183968 0.1792754 0.2215617 0.1792762 0.2397769 0.1792754 0.2215617 0.1848056 0.2364248 0.1848053 0.2511557 0.1792755 0.2573097 0.1792762 0.2397769 0.1792755 0.2573097 0.1848053 0.2658643 0.1792749 0.277322 0.1792823 0.299985 0.1792749 0.277322 0.1847979 0.2814947 0.184801 0.3512487 0.1792889 0.3709974 0.1792894 0.3486605 0.179288 0.3262674 0.1847992 0.3332367 0.1792894 0.3486605 0.179283 0.4543116 0.179283 0.4387258 0.1848062 0.4381266 0.1792843 0.3934428 0.184805 0.4009526 0.1792851 0.4177426 0.1848037 0.3818549 0.1792843 0.3934428 0.1792889 0.3709974 0.1848062 0.4381266 0.179283 0.4387258 0.1792851 0.4177426 0.179283 0.4543116 0.1848062 0.4381266 0.1848061 0.4549959 0.1848061 0.4549959 0.1848058 0.4707736 0.179283 0.4543116 0.184804 0.4933257 0.1792772 0.4726493 0.1848058 0.4707736 0.1848025 0.5167664 0.1792782 0.5126965 0.184804 0.4933257 0.1848012 0.5325859 0.1792808 0.5341441 0.1848025 0.5167664 0.1847996 0.5473465 0.1792808 0.5341441 0.1848012 0.5325859 0.1792842 0.5525047 0.1847996 0.5473465 0.1847979 0.5653486 0.1792849 0.5706316 0.1847979 0.5653486 0.1847963 0.5833668 0.184806 0.6294018 0.1848064 0.6441549 0.1792877 0.6209578 0.1792884 0.6652961 0.1848064 0.6441549 0.1848065 0.6621828 0.1848065 0.7048481 0.1792859 0.6896308 0.1848065 0.6813349 0.1848065 0.7048481 0.1848129 0.7280921 0.179279 0.7125486 0.184806 0.6294018 0.1792877 0.6209578 0.1848059 0.6147056 0.1792857 0.5931992 0.1847963 0.5833668 0.1847984 0.5990679 0.1792857 0.5931992 0.1847984 0.5990679 0.1848059 0.6147056 0.1848065 0.6813349 0.1792884 0.6652961 0.1848065 0.6621828 0.1792842 0.5525047 0.1792808 0.5341441 0.1847996 0.5473465 0.1792842 0.5525047 0.1847979 0.5653486 0.1792849 0.5706316 0.1792849 0.5706316 0.1847963 0.5833668 0.1792857 0.5931992 0.1792784 0.491467 0.1792772 0.4726493 0.184804 0.4933257 0.1848058 0.4707736 0.1792772 0.4726493 0.179283 0.4543116 0.1792782 0.5126965 0.1792784 0.491467 0.184804 0.4933257 0.1848025 0.5167664 0.1792808 0.5341441 0.1792782 0.5126965 0.1792893 0.6440182 0.1792877 0.6209578 0.1848064 0.6441549 0.1792884 0.6652961 0.1792893 0.6440182 0.1848064 0.6441549 0.1848059 0.6147056 0.1792877 0.6209578 0.1792789 0.606794 0.1792789 0.606794 0.1792857 0.5931992 0.1848059 0.6147056 0.1792884 0.6652961 0.1848065 0.6813349 0.1792859 0.6896308 0.179279 0.7125486 0.1792859 0.6896308 0.1848065 0.7048481 0.1792883 0.728513 0.179279 0.7125486 0.1848129 0.7280921 0.2021812 0.1378175 0.2285303 0.1403265 0.2395389 0.1395258 0.2395389 0.1395258 0.2285303 0.1403265 0.2603815 0.1413743 0.4171741 0.9020067 0.4393959 0.9019961 0.4186057 0.9075312 0.4993832 0.9019948 0.4958336 0.9075285 0.4794354 0.9019945 0.515999 0.9075297 0.4993832 0.9019948 0.5206353 0.9019942 0.4407232 0.9075291 0.4393959 0.9019961 0.4606425 0.9019948 0.4608755 0.907531 0.4407232 0.9075291 0.4606425 0.9019948 0.4606425 0.9019948 0.4794354 0.9019945 0.4608755 0.907531 0.4794354 0.9019945 0.4800231 0.9075308 0.4608755 0.907531 0.4958336 0.9075285 0.4800231 0.9075308 0.4794354 0.9019945 0.5406158 0.901994 0.515999 0.9075297 0.5206353 0.9019942 0.5406077 0.9075258 0.515999 0.9075297 0.5406158 0.901994 0.5406077 0.9075258 0.5406158 0.901994 0.5569872 0.9019957 0.5914111 0.9075242 0.574549 0.9019948 0.5933164 0.9019937 0.5406077 0.9075258 0.5569872 0.9019957 0.5664835 0.9075196 0.5664835 0.9075196 0.5569872 0.9019957 0.574549 0.9019948 0.5914111 0.9075242 0.5933164 0.9019937 0.6120428 0.9019963 0.636879 0.9019925 0.6606056 0.9019943 0.6487452 0.9075289 0.684343 0.9019985 0.7095254 0.9019957 0.6994398 0.9075309 0.5664835 0.9075196 0.574549 0.9019948 0.5914111 0.9075242 0.4958336 0.9075285 0.4993832 0.9019948 0.515999 0.9075297 0.4186057 0.9075312 0.4393959 0.9019961 0.4407232 0.9075291 0.6120428 0.9019963 0.6148847 0.9075236 0.5914111 0.9075242 0.6120428 0.9019963 0.636879 0.9019925 0.6148847 0.9075236 0.636879 0.9019925 0.6487452 0.9075289 0.6340262 0.9075276 0.6656504 0.9075285 0.6487452 0.9075289 0.6606056 0.9019943 0.6340262 0.9075276 0.6148847 0.9075236 0.636879 0.9019925 0.68256 0.9075275 0.6656504 0.9075285 0.684343 0.9019985 0.684343 0.9019985 0.6656504 0.9075285 0.6606056 0.9019943 0.684343 0.9019985 0.6994398 0.9075309 0.68256 0.9075275 0.7707373 0.9019931 0.7945019 0.9019942 0.7870487 0.9075247 0.7945019 0.9019942 0.8132693 0.9019942 0.8107998 0.9075224 0.7095254 0.9019957 0.71509 0.9075307 0.6994398 0.9075309 0.7282127 0.9019922 0.71509 0.9075307 0.7095254 0.9019957 0.7282127 0.9019922 0.7469515 0.901996 0.7296058 0.9075279 0.7633408 0.9075286 0.7469515 0.901996 0.7707373 0.9019931 0.7707373 0.9019931 0.7870487 0.9075247 0.7633408 0.9075286 0.8320173 0.9019941 0.8107998 0.9075224 0.8132693 0.9019942 0.7633408 0.9075286 0.7453684 0.9075282 0.7469515 0.901996 0.8478927 0.9075176 0.8320173 0.9019941 0.8532801 0.9019948 0.8732233 0.901995 0.8635854 0.9075221 0.8532801 0.9019948 0.8792164 0.9075299 0.8732233 0.901995 0.8894665 0.9019891 0.8299019 0.9075222 0.8320173 0.9019941 0.8478927 0.9075176 0.9257341 0.902006 0.9277194 0.9075297 0.9069039 0.9019945 0.8635854 0.9075221 0.8478927 0.9075176 0.8532801 0.9019948 0.9637386 0.9075276 0.9444671 0.9020078 0.9656904 0.9020103 0.9656904 0.9020103 0.9909711 0.9020062 0.9795023 0.9075292 0.8107998 0.9075224 0.7870487 0.9075247 0.7945019 0.9019942 0.8299019 0.9075222 0.8107998 0.9075224 0.8320173 0.9019941 0.8732233 0.901995 0.8792164 0.9075299 0.8635854 0.9075221 0.7453684 0.9075282 0.7296058 0.9075279 0.7469515 0.901996 0.7282127 0.9019922 0.7296058 0.9075279 0.71509 0.9075307 0.8894665 0.9019891 0.8938918 0.9075299 0.8792164 0.9075299 0.908632 0.9075266 0.8938918 0.9075299 0.9069039 0.9019945 0.9069039 0.9019945 0.8938918 0.9075299 0.8894665 0.9019891 0.9069039 0.9019945 0.9277194 0.9075297 0.908632 0.9075266 0.9257341 0.902006 0.9444671 0.9020078 0.9277194 0.9075297 0.9444671 0.9020078 0.9468273 0.90753 0.9277194 0.9075297 0.9444671 0.9020078 0.9637386 0.9075276 0.9468273 0.90753 0.9656904 0.9020103 0.9795023 0.9075292 0.9637386 0.9075276 0.9928968 0.9075306 0.9795023 0.9075292 0.9909711 0.9020062 0.3782184 0.2077534 0.3949763 0.2072554 0.3614702 0.2059187 0.3782184 0.2077534 0.4067996 0.2092711 0.3949763 0.2072554 0.4269677 0.2090779 0.3949763 0.2072554 0.4067996 0.2092711 0.3616768 0.1512585 0.3906766 0.1531856 0.379615 0.1514409 0.6279104 0.1468082 0.6300408 0.1287091 0.6306728 0.1073996 0.554269 0.2322403 0.5563678 0.218869 0.5555158 0.2088392 0.554664 0.250916 0.5563678 0.218869 0.553234 0.2578016 0.553234 0.2578016 0.5563678 0.218869 0.554269 0.2322403 0.553615 0.2704814 0.5536239 0.2704814 0.553234 0.2578016 0.5536239 0.2704814 0.553234 0.2578016 0.5536239 0.2704814 0.5522401 0.2704812 0.5536239 0.2704814 0.553615 0.2704814 0.5536239 0.2704814 0.553615 0.2704814 0.5536239 0.2704814 0.5522401 0.2704812 0.553615 0.2704814 0.553234 0.2578016 0.4833134 0.9242013 0.4827867 0.9297205 0.4630823 0.9242019 0.4193143 0.9297181 0.4170386 0.9241941 0.4293243 0.9242004 0.4426249 0.9297222 0.4293243 0.9242004 0.4440029 0.9242013 0.461178 0.9297196 0.4440029 0.9242013 0.4630823 0.9242019 0.5031287 0.9297304 0.500234 0.9242011 0.5182259 0.9242035 0.4827867 0.9297205 0.4833134 0.9242013 0.500234 0.9242011 0.5384628 0.9242032 0.5206723 0.9297284 0.5182259 0.9242035 0.461178 0.9297196 0.4630823 0.9242019 0.4827867 0.9297205 0.6454837 0.9242036 0.6331933 0.9297199 0.6240478 0.9242066 0.6795727 0.9297171 0.6645861 0.9242029 0.6825986 0.924204 0.5558108 0.9297296 0.5384628 0.9242032 0.5610135 0.9242156 0.4293243 0.9242004 0.4426249 0.9297222 0.4193143 0.9297181 0.461178 0.9297196 0.4426249 0.9297222 0.4440029 0.9242013 0.4827867 0.9297205 0.500234 0.9242011 0.5031287 0.9297304 0.5206723 0.9297284 0.5031287 0.9297304 0.5182259 0.9242035 0.5370117 0.929728 0.5206723 0.9297284 0.5384628 0.9242032 0.5370117 0.929728 0.5384628 0.9242032 0.5558108 0.9297296 0.5822803 0.9242103 0.5781888 0.9297321 0.5610135 0.9242156 0.6014049 0.9242078 0.5981765 0.9297329 0.5822803 0.9242103 0.6157165 0.9297271 0.6014049 0.9242078 0.6240478 0.9242066 0.6544159 0.9297167 0.6645861 0.9242029 0.6795727 0.9297171 0.6795727 0.9297171 0.6825986 0.924204 0.7005957 0.924201 0.6454837 0.9242036 0.6645861 0.9242029 0.6544159 0.9297167 0.5981765 0.9297329 0.5781888 0.9297321 0.5822803 0.9242103 0.5981765 0.9297329 0.6014049 0.9242078 0.6157165 0.9297271 0.7008024 0.9297191 0.6795727 0.9297171 0.7005957 0.924201 0.6157165 0.9297271 0.6240478 0.9242066 0.6331933 0.9297199 0.6454837 0.9242036 0.6544159 0.9297167 0.6331933 0.9297199 0.5610135 0.9242156 0.5781888 0.9297321 0.5558108 0.9297296 0.7005957 0.924201 0.7208328 0.9242023 0.7183064 0.92972 0.7443625 0.9242026 0.7358 0.9297217 0.7208328 0.9242023 0.7520831 0.9297317 0.7443625 0.9242026 0.7667354 0.9242043 0.8005443 0.9242067 0.7981905 0.929731 0.7824848 0.9242095 0.7733539 0.9297319 0.7667354 0.9242043 0.7824848 0.9242095 0.8714734 0.9242025 0.8906596 0.9242042 0.878095 0.9297307 0.8605973 0.9297298 0.8544783 0.9242128 0.8714734 0.9242025 0.9457636 0.9297176 0.9299676 0.9242021 0.9501227 0.9242038 0.970306 0.9242016 0.9927941 0.9241957 0.9910059 0.9297198 0.7005957 0.924201 0.7183064 0.92972 0.7008024 0.9297191 0.7358 0.9297217 0.7183064 0.92972 0.7208328 0.9242023 0.8162814 0.9242094 0.820625 0.9297308 0.8005443 0.9242067 0.8331986 0.9242133 0.820625 0.9297308 0.8162814 0.9242094 0.8544783 0.9242128 0.8418318 0.9297303 0.8331986 0.9242133 0.7667354 0.9242043 0.7733539 0.9297319 0.7520831 0.9297317 0.7824848 0.9242095 0.7981905 0.929731 0.7733539 0.9297319 0.7443625 0.9242026 0.7520831 0.9297317 0.7358 0.9297217 0.8331986 0.9242133 0.8418318 0.9297303 0.820625 0.9297308 0.8605973 0.9297298 0.8418318 0.9297303 0.8544783 0.9242128 0.820625 0.9297308 0.7981905 0.929731 0.8005443 0.9242067 0.9299676 0.9242021 0.9120199 0.9297309 0.9097218 0.9242014 0.9120199 0.9297309 0.8906596 0.9242042 0.9097218 0.9242014 0.970306 0.9242016 0.9657292 0.9297158 0.9501227 0.9242038 0.970306 0.9242016 0.9910059 0.9297198 0.9657292 0.9297158 0.9457636 0.9297176 0.9501227 0.9242038 0.9657292 0.9297158 0.8714734 0.9242025 0.878095 0.9297307 0.8605973 0.9297298 0.8944681 0.9297294 0.878095 0.9297307 0.8906596 0.9242042 0.9120199 0.9297309 0.8944681 0.9297294 0.8906596 0.9242042 0.9299676 0.9242021 0.9294063 0.9297191 0.9120199 0.9297309 0.9457636 0.9297176 0.9294063 0.9297191 0.9299676 0.9242021 0.5064886 0.8144983 0.4737563 0.8144984 0.4859875 0.818602 0.5064886 0.8144983 0.4859875 0.818602 0.5287452 0.8208744 0.5287452 0.8208744 0.5387266 0.8144984 0.5064886 0.8144983 0.6668391 0.1072829 0.6657721 0.1402348 0.6682201 0.107328 0.04509401 0.2117251 0.04667419 0.1729091 0.04162752 0.2116352 0.1328442 0.2799159 0.1314389 0.3005305 0.1317659 0.3205196 0.1298454 0.3376173 0.1317659 0.3205196 0.1314389 0.3005305 0.3921362 0.1276641 0.3614955 0.1266552 0.3897551 0.1289239 0.4272658 0.1295298 0.3921362 0.1276641 0.3897551 0.1289239 0.4269044 0.130894 0.4272658 0.1295298 0.3897551 0.1289239 0.3894631 0.2389094 0.3989747 0.2380298 0.3615455 0.2366842 0.3894631 0.2389094 0.426898 0.24024 0.3989747 0.2380298 0.1164642 0.1461804 0.1144325 0.1754785 0.1162561 0.1665456 0.1139307 0.1845688 0.1128867 0.2039036 0.1138058 0.2035577 0.3610242 0.2496228 0.3957284 0.2504751 0.3613469 0.248256 0.2017896 0.1749454 0.2228677 0.1772679 0.2465561 0.177141 0.2523798 0.1788266 0.2465561 0.177141 0.2228677 0.1772679 0.4587148 0.9241921 0.4498295 0.9186632 0.4761049 0.9186556 0.5433748 0.9186543 0.530704 0.9241917 0.5197824 0.9186557 0.5610032 0.9186615 0.562024 0.9241824 0.5433748 0.9186543 0.4180395 0.9186685 0.4498295 0.9186632 0.4384344 0.9241918 0.4761049 0.9186556 0.4973435 0.918656 0.477827 0.924192 0.5197824 0.9186557 0.5115856 0.9241918 0.4973435 0.918656 0.5463368 0.9241845 0.5433748 0.9186543 0.562024 0.9241824 0.599687 0.9186539 0.5914457 0.9241848 0.5773205 0.9186567 0.599687 0.9186539 0.6233598 0.9186549 0.6105512 0.924187 0.562024 0.9241824 0.5773205 0.9186567 0.5767472 0.9241847 0.5610032 0.9186615 0.5773205 0.9186567 0.562024 0.9241824 0.6446036 0.9186568 0.664603 0.9186568 0.6520002 0.9241908 0.6446036 0.9186568 0.6317705 0.9241887 0.6233598 0.9186549 0.6845993 0.9186567 0.6700124 0.924192 0.664603 0.9186568 0.6880231 0.9241927 0.6845993 0.9186567 0.7045947 0.9186562 0.4384344 0.9241918 0.4174479 0.9241918 0.4180395 0.9186685 0.5197824 0.9186557 0.530704 0.9241917 0.5115856 0.9241918 0.5433748 0.9186543 0.5463368 0.9241845 0.530704 0.9241917 0.5115856 0.9241918 0.4947059 0.9241921 0.4973435 0.918656 0.4761049 0.9186556 0.477827 0.924192 0.4587148 0.9241921 0.4498295 0.9186632 0.4587148 0.9241921 0.4384344 0.9241918 0.4947059 0.9241921 0.477827 0.924192 0.4973435 0.918656 0.599687 0.9186539 0.6105512 0.924187 0.5914457 0.9241848 0.5914457 0.9241848 0.5767472 0.9241847 0.5773205 0.9186567 0.6233598 0.9186549 0.6317705 0.9241887 0.6105512 0.924187 0.6700124 0.924192 0.6520002 0.9241908 0.664603 0.9186568 0.6317705 0.9241887 0.6446036 0.9186568 0.6520002 0.9241908 0.7045947 0.9186562 0.7071101 0.9241929 0.6880231 0.9241927 0.6880231 0.9241927 0.6700124 0.924192 0.6845993 0.9186567 0.7572812 0.9186556 0.7464725 0.9241922 0.7409605 0.918657 0.7262389 0.9241927 0.7245872 0.9186562 0.7409605 0.918657 0.777279 0.9186558 0.7713378 0.9241899 0.7572812 0.9186556 0.7245872 0.9186562 0.7071101 0.9241929 0.7045947 0.9186562 0.777279 0.9186558 0.7972739 0.918656 0.7938987 0.9241883 0.8118957 0.9241866 0.7972739 0.918656 0.8172704 0.9186564 0.8172704 0.9186564 0.8372669 0.9186565 0.8298923 0.9241849 0.8172704 0.9186564 0.8298923 0.9241849 0.8118957 0.9241866 0.8298923 0.9241849 0.8372669 0.9186565 0.8478851 0.9241835 0.8372669 0.9186565 0.857214 0.9186571 0.8478851 0.9241835 0.857214 0.9186571 0.8808266 0.9186686 0.863582 0.9241855 0.9457352 0.9241937 0.9308847 0.9186694 0.9565449 0.9188142 0.8938925 0.924193 0.8808266 0.9186686 0.9060024 0.9186696 0.8478851 0.9241835 0.857214 0.9186571 0.863582 0.9241855 0.9308847 0.9186694 0.9086045 0.9241935 0.9060024 0.9186696 0.9565449 0.9188142 0.9788886 0.9202132 0.9783434 0.9241937 0.9788886 0.9202132 0.9928702 0.9232018 0.9783434 0.9241937 0.7713378 0.9241899 0.777279 0.9186558 0.7938987 0.9241883 0.8118957 0.9241866 0.7938987 0.9241883 0.7972739 0.918656 0.7245872 0.9186562 0.7262389 0.9241927 0.7071101 0.9241929 0.7464725 0.9241922 0.7262389 0.9241927 0.7409605 0.918657 0.7572812 0.9186556 0.7713378 0.9241899 0.7464725 0.9241922 0.863582 0.9241855 0.8808266 0.9186686 0.8792006 0.924193 0.8792006 0.924193 0.8808266 0.9186686 0.8938925 0.924193 0.9783434 0.9241937 0.9626143 0.9241937 0.9565449 0.9188142 0.9266174 0.9241937 0.9308847 0.9186694 0.9457352 0.9241937 0.8938925 0.924193 0.9060024 0.9186696 0.9086045 0.9241935 0.9308847 0.9186694 0.9266174 0.9241937 0.9086045 0.9241935 0.9626143 0.9241937 0.9457352 0.9241937 0.9565449 0.9188142 0.207138 0.1138535 0.2077199 0.1152711 0.2488557 0.11607 0.2497368 0.1173419 0.2488557 0.11607 0.2077199 0.1152711 0.4113914 0.8324584 0.4058727 0.8335158 0.4112912 0.8146511 0.4113914 0.8324584 0.411315 0.8466871 0.4058727 0.8335158 0.411315 0.8466871 0.4100362 0.8622874 0.40587 0.8563949 0.411315 0.8466871 0.40587 0.8563949 0.4058727 0.8335158 0.4100362 0.8622874 0.4085035 0.8800617 0.4058727 0.873378 0.4058727 0.873378 0.40587 0.8563949 0.4100362 0.8622874 0.4085035 0.8800617 0.4070044 0.8954246 0.4058727 0.873378 0.4335801 0.8964096 0.4171561 0.8908808 0.4408178 0.8908867 0.4998596 0.8964155 0.4833189 0.8908866 0.5013286 0.8908867 0.5160438 0.8908869 0.4998596 0.8964155 0.5013286 0.8908867 0.4408178 0.8908867 0.4641986 0.8908867 0.455456 0.8964203 0.5307366 0.890887 0.5221924 0.8964164 0.5160438 0.8908869 0.5307366 0.890887 0.5463517 0.8908944 0.5421835 0.8964178 0.4773908 0.8964151 0.4641986 0.8908867 0.4833189 0.8908866 0.6634618 0.8908872 0.6534177 0.896405 0.6385942 0.8908894 0.7028203 0.8908861 0.6998379 0.8964177 0.6836965 0.8908864 0.6634618 0.8908872 0.6836965 0.8908864 0.6772785 0.8964114 0.6385942 0.8908894 0.6159109 0.8964015 0.6160332 0.8908913 0.5980404 0.8908931 0.5910781 0.896404 0.580047 0.8908947 0.6160332 0.8908913 0.6159109 0.8964015 0.5980404 0.8908931 0.4335801 0.8964096 0.4171104 0.8964037 0.4171561 0.8908808 0.4773908 0.8964151 0.4833189 0.8908866 0.4998596 0.8964155 0.5620515 0.8908963 0.5648229 0.8964108 0.5463517 0.8908944 0.4641986 0.8908867 0.4773908 0.8964151 0.455456 0.8964203 0.4335801 0.8964096 0.4408178 0.8908867 0.455456 0.8964203 0.5221924 0.8964164 0.4998596 0.8964155 0.5160438 0.8908869 0.5221924 0.8964164 0.5307366 0.890887 0.5421835 0.8964178 0.5648229 0.8964108 0.5421835 0.8964178 0.5463517 0.8908944 0.5620515 0.8908963 0.580047 0.8908947 0.5648229 0.8964108 0.5910781 0.896404 0.5980404 0.8908931 0.6159109 0.8964015 0.5648229 0.8964108 0.580047 0.8908947 0.5910781 0.896404 0.6385942 0.8908894 0.6346628 0.8964024 0.6159109 0.8964015 0.6346628 0.8964024 0.6385942 0.8908894 0.6534177 0.896405 0.6772785 0.8964114 0.6534177 0.896405 0.6634618 0.8908872 0.6836965 0.8908864 0.6998379 0.8964177 0.6772785 0.8964114 0.6998379 0.8964177 0.7028203 0.8908861 0.7198287 0.8964159 0.7028203 0.8908861 0.7196731 0.8908862 0.7198287 0.8964159 0.7198287 0.8964159 0.7196731 0.8908862 0.7354359 0.8908866 0.755705 0.890888 0.7759342 0.8908894 0.7561083 0.8964146 0.778293 0.8964129 0.7759342 0.8908894 0.7939354 0.8908911 0.8080838 0.8964077 0.7939354 0.8908911 0.811931 0.8908928 0.8299136 0.8908944 0.826885 0.8964068 0.811931 0.8908928 0.8479146 0.8908959 0.846983 0.8964086 0.8299136 0.8908944 0.7354359 0.8908866 0.755705 0.890888 0.7373099 0.8964145 0.9152309 0.8908858 0.9321042 0.8908858 0.9284804 0.8964027 0.950731 0.8964051 0.9512246 0.8908858 0.9714999 0.8908858 0.9714999 0.8908858 0.9924897 0.8908794 0.9925435 0.8964041 0.8792304 0.8908864 0.8983526 0.8908862 0.8946233 0.8964036 0.8792304 0.8908864 0.8721975 0.8964044 0.8635966 0.8908938 0.9321042 0.8908858 0.9512246 0.8908858 0.950731 0.8964051 0.9152309 0.8908858 0.9109296 0.896403 0.8983526 0.8908862 0.778293 0.8964129 0.7939354 0.8908911 0.7944366 0.8964058 0.8080838 0.8964077 0.7944366 0.8964058 0.7939354 0.8908911 0.8080838 0.8964077 0.811931 0.8908928 0.826885 0.8964068 0.826885 0.8964068 0.8299136 0.8908944 0.846983 0.8964086 0.755705 0.890888 0.7561083 0.8964146 0.7373099 0.8964145 0.7198287 0.8964159 0.7354359 0.8908866 0.7373099 0.8964145 0.778293 0.8964129 0.7561083 0.8964146 0.7759342 0.8908894 0.9284804 0.8964027 0.9109296 0.896403 0.9152309 0.8908858 0.8946233 0.8964036 0.8983526 0.8908862 0.9109296 0.896403 0.9321042 0.8908858 0.950731 0.8964051 0.9284804 0.8964027 0.950731 0.8964051 0.9714999 0.8908858 0.9700953 0.8964032 0.9925435 0.8964041 0.9700953 0.8964032 0.9714999 0.8908858 0.8721975 0.8964044 0.846983 0.8964086 0.8635966 0.8908938 0.8635966 0.8908938 0.846983 0.8964086 0.8479146 0.8908959 0.8792304 0.8908864 0.8946233 0.8964036 0.8721975 0.8964044 0.2364511 0.1579833 0.200286 0.1566938 0.2121878 0.1580812 0.2121878 0.1580812 0.2178907 0.1583796 0.2364511 0.1579833 0.2178907 0.1583796 0.2274563 0.1588907 0.2364511 0.1579833 0.2274563 0.1588907 0.2564092 0.1598947 0.2364511 0.1579833 0.08060872 0.2971788 0.0861358 0.2897078 0.08613562 0.3097189 0.08059918 0.2658263 0.08613502 0.2521103 0.08613592 0.2684633 0.08059859 0.1757019 0.08612388 0.1537569 0.08612996 0.1837881 0.08612996 0.1837881 0.0861333 0.2126241 0.08059859 0.1992043 0.08060663 0.2814807 0.08613592 0.2684633 0.0861358 0.2897078 0.08059912 0.2511435 0.08613556 0.235728 0.08613502 0.2521103 0.08060872 0.2971788 0.08060663 0.2814807 0.0861358 0.2897078 0.0861333 0.2126241 0.08613556 0.235728 0.08059859 0.2183609 0.0861352 0.3285061 0.08613502 0.3485212 0.08060556 0.333199 0.08613502 0.3485212 0.08613759 0.3709082 0.08060264 0.363776 0.08059895 0.4380789 0.08612811 0.4322526 0.08613759 0.4498338 0.08613681 0.3946041 0.08060193 0.3806725 0.08613759 0.3709082 0.0861352 0.3285061 0.08060717 0.3151881 0.08613562 0.3097189 0.08060556 0.333199 0.08060717 0.3151881 0.0861352 0.3285061 0.08060872 0.2971788 0.08613562 0.3097189 0.08060717 0.3151881 0.08059924 0.4189463 0.08613508 0.4158727 0.08612811 0.4322526 0.08613508 0.4158727 0.0805999 0.3986532 0.08613681 0.3946041 0.0861333 0.2126241 0.08059859 0.2183609 0.08059859 0.1992043 0.08613502 0.2521103 0.08059918 0.2658263 0.08059912 0.2511435 0.08613592 0.2684633 0.08060663 0.2814807 0.08059918 0.2658263 0.08612996 0.1837881 0.08059859 0.1992043 0.08059859 0.1757019 0.08612388 0.1537569 0.08059859 0.1757019 0.08059841 0.1521527 0.08613556 0.235728 0.08059912 0.2511435 0.08059877 0.236395 0.08059859 0.2183609 0.08613556 0.235728 0.08059877 0.236395 0.08613502 0.3485212 0.08060264 0.363776 0.08060395 0.3479498 0.08060556 0.333199 0.08613502 0.3485212 0.08060395 0.3479498 0.08060264 0.363776 0.08613759 0.3709082 0.08060193 0.3806725 0.08613681 0.3946041 0.0805999 0.3986532 0.08060193 0.3806725 0.0805999 0.3986532 0.08613508 0.4158727 0.08059924 0.4189463 0.08059895 0.4380789 0.08059924 0.4189463 0.08612811 0.4322526 0.08613759 0.4498338 0.08613651 0.4734938 0.08059924 0.4593896 0.08613622 0.5747442 0.08613693 0.5972352 0.0806092 0.583324 0.08060497 0.5358517 0.08613497 0.532327 0.08613628 0.5510497 0.08613622 0.5747442 0.08060759 0.5653145 0.08613628 0.5510497 0.0861352 0.4959364 0.08060002 0.4818187 0.08613651 0.4734938 0.08060216 0.4998506 0.0861352 0.4959364 0.0861355 0.5159521 0.0806092 0.583324 0.08060759 0.5653145 0.08613622 0.5747442 0.08060288 0.51671 0.0861355 0.5159521 0.08613497 0.532327 0.08059984 0.6146805 0.08613693 0.5972352 0.08613598 0.6160429 0.08613598 0.6160429 0.08613747 0.6335571 0.08059984 0.6146805 0.08613747 0.6335571 0.0861293 0.6561592 0.08059972 0.6338034 0.0861293 0.6561592 0.08612173 0.6812209 0.08059948 0.6675919 0.08612173 0.6812209 0.08611804 0.7032849 0.08059948 0.6867436 0.08612239 0.7266946 0.0805996 0.7047724 0.08611804 0.7032849 0.0806092 0.583324 0.08613693 0.5972352 0.08060717 0.5990497 0.08060216 0.4998506 0.0861355 0.5159521 0.08060288 0.51671 0.08060497 0.5358517 0.08060288 0.51671 0.08613497 0.532327 0.08613628 0.5510497 0.08060759 0.5653145 0.08060568 0.5505962 0.08613628 0.5510497 0.08060568 0.5505962 0.08060497 0.5358517 0.08059924 0.4593896 0.08613651 0.4734938 0.08060002 0.4818187 0.08060216 0.4998506 0.08060002 0.4818187 0.0861352 0.4959364 0.08059984 0.6146805 0.08060717 0.5990497 0.08613693 0.5972352 0.08059972 0.6338034 0.08059984 0.6146805 0.08613747 0.6335571 0.0861293 0.6561592 0.08059942 0.6507267 0.08059972 0.6338034 0.08059948 0.6867436 0.08059948 0.6675919 0.08612173 0.6812209 0.0861293 0.6561592 0.08059948 0.6675919 0.08059942 0.6507267 0.08059948 0.6867436 0.08611804 0.7032849 0.0805996 0.7047724 0.08059948 0.7279655 0.0805996 0.7047724 0.08612239 0.7266946 0.08059895 0.4380789 0.08613759 0.4498338 0.08059924 0.4593896 0.2167366 0.1893587 0.2285882 0.1886016 0.2003852 0.1876252 0.2167366 0.1893587 0.2451575 0.1908688 0.2285882 0.1886016 0.2558048 0.190443 0.2285882 0.1886016 0.2451575 0.1908688 0.386353 0.2937627 0.3997025 0.2932022 0.3614807 0.2916989 0.653052 0.2321326 0.6536623 0.2467452 0.6552475 0.2052789 0.6517471 0.2659662 0.6536623 0.2467452 0.653052 0.2321326 0.4283447 0.9352748 0.4171559 0.929744 0.4384994 0.9297505 0.4384994 0.9297505 0.4587423 0.9297505 0.444265 0.9352765 0.4778819 0.9297506 0.4947209 0.9297505 0.4946099 0.9352813 0.4778819 0.9297506 0.4750556 0.9352765 0.4587423 0.9297505 0.5146072 0.9352812 0.5116346 0.9297509 0.5307418 0.929751 0.5307418 0.929751 0.5463447 0.9297584 0.5370158 0.9352816 0.4946099 0.9352813 0.4947209 0.9297505 0.5116346 0.9297509 0.6385787 0.9297538 0.6634562 0.9297515 0.6502419 0.9352676 0.6634562 0.9297515 0.6858696 0.9297509 0.6709703 0.9352676 0.6858696 0.9297509 0.7071562 0.9297507 0.6908379 0.9352676 0.6385787 0.9297538 0.6294075 0.9352722 0.6160297 0.9297556 0.5980389 0.9297573 0.5924289 0.9352735 0.580047 0.9297589 0.6160297 0.9297556 0.6103312 0.9352717 0.5980389 0.9297573 0.7262734 0.929751 0.7170686 0.9352697 0.7071562 0.9297507 0.4587423 0.9297505 0.4592639 0.9352763 0.444265 0.9352765 0.444265 0.9352765 0.4283447 0.9352748 0.4384994 0.9297505 0.4750556 0.9352765 0.4592639 0.9352763 0.4587423 0.9297505 0.5620521 0.9297605 0.5574674 0.935272 0.5463447 0.9297584 0.5620521 0.9297605 0.5739189 0.9352712 0.5574674 0.935272 0.5620521 0.9297605 0.580047 0.9297589 0.5739189 0.9352712 0.4283447 0.9352748 0.4170304 0.9352681 0.4171559 0.929744 0.5146072 0.9352812 0.4946099 0.9352813 0.5116346 0.9297509 0.5146072 0.9352812 0.5307418 0.929751 0.5370158 0.9352816 0.5370158 0.9352816 0.5463447 0.9297584 0.5574674 0.935272 0.4750556 0.9352765 0.4778819 0.9297506 0.4946099 0.9352813 0.5924289 0.9352735 0.5980389 0.9297573 0.6103312 0.9352717 0.6502419 0.9352676 0.6294075 0.9352722 0.6385787 0.9297538 0.6103312 0.9352717 0.6160297 0.9297556 0.6294075 0.9352722 0.6634562 0.9297515 0.6709703 0.9352676 0.6502419 0.9352676 0.6858696 0.9297509 0.6908379 0.9352676 0.6709703 0.9352676 0.580047 0.9297589 0.5924289 0.9352735 0.5739189 0.9352712 0.7071562 0.9297507 0.7170686 0.9352697 0.6908379 0.9352676 0.7414651 0.9352718 0.7262734 0.929751 0.7465417 0.9297517 0.7645046 0.9297538 0.761244 0.935272 0.7465417 0.9297517 0.7825116 0.9352706 0.7645046 0.9297538 0.7813747 0.9297545 0.7813747 0.9297545 0.8004859 0.9297567 0.7825116 0.9352706 0.8333027 0.9352782 0.8184869 0.9297586 0.8364893 0.9297602 0.8184869 0.9297586 0.8094994 0.9352797 0.8004859 0.9297567 0.8556944 0.9352801 0.8364893 0.9297602 0.8579246 0.9297592 0.8981038 0.9352831 0.8938973 0.9297514 0.9086405 0.929751 0.926653 0.9297509 0.920745 0.9352749 0.9086405 0.929751 0.9457831 0.9297509 0.9692502 0.929751 0.9623994 0.9352795 0.943285 0.9352676 0.926653 0.9297509 0.9457831 0.9297509 0.8981038 0.9352831 0.8792347 0.9297513 0.8938973 0.9297514 0.8579246 0.9297592 0.8792347 0.9297513 0.878108 0.935282 0.9692502 0.929751 0.9927983 0.9297454 0.9779947 0.93527 0.9457831 0.9297509 0.9623994 0.9352795 0.943285 0.9352676 0.7465417 0.9297517 0.761244 0.935272 0.7414651 0.9352718 0.7170686 0.9352697 0.7262734 0.929751 0.7414651 0.9352718 0.7825116 0.9352706 0.761244 0.935272 0.7645046 0.9297538 0.8184869 0.9297586 0.8333027 0.9352782 0.8094994 0.9352797 0.8094994 0.9352797 0.7825116 0.9352706 0.8004859 0.9297567 0.8333027 0.9352782 0.8364893 0.9297602 0.8556944 0.9352801 0.9779947 0.93527 0.9623994 0.9352795 0.9692502 0.929751 0.920745 0.9352749 0.926653 0.9297509 0.943285 0.9352676 0.878108 0.935282 0.8556944 0.9352801 0.8579246 0.9297592 0.8792347 0.9297513 0.8981038 0.9352831 0.878108 0.935282 0.9839521 0.9352788 0.9927983 0.9297454 0.9924561 0.9352689 0.9839521 0.9352788 0.9779947 0.93527 0.9927983 0.9297454 0.920745 0.9352749 0.8981038 0.9352831 0.9086405 0.929751 0.6088503 0.8517988 0.6082396 0.8568814 0.6252285 0.8517988 0.6250861 0.8564686 0.6252285 0.8517988 0.6082396 0.8568814 0.6418038 0.8583933 0.6451089 0.8573688 0.6250861 0.8564686 0.6250861 0.8564686 0.6082396 0.8568814 0.6418038 0.8583933 0.6740334 0.8591885 0.6451089 0.8573688 0.6418038 0.8583933 0.1205437 0.1508414 0.1185874 0.1875857 0.121515 0.1587003 0.1184449 0.2028237 0.121515 0.1587003 0.1185874 0.1875857 0.4133408 0.196008 0.3694415 0.1941816 0.399947 0.1966835 0.4265089 0.1980625 0.4133408 0.196008 0.399947 0.1966835 0.2040454 0.2548223 0.2040289 0.2562057 0.2297667 0.2565702 0.6286621 0.226393 0.6293509 0.2395444 0.6307184 0.2111337 0.6273244 0.2660021 0.6293509 0.2395444 0.6271467 0.2549203 0.6271467 0.2549203 0.6293509 0.2395444 0.6286621 0.226393 0.5795889 0.1487109 0.5810245 0.1122857 0.5791068 0.1316626 0.5791068 0.1316626 0.5777086 0.1678589 0.5795889 0.1487109 0.3777869 0.1160697 0.4023115 0.1159838 0.3647098 0.1146354 0.4151511 0.1178458 0.4023115 0.1159838 0.3777869 0.1160697 0.03264498 0.1684931 0.03402239 0.1647775 0.03447616 0.1463983 0.465901 0.9075475 0.4619894 0.913083 0.4456747 0.9075485 0.4858964 0.9075477 0.476713 0.9130837 0.465901 0.9075475 0.4924512 0.9130821 0.4858964 0.9075477 0.5046336 0.9075477 0.5149202 0.9130823 0.5046336 0.9075477 0.5210118 0.9075504 0.4304115 0.9130828 0.4170674 0.9130837 0.4290192 0.9075565 0.4170674 0.9130837 0.4170246 0.9075607 0.4290192 0.9075565 0.4290192 0.9075565 0.4456747 0.9075485 0.4304115 0.9130828 0.4461749 0.9130803 0.4456747 0.9075485 0.4619894 0.913083 0.4858964 0.9075477 0.4924512 0.9130821 0.476713 0.9130837 0.5149202 0.9130823 0.5420936 0.9075455 0.5405892 0.913079 0.5149202 0.9130823 0.5210118 0.9075504 0.5420936 0.9075455 0.5420936 0.9075455 0.56713 0.9075492 0.562037 0.9130711 0.6891401 0.9130833 0.6748194 0.9075483 0.690966 0.9075434 0.6509005 0.9075514 0.6748194 0.9075483 0.6689561 0.9130809 0.56713 0.9075492 0.5883447 0.9075492 0.5767475 0.9130762 0.5405892 0.913079 0.5420936 0.9075455 0.562037 0.9130711 0.5767475 0.9130762 0.562037 0.9130711 0.56713 0.9075492 0.7083206 0.9075488 0.6891401 0.9130833 0.690966 0.9075434 0.6105553 0.9130763 0.5883447 0.9075492 0.6071754 0.9075468 0.6105553 0.9130763 0.6071754 0.9075468 0.6258149 0.9075495 0.6465689 0.913082 0.6258149 0.9075495 0.6509005 0.9075514 0.4304115 0.9130828 0.4456747 0.9075485 0.4461749 0.9130803 0.4924512 0.9130821 0.5046336 0.9075477 0.5149202 0.9130823 0.5767475 0.9130762 0.5883447 0.9075492 0.5914598 0.9130765 0.465901 0.9075475 0.476713 0.9130837 0.4619894 0.913083 0.5883447 0.9075492 0.6105553 0.9130763 0.5914598 0.9130765 0.6258149 0.9075495 0.6285848 0.9130787 0.6105553 0.9130763 0.6465689 0.913082 0.6285848 0.9130787 0.6258149 0.9075495 0.7083206 0.9075488 0.7049537 0.9130846 0.6891401 0.9130833 0.6465689 0.913082 0.6509005 0.9075514 0.6689561 0.9130809 0.6748194 0.9075483 0.6891401 0.9130833 0.6689561 0.9130809 0.7609595 0.907548 0.7545538 0.9130824 0.7445768 0.9075482 0.7927974 0.9130766 0.7772644 0.9075476 0.7972913 0.9075482 0.7218741 0.9130835 0.7049537 0.9130846 0.7083206 0.9075488 0.7218741 0.9130835 0.7083206 0.9075488 0.7271229 0.9075458 0.7376776 0.9130807 0.7271229 0.9075458 0.7445768 0.9075482 0.7218741 0.9130835 0.7271229 0.9075458 0.7376776 0.9130807 0.7545538 0.9130824 0.7376776 0.9130807 0.7445768 0.9075482 0.7772644 0.9075476 0.7736837 0.9130814 0.7609595 0.907548 0.7927974 0.9130766 0.7736837 0.9130814 0.7772644 0.9075476 0.8287916 0.9130756 0.8108145 0.9130789 0.817241 0.9075487 0.8108145 0.9130789 0.7972913 0.9075482 0.817241 0.9075487 0.9501232 0.9130852 0.9445429 0.9075486 0.9633045 0.9078706 0.879222 0.9130848 0.8709649 0.9075595 0.8921399 0.9075613 0.8287916 0.9130756 0.83348 0.9075424 0.8509168 0.9075483 0.8635948 0.9130753 0.8479005 0.9130727 0.8509168 0.9075483 0.879222 0.9130848 0.8635948 0.9130753 0.8709649 0.9075595 0.8635948 0.9130753 0.8509168 0.9075483 0.8709649 0.9075595 0.9354495 0.9130851 0.9195161 0.9075546 0.9445429 0.9075486 0.9929081 0.9103242 0.9924753 0.9130856 0.9807792 0.9092687 0.817241 0.9075487 0.83348 0.9075424 0.8287916 0.9130756 0.7736837 0.9130814 0.7545538 0.9130824 0.7609595 0.907548 0.7927974 0.9130766 0.7972913 0.9075482 0.8108145 0.9130789 0.8509168 0.9075483 0.8479005 0.9130727 0.8287916 0.9130756 0.8921399 0.9075613 0.8938906 0.9130838 0.879222 0.9130848 0.8921399 0.9075613 0.9129428 0.9130825 0.8938906 0.9130838 0.9195161 0.9075546 0.9129428 0.9130825 0.8921399 0.9075613 0.9445429 0.9075486 0.9501232 0.9130852 0.9354495 0.9130851 0.9807792 0.9092687 0.9691151 0.9130838 0.9633045 0.9078706 0.9354495 0.9130851 0.9129428 0.9130825 0.9195161 0.9075546 0.9501232 0.9130852 0.9633045 0.9078706 0.9691151 0.9130838 0.9691151 0.9130838 0.9807792 0.9092687 0.9924753 0.9130856 0.0146799 0.1639099 0.0201599 0.1719267 0.01467984 0.1897827 0.0201599 0.1719267 0.0146799 0.1639099 0.02010202 0.1470389 0.01867085 0.1961229 0.01467984 0.1897827 0.0201599 0.1719267 0.01867085 0.1961229 0.01728445 0.2172272 0.01467984 0.1897827 0.4740772 0.8335254 0.4902305 0.8353357 0.4740426 0.8362582 0.5013281 0.9353019 0.4998602 0.9408305 0.4833189 0.9353018 0.4998602 0.9408305 0.5013281 0.9353019 0.5160437 0.9353021 0.4401203 0.9408265 0.4408184 0.9353019 0.4642019 0.9353018 0.4401203 0.9408265 0.4171563 0.9352959 0.4408184 0.9353019 0.4642019 0.9353018 0.4833189 0.9353018 0.4773908 0.9408287 0.5221928 0.9408326 0.5160437 0.9353021 0.5307378 0.9353022 0.5421832 0.9408336 0.5307378 0.9353022 0.5463514 0.9353096 0.6534172 0.9408203 0.645446 0.9353046 0.6634617 0.9353024 0.6998389 0.9408322 0.6836962 0.9353017 0.7028201 0.9353014 0.6634617 0.9353024 0.6836962 0.9353017 0.6772772 0.9408258 0.5980398 0.9353082 0.6127505 0.9353066 0.6159103 0.9408175 0.6159103 0.9408175 0.6127505 0.9353066 0.6286029 0.9353053 0.645446 0.9353046 0.6346629 0.9408186 0.6286029 0.9353053 0.4171656 0.940819 0.4171563 0.9352959 0.4401203 0.9408265 0.4642019 0.9353018 0.461035 0.9408292 0.4401203 0.9408265 0.5620514 0.9353116 0.5648223 0.9408258 0.5463514 0.9353096 0.4833189 0.9353018 0.4998602 0.9408305 0.4773908 0.9408287 0.4642019 0.9353018 0.4773908 0.9408287 0.461035 0.9408292 0.5221928 0.9408326 0.4998602 0.9408305 0.5160437 0.9353021 0.5307378 0.9353022 0.5421832 0.9408336 0.5221928 0.9408326 0.5648223 0.9408258 0.5421832 0.9408336 0.5463514 0.9353096 0.5620514 0.9353116 0.580047 0.93531 0.5648223 0.9408258 0.6159103 0.9408175 0.5910789 0.9408181 0.5980398 0.9353082 0.5648223 0.9408258 0.580047 0.93531 0.5910789 0.9408181 0.6159103 0.9408175 0.6286029 0.9353053 0.6346629 0.9408186 0.6534172 0.9408203 0.6346629 0.9408186 0.645446 0.9353046 0.6534172 0.9408203 0.6634617 0.9353024 0.6772772 0.9408258 0.6772772 0.9408258 0.6836962 0.9353017 0.6998389 0.9408322 0.5980398 0.9353082 0.5910789 0.9408181 0.580047 0.93531 0.7196732 0.9353014 0.7198292 0.9408314 0.7028201 0.9353014 0.7354359 0.9353017 0.7198292 0.9408314 0.7196732 0.9353014 0.7510911 0.9353027 0.7667481 0.9353038 0.756105 0.9408318 0.7773149 0.9408307 0.7667481 0.9353038 0.7825016 0.9353063 0.7993823 0.9353068 0.7997083 0.9408313 0.7825016 0.9353063 0.7993823 0.9353068 0.8151897 0.9353076 0.7997083 0.9408313 0.8221178 0.940832 0.8151897 0.9353076 0.8299239 0.9353095 0.7373102 0.9408308 0.7354359 0.9353017 0.7510911 0.9353027 0.9085029 0.9408172 0.9086384 0.9353011 0.9266551 0.935301 0.9692566 0.9353011 0.9569759 0.9408247 0.9457848 0.935301 0.9692566 0.9353011 0.9927955 0.9352943 0.978236 0.9408274 0.8635959 0.9353091 0.8792303 0.9353016 0.8634642 0.9408259 0.8847461 0.9408195 0.8792303 0.9353016 0.8939009 0.9353016 0.9086384 0.9353011 0.9085029 0.9408172 0.8939009 0.9353016 0.9457848 0.935301 0.9321013 0.9408167 0.9266551 0.935301 0.756105 0.9408318 0.7373102 0.9408308 0.7510911 0.9353027 0.756105 0.9408318 0.7667481 0.9353038 0.7773149 0.9408307 0.8479175 0.9353111 0.8421174 0.9408331 0.8299239 0.9353095 0.7825016 0.9353063 0.7997083 0.9408313 0.7773149 0.9408307 0.6998389 0.9408322 0.7028201 0.9353014 0.7198292 0.9408314 0.7354359 0.9353017 0.7373102 0.9408308 0.7198292 0.9408314 0.8221178 0.940832 0.8299239 0.9353095 0.8421174 0.9408331 0.8151897 0.9353076 0.8221178 0.940832 0.7997083 0.9408313 0.8421174 0.9408331 0.8479175 0.9353111 0.8634642 0.9408259 0.8479175 0.9353111 0.8635959 0.9353091 0.8634642 0.9408259 0.9085029 0.9408172 0.9266551 0.935301 0.9321013 0.9408167 0.9085029 0.9408172 0.8847461 0.9408195 0.8939009 0.9353016 0.9457848 0.935301 0.9569759 0.9408247 0.9321013 0.9408167 0.8847461 0.9408195 0.8634642 0.9408259 0.8792303 0.9353016 0.9569759 0.9408247 0.9692566 0.9353011 0.978236 0.9408274 0.978236 0.9408274 0.9927955 0.9352943 0.9927654 0.9408196 0.4058066 0.1772758 0.3883465 0.1777148 0.4204706 0.1790711 0.08056998 0.1521842 0.08058047 0.1744288 0.07504552 0.1536171 0.08058172 0.2344759 0.0750482 0.2309232 0.08058208 0.214508 0.08058172 0.2344759 0.08058279 0.2582538 0.07504707 0.251109 0.075051 0.2757426 0.08058279 0.2582538 0.08058202 0.2846431 0.07504755 0.175757 0.08058047 0.1744288 0.08058196 0.1956986 0.07504564 0.1959295 0.07504755 0.175757 0.08058196 0.1956986 0.08058208 0.214508 0.07504564 0.1959295 0.08058196 0.1956986 0.08058208 0.214508 0.07504594 0.2150967 0.07504564 0.1959295 0.0750482 0.2309232 0.07504594 0.2150967 0.08058208 0.214508 0.075051 0.2757426 0.07504707 0.251109 0.08058279 0.2582538 0.0805816 0.3097192 0.08058291 0.3285048 0.07505446 0.3152021 0.075051 0.2757426 0.08058202 0.2846431 0.07505786 0.2971752 0.0805816 0.3097192 0.07505786 0.2971752 0.08058202 0.2846431 0.07505267 0.3331948 0.07505446 0.3152021 0.08058291 0.3285048 0.07505267 0.3331948 0.08058291 0.3285048 0.08058071 0.3472471 0.08058422 0.3721094 0.08058202 0.3958585 0.07504785 0.3839895 0.08057844 0.4196237 0.08058124 0.4448292 0.07504564 0.4402533 0.07504707 0.251109 0.0750482 0.2309232 0.08058172 0.2344759 0.07505786 0.2971752 0.0805816 0.3097192 0.07505446 0.3152021 0.07504552 0.1536171 0.08058047 0.1744288 0.07504755 0.175757 0.08058071 0.3472471 0.08058422 0.3721094 0.07505273 0.3523315 0.07505273 0.3523315 0.07505267 0.3331948 0.08058071 0.3472471 0.0750491 0.3692557 0.07505273 0.3523315 0.08058422 0.3721094 0.07504785 0.3839895 0.0750491 0.3692557 0.08058422 0.3721094 0.08058202 0.3958585 0.08057844 0.4196237 0.07504916 0.4042118 0.07504916 0.4042118 0.07504785 0.3839895 0.08058202 0.3958585 0.07504564 0.4402533 0.07504689 0.4244234 0.08057844 0.4196237 0.08057844 0.4196237 0.07504689 0.4244234 0.07504916 0.4042118 0.08058387 0.506104 0.08058208 0.526149 0.07505059 0.5101862 0.08058434 0.4635367 0.0750494 0.474132 0.07504695 0.4572129 0.07504695 0.4572129 0.08058124 0.4448292 0.08058434 0.4635367 0.08058047 0.4822945 0.0750494 0.474132 0.08058434 0.4635367 0.08058387 0.506104 0.07505059 0.5101862 0.07504773 0.4910552 0.07504773 0.4910552 0.08058047 0.4822945 0.08058387 0.506104 0.07505232 0.5281894 0.07505059 0.5101862 0.08058208 0.526149 0.07505232 0.5281894 0.08058208 0.526149 0.08058261 0.5461759 0.07505458 0.5653293 0.08058261 0.5461759 0.08058249 0.5686807 0.07505923 0.5833383 0.08058249 0.5686807 0.08058041 0.5888369 0.07504957 0.7092904 0.08057117 0.6925627 0.08058845 0.7125125 0.07504618 0.7284892 0.08058845 0.7125125 0.08056932 0.7284694 0.08057242 0.6081835 0.07505512 0.5990582 0.08058041 0.5888369 0.07504659 0.614695 0.08057242 0.6081835 0.08057391 0.6323809 0.08055943 0.6763021 0.07504677 0.6675856 0.08057397 0.6573513 0.08057117 0.6925627 0.07504659 0.6867371 0.08055943 0.6763021 0.07505458 0.5653293 0.08058249 0.5686807 0.07505923 0.5833383 0.08058261 0.5461759 0.0750544 0.5462083 0.07505232 0.5281894 0.07505458 0.5653293 0.0750544 0.5462083 0.08058261 0.5461759 0.07505512 0.5990582 0.07505923 0.5833383 0.08058041 0.5888369 0.07504659 0.614695 0.07505512 0.5990582 0.08057242 0.6081835 0.07504564 0.4402533 0.08058124 0.4448292 0.07504695 0.4572129 0.0750494 0.474132 0.08058047 0.4822945 0.07504773 0.4910552 0.08057391 0.6323809 0.07504868 0.6338133 0.07504659 0.614695 0.08057391 0.6323809 0.08057397 0.6573513 0.07504868 0.6338133 0.08057397 0.6573513 0.07504677 0.6675856 0.07504856 0.650748 0.08057397 0.6573513 0.07504856 0.650748 0.07504868 0.6338133 0.07504659 0.6867371 0.07504677 0.6675856 0.08055943 0.6763021 0.07504957 0.7092904 0.07504659 0.6867371 0.08057117 0.6925627 0.08058845 0.7125125 0.07504618 0.7284892 0.07504957 0.7092904 0.5921364 0.1449275 0.5933712 0.1122843 0.5916841 0.1273266 0.5900641 0.165407 0.5921364 0.1449275 0.5916841 0.1273266 0.3945561 0.146124 0.3614392 0.1452245 0.3935638 0.147458 0.3935638 0.147458 0.4269566 0.1485872 0.3945561 0.146124 0.4223424 0.2216951 0.4020975 0.2198582 0.3881732 0.220322 0.1050471 0.1692675 0.1063756 0.1703774 0.1066868 0.1463938 0.1027937 0.2117169 0.1063756 0.1703774 0.1050471 0.1692675 0.104182 0.2116386 0.1063756 0.1703774 0.1027937 0.2117169 0.4580544 0.7756367 0.4562839 0.7811668 0.4399939 0.775641 0.4126735 0.7811681 0.4072313 0.775636 0.4241418 0.7756368 0.4338113 0.7811673 0.4241418 0.7756368 0.4399939 0.775641 0.4338113 0.7811673 0.4399939 0.775641 0.4562839 0.7811668 0.4126735 0.7811681 0.3949152 0.7756295 0.4072313 0.775636 0.4787992 0.7811661 0.4783172 0.7756366 0.4963535 0.7756388 0.4987969 0.7811668 0.4963535 0.7756388 0.5166407 0.7756387 0.4787992 0.7811661 0.4580544 0.7756367 0.4783172 0.7756366 0.6611338 0.7756395 0.6580994 0.7811521 0.6430764 0.7756383 0.6791755 0.7756364 0.7028301 0.7756388 0.6843238 0.7811531 0.6024377 0.775642 0.6239271 0.7756391 0.6116065 0.7811555 0.4580544 0.7756367 0.4787992 0.7811661 0.4562839 0.7811668 0.4787992 0.7811661 0.4963535 0.7756388 0.4987969 0.7811668 0.539247 0.775651 0.5340312 0.7811663 0.5166407 0.7756387 0.5564638 0.7811667 0.539247 0.775651 0.5605666 0.7756457 0.539247 0.775651 0.5564638 0.7811667 0.5340312 0.7811663 0.4126735 0.7811681 0.4241418 0.7756368 0.4338113 0.7811673 0.3949152 0.7756295 0.4126735 0.7811681 0.3949662 0.7811539 0.5166407 0.7756387 0.5340312 0.7811663 0.5151883 0.7811669 0.4987969 0.7811668 0.5166407 0.7756387 0.5151883 0.7811669 0.5797387 0.7756432 0.5765021 0.7811674 0.5605666 0.7756457 0.6024377 0.775642 0.5940871 0.7811616 0.5797387 0.7756432 0.6430764 0.7756383 0.6580994 0.7811521 0.6328805 0.7811539 0.6430764 0.7756383 0.6328805 0.7811539 0.6239271 0.7756391 0.6791755 0.7756364 0.6580994 0.7811521 0.6611338 0.7756395 0.6580994 0.7811521 0.6791755 0.7756364 0.6843238 0.7811531 0.6024377 0.775642 0.6116065 0.7811555 0.5940871 0.7811616 0.5605666 0.7756457 0.5765021 0.7811674 0.5564638 0.7811667 0.5765021 0.7811674 0.5797387 0.7756432 0.5940871 0.7811616 0.6116065 0.7811555 0.6239271 0.7756391 0.6328805 0.7811539 0.7251794 0.7756381 0.7106531 0.7811598 0.7028301 0.7756388 0.7546883 0.7756419 0.7727486 0.7756429 0.7583174 0.7811668 0.7345355 0.7811682 0.7106531 0.7811598 0.7251794 0.7756381 0.7345355 0.7811682 0.7251794 0.7756381 0.7399212 0.7756388 0.7583174 0.7811668 0.7399212 0.7756388 0.7546883 0.7756419 0.7858726 0.7811639 0.7727486 0.7756429 0.790782 0.7756436 0.8109856 0.7811639 0.790782 0.7756436 0.8077118 0.7756443 0.8707545 0.7756393 0.8877365 0.7756369 0.8789454 0.7811577 0.9238436 0.7756386 0.9242998 0.7811459 0.9057707 0.7756373 0.8297657 0.7811667 0.8257504 0.7756507 0.8494588 0.7756415 0.8109856 0.7811639 0.8077118 0.7756443 0.8257504 0.7756507 0.9570035 0.781156 0.9575672 0.7756368 0.9717928 0.7756314 0.7028301 0.7756388 0.7106531 0.7811598 0.6843238 0.7811531 0.8109856 0.7811639 0.7858726 0.7811639 0.790782 0.7756436 0.8297657 0.7811667 0.8494588 0.7756415 0.8513849 0.7811549 0.8513849 0.7811549 0.8494588 0.7756415 0.8707545 0.7756393 0.8513849 0.7811549 0.8707545 0.7756393 0.8789454 0.7811577 0.7858726 0.7811639 0.7583174 0.7811668 0.7727486 0.7756429 0.7399212 0.7756388 0.7583174 0.7811668 0.7345355 0.7811682 0.8109856 0.7811639 0.8257504 0.7756507 0.8297657 0.7811667 0.9057707 0.7756373 0.9030508 0.7811563 0.8877365 0.7756369 0.9242998 0.7811459 0.9030508 0.7811563 0.9057707 0.7756373 0.9242998 0.7811459 0.9238436 0.7756386 0.9430148 0.775637 0.9575672 0.7756368 0.9570035 0.781156 0.9430148 0.775637 0.9430148 0.775637 0.9413357 0.781158 0.9242998 0.7811459 0.9722061 0.781154 0.9570035 0.781156 0.9717928 0.7756314 0.8789454 0.7811577 0.8877365 0.7756369 0.9030508 0.7811563 0.9413357 0.781158 0.9430148 0.775637 0.9570035 0.781156 0.1416257 0.1464031 0.1404962 0.1719616 0.1459257 0.1459546 0.1459257 0.1789249 0.1459257 0.1459546 0.1404962 0.1719616 0.141373 0.1781595 0.1459257 0.1789249 0.1404962 0.1719616 0.139498 0.2078608 0.141373 0.1781595 0.1404962 0.1719616 0.7041897 0.2253799 0.7044684 0.2054906 0.7022902 0.2349843 0.7022902 0.2349843 0.7018281 0.2626761 0.7041897 0.2253799 0.2144497 0.293443 0.2317901 0.2934522 0.1956568 0.2914982 0.3968403 0.1706876 0.3615426 0.1694509 0.3894561 0.1716807 0.4208925 0.1728575 0.3968403 0.1706876 0.3894561 0.1716807 0.6423884 0.1287084 0.6428121 0.1077163 0.6409673 0.1293876 0.6409673 0.1293876 0.6404393 0.1534502 0.6423884 0.1287084 0.7144601 0.1438576 0.7168782 0.1211304 0.7160283 0.11106 0.201536 0.1444401 0.2231835 0.1462526 0.2361407 0.1455521 0.2361407 0.1455521 0.2231835 0.1462526 0.2551825 0.1475195 0.1974782 0.2612417 0.2339329 0.2639065 0.218328 0.26169 0.2524158 0.2638897 0.218328 0.26169 0.2339329 0.2639065 0.2235338 0.214452 0.2160125 0.2126656 0.1959151 0.2122074 0.2398461 0.2139316 0.2160125 0.2126656 0.2235338 0.214452 0.2398461 0.2139316 0.2235338 0.214452 0.261007 0.2156295 0.4626867 0.80896 0.4558556 0.8144964 0.4426372 0.8089601 0.4626867 0.80896 0.4790913 0.8089613 0.4727766 0.8144965 0.4225922 0.8089604 0.4163659 0.8144962 0.3973467 0.80897 0.4225922 0.8089604 0.4426372 0.8089601 0.4366912 0.8144963 0.4954657 0.8089606 0.4896985 0.8144962 0.4790913 0.8089613 0.5155076 0.8089608 0.5088649 0.814496 0.4954657 0.8089606 0.5245366 0.8144887 0.5355532 0.808961 0.5402631 0.8144866 0.5155076 0.8089608 0.5355532 0.808961 0.5245366 0.8144887 0.5756452 0.8089609 0.5697581 0.8144891 0.5555946 0.8089607 0.5889114 0.8144915 0.5756452 0.8089609 0.5956911 0.8089608 0.5956911 0.8089608 0.6169707 0.8089591 0.6101843 0.8144931 0.6406702 0.8089588 0.6304644 0.8144951 0.6169707 0.8089591 0.5402631 0.8144866 0.5555946 0.8089607 0.5550231 0.8144891 0.5355532 0.808961 0.5555946 0.8089607 0.5402631 0.8144866 0.6631442 0.808961 0.6831883 0.8089608 0.6665768 0.814497 0.6406702 0.8089588 0.6631442 0.808961 0.6485212 0.8144963 0.4163659 0.8144962 0.3950186 0.8144963 0.3973467 0.80897 0.4954657 0.8089606 0.5088649 0.814496 0.4896985 0.8144962 0.5155076 0.8089608 0.5245366 0.8144887 0.5088649 0.814496 0.4896985 0.8144962 0.4727766 0.8144965 0.4790913 0.8089613 0.4426372 0.8089601 0.4558556 0.8144964 0.4366912 0.8144963 0.4225922 0.8089604 0.4366912 0.8144963 0.4163659 0.8144962 0.4727766 0.8144965 0.4558556 0.8144964 0.4626867 0.80896 0.5756452 0.8089609 0.5889114 0.8144915 0.5697581 0.8144891 0.5697581 0.8144891 0.5550231 0.8144891 0.5555946 0.8089607 0.6101843 0.8144931 0.5889114 0.8144915 0.5956911 0.8089608 0.6406702 0.8089588 0.6485212 0.8144963 0.6304644 0.8144951 0.6101843 0.8144931 0.6169707 0.8089591 0.6304644 0.8144951 0.6857119 0.8144972 0.6665768 0.814497 0.6831883 0.8089608 0.6631442 0.808961 0.6665768 0.814497 0.6485212 0.8144963 0.7834132 0.8089599 0.7998301 0.808963 0.7907593 0.8144909 0.8362401 0.808961 0.8268386 0.8144878 0.8161935 0.8089608 0.7659202 0.8089606 0.7834132 0.8089599 0.7727172 0.8144926 0.7251726 0.8144964 0.7232784 0.8089601 0.7458072 0.8089598 0.7048882 0.8144971 0.7032326 0.8089604 0.7232784 0.8089601 0.7501003 0.8144943 0.7458072 0.8089598 0.7659202 0.8089606 0.7032326 0.8089604 0.6857119 0.8144972 0.6831883 0.8089608 0.8088009 0.8144893 0.7998301 0.808963 0.8161935 0.8089608 0.8161935 0.8089608 0.8268386 0.8144878 0.8088009 0.8144893 0.8757231 0.8089614 0.8582319 0.8144974 0.8562845 0.808961 0.8362401 0.808961 0.8562845 0.808961 0.8425764 0.81449 0.8977642 0.8089656 0.877385 0.8144977 0.8757231 0.8089614 0.919501 0.808968 0.9427738 0.8094326 0.9304043 0.8144981 0.9112203 0.814498 0.8977642 0.8089656 0.919501 0.808968 0.8362401 0.808961 0.8425764 0.81449 0.8268386 0.8144878 0.9706311 0.8144982 0.9427738 0.8094326 0.971396 0.8116644 0.7727172 0.8144926 0.7501003 0.8144943 0.7659202 0.8089606 0.7834132 0.8089599 0.7907593 0.8144909 0.7727172 0.8144926 0.7907593 0.8144909 0.7998301 0.808963 0.8088009 0.8144893 0.7048882 0.8144971 0.7232784 0.8089601 0.7251726 0.8144964 0.7048882 0.8144971 0.6857119 0.8144972 0.7032326 0.8089604 0.7501003 0.8144943 0.7251726 0.8144964 0.7458072 0.8089598 0.8425764 0.81449 0.8562845 0.808961 0.8582319 0.8144974 0.8582319 0.8144974 0.8757231 0.8089614 0.877385 0.8144977 0.877385 0.8144977 0.8977642 0.8089656 0.8943367 0.814498 0.8943367 0.814498 0.8977642 0.8089656 0.9112203 0.814498 0.919501 0.808968 0.9304043 0.8144981 0.9112203 0.814498 0.9484553 0.8144981 0.9304043 0.8144981 0.9427738 0.8094326 0.9484553 0.8144981 0.9427738 0.8094326 0.9706311 0.8144982 0.4003182 0.8275613 0.3947944 0.8315836 0.4003228 0.8145303 0.3947944 0.8315836 0.3948004 0.8144984 0.4003228 0.8145303 0.3947987 0.8548443 0.3947944 0.8315836 0.4002646 0.8442267 0.3947987 0.8548443 0.4002646 0.8442267 0.3989601 0.8623115 0.4003182 0.8275613 0.4002646 0.8442267 0.3947944 0.8315836 0.3972564 0.8820593 0.3947972 0.875821 0.3989601 0.8623115 0.3947972 0.875821 0.3947987 0.8548443 0.3989601 0.8623115 0.3947972 0.875821 0.3972564 0.8820593 0.3964482 0.8972056 0.5097405 0.8426246 0.50793 0.8587779 0.5070077 0.84259 0.05840504 0.2010318 0.06393235 0.2003744 0.06393128 0.2172806 0.06392925 0.1689106 0.06393074 0.1846199 0.05840444 0.179751 0.05841189 0.154545 0.06393826 0.1521638 0.06392925 0.1689106 0.05840444 0.179751 0.05841189 0.154545 0.06392925 0.1689106 0.05840504 0.2010318 0.06393074 0.1846199 0.06393235 0.2003744 0.05840331 0.2222787 0.06393128 0.2172806 0.06392967 0.2364126 0.05840331 0.2222787 0.06392967 0.2364126 0.0584132 0.2428696 0.05841165 0.2666186 0.0584132 0.2428696 0.063932 0.255532 0.05841165 0.2666186 0.063932 0.255532 0.06393039 0.2747017 0.0584132 0.2428696 0.06392967 0.2364126 0.063932 0.255532 0.05841165 0.2666186 0.06393039 0.2747017 0.05841267 0.2920379 0.06391525 0.2905982 0.05841267 0.2920379 0.06393039 0.2747017 0.05841267 0.2920379 0.06391525 0.2905982 0.06392186 0.3075382 0.05841648 0.3376035 0.06392484 0.3266555 0.06392508 0.3480321 0.06393074 0.1846199 0.05840504 0.2010318 0.05840444 0.179751 0.05840504 0.2010318 0.06393128 0.2172806 0.05840331 0.2222787 0.05841094 0.3128697 0.05841267 0.2920379 0.06392186 0.3075382 0.05841648 0.3376035 0.05841094 0.3128697 0.06392484 0.3266555 0.05841648 0.3376035 0.06392508 0.3480321 0.05841583 0.3600324 0.06392508 0.3480321 0.063928 0.3692539 0.05841583 0.3600324 0.06393057 0.3872724 0.05841523 0.37888 0.063928 0.3692539 0.06393057 0.3872724 0.05841332 0.4024667 0.05841523 0.37888 0.06392854 0.405285 0.05841332 0.4024667 0.06393057 0.3872724 0.05841052 0.4233702 0.05841332 0.4024667 0.0639311 0.4222328 0.06393259 0.4369681 0.05841052 0.4233702 0.0639311 0.4222328 0.06392854 0.405285 0.0639311 0.4222328 0.05841332 0.4024667 0.05841523 0.37888 0.05841583 0.3600324 0.063928 0.3692539 0.05841147 0.4442436 0.05841052 0.4233702 0.06393259 0.4369681 0.06392186 0.3075382 0.06392484 0.3266555 0.05841094 0.3128697 0.05841147 0.4442436 0.06393259 0.4369681 0.06393074 0.4539115 0.05841284 0.4649915 0.06393074 0.4539115 0.06392967 0.4763206 0.05840289 0.4823647 0.05841284 0.4649915 0.06392967 0.4763206 0.05840289 0.4823647 0.06392967 0.4763206 0.06393057 0.4987309 0.05840468 0.5012287 0.06393057 0.4987309 0.06392663 0.5167329 0.06392663 0.5167329 0.06392526 0.5347817 0.05840492 0.5277213 0.05840122 0.5551311 0.06392526 0.5347817 0.0639252 0.5538991 0.05840462 0.7131057 0.06393027 0.7070231 0.06393963 0.7280942 0.05840122 0.5551311 0.0639252 0.5538991 0.0639227 0.5719034 0.0639227 0.5719034 0.06391972 0.591068 0.05840069 0.5775466 0.05841785 0.6464425 0.063932 0.6294409 0.06393027 0.6496244 0.05840671 0.4566462 0.06393074 0.4539115 0.05841284 0.4649915 0.05841147 0.4442436 0.06393074 0.4539115 0.05840671 0.4566462 0.05840492 0.5277213 0.05840468 0.5012287 0.06392663 0.5167329 0.06393057 0.4987309 0.05840468 0.5012287 0.05840289 0.4823647 0.05840122 0.5551311 0.05840492 0.5277213 0.06392526 0.5347817 0.05840981 0.6015309 0.05840069 0.5775466 0.06391972 0.591068 0.05840069 0.5775466 0.05840122 0.5551311 0.0639227 0.5719034 0.05840981 0.6015309 0.06391972 0.591068 0.06393247 0.6091611 0.063932 0.6294409 0.05841737 0.627767 0.06393247 0.6091611 0.05841737 0.627767 0.063932 0.6294409 0.05841785 0.6464425 0.05841594 0.6628025 0.05841785 0.6464425 0.06393027 0.6496244 0.06393271 0.6665531 0.05841594 0.6628025 0.06393027 0.6496244 0.06393247 0.6856815 0.0584141 0.6790272 0.06393271 0.6665531 0.06393027 0.7070231 0.05840837 0.6952933 0.06393247 0.6856815 0.05840462 0.7131057 0.05840837 0.6952933 0.06393027 0.7070231 0.05841594 0.6628025 0.06393271 0.6665531 0.0584141 0.6790272 0.05841737 0.627767 0.05840981 0.6015309 0.06393247 0.6091611 0.06393247 0.6856815 0.05840837 0.6952933 0.0584141 0.6790272 0.05841499 0.7284985 0.05840462 0.7131057 0.06393963 0.7280942 0.2198725 0.2876169 0.2367625 0.2871276 0.1998971 0.2857235 0.2547191 0.2890673 0.2367625 0.2871276 0.2198725 0.2876169 0.3949091 0.7978658 0.4113309 0.797853 0.3949441 0.8033901 0.4241047 0.8033897 0.4113309 0.797853 0.4348712 0.7978522 0.5188119 0.7978532 0.5042493 0.8033874 0.497514 0.7978528 0.4804757 0.8033887 0.4775061 0.7978528 0.497514 0.7978528 0.3949441 0.8033901 0.4113309 0.797853 0.4072198 0.8033894 0.4113309 0.797853 0.4241047 0.8033897 0.4072198 0.8033894 0.4432727 0.8033876 0.4241047 0.8033897 0.4348712 0.7978522 0.4348712 0.7978522 0.4586723 0.7978535 0.4432727 0.8033876 0.4775061 0.7978528 0.4804757 0.8033887 0.4613412 0.8033893 0.5302456 0.8033812 0.5042493 0.8033874 0.5188119 0.7978532 0.4775061 0.7978528 0.4613412 0.8033893 0.4586723 0.7978535 0.585241 0.797855 0.570865 0.8033821 0.5589482 0.797851 0.6341383 0.7978509 0.6578766 0.797852 0.6419317 0.8033873 0.5517318 0.8033764 0.5376429 0.7978534 0.5589482 0.797851 0.570865 0.8033821 0.585241 0.797855 0.5900053 0.8033829 0.570865 0.8033821 0.5517318 0.8033764 0.5589482 0.797851 0.6644399 0.8033872 0.6578766 0.797852 0.6791749 0.7978537 0.6902661 0.8033892 0.6791749 0.7978537 0.6955701 0.7978594 0.6058458 0.8033807 0.585241 0.797855 0.6105052 0.7978546 0.5188119 0.7978532 0.5376429 0.7978534 0.5302456 0.8033812 0.5517318 0.8033764 0.5302456 0.8033812 0.5376429 0.7978534 0.5042493 0.8033874 0.4804757 0.8033887 0.497514 0.7978528 0.4586723 0.7978535 0.4613412 0.8033893 0.4432727 0.8033876 0.585241 0.797855 0.6058458 0.8033807 0.5900053 0.8033829 0.6105052 0.7978546 0.6227769 0.8033868 0.6058458 0.8033807 0.6341383 0.7978509 0.6227769 0.8033868 0.6105052 0.7978546 0.6341383 0.7978509 0.6419317 0.8033873 0.6227769 0.8033868 0.6791749 0.7978537 0.6902661 0.8033892 0.6644399 0.8033872 0.6578766 0.797852 0.6644399 0.8033872 0.6419317 0.8033873 0.7119637 0.7978535 0.6902661 0.8033892 0.6955701 0.7978594 0.7229526 0.8033866 0.7119637 0.7978535 0.7332181 0.7978513 0.7569252 0.7978529 0.7432298 0.8033871 0.7332181 0.7978513 0.7962102 0.8033818 0.792128 0.7978524 0.8118695 0.7978541 0.7569252 0.7978529 0.7623506 0.8033813 0.7432298 0.8033871 0.7119637 0.7978535 0.7229526 0.8033866 0.7082986 0.8033862 0.7229526 0.8033866 0.7332181 0.7978513 0.7432298 0.8033871 0.7623506 0.8033813 0.7569252 0.7978529 0.7757732 0.7978544 0.6902661 0.8033892 0.7119637 0.7978535 0.7082986 0.8033862 0.9122967 0.7978615 0.9134412 0.8033869 0.8949732 0.7978607 0.8504597 0.8033879 0.8358725 0.797863 0.8551613 0.7978625 0.871892 0.7978662 0.8949732 0.7978607 0.8831839 0.8033882 0.92931 0.803386 0.9275791 0.7978627 0.9463773 0.7978616 0.9495024 0.8033888 0.9463773 0.7978616 0.9701283 0.7978651 0.9275791 0.7978627 0.9134412 0.8033869 0.9122967 0.7978615 0.871892 0.7978662 0.8674467 0.8033863 0.8551613 0.7978625 0.792128 0.7978524 0.7962102 0.8033818 0.7781922 0.8033824 0.7781922 0.8033824 0.7757732 0.7978544 0.792128 0.7978524 0.8142483 0.8033767 0.7962102 0.8033818 0.8118695 0.7978541 0.8358725 0.797863 0.8142483 0.8033767 0.8118695 0.7978541 0.8358725 0.797863 0.8504597 0.8033879 0.832298 0.8033775 0.8358725 0.797863 0.832298 0.8033775 0.8142483 0.8033767 0.7757732 0.7978544 0.7781922 0.8033824 0.7623506 0.8033813 0.8674467 0.8033863 0.8504597 0.8033879 0.8551613 0.7978625 0.8977486 0.8033891 0.8831839 0.8033882 0.8949732 0.7978607 0.8831839 0.8033882 0.8674467 0.8033863 0.871892 0.7978662 0.9463773 0.7978616 0.9495024 0.8033888 0.92931 0.803386 0.9720799 0.803389 0.9495024 0.8033888 0.9701283 0.7978651 0.9134412 0.8033869 0.8977486 0.8033891 0.8949732 0.7978607 0.9275791 0.7978627 0.92931 0.803386 0.9134412 0.8033869 0.5921406 0.2427182 0.593355 0.2099509 0.5916277 0.2262682 0.5901417 0.2623754 0.5921406 0.2427182 0.5916277 0.2262682 0.2050922 0.2059763 0.2034713 0.2072757 0.2395362 0.2080882 0.2482594 0.2279912 0.2528383 0.2268502 0.2186704 0.2254071 0.5795882 0.2465881 0.5810397 0.2094726 0.5791458 0.2288146 0.577669 0.2668345 0.5795882 0.2465881 0.5791458 0.2288146 0.06395691 0.1720837 0.06949114 0.1526039 0.06948226 0.1779906 0.06395691 0.1720837 0.06948226 0.1779906 0.06395405 0.1933066 0.06395405 0.1933066 0.06948226 0.1779906 0.06948482 0.2004237 0.06948482 0.2004237 0.06948387 0.2241318 0.06395798 0.2120862 0.0694825 0.2467259 0.06395375 0.2297255 0.06948387 0.2241318 0.06395494 0.2509534 0.06948435 0.2658438 0.06395608 0.2721116 0.06395494 0.2509534 0.0694825 0.2467259 0.06948435 0.2658438 0.06395769 0.2897039 0.06947308 0.2825841 0.0694741 0.2983234 0.06947779 0.3501378 0.06395351 0.3333936 0.0694788 0.3343129 0.06948113 0.406407 0.06396985 0.401075 0.06948262 0.3883607 0.06396573 0.1525925 0.06949114 0.1526039 0.06395691 0.1720837 0.06395405 0.1933066 0.06948482 0.2004237 0.06395798 0.2120862 0.06947541 0.3163193 0.06395471 0.3097173 0.0694741 0.2983234 0.0694741 0.2983234 0.06395471 0.3097173 0.06395769 0.2897039 0.06948435 0.2658438 0.06947308 0.2825841 0.06395608 0.2721116 0.06948387 0.2241318 0.06395375 0.2297255 0.06395798 0.2120862 0.06395608 0.2721116 0.06947308 0.2825841 0.06395769 0.2897039 0.0694825 0.2467259 0.06395494 0.2509534 0.06395375 0.2297255 0.0694788 0.3343129 0.06395351 0.3333936 0.06947541 0.3163193 0.06948083 0.3681829 0.06396126 0.3560167 0.06947779 0.3501378 0.06947779 0.3501378 0.06396126 0.3560167 0.06395351 0.3333936 0.06948262 0.3883607 0.06396657 0.3798291 0.06948083 0.3681829 0.06396126 0.3560167 0.06948083 0.3681829 0.06396657 0.3798291 0.06948351 0.4233452 0.06396961 0.4198288 0.06948113 0.406407 0.06948488 0.4424481 0.06396728 0.4361128 0.06948351 0.4233452 0.06948113 0.406407 0.06396961 0.4198288 0.06396985 0.401075 0.06396985 0.401075 0.06396657 0.3798291 0.06948262 0.3883607 0.06948351 0.4233452 0.06396728 0.4361128 0.06396961 0.4198288 0.06396573 0.4548799 0.06396728 0.4361128 0.06948488 0.4424481 0.06395471 0.3097173 0.06947541 0.3163193 0.06395351 0.3333936 0.06948125 0.4615703 0.06396573 0.4548799 0.06948488 0.4424481 0.06947976 0.5167685 0.06947696 0.5427745 0.06395709 0.5360184 0.063955 0.4772568 0.06948125 0.4615703 0.06948304 0.4785146 0.06948226 0.4954566 0.063955 0.4772568 0.06948304 0.4785146 0.06395542 0.4997155 0.06948226 0.4954566 0.06947976 0.5167685 0.06395518 0.5184915 0.06395542 0.4997155 0.06947976 0.5167685 0.06395667 0.5523712 0.06947696 0.5427745 0.06947565 0.5653344 0.06948429 0.6676258 0.06396335 0.6659677 0.06948083 0.6507401 0.06947565 0.5653344 0.06947004 0.5855967 0.0639609 0.5732907 0.06396168 0.5980443 0.06947004 0.5855967 0.06948298 0.6103336 0.06396573 0.4548799 0.06948125 0.4615703 0.063955 0.4772568 0.063955 0.4772568 0.06948226 0.4954566 0.06395542 0.4997155 0.06396389 0.6225994 0.06396168 0.5980443 0.06948298 0.6103336 0.0639609 0.5732907 0.06947004 0.5855967 0.06396168 0.5980443 0.06947976 0.5167685 0.06395709 0.5360184 0.06395518 0.5184915 0.06395709 0.5360184 0.06947696 0.5427745 0.06395667 0.5523712 0.0639609 0.5732907 0.06395667 0.5523712 0.06947565 0.5653344 0.06396389 0.6225994 0.06948268 0.6338561 0.06396299 0.6449411 0.06948083 0.6507401 0.06396299 0.6449411 0.06948268 0.6338561 0.06948083 0.6507401 0.06396335 0.6659677 0.06396299 0.6449411 0.06948411 0.6867582 0.06396824 0.6880862 0.06396335 0.6659677 0.06948429 0.6676258 0.06948411 0.6867582 0.06396335 0.6659677 0.06948411 0.6867582 0.06948184 0.7093645 0.06396824 0.6880862 0.06948184 0.7093645 0.06949019 0.7284645 0.06396687 0.727867 0.06396687 0.727867 0.06396484 0.7057762 0.06948184 0.7093645 0.06396824 0.6880862 0.06948184 0.7093645 0.06396484 0.7057762 0.06396389 0.6225994 0.06948298 0.6103336 0.06948268 0.6338561 0.05018061 0.1484542 0.04691344 0.1950186 0.05139863 0.1676706 0.05139863 0.1951684 0.05139863 0.1676706 0.04691344 0.1950186 0.7032488 0.1452967 0.7044628 0.1224458 0.702975 0.1242852 0.7041727 0.107716 0.702975 0.1242852 0.7044628 0.1224458 0.702975 0.1242852 0.70164 0.1494138 0.7032488 0.1452967 0.70164 0.1494138 0.7012082 0.1728321 0.7032488 0.1452967 0.382712 0.2616173 0.3617336 0.2607436 0.3846145 0.2631066 0.3846145 0.2631066 0.41122 0.2631323 0.382712 0.2616173 0.41122 0.2631323 0.3846145 0.2631066 0.4221374 0.2646101 0.2289952 0.2024249 0.2287399 0.2010246 0.201374 0.2007158 0.2556259 0.2032911 0.2287399 0.2010246 0.2289952 0.2024249 0.3989686 0.2991621 0.365969 0.2980372 0.3863542 0.2998765 0.4199818 0.3012199 0.3989686 0.2991621 0.3863542 0.2998765 0.6662228 0.242738 0.6674386 0.2099677 0.6654913 0.2304033 0.6662228 0.242738 0.6654913 0.2304033 0.6642442 0.2661271 0.2058581 0.2671446 0.2039269 0.2684279 0.2395299 0.2692167 0.6088429 0.8742743 0.6309226 0.8760012 0.6255169 0.8745071 0.5922326 0.8600106 0.5925716 0.8422998 0.5908505 0.8618773 0.5922326 0.8600106 0.5908505 0.8618773 0.5915195 0.8747889 0.3733695 0.1719169 0.3873744 0.1591216 0.3737393 0.1559874 0.3733695 0.1719169 0.3874157 0.1718534 0.3873744 0.1591216 0.6139781 0.6323235 0.6307519 0.6326735 0.6307441 0.6194 0.6320075 0.5716348 0.6316161 0.5885042 0.6456629 0.5884964 0.5537009 0.6912752 0.5704749 0.6916251 0.570467 0.6783515 0.4836906 0.6704912 0.4738855 0.6704912 0.4738857 0.6845376 0.3971605 0.5144191 0.453346 0.5018376 0.453346 0.5144191 0.5552471 0.559256 0.5552471 0.5873486 0.5412008 0.5873486 0.3971605 0.4877912 0.453346 0.4877912 0.453346 0.5003728 0.5853857 0.559256 0.5853857 0.5873486 0.5713393 0.5873486 0.570471 0.7063626 0.5704078 0.6930898 0.5535905 0.693459 0.1317615 0.9473404 0.1317615 0.9332941 0.1070771 0.9332941 0.4819142 0.9647626 0.4819142 0.9507163 0.3550148 0.9507163 0.4638994 0.6658694 0.4543228 0.6518231 0.4638956 0.6518231 0.4537106 0.6845375 0.4537151 0.6704912 0.4632917 0.6704912 0.4537106 0.6845375 0.4632917 0.6704912 0.4632845 0.6845375 0.05827927 0.7609145 0.07198041 0.7667326 0.05814462 0.7767389 0.3550148 0.5872535 0.3690611 0.5872535 0.3690611 0.5747227 0.4335452 0.6472013 0.4335452 0.633155 0.4429095 0.6472013 0.1191601 0.9022592 0.1070782 0.9022595 0.1070796 0.9163057 0.1191383 0.9163059 0.1191601 0.9022592 0.1070796 0.9163057 0.4969095 0.6102518 0.4969089 0.5962055 0.505025 0.5962055 0.3549386 0.7939725 0.377081 0.7799262 0.3770491 0.7939724 0.4747882 0.6146802 0.4912445 0.6146802 0.4912445 0.6287266 0.3789982 0.7218738 0.4011415 0.7078276 0.4010875 0.7218738 0.3207451 0.9485471 0.3207451 0.9356953 0.136349 0.9356953 0.3549596 0.7459067 0.3771029 0.7318605 0.3770489 0.7459067 0.3550148 0.633155 0.3714711 0.633155 0.3714711 0.6472013 0.3549361 0.7218738 0.377081 0.7078275 0.3770489 0.7218738 0.3304722 0.2140169 0.3304722 0.2014353 0.2978942 0.2014353 0.02407431 0.7948798 0.02407425 0.7808335 0.01199543 0.7808331 0.443115 0.6704912 0.4335422 0.6704912 0.4335409 0.6845375 0.952693 0.5880263 0.966741 0.6262267 0.9526947 0.6261958 0.03991532 0.7639677 0.03991532 0.7935652 0.02586895 0.7935652 0.08832877 0.7474328 0.08832877 0.7770303 0.0742824 0.7770303 0.4942596 0.7304001 0.4802761 0.7299742 0.4802392 0.7075147 0.4942596 0.7304001 0.4802395 0.7441358 0.4802761 0.7299742 0.9763473 0.5880376 0.9903936 0.5880931 0.9903936 0.6261933 0.6147953 0.7062191 0.6211144 0.6931664 0.630701 0.7063626 0.8451737 0.5393781 0.8577553 0.5657923 0.8577553 0.5350207 0.8451737 0.4996683 0.8451737 0.5393781 0.8577553 0.5350207 0.8577553 0.5657923 0.8451737 0.5393781 0.8451737 0.5792393 0.6207062 0.6785382 0.630709 0.6916248 0.6012613 0.6916265 0.3931736 0.7033991 0.3550032 0.6893528 0.3931435 0.6893527 0.3549827 0.6278942 0.3693279 0.6138478 0.36927 0.6278942 0.4959332 0.7032055 0.4736314 0.6891595 0.4958112 0.6891595 0 0.7988162 0 0.8355639 0.01258146 0.7987775 0 0.8704002 0 0.9045762 0.01258146 0.8677898 0.9028553 0.6021201 0.9028553 0.5880737 0.9324527 0.6021201 0.35488 0.7699395 0.3772225 0.7558933 0.3769459 0.7699394 0.3549846 0.608587 0.3693301 0.5945407 0.3692702 0.608587 0.3831142 0.4877912 0.3956957 0.5543346 0.3831142 0.5543346 0.4973429 0.79704 0.497377 0.7829937 0.4030504 0.7970399 0.434432 0.6146802 0.4494428 0.6146802 0.4494428 0.6287266 0.4965569 0.7760747 0.4965859 0.7620283 0.4036169 0.7760748 0.4492611 0.6102518 0.4343364 0.5962051 0.434368 0.6102523 0.3550148 0.6520165 0.3714711 0.6520165 0.3714711 0.6660628 0.3207451 0.9628639 0.3207451 0.950012 0.136349 0.950012 0.02209621 0.778014 -1.70806e-5 0.7639678 0.0220313 0.7639677 0.3937464 0.633155 0.4102027 0.633155 0.4102027 0.6472013 0.3789775 0.7699396 0.4011197 0.7558934 0.4010878 0.7699396 0.5537009 0.6765373 0.5704749 0.6768871 0.570467 0.6636137 0.4458569 0.1558824 0.4454655 0.1719205 0.4595122 0.1719132 0.6139782 0.6175857 0.6307519 0.6179355 0.6307441 0.604662 0.6014779 0.5885004 0.6154828 0.5750418 0.6018477 0.5717452 0.6014779 0.5885004 0.6155241 0.5884336 0.6154828 0.5750418 0.3271644 0.1713096 0.3132482 0.1584896 0.3126005 0.1710445 0.3271644 0.1713096 0.3270976 0.1584442 0.3132482 0.1584896 0.3550148 0.5685307 0.3690611 0.5685307 0.3550148 0.5724459 0.02339529 0.9392724 0.01404976 0.7988089 0.01404815 0.9392724 0.3489784 0.849636 0.3530839 0.860172 0.09132438 0.8585137 0.5440154 0.5252784 0.5440154 0.5158865 0.400749 0.5158554 0.3971631 0.5251775 0.5440154 0.5252784 0.400749 0.5158554 0.02480936 0.9395889 0.02481055 0.7988089 0.0435872 0.7988277 0.05622535 0.9392725 0.0411669 0.939239 0.0435872 0.7988277 0.3971899 0.5266494 0.6602903 0.5359115 0.3971606 0.5358852 0.09132438 0.7811003 0.3530839 0.7827586 0.3489784 0.7722228 0.5297879 0.5636666 0.5190166 0.5592502 0.5298286 0.7063626 0.9985352 0.6972384 0.9985352 0.6864584 0.8595331 0.6972818 0.3480035 0.5977714 0.3480035 0.6244302 0.3412188 0.5977717 0.3480035 0.6244302 0.3480035 0.6700487 0.3412188 0.6304633 0.3480035 0.723363 0.3412188 0.7249548 0.3412188 0.6740533 0.3480035 0.7576393 0.3412188 0.7576491 0.3412188 0.7249548 0.6193738 0.2629589 0.5639645 0.37237 0.5639644 0.2629793 0.5639645 0.5380141 0.5639645 0.37237 0.6193739 0.4224097 0.6193739 0.5804538 0.6193739 0.7192537 0.5639645 0.7189031 0.6193739 0.8583413 0.5639645 0.8583357 0.5639645 0.7189031 0.2290183 0.4021347 0.173609 0.4813205 0.173609 0.3620558 0.2290183 0.6631883 0.173609 0.7223675 0.173609 0.6002583 0.2290183 0.781883 0.173609 0.8585033 0.173609 0.7223675 0.2290183 0.6631883 0.2290183 0.781883 0.173609 0.7223675 0.1035336 0.4508364 0.1035336 0.5757177 0.05249923 0.5247575 0.1035336 0.5757177 0.1035336 0.6921669 0.05249923 0.655582 0.1035336 0.6921669 0.1035336 0.7719424 0.05249923 0.7721903 0.3397539 0.5977618 0.3397539 0.6435128 0.3329693 0.5978207 0.3397539 0.7005307 0.3329693 0.7249547 0.3329693 0.6740534 0.3397539 0.7569677 0.3329693 0.7576491 0.3329693 0.7249547 0.5340454 0.7620386 0.5272747 0.7580831 0.5340495 0.7149723 0.5340495 0.7149723 0.5272747 0.7580831 0.5272747 0.7057079 0.5340454 0.7620386 0.5340471 0.812732 0.5272718 0.8027177 0.5340562 0.9175941 0.5272718 0.9181805 0.5340557 0.8635566 0.05103439 0.4513309 0.05103439 0.5181539 0 0.4511737 0.05103439 0.5181539 0.05103439 0.6333659 0 0.564906 0.05103439 0.6333659 0 0.6948147 0 0.564906 0.05103439 0.7724206 0 0.7719253 0 0.6948147 0.1049985 0.5089472 0.1049985 0.5661137 0.1327064 0.5577197 0.1327064 0.623713 0.1049985 0.5661137 0.1049985 0.6233854 0.3241933 0.9476983 0.3864659 0.9476984 0.3768121 0.9199904 0.4386146 0.9199904 0.3864659 0.9476984 0.4385815 0.9476983 0.4535111 0.7162185 0.4721478 0.7686129 0.3892389 0.7686129 0.5871396 0.7686129 0.4721478 0.7686129 0.5273156 0.7162185 0.6928631 0.7686129 0.5871396 0.7686129 0.6143947 0.7162185 0.3892379 0.6623592 0.4583489 0.7147536 0.3892641 0.7147537 0.3892379 0.6623592 0.4533509 0.6623592 0.4583489 0.7147536 0.4533509 0.6623592 0.529326 0.6623592 0.4583489 0.7147536 0.5388911 0.7147536 0.4583489 0.7147536 0.529326 0.6623592 0.529326 0.6623592 0.6101092 0.6623592 0.614792 0.7147536 0.6928631 0.7147536 0.614792 0.7147536 0.6929516 0.6623592 3.95597e-6 0.1077185 0.04493832 0.1077185 -2.54789e-4 0 0.04493832 0.1077185 0.1237033 0.1077185 0.07371073 0 0.1944856 0 0.1237033 0.1077185 0.1944552 0.1077185 0.7251015 0.1077202 0.7251015 0.1687725 0.8328201 0.1062641 0.7251015 0.2442556 0.7251015 0.3018501 0.8328201 0.2602588 0.1959104 0.05385929 0.3023243 0.1062537 0.1959241 0.1062537 0.3153333 0.05385923 0.4711883 0.1062537 0.3023243 0.1062537 0.6159363 0.05385923 0.6375805 0.1062537 0.4711883 0.1062537 0.7597252 0.1062537 0.6375805 0.1062537 0.7599269 0.05385923 0.2738767 0 0.3118276 0.05239439 0.1959034 0.05239444 0.1959227 0 0.2738767 0 0.1959034 0.05239444 0.2738767 0 0.3772735 0 0.3118276 0.05239439 0.3772735 0 0.4433704 0.05239439 0.3118276 0.05239439 0.3772735 0 0.4870987 0 0.4433704 0.05239439 0.4870987 0 0.5844883 0.05239439 0.4433704 0.05239439 0.6284144 0 0.7605327 0.05239439 0.5844883 0.05239439 0.244657 0.1188049 0.2187092 0.119005 0.2446044 0.1213914</float_array>
          <technique_common>
            <accessor source="#_左侧肩部_-_转换实体1__002-mesh-map-0-array" count="15960" stride="2">
              <param name="S" type="float"/>
              <param name="T" type="float"/>
            </accessor>
          </technique_common>
        </source>
        <vertices id="_左侧肩部_-_转换实体1__002-mesh-vertices">
          <input semantic="POSITION" source="#_左侧肩部_-_转换实体1__002-mesh-positions"/>
        </vertices>
        <lines count="156">
          <input semantic="VERTEX" source="#_左侧肩部_-_转换实体1__002-mesh-vertices" offset="0"/>
          <p>978 977 521 520 759 725 1025 991 710 709 1193 1194 1670 1671 1740 1741 1780 1781 3442 3441 1691 1690 1711 1710 1868 1843 1610 1611 1631 1630 1641 1640 1701 1700 1720 1721 1801 1800 2189 2188 2295 2266 2504 2474 1158 1159 1731 1730 1790 1791 1811 1810 1969 1968 2595 2594 1650 1651 2388 2387 2814 2813 3451 3450 1181 1182 1590 1591 1751 1750 2084 2056 3452 3451 1681 1680 1761 1760 1821 1820 1831 1830 2607 2606 3032 3031 1601 1600 1660 1661 1771 1770 2188 2187 2389 2388 2608 2607 3033 3032 3234 3233 4963 4962 5119 5118 5163 5162 5488 5487 5495 5494 5559 5558 5578 5577 6223 6222 6439 6438 3915 3914 3961 3960 4151 4150 4158 4157 4584 4583 4724 4723 4827 4826 4901 4900 5045 5044 5710 5709 5719 5718 5901 5900 6112 6113 6121 6120 6217 6219 6233 6232 6472 6471 4461 4460 4470 4469 4583 4582 4785 4786 4915 4914 5050 5049 5831 5829 6044 6043 6283 6282 6368 6367 6438 6437 4250 4249 4458 4457 4807 4805 4914 4913 5112 5111 5239 5238 5466 5465 5485 5483 6446 6445 6475 6474 4231 4230 4426 4425 5238 5237 5458 5457 5577 5576 5645 5644 5709 5708 5791 5790 5811 5810 6219 6218 6476 6475 4061 4060 4133 4132 4163 4162 4167 4166 4460 4459 4585 4584 4906 4905 5111 5110 5122 5121 5159 5158 5496 5495 5576 5575 5711 5710 6128 6127 6137 6136 4140 4139 4230 4229 4389 4390 4462 4461 4480 4479 4834 4833 4899 4901 4916 4915 5381 5380 5461 5460 5497 5496 5560 5559 5569 5568 5758 5757 5831 5830 5907 5906 6441 6440 4047 4046 4165 4167 4572 4571 4815 4814 4824 4823 5162 5161 5240 5239 5282 5281 5377 5376 5799 5800 5897 5896 5973 5971 6141 6140 6371 6370 1620 1621</p>
        </lines>
        <triangles material="金属_006-material" count="885">
          <input semantic="VERTEX" source="#_左侧肩部_-_转换实体1__002-mesh-vertices" offset="0"/>
          <input semantic="NORMAL" source="#_左侧肩部_-_转换实体1__002-mesh-normals" offset="1"/>
          <input semantic="TEXCOORD" source="#_左侧肩部_-_转换实体1__002-mesh-map-0" offset="2" set="0"/>
          <p>1 0 0 5 1 1 0 2 2 5 1 3 1 0 4 4 3 5 4 3 6 2 4 7 5 1 8 3 5 9 2 4 10 4 3 11 7 6 12 11 7 13 6 8 14 10 9 15 11 7 16 7 6 17 13 10 18 17 11 19 12 12 20 13 10 21 16 13 22 17 11 23 16 13 24 14 14 25 17 11 26 15 15 27 14 14 28 16 13 29 21 16 30 23 17 31 18 18 32 22 19 33 23 17 34 21 16 35 22 19 36 19 20 37 23 17 38 27 21 39 29 22 40 24 23 41 28 24 42 29 22 43 27 21 44 28 24 45 25 25 46 29 22 47 33 26 48 35 27 49 30 28 50 34 29 51 35 27 52 33 26 53 34 29 54 31 30 55 35 27 56 37 31 57 41 32 58 36 33 59 37 31 60 40 34 61 41 32 62 40 34 63 38 35 64 41 32 65 40 34 66 39 36 67 38 35 68 47 37 69 43 38 70 46 39 71 42 40 72 43 38 73 47 37 74 46 39 75 44 41 76 47 37 77 46 39 78 45 42 79 44 41 80 53 43 81 49 44 82 52 45 83 48 46 84 49 44 85 53 43 86 50 47 87 53 43 88 51 48 89 51 48 90 53 43 91 52 45 92 56 49 93 55 50 94 57 51 95 58 52 96 60 53 97 59 54 98 65 55 99 64 56 100 63 57 101 64 56 102 65 55 103 62 58 104 66 59 105 69 60 106 67 61 107 73 62 108 72 63 109 71 64 110 72 63 111 73 62 112 70 65 113 76 66 114 75 67 115 74 66 116 81 68 117 78 69 118 79 70 119 78 69 120 81 68 121 80 71 122 84 72 123 85 73 124 82 74 125 90 75 126 88 76 127 89 77 128 90 75 129 89 77 130 91 78 131 87 79 132 91 78 133 89 77 134 97 80 135 95 81 136 96 82 137 92 83 138 95 81 139 97 80 140 94 84 141 93 85 142 97 80 143 94 84 144 97 80 145 96 82 146 103 86 147 100 87 148 101 88 149 102 89 150 100 87 151 103 86 152 101 88 153 98 90 154 103 86 155 99 91 156 98 90 157 101 88 158 106 92 159 104 93 160 105 94 161 106 92 162 107 95 163 104 93 164 108 96 165 110 96 166 111 96 167 112 97 168 113 98 169 115 99 170 114 100 171 115 99 172 113 98 173 117 101 174 119 102 175 118 103 176 121 104 177 120 105 178 122 106 179 131 107 180 128 108 181 130 109 182 131 107 183 129 110 184 128 108 185 133 111 186 132 112 187 134 113 188 132 112 189 135 114 190 134 113 191 141 115 192 138 116 193 137 117 194 138 116 195 136 118 196 137 117 197 141 115 198 139 119 199 140 120 200 145 121 201 142 121 202 144 121 203 143 121 204 145 121 205 144 121 206 148 122 207 151 123 208 150 124 209 149 125 210 151 123 211 148 122 212 151 123 213 149 125 214 146 126 215 149 125 216 147 127 217 146 126 218 153 128 219 157 129 220 152 130 221 155 131 222 157 129 223 153 128 224 155 131 225 154 132 226 157 129 227 157 129 228 154 132 229 156 133 230 160 134 231 161 134 232 158 134 233 164 135 234 166 136 235 167 137 236 164 135 237 162 138 238 166 136 239 162 138 240 164 135 241 168 139 242 168 139 243 165 140 244 162 138 245 163 141 246 165 140 247 168 139 248 169 142 249 171 143 250 172 144 251 169 142 252 172 144 253 170 145 254 176 146 255 173 147 256 174 148 257 176 146 258 174 148 259 175 149 260 178 150 261 179 151 262 180 152 263 177 153 264 180 152 265 179 151 266 182 154 267 186 155 268 187 156 269 182 154 270 185 157 271 186 155 272 182 154 273 187 156 274 184 158 275 181 159 276 183 160 277 187 156 278 187 156 279 183 160 280 184 158 281 189 161 282 190 162 283 191 163 284 196 164 285 198 165 286 199 166 287 204 167 288 200 168 289 201 169 290 204 167 291 201 169 292 202 170 293 204 167 294 202 170 295 203 171 296 205 172 297 206 173 298 207 174 299 205 172 300 207 174 301 208 175 302 210 176 303 212 177 304 209 178 305 214 179 306 216 180 307 213 181 308 218 182 309 219 183 310 217 184 311 222 185 312 221 185 313 224 185 314 226 186 315 228 187 316 225 188 317 230 189 318 232 190 319 229 191 320 233 192 321 235 193 322 236 194 323 238 195 324 239 195 325 240 195 326 244 196 327 241 197 328 243 198 329 243 198 330 241 197 331 242 195 332 241 197 333 244 196 334 245 199 335 249 200 336 246 201 337 247 202 338 248 203 339 247 202 340 246 201 341 253 204 342 252 205 343 250 206 344 257 207 345 255 208 346 256 209 347 257 207 348 254 210 349 255 208 350 263 211 351 258 212 352 262 213 353 261 214 354 262 213 355 258 212 356 263 211 357 260 215 358 259 216 359 262 213 360 260 215 361 263 211 362 265 217 363 264 218 364 267 218 365 264 218 366 266 217 367 267 218 368 270 219 369 269 220 370 271 221 371 275 222 372 273 223 373 274 224 374 275 222 375 272 225 376 273 223 377 277 226 378 279 227 379 276 228 380 278 229 381 279 227 382 277 226 383 285 230 384 284 96 385 286 231 386 280 96 387 283 96 388 284 96 389 286 231 390 284 96 391 283 96 392 285 230 393 286 231 394 282 232 395 281 96 396 285 230 397 282 232 398 289 96 399 290 96 400 288 96 401 288 96 402 290 96 403 287 96 404 291 233 405 294 234 406 292 235 407 300 236 408 297 237 409 299 238 410 298 239 411 299 238 412 297 237 413 297 237 414 300 236 415 301 240 416 295 241 417 296 242 418 301 240 419 296 242 420 297 237 421 301 240 422 302 185 423 303 185 424 304 185 425 307 243 426 310 244 427 306 245 428 309 246 429 310 244 430 307 243 431 310 244 432 309 246 433 311 247 434 309 246 435 308 248 436 311 247 437 314 249 438 317 250 439 316 251 440 315 252 441 317 250 442 314 249 443 317 250 444 315 252 445 312 253 446 313 254 447 312 253 448 315 252 449 320 96 450 321 96 451 318 96 452 325 255 453 326 256 454 327 257 455 323 258 456 327 257 457 322 259 458 330 260 459 331 261 460 329 262 461 333 185 462 332 185 463 335 185 464 334 185 465 335 185 466 332 185 467 339 263 468 338 264 469 342 265 470 342 265 471 341 266 472 340 267 473 338 264 474 339 263 475 336 185 476 342 265 477 340 267 478 339 263 479 337 185 480 340 267 481 341 266 482 346 185 483 344 185 484 343 185 485 343 185 486 345 185 487 346 185 488 350 268 489 349 269 490 348 270 491 349 269 492 347 271 493 348 270 494 350 268 495 351 272 496 352 273 497 354 134 498 353 274 499 356 275 500 355 276 501 356 275 502 353 274 503 358 277 504 359 278 505 357 279 506 362 280 507 363 281 508 360 282 509 362 280 510 364 283 511 363 281 512 366 284 513 368 285 514 365 286 515 368 285 516 366 284 517 367 121 518 371 287 519 370 288 520 369 289 521 371 287 522 373 290 523 372 291 524 376 185 525 375 185 526 374 185 527 376 185 528 377 185 529 375 185 530 381 292 531 384 293 532 382 294 533 381 292 534 382 294 535 378 295 536 384 293 537 383 263 538 382 294 539 379 185 540 383 263 541 380 264 542 383 263 543 384 293 544 380 264 545 387 185 546 386 185 547 385 185 548 385 185 549 386 185 550 388 185 551 392 296 552 389 297 553 390 298 554 394 299 555 396 300 556 393 301 557 398 302 558 397 303 559 400 304 560 404 305 561 403 306 562 401 96 563 402 307 564 403 306 565 404 305 566 406 308 567 412 309 568 411 310 569 406 308 570 411 310 571 409 311 572 408 312 573 407 313 574 412 309 575 412 309 576 406 308 577 410 314 578 415 315 579 414 185 580 416 316 581 418 317 582 420 318 583 417 319 584 421 320 585 424 321 586 422 322 587 425 323 588 426 324 589 428 325 590 427 326 591 428 325 592 426 324 593 429 96 594 432 96 595 431 96 596 436 327 597 435 328 598 433 329 599 436 327 600 433 329 601 434 330 602 442 331 603 441 332 604 444 333 605 443 334 606 442 331 607 439 335 608 443 334 609 439 335 610 437 336 611 439 335 612 442 331 613 444 333 614 444 333 615 441 332 616 438 337 617 444 333 618 438 337 619 440 338 620 448 339 621 445 340 622 446 341 623 449 342 624 452 342 625 451 343 626 456 344 627 453 345 628 455 346 629 461 347 630 458 348 631 464 349 632 461 347 633 459 350 634 458 348 635 464 349 636 460 351 637 461 347 638 460 351 639 464 349 640 457 352 641 462 353 642 463 354 643 459 350 644 462 353 645 459 350 646 461 347 647 468 355 648 466 356 649 465 357 650 467 358 651 465 357 652 466 356 653 469 359 654 471 360 655 472 361 656 473 362 657 475 363 658 474 363 659 477 364 660 479 365 661 476 366 662 479 365 663 477 364 664 478 367 665 482 195 666 480 195 667 481 195 668 482 195 669 481 195 670 483 195 671 484 368 672 485 369 673 487 370 674 486 371 675 487 370 676 485 369 677 490 372 678 491 373 679 488 374 680 493 375 681 492 376 682 495 377 683 492 376 684 494 378 685 495 377 686 498 134 687 499 134 688 496 134 689 502 379 690 503 380 691 500 381 692 506 382 693 504 383 694 505 384 695 509 385 696 510 386 697 508 387 698 515 388 699 512 389 700 514 390 701 514 390 702 512 389 703 513 391 704 516 392 705 517 393 706 519 394 707 519 394 708 517 393 709 518 395 710 523 396 711 524 397 712 522 398 713 524 397 714 525 399 715 522 398 716 528 400 717 526 401 718 527 402 719 528 400 720 529 403 721 526 401 722 533 404 723 535 405 724 534 406 725 533 404 726 530 407 727 535 405 728 534 406 729 535 405 730 536 408 731 531 409 732 532 410 733 536 408 734 536 408 735 532 410 736 534 406 737 538 411 738 540 412 739 539 413 740 538 411 741 537 414 742 540 412 743 545 415 744 542 416 745 546 417 746 541 418 747 542 416 748 545 415 749 543 419 750 545 415 751 544 420 752 544 420 753 545 415 754 546 417 755 548 421 756 551 422 757 547 423 758 548 421 759 552 424 760 551 422 761 552 424 762 549 425 763 551 422 764 552 424 765 550 426 766 549 425 767 557 427 768 554 428 769 558 429 770 553 430 771 554 428 772 557 427 773 558 429 774 555 431 775 557 427 776 558 429 777 556 432 778 555 431 779 562 433 780 563 434 781 559 435 782 564 436 783 563 434 784 562 433 785 564 436 786 560 437 787 563 434 788 568 438 789 569 439 790 565 440 791 570 441 792 569 439 793 568 438 794 570 441 795 566 442 796 569 439 797 574 443 798 575 444 799 571 445 800 576 446 801 575 444 802 574 443 803 576 446 804 572 447 805 575 444 806 578 448 807 581 449 808 577 450 809 581 449 810 578 448 811 582 451 812 582 451 813 579 452 814 581 449 815 580 453 816 579 452 817 582 451 818 584 454 819 587 455 820 583 456 821 588 457 822 587 455 823 584 454 824 590 458 825 593 459 826 589 460 827 590 458 828 594 461 829 593 459 830 594 461 831 591 462 832 593 459 833 592 463 834 591 462 835 594 461 836 599 464 837 596 465 838 600 466 839 595 467 840 596 465 841 599 464 842 598 468 843 597 469 844 599 464 845 598 468 846 599 464 847 600 466 848 605 470 849 602 471 850 606 472 851 601 473 852 602 471 853 605 470 854 604 474 855 603 475 856 605 470 857 604 474 858 605 470 859 606 472 860 611 476 861 608 477 862 612 478 863 607 479 864 608 477 865 611 476 866 613 480 867 615 481 868 614 482 869 620 483 870 617 484 871 619 485 872 626 486 873 639 487 874 649 488 875 639 487 876 638 489 877 622 490 878 627 195 879 640 491 880 639 487 881 626 486 882 627 195 883 639 487 884 638 489 885 621 492 886 622 490 887 623 493 888 649 488 889 639 487 890 622 490 891 623 493 892 639 487 893 635 494 894 638 489 895 637 195 896 649 488 897 650 495 898 626 486 899 647 496 900 648 497 901 625 498 902 648 497 903 624 499 904 625 498 905 623 493 906 648 497 907 649 488 908 624 499 909 648 497 910 623 493 911 640 491 912 628 500 913 642 501 914 641 502 915 629 503 916 630 504 917 642 501 918 628 500 919 629 503 920 641 502 921 642 501 922 629 503 923 645 505 924 641 502 925 630 504 926 627 195 927 628 500 928 640 491 929 665 506 930 626 486 931 650 495 932 643 507 933 630 504 934 664 508 935 665 506 936 646 509 937 664 508 938 665 506 939 650 495 940 646 509 941 646 509 942 643 507 943 664 508 944 645 505 945 630 504 946 644 510 947 630 504 948 643 507 949 644 510 950 635 494 951 668 511 952 621 492 953 668 511 954 660 512 955 667 513 956 668 511 957 635 494 958 660 512 959 647 496 960 625 498 961 666 514 962 654 515 963 647 496 964 666 514 965 667 513 966 654 515 967 666 514 968 635 494 969 621 492 970 638 489 971 660 512 972 635 494 973 636 516 974 636 516 975 669 195 976 660 512 977 654 515 978 667 513 979 653 517 980 653 517 981 667 513 982 663 518 983 660 512 984 663 518 985 667 513 986 632 519 987 652 520 988 631 521 989 652 520 990 632 519 991 651 522 992 631 521 993 652 520 994 653 517 995 633 195 996 659 195 997 651 522 998 651 522 999 632 519 1000 633 195 1001 633 195 1002 634 195 1003 659 195 1004 659 195 1005 634 195 1006 658 195 1007 653 517 1008 663 518 1009 631 521 1010 662 523 1011 663 518 1012 660 512 1013 655 524 1014 661 525 1015 662 523 1016 657 526 1017 658 195 1018 634 195 1019 634 195 1020 661 525 1021 657 526 1022 657 526 1023 661 525 1024 656 527 1025 656 527 1026 661 525 1027 655 524 1028 662 523 1029 660 512 1030 655 524 1031 671 528 1032 670 529 1033 672 530 1034 673 531 1035 670 529 1036 671 528 1037 680 532 1038 679 533 1039 682 534 1040 682 534 1041 675 535 1042 681 536 1043 675 535 1044 682 534 1045 679 533 1046 675 535 1047 677 537 1048 678 538 1049 676 539 1050 674 185 1051 683 185 1052 681 536 1053 676 539 1054 683 185 1055 677 537 1056 675 535 1057 679 533 1058 685 540 1059 686 541 1060 684 542 1061 687 543 1062 686 541 1063 685 540 1064 693 544 1065 691 545 1066 688 546 1067 693 544 1068 692 134 1069 690 134 1070 690 134 1071 691 545 1072 693 544 1073 693 544 1074 688 546 1075 695 547 1076 688 546 1077 689 548 1078 695 547 1079 689 548 1080 697 549 1081 694 550 1082 689 548 1083 694 550 1084 695 547 1085 697 549 1086 696 551 1087 694 550 1088 710 552 1089 716 553 1090 713 554 1091 716 553 1092 715 555 1093 713 554 1094 712 556 1095 710 552 1096 714 557 1097 710 552 1098 713 554 1099 714 557 1100 704 558 1101 702 559 1102 716 553 1103 706 560 1104 703 561 1105 704 558 1106 706 560 1107 704 558 1108 716 553 1109 716 553 1110 710 552 1111 706 560 1112 706 560 1113 710 552 1114 717 562 1115 711 563 1116 708 564 1117 717 562 1118 717 562 1119 710 552 1120 711 563 1121 717 562 1122 705 565 1123 706 560 1124 705 565 1125 717 562 1126 707 566 1127 723 567 1128 719 568 1129 718 569 1130 723 567 1131 718 569 1132 721 570 1133 722 571 1134 720 572 1135 723 567 1136 721 570 1137 722 571 1138 723 567 1139 739 573 1140 761 574 1141 752 575 1142 724 576 1143 752 575 1144 761 574 1145 740 577 1146 724 576 1147 761 574 1148 752 575 1149 724 576 1150 765 578 1151 752 575 1152 746 579 1153 739 573 1154 762 580 1155 740 577 1156 761 574 1157 746 579 1158 738 581 1159 739 573 1160 724 576 1161 764 582 1162 765 578 1163 752 575 1164 765 578 1165 751 583 1166 724 576 1167 735 134 1168 764 582 1169 735 134 1170 759 134 1171 734 134 1172 759 134 1173 735 134 1174 724 576 1175 765 578 1176 766 584 1177 751 583 1178 751 583 1179 766 584 1180 750 585 1181 731 586 1182 732 587 1183 750 585 1184 766 584 1185 731 586 1186 750 585 1187 740 577 1188 763 588 1189 742 134 1190 740 577 1191 762 580 1192 763 588 1193 763 588 1194 741 589 1195 742 134 1196 741 589 1197 744 590 1198 743 591 1199 763 588 1200 736 592 1201 741 589 1202 744 590 1203 736 592 1204 737 134 1205 737 134 1206 746 579 1207 744 590 1208 743 591 1209 744 590 1210 745 593 1211 736 592 1212 744 590 1213 741 589 1214 737 134 1215 738 581 1216 746 579 1217 733 594 1218 734 134 1219 760 134 1220 733 594 1221 760 134 1222 748 595 1223 749 596 1224 732 587 1225 733 594 1226 733 594 1227 748 595 1228 749 596 1229 768 597 1230 769 598 1231 747 599 1232 748 595 1233 767 600 1234 747 599 1235 760 134 1236 734 134 1237 759 134 1238 767 600 1239 768 597 1240 747 599 1241 730 601 1242 767 600 1243 748 595 1244 729 134 1245 730 601 1246 760 134 1247 729 134 1248 757 602 1249 728 603 1250 757 602 1251 729 134 1252 760 134 1253 760 134 1254 730 601 1255 748 595 1256 753 604 1257 747 599 1258 769 598 1259 726 605 1260 753 604 1261 769 598 1262 753 604 1263 726 605 1264 758 606 1265 753 604 1266 756 607 1267 754 608 1268 758 606 1269 726 605 1270 727 609 1271 757 602 1272 758 606 1273 727 609 1274 728 603 1275 757 602 1276 727 609 1277 756 607 1278 753 604 1279 755 610 1280 753 604 1281 758 606 1282 755 610 1283 750 585 1284 732 587 1285 749 596 1286 772 611 1287 773 612 1288 775 613 1289 774 614 1290 773 612 1291 771 615 1292 796 616 1293 794 617 1294 782 618 1295 794 617 1296 795 619 1297 781 620 1298 796 616 1299 797 621 1300 798 622 1301 796 616 1302 798 622 1303 794 617 1304 794 617 1305 781 620 1306 782 618 1307 780 623 1308 781 620 1309 793 624 1310 779 121 1311 780 623 1312 793 624 1313 796 616 1314 782 618 1315 819 625 1316 799 121 1317 820 121 1318 821 121 1319 819 625 1320 820 121 1321 799 121 1322 796 616 1323 819 625 1324 799 121 1325 781 620 1326 795 619 1327 793 624 1328 810 121 1329 807 626 1330 809 121 1331 808 627 1332 809 121 1333 807 626 1334 808 627 1335 813 628 1336 812 629 1337 792 630 1338 808 627 1339 807 626 1340 807 626 1341 791 631 1342 792 630 1343 789 121 1344 790 121 1345 803 121 1346 791 631 1347 803 121 1348 790 121 1349 803 121 1350 791 631 1351 807 626 1352 812 629 1353 813 628 1354 811 632 1355 814 633 1356 811 632 1357 813 628 1358 815 634 1359 811 632 1360 814 633 1361 792 630 1362 813 628 1363 808 627 1364 821 121 1365 802 635 1366 799 121 1367 776 121 1368 801 636 1369 778 637 1370 801 636 1371 822 638 1372 778 637 1373 779 121 1374 793 624 1375 778 637 1376 822 638 1377 802 635 1378 821 121 1379 822 638 1380 801 636 1381 802 635 1382 785 639 1383 800 640 1384 801 636 1385 785 639 1386 786 641 1387 800 640 1388 784 121 1389 785 639 1390 776 121 1391 785 639 1392 801 636 1393 776 121 1394 776 121 1395 783 121 1396 784 121 1397 783 121 1398 776 121 1399 777 642 1400 778 637 1401 793 624 1402 776 121 1403 788 643 1404 804 644 1405 805 645 1406 805 645 1407 777 642 1408 788 643 1409 789 121 1410 803 121 1411 804 644 1412 788 643 1413 777 642 1414 815 634 1415 789 121 1416 804 644 1417 788 643 1418 811 632 1419 815 634 1420 777 642 1421 800 640 1422 816 121 1423 806 121 1424 786 641 1425 787 646 1426 800 640 1427 787 646 1428 816 121 1429 800 640 1430 806 121 1431 816 121 1432 817 647 1433 777 642 1434 817 647 1435 818 648 1436 817 647 1437 777 642 1438 805 645 1439 817 647 1440 805 645 1441 806 121 1442 777 642 1443 818 648 1444 783 121 1445 847 649 1446 843 650 1447 848 651 1448 843 650 1449 847 649 1450 880 652 1451 848 651 1452 843 650 1453 844 653 1454 851 654 1455 841 655 1456 850 656 1457 850 656 1458 823 657 1459 849 658 1460 844 653 1461 851 654 1462 848 651 1463 843 650 1464 880 652 1465 846 659 1466 846 659 1467 880 652 1468 845 660 1469 823 657 1470 850 656 1471 841 655 1472 851 654 1473 844 653 1474 841 655 1475 841 655 1476 827 661 1477 823 657 1478 842 662 1479 827 661 1480 841 655 1481 842 662 1482 826 663 1483 827 661 1484 862 388 1485 826 663 1486 842 662 1487 828 664 1488 823 657 1489 827 661 1490 823 657 1491 828 664 1492 877 665 1493 853 666 1494 852 667 1495 877 665 1496 877 665 1497 878 668 1498 853 666 1499 823 657 1500 877 665 1501 852 667 1502 863 388 1503 825 388 1504 826 663 1505 824 388 1506 825 388 1507 863 388 1508 855 388 1509 824 388 1510 863 388 1511 879 388 1512 824 388 1513 855 388 1514 863 388 1515 826 663 1516 862 388 1517 853 666 1518 878 668 1519 879 388 1520 852 667 1521 853 666 1522 854 669 1523 853 666 1524 879 388 1525 855 388 1526 861 388 1527 862 388 1528 842 662 1529 867 670 1530 839 388 1531 840 671 1532 845 660 1533 880 652 1534 871 672 1535 837 388 1536 838 388 1537 842 662 1538 861 388 1539 838 388 1540 872 388 1541 839 388 1542 836 388 1543 837 388 1544 860 388 1545 872 388 1546 873 388 1547 873 388 1548 859 388 1549 860 388 1550 860 388 1551 861 388 1552 872 388 1553 842 662 1554 838 388 1555 861 388 1556 867 670 1557 840 671 1558 845 660 1559 839 388 1560 867 670 1561 835 388 1562 858 388 1563 834 388 1564 868 388 1565 835 388 1566 867 670 1567 868 388 1568 836 388 1569 839 388 1570 835 388 1571 834 388 1572 859 388 1573 873 388 1574 868 388 1575 834 388 1576 835 388 1577 869 388 1578 870 388 1579 881 388 1580 868 388 1581 869 388 1582 831 388 1583 867 670 1584 845 660 1585 871 672 1586 831 388 1587 857 388 1588 858 388 1589 859 388 1590 834 388 1591 858 388 1592 832 388 1593 856 388 1594 857 388 1595 856 388 1596 874 388 1597 866 388 1598 866 388 1599 864 388 1600 865 388 1601 856 388 1602 833 388 1603 874 388 1604 833 388 1605 856 388 1606 832 388 1607 831 388 1608 869 388 1609 830 388 1610 857 388 1611 831 388 1612 832 388 1613 829 388 1614 830 388 1615 881 388 1616 829 388 1617 881 388 1618 876 388 1619 858 388 1620 868 388 1621 831 388 1622 875 388 1623 876 388 1624 866 388 1625 874 388 1626 875 388 1627 866 388 1628 876 388 1629 864 388 1630 866 388 1631 876 388 1632 881 388 1633 864 388 1634 830 388 1635 869 388 1636 881 388 1637 837 388 1638 842 662 1639 839 388 1640 884 673 1641 886 674 1642 887 675 1643 885 676 1644 886 674 1645 884 673 1646 882 677 1647 884 673 1648 887 675 1649 883 678 1650 884 673 1651 882 677 1652 893 679 1653 916 680 1654 906 681 1655 906 681 1656 889 682 1657 905 683 1658 894 684 1659 906 681 1660 907 685 1661 894 684 1662 893 679 1663 906 681 1664 889 682 1665 906 681 1666 890 686 1667 904 687 1668 905 683 1669 902 688 1670 916 680 1671 890 686 1672 906 681 1673 916 680 1674 893 679 1675 917 689 1676 892 690 1677 891 691 1678 915 692 1679 915 692 1680 890 686 1681 916 680 1682 891 691 1683 890 686 1684 915 692 1685 895 693 1686 907 685 1687 909 694 1688 896 388 1689 895 693 1690 909 694 1691 895 693 1692 894 684 1693 907 685 1694 897 695 1695 896 388 1696 908 696 1697 896 388 1698 909 694 1699 908 696 1700 897 695 1701 908 696 1702 912 697 1703 931 698 1704 917 689 1705 893 679 1706 931 698 1707 930 699 1708 913 700 1709 931 698 1710 913 700 1711 917 689 1712 913 700 1713 930 699 1714 910 701 1715 911 702 1716 910 701 1717 897 695 1718 911 702 1719 897 695 1720 912 697 1721 910 701 1722 930 699 1723 897 695 1724 888 703 1725 905 683 1726 889 682 1727 902 688 1728 888 703 1729 934 704 1730 934 704 1731 933 705 1732 926 706 1733 902 688 1734 934 704 1735 926 706 1736 888 703 1737 902 688 1738 905 683 1739 892 690 1740 915 692 1741 914 707 1742 892 690 1743 914 707 1744 932 708 1745 932 708 1746 914 707 1747 920 709 1748 920 709 1749 933 705 1750 932 708 1751 926 706 1752 903 710 1753 902 688 1754 926 706 1755 935 711 1756 903 710 1757 919 712 1758 933 705 1759 920 709 1760 933 705 1761 919 712 1762 929 713 1763 926 706 1764 933 705 1765 929 713 1766 919 712 1767 918 714 1768 898 715 1769 899 716 1770 898 715 1771 918 714 1772 900 717 1773 918 714 1774 925 388 1775 918 714 1776 900 717 1777 899 716 1778 900 717 1779 925 388 1780 901 718 1781 925 388 1782 924 388 1783 901 718 1784 919 712 1785 898 715 1786 929 713 1787 928 719 1788 926 706 1789 929 713 1790 921 720 1791 928 719 1792 927 721 1793 923 722 1794 901 718 1795 924 388 1796 901 718 1797 923 722 1798 927 721 1799 923 722 1800 922 723 1801 927 721 1802 922 723 1803 921 720 1804 927 721 1805 928 719 1806 921 720 1807 926 706 1808 937 724 1809 938 725 1810 939 726 1811 946 727 1812 948 728 1813 945 729 1814 947 730 1815 941 731 1816 948 728 1817 941 731 1818 945 729 1819 948 728 1820 941 731 1821 944 732 1822 943 733 1823 942 734 1824 949 735 1825 940 96 1826 947 730 1827 949 735 1828 942 734 1829 943 733 1830 945 729 1831 941 731 1832 950 736 1833 952 737 1834 953 738 1835 950 736 1836 953 738 1837 951 739 1838 959 740 1839 954 741 1840 957 742 1841 959 740 1842 956 121 1843 958 121 1844 956 121 1845 959 740 1846 957 742 1847 959 740 1848 961 743 1849 954 741 1850 954 741 1851 961 743 1852 955 744 1853 955 744 1854 960 745 1855 963 746 1856 955 744 1857 961 743 1858 960 745 1859 963 746 1860 960 745 1861 962 747 1862 969 748 1863 967 749 1864 964 750 1865 966 751 1866 967 749 1867 969 748 1868 968 752 1869 965 753 1870 969 748 1871 965 753 1872 966 751 1873 969 748 1874 978 754 1875 982 755 1876 981 756 1877 985 757 1878 981 756 1879 983 758 1880 985 757 1881 978 754 1882 981 756 1883 982 755 1884 978 754 1885 980 759 1886 985 757 1887 972 760 1888 974 761 1889 972 760 1890 985 757 1891 970 762 1892 972 760 1893 971 763 1894 974 761 1895 974 761 1896 978 754 1897 985 757 1898 974 761 1899 984 764 1900 978 754 1901 984 764 1902 976 765 1903 979 766 1904 984 764 1905 979 766 1906 978 754 1907 973 767 1908 984 764 1909 974 761 1910 984 764 1911 973 767 1912 975 768 1913 986 769 1914 987 770 1915 989 771 1916 990 772 1917 1027 773 1918 1018 774 1919 1005 775 1920 1018 774 1921 1027 773 1922 990 772 1923 1018 774 1924 1031 776 1925 1006 777 1926 1027 773 1927 990 772 1928 1004 778 1929 1012 779 1930 1005 775 1931 1005 775 1932 1012 779 1933 1018 774 1934 1028 121 1935 1027 773 1936 1006 777 1937 1030 780 1938 990 772 1939 1031 776 1940 1000 781 1941 1025 782 1942 1001 783 1943 1030 780 1944 1001 783 1945 1025 782 1946 1031 776 1947 1018 774 1948 1017 784 1949 1031 776 1950 1017 784 1951 1032 785 1952 1017 784 1953 1016 786 1954 1032 785 1955 997 787 1956 1016 786 1957 998 788 1958 1032 785 1959 1016 786 1960 997 787 1961 990 772 1962 1030 780 1963 1025 782 1964 1008 789 1965 1029 790 1966 1006 777 1967 1028 121 1968 1006 777 1969 1029 790 1970 1008 789 1971 1007 791 1972 1029 790 1973 1007 791 1974 1009 121 1975 1010 792 1976 1007 791 1977 1010 792 1978 1002 793 1979 1002 793 1980 1010 792 1981 1003 794 1982 1012 779 1983 1003 794 1984 1010 792 1985 1009 121 1986 1011 121 1987 1010 792 1988 1029 790 1989 1007 791 1990 1002 793 1991 1004 778 1992 1003 794 1993 1012 779 1994 999 121 1995 1026 121 1996 1000 781 1997 999 121 1998 1014 795 1999 1026 121 2000 1015 796 2001 999 121 2002 998 788 2003 999 121 2004 1015 796 2005 1014 795 2006 1033 797 2007 1013 798 2008 1034 799 2009 1033 797 2010 1014 795 2011 1013 798 2012 1026 121 2013 1025 782 2014 1000 781 2015 996 121 2016 1014 795 2017 1033 797 2018 996 121 2019 995 121 2020 1026 121 2021 995 121 2022 994 121 2023 1023 121 2024 1023 121 2025 1026 121 2026 995 121 2027 1014 795 2028 996 121 2029 1026 121 2030 1035 800 2031 1013 798 2032 1019 801 2033 1035 800 2034 1034 799 2035 1013 798 2036 1019 801 2037 992 802 2038 1035 800 2039 1019 801 2040 1020 803 2041 1022 804 2042 1024 805 2043 992 802 2044 1019 801 2045 1023 121 2046 994 121 2047 993 806 2048 1023 121 2049 993 806 2050 1024 805 2051 1022 804 2052 1021 121 2053 1019 801 2054 1019 801 2055 1021 121 2056 1024 805 2057 1024 805 2058 993 806 2059 992 802 2060 1016 786 2061 1015 796 2062 998 788 2063 1036 807 2064 1037 808 2065 1038 809 2066 1060 810 2067 1045 811 2068 1058 812 2069 1058 812 2070 1044 813 2071 1059 814 2072 1060 810 2073 1062 815 2074 1061 816 2075 1060 810 2076 1058 812 2077 1062 815 2078 1058 812 2079 1045 811 2080 1044 813 2081 1043 134 2082 1057 817 2083 1044 813 2084 1042 134 2085 1057 817 2086 1043 134 2087 1060 810 2088 1084 818 2089 1045 811 2090 1063 819 2091 1086 134 2092 1085 134 2093 1084 818 2094 1063 819 2095 1085 134 2096 1060 810 2097 1063 819 2098 1084 818 2099 1044 813 2100 1057 817 2101 1059 814 2102 1074 134 2103 1073 134 2104 1071 820 2105 1072 821 2106 1071 820 2107 1073 134 2108 1072 821 2109 1076 822 2110 1078 823 2111 1056 824 2112 1071 820 2113 1072 821 2114 1068 825 2115 1055 826 2116 1054 827 2117 1054 827 2118 1053 828 2119 1068 825 2120 1068 825 2121 1071 820 2122 1055 826 2123 1075 829 2124 1078 823 2125 1076 822 2126 1056 824 2127 1072 821 2128 1078 823 2129 1080 134 2130 1079 134 2131 1075 829 2132 1078 823 2133 1075 829 2134 1079 134 2135 1071 820 2136 1056 824 2137 1055 826 2138 1067 830 2139 1087 831 2140 1086 134 2141 1040 832 2142 1041 833 2143 1066 834 2144 1041 833 2145 1087 831 2146 1066 834 2147 1042 134 2148 1041 833 2149 1057 817 2150 1087 831 2151 1067 830 2152 1066 834 2153 1048 835 2154 1066 834 2155 1065 836 2156 1048 835 2157 1065 836 2158 1049 837 2159 1066 834 2160 1048 835 2161 1040 832 2162 1047 838 2163 1040 832 2164 1048 835 2165 1049 837 2166 1065 836 2167 1064 839 2168 1083 840 2169 1040 832 2170 1046 134 2171 1047 838 2172 1046 134 2173 1040 832 2174 1041 833 2175 1040 832 2176 1057 817 2177 1052 841 2178 1070 842 2179 1069 843 2180 1082 844 2181 1064 839 2182 1070 842 2183 1070 842 2184 1051 845 2185 1077 846 2186 1069 843 2187 1053 828 2188 1052 841 2189 1051 845 2190 1070 842 2191 1052 841 2192 1053 828 2193 1069 843 2194 1068 825 2195 1075 829 2196 1077 846 2197 1051 845 2198 1049 837 2199 1064 839 2200 1050 847 2201 1050 847 2202 1064 839 2203 1081 848 2204 1064 839 2205 1082 844 2206 1081 848 2207 1070 842 2208 1077 846 2209 1082 844 2210 1083 840 2211 1082 844 2212 1077 846 2213 1077 846 2214 1040 832 2215 1083 840 2216 1080 134 2217 1075 829 2218 1051 845 2219 1086 134 2220 1063 819 2221 1067 830 2222 1113 195 2223 1109 195 2224 1108 195 2225 1112 195 2226 1113 195 2227 1108 195 2228 1116 195 2229 1115 849 2230 1106 195 2231 1115 849 2232 1114 850 2233 1088 851 2234 1109 195 2235 1113 195 2236 1116 195 2237 1112 195 2238 1108 195 2239 1111 195 2240 1110 852 2241 1136 195 2242 1111 195 2243 1116 195 2244 1106 195 2245 1109 195 2246 1088 851 2247 1106 195 2248 1115 849 2249 1126 853 2250 1103 854 2251 1107 855 2252 1111 195 2253 1136 195 2254 1112 195 2255 1107 855 2256 1106 195 2257 1092 856 2258 1088 851 2259 1092 856 2260 1106 195 2261 1088 851 2262 1093 857 2263 1092 856 2264 1107 855 2265 1092 856 2266 1091 858 2267 1143 859 2268 1093 857 2269 1088 851 2270 1118 860 2271 1143 859 2272 1117 861 2273 1143 859 2274 1118 860 2275 1144 862 2276 1088 851 2277 1117 861 2278 1143 859 2279 1089 863 2280 1120 864 2281 1090 195 2282 1127 865 2283 1107 855 2284 1091 858 2285 1090 195 2286 1120 864 2287 1128 195 2288 1091 858 2289 1090 195 2290 1128 195 2291 1128 195 2292 1127 865 2293 1091 858 2294 1145 866 2295 1120 864 2296 1089 863 2297 1118 860 2298 1145 866 2299 1144 862 2300 1117 861 2301 1119 195 2302 1118 860 2303 1118 860 2304 1120 864 2305 1145 866 2306 1127 865 2307 1126 853 2308 1107 855 2309 1105 867 2310 1104 868 2311 1132 869 2312 1104 868 2313 1101 870 2314 1100 871 2315 1110 852 2316 1137 195 2317 1136 195 2318 1102 872 2319 1101 870 2320 1104 868 2321 1102 872 2322 1107 855 2323 1103 854 2324 1125 195 2325 1139 195 2326 1138 195 2327 1139 195 2328 1125 195 2329 1124 195 2330 1125 195 2331 1138 195 2332 1126 853 2333 1126 853 2334 1138 195 2335 1103 854 2336 1132 869 2337 1110 852 2338 1105 867 2339 1104 868 2340 1100 871 2341 1132 869 2342 1123 873 2343 1133 874 2344 1099 875 2345 1100 871 2346 1133 874 2347 1132 869 2348 1099 875 2349 1139 195 2350 1124 195 2351 1146 876 2352 1135 877 2353 1134 878 2354 1096 879 2355 1134 878 2356 1133 874 2357 1133 874 2358 1100 871 2359 1099 875 2360 1110 852 2361 1132 869 2362 1137 195 2363 1134 878 2364 1095 880 2365 1146 876 2366 1123 873 2367 1099 875 2368 1124 195 2369 1096 879 2370 1122 881 2371 1097 882 2372 1121 883 2373 1098 884 2374 1122 881 2375 1097 882 2376 1122 881 2377 1098 884 2378 1096 879 2379 1123 873 2380 1122 881 2381 1130 195 2382 1129 885 2383 1131 886 2384 1140 887 2385 1121 883 2386 1131 886 2387 1140 887 2388 1131 886 2389 1141 888 2390 1140 887 2391 1098 884 2392 1121 883 2393 1096 879 2394 1095 880 2395 1134 878 2396 1094 889 2397 1142 890 2398 1146 876 2399 1095 880 2400 1094 889 2401 1146 876 2402 1123 873 2403 1096 879 2404 1133 874 2405 1142 890 2406 1141 888 2407 1131 886 2408 1129 885 2409 1142 890 2410 1131 886 2411 1142 890 2412 1129 885 2413 1146 876 2414 1102 872 2415 1104 868 2416 1107 855 2417 9 5936 15555 11 7 15556 10 9 15557 9 5936 15558 8 5937 15559 11 7 15560 22 19 15561 20 5938 15562 19 20 15563 28 24 15564 26 5939 15565 25 25 15566 34 29 15567 32 5940 15568 31 30 15569 56 49 15570 54 5941 15571 55 50 15572 59 54 15573 60 53 15574 61 5942 15575 66 59 15576 68 5943 15577 69 60 15578 76 66 15579 77 5944 15580 75 67 15581 84 72 15582 83 5945 15583 85 73 15584 87 79 15585 86 5946 15586 91 78 15587 108 96 15588 109 96 15589 110 96 15590 117 101 15591 116 5947 15592 119 102 15593 122 106 15594 120 105 15595 123 5948 15596 125 5949 15597 124 5950 15598 126 5951 15599 125 5949 15600 126 5951 15601 127 5952 15602 138 116 15603 141 115 15604 140 120 15605 160 134 15606 159 134 15607 161 134 15608 188 5953 15609 189 161 15610 191 163 15611 194 5954 15612 192 5955 15613 193 5956 15614 195 5957 15615 194 5954 15616 193 5956 15617 198 165 15618 197 5958 15619 199 166 15620 209 178 15621 212 177 15622 211 5959 15623 214 179 15624 215 5960 15625 216 180 15626 217 184 15627 219 183 15628 220 5961 15629 222 185 15630 223 185 15631 221 185 15632 225 188 15633 228 187 15634 227 5962 15635 230 189 15636 231 5963 15637 232 190 15638 236 194 15639 235 193 15640 234 5964 15641 238 195 15642 237 195 15643 239 195 15644 252 205 15645 251 5965 15646 250 206 15647 270 219 15648 268 5966 15649 269 220 15650 292 235 15651 294 234 15652 293 5967 15653 302 185 15654 305 185 15655 303 185 15656 320 96 15657 319 96 15658 321 96 15659 327 257 15660 324 5968 15661 325 255 15662 327 257 15663 323 258 15664 324 5968 15665 331 261 15666 328 5969 15667 329 262 15668 349 269 15669 350 268 15670 352 273 15671 361 5970 15672 360 282 15673 359 278 15674 358 277 15675 361 5970 15676 359 278 15677 360 282 15678 361 5970 15679 362 280 15680 371 287 15681 372 291 15682 370 288 15683 392 296 15684 390 298 15685 391 5971 15686 393 301 15687 396 300 15688 395 5972 15689 400 304 15690 397 303 15691 399 5973 15692 405 5974 15693 406 308 15694 409 311 15695 410 314 15696 408 312 15697 412 309 15698 413 5975 15699 415 315 15700 416 316 15701 417 319 15702 420 318 15703 419 5976 15704 422 322 15705 424 321 15706 423 5977 15707 431 96 15708 432 96 15709 430 96 15710 447 5978 15711 448 339 15712 446 341 15713 449 342 15714 450 343 15715 452 342 15716 454 5979 15717 456 344 15718 455 346 15719 471 360 15720 469 359 15721 470 5980 15722 490 372 15723 489 5981 15724 491 373 15725 498 134 15726 497 134 15727 499 134 15728 502 379 15729 500 381 15730 501 5982 15731 506 382 15732 507 5983 15733 504 383 15734 508 387 15735 510 386 15736 511 5984 15737 564 436 15738 561 5985 15739 560 437 15740 570 441 15741 567 5986 15742 566 442 15743 576 446 15744 573 5987 15745 572 447 15746 586 5988 15747 587 455 15748 588 457 15749 586 5988 15750 585 5989 15751 587 455 15752 610 5990 15753 611 476 15754 612 478 15755 610 5990 15756 609 5991 15757 611 476 15758 616 5992 15759 613 480 15760 614 482 15761 619 485 15762 617 484 15763 618 5993 15764 675 535 15765 676 539 15766 681 536 15767 701 5994 15768 698 5995 15769 699 5996 15770 700 5997 15771 701 5994 15772 699 5996 15773 772 611 15774 770 5998 15775 773 612 15776 774 614 15777 775 613 15778 773 612 15779 938 725 15780 937 724 15781 936 5999 15782 947 730 15783 942 734 15784 941 731 15785 988 6000 15786 986 769 15787 989 771 15788 1039 6001 15789 1036 807 15790 1038 809 15791</p>
        </triangles>
        <triangles material="法兰盘_011-material" count="1936">
          <input semantic="VERTEX" source="#_左侧肩部_-_转换实体1__002-mesh-vertices" offset="0"/>
          <input semantic="NORMAL" source="#_左侧肩部_-_转换实体1__002-mesh-normals" offset="1"/>
          <input semantic="TEXCOORD" source="#_左侧肩部_-_转换实体1__002-mesh-map-0" offset="2" set="0"/>
          <p>1148 891 2418 1147 892 2419 1150 893 2420 1149 894 2421 1148 891 2422 1150 893 2423 1153 895 2424 1152 896 2425 1151 897 2426 1157 898 2427 1156 899 2428 1154 900 2429 1156 899 2430 1155 901 2431 1154 900 2432 1161 902 2433 1160 903 2434 1165 904 2435 1161 902 2436 1165 904 2437 1164 905 2438 1161 902 2439 1164 905 2440 1162 906 2441 1163 907 2442 1162 906 2443 1164 905 2444 1169 908 2445 1167 909 2446 1166 910 2447 1168 911 2448 1167 909 2449 1169 908 2450 1171 912 2451 1170 913 2452 1173 914 2453 1172 915 2454 1171 912 2455 1173 914 2456 1175 916 2457 1176 917 2458 1174 918 2459 1180 919 2460 1179 920 2461 1177 921 2462 1179 920 2463 1178 922 2464 1177 921 2465 1184 923 2466 1183 924 2467 1188 925 2468 1184 923 2469 1188 925 2470 1187 926 2471 1186 927 2472 1185 928 2473 1184 923 2474 1187 926 2475 1186 927 2476 1184 923 2477 1192 929 2478 1190 930 2479 1189 931 2480 1191 932 2481 1190 930 2482 1192 929 2483 1198 933 2484 1203 934 2485 1204 935 2486 1199 936 2487 1202 937 2488 1203 934 2489 1200 938 2490 1202 937 2491 1199 936 2492 1196 939 2493 1201 940 2494 1200 938 2495 1310 941 2496 1254 942 2497 1253 943 2498 1253 943 2499 1227 944 2500 1310 941 2501 1253 943 2502 1228 945 2503 1227 944 2504 1252 946 2505 1228 945 2506 1253 943 2507 1310 941 2508 1309 947 2509 1254 942 2510 1255 948 2511 1254 942 2512 1309 947 2513 1304 949 2514 1252 946 2515 1251 950 2516 1252 946 2517 1304 949 2518 1303 951 2519 1305 121 2520 1304 949 2521 1251 950 2522 1252 946 2523 1303 951 2524 1228 945 2525 1229 952 2526 1228 945 2527 1303 951 2528 1303 951 2529 1264 953 2530 1229 952 2531 1303 951 2532 1302 954 2533 1262 955 2534 1231 956 2535 1313 957 2536 1255 948 2537 1223 958 2538 1313 957 2539 1231 956 2540 1255 948 2541 1309 947 2542 1231 956 2543 1313 957 2544 1312 959 2545 1256 960 2546 1311 121 2547 1256 960 2548 1312 959 2549 1256 960 2550 1255 948 2551 1313 957 2552 1224 961 2553 1223 958 2554 1237 962 2555 1264 953 2556 1266 963 2557 1229 952 2558 1230 964 2559 1268 965 2560 1231 956 2561 1230 964 2562 1229 952 2563 1266 963 2564 1262 955 2565 1235 966 2566 1234 967 2567 1264 953 2568 1303 951 2569 1262 955 2570 1264 953 2571 1262 955 2572 1263 968 2573 1269 121 2574 1270 969 2575 1268 965 2576 1231 956 2577 1268 965 2578 1270 969 2579 1270 969 2580 1271 970 2581 1237 962 2582 1231 956 2583 1270 969 2584 1223 958 2585 1264 953 2586 1265 971 2587 1266 963 2588 1268 965 2589 1266 963 2590 1267 121 2591 1230 964 2592 1266 963 2593 1268 965 2594 1270 969 2595 1237 962 2596 1223 958 2597 1306 972 2598 1305 121 2599 1251 950 2600 1250 973 2601 1306 972 2602 1251 950 2603 1307 974 2604 1306 972 2605 1250 973 2606 1307 974 2607 1250 973 2608 1206 975 2609 1301 976 2610 1308 977 2611 1206 975 2612 1308 977 2613 1233 978 2614 1302 954 2615 1307 974 2616 1206 975 2617 1308 977 2618 1301 976 2619 1206 975 2620 1205 979 2621 1249 980 2622 1208 981 2623 1207 982 2624 1329 121 2625 1249 980 2626 1248 983 2627 1249 980 2628 1329 121 2629 1208 981 2630 1207 982 2631 1250 973 2632 1249 980 2633 1330 121 2634 1329 121 2635 1248 983 2636 1331 984 2637 1330 121 2638 1248 983 2639 1207 982 2640 1206 975 2641 1250 973 2642 1233 978 2643 1308 977 2644 1301 976 2645 1232 985 2646 1235 966 2647 1233 978 2648 1300 986 2649 1301 976 2650 1299 987 2651 1233 978 2652 1301 976 2653 1261 988 2654 1205 979 2655 1299 987 2656 1301 976 2657 1299 987 2658 1205 979 2659 1297 989 2660 1235 966 2661 1302 954 2662 1233 978 2663 1299 987 2664 1297 989 2665 1298 121 2666 1295 990 2667 1296 121 2668 1297 989 2669 1331 984 2670 1297 989 2671 1205 979 2672 1295 990 2673 1293 991 2674 1294 971 2675 1295 990 2676 1297 989 2677 1331 984 2678 1293 991 2679 1295 990 2680 1211 992 2681 1331 984 2682 1212 993 2683 1211 992 2684 1248 983 2685 1212 993 2686 1331 984 2687 1212 993 2688 1248 983 2689 1247 994 2690 1212 993 2691 1247 994 2692 1326 121 2693 1295 990 2694 1331 984 2695 1211 992 2696 1326 121 2697 1247 994 2698 1246 995 2699 1211 992 2700 1210 996 2701 1293 991 2702 1235 966 2703 1262 955 2704 1302 954 2705 1225 997 2706 1224 961 2707 1272 998 2708 1226 999 2709 1257 1000 2710 1311 121 2711 1272 998 2712 1224 961 2713 1237 962 2714 1256 960 2715 1311 121 2716 1257 1000 2717 1258 1001 2718 1257 1000 2719 1226 999 2720 1226 999 2721 1218 1002 2722 1315 1003 2723 1226 999 2724 1225 997 2725 1218 1002 2726 1225 997 2727 1274 1004 2728 1218 1002 2729 1273 121 2730 1274 1004 2731 1272 998 2732 1274 1004 2733 1225 997 2734 1272 998 2735 1237 962 2736 1236 1005 2737 1272 998 2738 1278 1006 2739 1276 1007 2740 1277 1008 2741 1274 1004 2742 1275 1009 2743 1276 1007 2744 1276 1007 2745 1218 1002 2746 1274 1004 2747 1219 1010 2748 1276 1007 2749 1278 1006 2750 1280 1011 2751 1278 1006 2752 1279 1012 2753 1278 1006 2754 1280 1011 2755 1220 1013 2756 1280 1011 2757 1281 1014 2758 1282 1015 2759 1280 1011 2760 1282 1015 2761 1318 1016 2762 1282 1015 2763 1238 1017 2764 1283 1018 2765 1276 1007 2766 1219 1010 2767 1218 1002 2768 1258 1001 2769 1226 999 2770 1315 1003 2771 1314 1019 2772 1258 1001 2773 1315 1003 2774 1259 1020 2775 1314 1019 2776 1222 1021 2777 1259 1020 2778 1258 1001 2779 1314 1019 2780 1259 1020 2781 1222 1021 2782 1221 1022 2783 1220 1013 2784 1219 1010 2785 1278 1006 2786 1317 1023 2787 1220 1013 2788 1318 1016 2789 1282 1015 2790 1319 1024 2791 1318 1016 2792 1280 1011 2793 1318 1016 2794 1220 1013 2795 1260 1025 2796 1221 1022 2797 1220 1013 2798 1317 1023 2799 1241 1026 2800 1260 1025 2801 1317 1023 2802 1260 1025 2803 1220 1013 2804 1241 1026 2805 1317 1023 2806 1316 1027 2807 1322 1028 2808 1241 1026 2809 1316 1027 2810 1260 1025 2811 1259 1020 2812 1221 1022 2813 1319 1024 2814 1282 1015 2815 1283 1018 2816 1287 1029 2817 1288 1030 2818 1289 1031 2819 1291 1032 2820 1289 1031 2821 1290 1033 2822 1293 991 2823 1240 1034 2824 1239 1035 2825 1293 991 2826 1210 996 2827 1240 1034 2828 1240 1034 2829 1291 1032 2830 1292 121 2831 1291 1032 2832 1240 1034 2833 1209 1036 2834 1291 1032 2835 1217 1037 2836 1289 1031 2837 1284 1014 2838 1285 1038 2839 1283 1018 2840 1285 1038 2841 1287 1029 2842 1215 1039 2843 1287 1029 2844 1285 1038 2845 1286 1040 2846 1216 1041 2847 1287 1029 2848 1289 1031 2849 1216 1041 2850 1289 1031 2851 1217 1037 2852 1216 1041 2853 1215 1039 2854 1287 1029 2855 1319 1024 2856 1283 1018 2857 1285 1038 2858 1209 1036 2859 1240 1034 2860 1210 996 2861 1246 995 2862 1327 1042 2863 1326 121 2864 1246 995 2865 1328 1043 2866 1327 1042 2867 1328 1043 2868 1246 995 2869 1245 1044 2870 1217 1037 2871 1209 1036 2872 1323 1045 2873 1323 1045 2874 1209 1036 2875 1328 1043 2876 1245 1044 2877 1323 1045 2878 1328 1043 2879 1291 1032 2880 1209 1036 2881 1217 1037 2882 1285 1038 2883 1215 1039 2884 1320 1046 2885 1320 1046 2886 1319 1024 2887 1285 1038 2888 1214 1047 2889 1320 1046 2890 1215 1039 2891 1242 1048 2892 1322 1028 2893 1321 1049 2894 1321 1049 2895 1320 1046 2896 1242 1048 2897 1242 1048 2898 1241 1026 2899 1322 1028 2900 1320 1046 2901 1214 1047 2902 1242 1048 2903 1244 1050 2904 1324 1051 2905 1323 1045 2906 1244 1050 2907 1325 1052 2908 1324 1051 2909 1245 1044 2910 1244 1050 2911 1323 1045 2912 1243 1053 2913 1214 1047 2914 1213 1054 2915 1214 1047 2916 1243 1053 2917 1242 1048 2918 1244 1050 2919 1213 1054 2920 1325 1052 2921 1244 1050 2922 1243 1053 2923 1213 1054 2924 1339 1055 2925 1332 1056 2926 1340 1057 2927 1334 1058 2928 1335 1059 2929 1340 1057 2930 1334 1058 2931 1338 1060 2932 1335 1059 2933 1336 1061 2934 1338 1060 2935 1341 1062 2936 1349 1063 2937 1342 1064 2938 1350 1065 2939 1342 1064 2940 1349 1063 2941 1343 1066 2942 1351 1067 2943 1347 1068 2944 1348 1069 2945 1351 1067 2946 1348 1069 2947 1350 1065 2948 1347 1068 2949 1351 1067 2950 1352 1070 2951 1345 1071 2952 1353 1072 2953 1344 1073 2954 1382 1074 2955 1392 1075 2956 1381 1076 2957 1382 1074 2958 1433 1077 2959 1392 1075 2960 1381 1076 2961 1393 1078 2962 1380 1079 2963 1381 1076 2964 1392 1075 2965 1393 1078 2966 1432 1080 2967 1382 1074 2968 1383 1081 2969 1382 1074 2970 1432 1080 2971 1433 1077 2972 1366 1082 2973 1380 1079 2974 1393 1078 2975 1366 1082 2976 1393 1078 2977 1425 1083 2978 1379 1084 2979 1380 1079 2980 1367 1085 2981 1367 1085 2982 1368 1086 2983 1379 1084 2984 1367 1085 2985 1380 1079 2986 1366 1082 2987 1366 1082 2988 1425 1083 2989 1427 1087 2990 1394 1088 2991 1425 1083 2992 1393 1078 2993 1395 1089 2994 1396 1090 2995 1383 1081 2996 1383 1081 2997 1396 1090 2998 1432 1080 2999 1396 1090 3000 1397 1091 3001 1423 1092 3002 1384 1093 3003 1437 1094 3004 1395 1089 3005 1434 1095 3006 1423 1092 3007 1397 1091 3008 1383 1081 3009 1384 1093 3010 1395 1089 3011 1430 1096 3012 1424 1097 3013 1429 1098 3014 1432 1080 3015 1396 1090 3016 1431 1099 3017 1424 1097 3018 1394 1088 3019 1429 1098 3020 1425 1083 3021 1394 1088 3022 1424 1097 3023 1424 1097 3024 1430 1096 3025 1431 1099 3026 1423 1092 3027 1424 1097 3028 1431 1099 3029 1431 1099 3030 1396 1090 3031 1423 1092 3032 1368 1086 3033 1428 1100 3034 1379 1084 3035 1379 1084 3036 1428 1100 3037 1389 1101 3038 1378 1102 3039 1379 1084 3040 1389 1101 3041 1390 1103 3042 1378 1102 3043 1389 1101 3044 1426 1104 3045 1427 1087 3046 1425 1083 3047 1426 1104 3048 1425 1083 3049 1413 1105 3050 1391 1106 3051 1413 1105 3052 1390 1103 3053 1391 1106 3054 1426 1104 3055 1413 1105 3056 1378 1102 3057 1390 1103 3058 1377 1107 3059 1376 1108 3060 1377 1107 3061 1454 1109 3062 1377 1107 3063 1355 1110 3064 1356 1111 3065 1377 1107 3066 1356 1111 3067 1454 1109 3068 1453 1112 3069 1354 1113 3070 1413 1105 3071 1377 1107 3072 1390 1103 3073 1355 1110 3074 1376 1108 3075 1454 1109 3076 1410 1114 3077 1355 1110 3078 1390 1103 3079 1354 1113 3080 1390 1103 3081 1413 1105 3082 1354 1113 3083 1453 1112 3084 1414 1115 3085 1452 1116 3086 1414 1115 3087 1453 1112 3088 1413 1105 3089 1414 1115 3090 1357 1117 3091 1411 1118 3092 1412 1119 3093 1414 1115 3094 1411 1118 3095 1414 1115 3096 1412 1119 3097 1452 1116 3098 1414 1115 3099 1415 1120 3100 1357 1117 3101 1411 1118 3102 1376 1108 3103 1410 1114 3104 1357 1117 3105 1358 1121 3106 1411 1118 3107 1411 1118 3108 1375 1122 3109 1376 1108 3110 1375 1122 3111 1358 1121 3112 1374 1123 3113 1358 1121 3114 1375 1122 3115 1411 1118 3116 1449 1124 3117 1357 1117 3118 1415 1120 3119 1358 1121 3120 1450 1125 3121 1374 1123 3122 1415 1120 3123 1416 1126 3124 1449 1124 3125 1423 1092 3126 1434 1095 3127 1435 1127 3128 1436 1128 3129 1437 1094 3130 1384 1093 3131 1422 1129 3132 1435 1127 3133 1365 1130 3134 1385 1131 3135 1365 1130 3136 1436 1128 3137 1385 1131 3138 1386 1132 3139 1365 1130 3140 1399 1133 3141 1365 1130 3142 1386 1132 3143 1398 1134 3144 1399 1133 3145 1386 1132 3146 1385 1131 3147 1436 1128 3148 1384 1093 3149 1365 1130 3150 1399 1133 3151 1422 1129 3152 1400 1135 3153 1422 1129 3154 1399 1133 3155 1422 1129 3156 1423 1092 3157 1435 1127 3158 1422 1129 3159 1400 1135 3160 1421 1136 3161 1400 1135 3162 1438 1137 3163 1421 1136 3164 1439 1138 3165 1421 1136 3166 1438 1137 3167 1439 1138 3168 1420 1139 3169 1421 1136 3170 1386 1132 3171 1440 1140 3172 1398 1134 3173 1386 1132 3174 1387 1141 3175 1440 1140 3176 1362 1142 3177 1420 1139 3178 1439 1138 3179 1402 1143 3180 1420 1139 3181 1362 1142 3182 1402 1143 3183 1403 1144 3184 1420 1139 3185 1402 1143 3186 1362 1142 3187 1363 1145 3188 1387 1141 3189 1364 1146 3190 1440 1140 3191 1387 1141 3192 1363 1145 3193 1364 1146 3194 1388 1147 3195 1402 1143 3196 1363 1145 3197 1387 1141 3198 1388 1147 3199 1363 1145 3200 1369 1148 3201 1401 1149 3202 1388 1147 3203 1419 1150 3204 1403 1144 3205 1441 1151 3206 1403 1144 3207 1419 1150 3208 1420 1139 3209 1442 1152 3210 1419 1150 3211 1441 1151 3212 1401 1149 3213 1402 1143 3214 1388 1147 3215 1369 1148 3216 1361 1153 3217 1401 1149 3218 1417 1154 3219 1445 1155 3220 1416 1126 3221 1444 1156 3222 1417 1154 3223 1418 1157 3224 1449 1124 3225 1416 1126 3226 1448 1158 3227 1417 1154 3228 1444 1156 3229 1445 1155 3230 1418 1157 3231 1443 1159 3232 1444 1156 3233 1445 1155 3234 1408 1160 3235 1416 1126 3236 1409 1161 3237 1448 1158 3238 1416 1126 3239 1374 1123 3240 1451 1162 3241 1407 1163 3242 1374 1123 3243 1407 1163 3244 1373 1164 3245 1450 1125 3246 1451 1162 3247 1374 1123 3248 1408 1160 3249 1409 1161 3250 1416 1126 3251 1445 1155 3252 1372 1165 3253 1408 1160 3254 1407 1163 3255 1408 1160 3256 1373 1164 3257 1408 1160 3258 1372 1165 3259 1373 1164 3260 1446 1166 3261 1372 1165 3262 1445 1155 3263 1418 1157 3264 1419 1150 3265 1442 1152 3266 1442 1152 3267 1359 1167 3268 1418 1157 3269 1405 1168 3270 1418 1157 3271 1359 1167 3272 1360 1169 3273 1361 1153 3274 1369 1148 3275 1370 1170 3276 1359 1167 3277 1360 1169 3278 1369 1148 3279 1370 1170 3280 1360 1169 3281 1406 1171 3282 1443 1159 3283 1418 1157 3284 1418 1157 3285 1405 1168 3286 1406 1171 3287 1371 1172 3288 1372 1165 3289 1446 1166 3290 1447 1173 3291 1371 1172 3292 1446 1166 3293 1404 1174 3294 1405 1168 3295 1371 1172 3296 1370 1170 3297 1371 1172 3298 1405 1168 3299 1371 1172 3300 1447 1173 3301 1404 1174 3302 1370 1170 3303 1405 1168 3304 1359 1167 3305 1462 1175 3306 1456 1176 3307 1455 1177 3308 1459 1178 3309 1462 1175 3310 1460 1179 3311 1458 1180 3312 1459 1178 3313 1461 1181 3314 1466 1182 3315 1471 1183 3316 1464 1184 3317 1466 1182 3318 1470 1185 3319 1471 1183 3320 1465 1186 3321 1469 1187 3322 1467 1188 3323 1466 1182 3324 1467 1188 3325 1470 1185 3326 1481 1189 3327 1482 1190 3328 1491 1191 3329 1475 134 3330 1480 1192 3331 1492 1193 3332 1492 1193 3333 1480 1192 3334 1481 1189 3335 1482 1190 3336 1483 1194 3337 1491 1191 3338 1483 1194 3339 1484 1195 3340 1490 1196 3341 1481 1189 3342 1491 1191 3343 1492 1193 3344 1491 1191 3345 1483 1194 3346 1490 1196 3347 1492 1193 3348 1474 134 3349 1475 134 3350 1473 134 3351 1474 134 3352 1493 1197 3353 1492 1193 3354 1493 1197 3355 1474 134 3356 1472 1198 3357 1493 1197 3358 1494 1199 3359 1493 1197 3360 1472 1198 3361 1473 134 3362 1485 1200 3363 1490 1196 3364 1484 1195 3365 1490 1196 3366 1485 1200 3367 1489 1201 3368 1486 1202 3369 1488 1203 3370 1489 1201 3371 1486 1202 3372 1489 1201 3373 1485 1200 3374 1486 1202 3375 1487 1204 3376 1488 1203 3377 1495 1205 3378 1478 1206 3379 1494 1199 3380 1476 1207 3381 1495 1205 3382 1488 1203 3383 1472 1198 3384 1494 1199 3385 1479 1208 3386 1479 1208 3387 1494 1199 3388 1478 1206 3389 1495 1205 3390 1477 1209 3391 1478 1206 3392 1477 1209 3393 1495 1205 3394 1476 1207 3395 1476 1207 3396 1488 1203 3397 1487 1204 3398 1505 1210 3399 1496 1211 3400 1506 1212 3401 1504 1213 3402 1506 1212 3403 1507 1214 3404 1504 1213 3405 1505 1210 3406 1506 1212 3407 1508 1215 3408 1503 1216 3409 1507 1214 3410 1503 1216 3411 1504 1213 3412 1507 1214 3413 1505 1210 3414 1497 1217 3415 1496 1211 3416 1509 1218 3417 1501 1219 3418 1502 1220 3419 1510 1221 3420 1511 1222 3421 1500 1223 3422 1500 1223 3423 1501 1219 3424 1510 1221 3425 1499 1224 3426 1500 1223 3427 1511 1222 3428 1518 1225 3429 1516 1226 3430 1517 1227 3431 1513 1228 3432 1515 1229 3433 1519 1230 3434 1521 1231 3435 1524 1232 3436 1520 1233 3437 1524 1232 3438 1525 1234 3439 1522 1235 3440 1527 1236 3441 1530 1237 3442 1526 1238 3443 1530 1237 3444 1531 1239 3445 1528 1240 3446 1553 1241 3447 1552 1242 3448 1551 1243 3449 1533 1244 3450 1553 1241 3451 1551 1243 3452 1550 1245 3453 1549 1246 3454 1551 1243 3455 1549 1246 3456 1533 1244 3457 1551 1243 3458 1555 1247 3459 1557 1248 3460 1556 1249 3461 1553 1241 3462 1533 1244 3463 1555 1247 3464 1554 1250 3465 1553 1241 3466 1555 1247 3467 1547 1251 3468 1533 1244 3469 1549 1246 3470 1532 1252 3471 1547 1251 3472 1545 1253 3473 1547 1251 3474 1546 1254 3475 1545 1253 3476 1533 1244 3477 1534 1255 3478 1555 1247 3479 1547 1251 3480 1532 1252 3481 1533 1244 3482 1532 1252 3483 1545 1253 3484 1543 1256 3485 1548 1257 3486 1547 1251 3487 1549 1246 3488 1534 1255 3489 1557 1248 3490 1555 1247 3491 1559 1258 3492 1558 1259 3493 1557 1248 3494 1557 1248 3495 1534 1255 3496 1559 1258 3497 1534 1255 3498 1561 1260 3499 1559 1258 3500 1559 1258 3501 1561 1260 3502 1560 1261 3503 1535 1262 3504 1563 1263 3505 1561 1260 3506 1563 1263 3507 1565 1264 3508 1564 1265 3509 1561 1260 3510 1563 1263 3511 1562 1266 3512 1563 1263 3513 1535 1262 3514 1565 1264 3515 1567 1267 3516 1535 1262 3517 1536 1268 3518 1567 1267 3519 1566 1269 3520 1565 1264 3521 1565 1264 3522 1535 1262 3523 1567 1267 3524 1567 1267 3525 1540 1270 3526 1568 1271 3527 1567 1267 3528 1536 1268 3529 1540 1270 3530 1534 1255 3531 1535 1262 3532 1561 1260 3533 1541 1272 3534 1532 1252 3535 1543 1256 3536 1543 1256 3537 1542 121 3538 1541 1272 3539 1541 1272 3540 1539 1273 3541 1532 1252 3542 1539 1273 3543 1582 1274 3544 1538 1275 3545 1588 1276 3546 1539 1273 3547 1541 1272 3548 1586 1277 3549 1539 1273 3550 1588 1276 3551 1541 1272 3552 1589 1278 3553 1588 1276 3554 1588 1276 3555 1587 1279 3556 1586 1277 3557 1584 1280 3558 1586 1277 3559 1585 1281 3560 1582 1274 3561 1539 1273 3562 1584 1280 3563 1584 1280 3564 1583 1282 3565 1582 1274 3566 1580 1283 3567 1538 1275 3568 1582 1274 3569 1584 1280 3570 1539 1273 3571 1586 1277 3572 1581 1284 3573 1580 1283 3574 1582 1274 3575 1537 1285 3576 1570 1286 3577 1536 1268 3578 1538 1275 3579 1576 1287 3580 1537 1285 3581 1572 1288 3582 1537 1285 3583 1574 1289 3584 1570 1286 3585 1569 1290 3586 1540 1270 3587 1571 1291 3588 1570 1286 3589 1572 1288 3590 1570 1286 3591 1540 1270 3592 1536 1268 3593 1570 1286 3594 1537 1285 3595 1572 1288 3596 1580 1283 3597 1578 1292 3598 1538 1275 3599 1538 1275 3600 1578 1292 3601 1576 1287 3602 1578 1292 3603 1580 1283 3604 1579 1293 3605 1574 1289 3606 1573 1294 3607 1572 1288 3608 1578 1292 3609 1577 1295 3610 1576 1287 3611 1574 1289 3612 1576 1287 3613 1575 1296 3614 1576 1287 3615 1574 1289 3616 1537 1285 3617 1543 1256 3618 1545 1253 3619 1544 121 3620 1592 1297 3621 1594 1298 3622 1595 1299 3623 1593 1300 3624 1595 1299 3625 1594 1298 3626 1596 1301 3627 1599 1302 3628 1598 1303 3629 1596 1301 3630 1597 1304 3631 1599 1302 3632 1602 1305 3633 1605 1306 3634 1604 1307 3635 1602 1305 3636 1604 1307 3637 1603 1308 3638 1606 1309 3639 1608 1310 3640 1609 1311 3641 1607 1312 3642 1608 1310 3643 1606 1309 3644 1612 1313 3645 1613 1314 3646 1615 1315 3647 1612 1313 3648 1614 1316 3649 1613 1314 3650 1619 1317 3651 1618 1318 3652 1616 1319 3653 1617 1320 3654 1619 1317 3655 1616 1319 3656 1622 1321 3657 1624 1322 3658 1625 1323 3659 1623 1324 3660 1625 1323 3661 1624 1322 3662 1629 1325 3663 1628 1326 3664 1626 1327 3665 1627 1328 3666 1629 1325 3667 1626 1327 3668 1632 1329 3669 1634 1330 3670 1635 1331 3671 1633 1332 3672 1635 1331 3673 1634 1330 3674 1637 1333 3675 1639 1334 3676 1636 1335 3677 1636 1335 3678 1639 1334 3679 1638 1336 3680 1642 1337 3681 1644 1338 3682 1645 1339 3683 1643 1340 3684 1645 1339 3685 1644 1338 3686 1647 1341 3687 1649 1342 3688 1646 1343 3689 1646 1343 3690 1649 1342 3691 1648 1344 3692 1654 1345 3693 1653 1346 3694 1655 1347 3695 1652 1348 3696 1655 1347 3697 1653 1346 3698 1656 1349 3699 1659 1350 3700 1657 1351 3701 1657 1351 3702 1659 1350 3703 1658 1352 3704 1664 1353 3705 1663 1354 3706 1665 1355 3707 1662 1356 3708 1665 1355 3709 1663 1354 3710 1668 1357 3711 1666 1358 3712 1669 1359 3713 1666 1358 3714 1668 1357 3715 1667 1360 3716 1674 1361 3717 1672 1362 3718 1675 1363 3719 1672 1362 3720 1674 1361 3721 1673 1364 3722 1679 1365 3723 1678 1366 3724 1677 1367 3725 1676 1368 3726 1677 1367 3727 1678 1366 3728 1684 1369 3729 1683 1370 3730 1685 1371 3731 1682 1372 3732 1685 1371 3733 1683 1370 3734 1689 1373 3735 1688 1374 3736 1686 1375 3737 1686 1375 3738 1688 1374 3739 1687 1376 3740 1694 1377 3741 1693 1378 3742 1695 1379 3743 1692 1380 3744 1695 1379 3745 1693 1378 3746 1698 1381 3747 1697 1382 3748 1699 1383 3749 1696 1384 3750 1699 1383 3751 1697 1382 3752 1702 1385 3753 1705 1386 3754 1703 1387 3755 1703 1387 3756 1705 1386 3757 1704 1388 3758 1706 1389 3759 1707 1390 3760 1709 1391 3761 1706 1389 3762 1709 1391 3763 1708 1392 3764 1712 1393 3765 1713 1394 3766 1715 1395 3767 1713 1394 3768 1714 1396 3769 1715 1395 3770 1716 1397 3771 1719 1398 3772 1718 1399 3773 1716 1397 3774 1718 1399 3775 1717 1400 3776 1722 1401 3777 1723 1402 3778 1725 1403 3779 1723 1402 3780 1724 1404 3781 1725 1403 3782 1726 1405 3783 1727 1406 3784 1729 1407 3785 1726 1405 3786 1729 1407 3787 1728 1408 3788 1735 1409 3789 1734 1410 3790 1732 1411 3791 1733 1412 3792 1735 1409 3793 1732 1411 3794 1736 1413 3795 1737 1414 3796 1739 1415 3797 1736 1413 3798 1739 1415 3799 1738 1416 3800 1744 1417 3801 1745 1418 3802 1742 1419 3803 1743 1420 3804 1744 1417 3805 1742 1419 3806 1746 1421 3807 1747 1422 3808 1749 1423 3809 1746 1421 3810 1749 1423 3811 1748 1424 3812 1754 1425 3813 1753 1426 3814 1755 1427 3815 1752 1428 3816 1754 1425 3817 1755 1427 3818 1757 1429 3819 1759 1430 3820 1756 1431 3821 1756 1431 3822 1759 1430 3823 1758 1432 3824 1762 1433 3825 1763 1434 3826 1765 1435 3827 1763 1434 3828 1764 1436 3829 1765 1435 3830 1767 1437 3831 1768 1438 3832 1766 1439 3833 1767 1437 3834 1769 1440 3835 1768 1438 3836 1775 1441 3837 1772 1442 3838 1773 1443 3839 1773 1443 3840 1774 1444 3841 1775 1441 3842 1777 1445 3843 1779 1446 3844 1776 1447 3845 1777 1445 3846 1778 1448 3847 1779 1446 3848 1785 1449 3849 1782 1450 3850 1783 1451 3851 1783 1451 3852 1784 1452 3853 1785 1449 3854 1789 1453 3855 1786 1454 3856 1787 1455 3857 1787 1455 3858 1788 1456 3859 1789 1453 3860 1793 1457 3861 1795 1458 3862 1794 1457 3863 1792 1459 3864 1794 1457 3865 1795 1458 3866 1797 1460 3867 1799 1461 3868 1796 1462 3869 1797 1460 3870 1798 1463 3871 1799 1461 3872 1805 1464 3873 1802 1465 3874 1803 1466 3875 1803 1466 3876 1804 1467 3877 1805 1464 3878 1807 1468 3879 1808 1469 3880 1806 1470 3881 1807 1468 3882 1809 1471 3883 1808 1469 3884 1815 1472 3885 1812 1473 3886 1813 1474 3887 1813 1474 3888 1814 1475 3889 1815 1472 3890 1819 1476 3891 1818 1477 3892 1816 1478 3893 1817 1479 3894 1819 1476 3895 1816 1478 3896 1825 1480 3897 1822 1481 3898 1823 1482 3899 1823 1482 3900 1824 1483 3901 1825 1480 3902 1829 1484 3903 1828 1485 3904 1826 1486 3905 1827 1487 3906 1829 1484 3907 1826 1486 3908 1832 1488 3909 1834 1489 3910 1835 1490 3911 1833 1490 3912 1835 1490 3913 1834 1489 3914 1839 1491 3915 1838 1492 3916 1836 1493 3917 1837 1494 3918 1839 1491 3919 1836 1493 3920 1871 1495 3921 1858 1496 3922 1870 1497 3923 1857 1498 3924 1871 1495 3925 1860 1499 3926 1860 1499 3927 1861 1500 3928 1856 1501 3929 1864 1502 3930 1852 1503 3931 1863 1504 3932 1861 1500 3933 1862 1505 3934 1855 1506 3935 1863 1504 3936 1853 1507 3937 1869 1508 3938 1869 1508 3939 1853 1507 3940 1862 1505 3941 1858 1496 3942 1859 1509 3943 1870 1497 3944 1858 1496 3945 1871 1495 3946 1857 1498 3947 1856 1501 3948 1857 1498 3949 1860 1499 3950 1861 1500 3951 1855 1506 3952 1856 1501 3953 1854 1510 3954 1855 1506 3955 1862 1505 3956 1854 1510 3957 1862 1505 3958 1853 1507 3959 1853 1507 3960 1863 1504 3961 1852 1503 3962 1840 1511 3963 1848 1512 3964 1866 1513 3965 1841 1514 3966 1847 1515 3967 1840 1511 3968 1851 1516 3969 1864 1502 3970 1865 1517 3971 1850 1518 3972 1865 1517 3973 1866 1513 3974 1846 1519 3975 1841 1514 3976 1842 1520 3977 1845 1521 3978 1842 1520 3979 1867 1522 3980 1867 1522 3981 1843 1523 3982 1844 1524 3983 1845 1521 3984 1867 1522 3985 1844 1524 3986 1865 1517 3987 1850 1518 3988 1851 1516 3989 1851 1516 3990 1852 1503 3991 1864 1502 3992 1850 1518 3993 1866 1513 3994 1849 1525 3995 1848 1512 3996 1849 1525 3997 1866 1513 3998 1840 1511 3999 1847 1515 4000 1848 1512 4001 1846 1519 4002 1847 1515 4003 1841 1514 4004 1845 1521 4005 1846 1519 4006 1842 1520 4007 1873 1526 4008 1872 1527 4009 1876 1528 4010 1876 1528 4011 1875 1529 4012 1873 1526 4013 1874 1530 4014 1873 1526 4015 1875 1529 4016 1913 1531 4017 1883 1532 4018 1884 1533 4019 1909 1534 4020 1880 1535 4021 1881 1536 4022 1882 1537 4023 1883 1532 4024 1908 1538 4025 1908 1538 4026 1881 1536 4027 1882 1537 4028 1912 1539 4029 1884 1533 4030 1885 1540 4031 1906 1541 4032 1886 1542 4033 1887 1543 4034 1887 1543 4035 1888 1544 4036 1905 1545 4037 1907 1546 4038 1912 1539 4039 1885 1540 4040 1909 1534 4041 1881 1536 4042 1908 1538 4043 1910 1547 4044 1880 1535 4045 1909 1534 4046 1913 1531 4047 1884 1533 4048 1912 1539 4049 1908 1538 4050 1883 1532 4051 1913 1531 4052 1888 1544 4053 1889 1548 4054 1904 1549 4055 1903 1550 4056 1904 1549 4057 1889 1548 4058 1886 1542 4059 1906 1541 4060 1907 1546 4061 1887 1543 4062 1905 1545 4063 1906 1541 4064 1904 1549 4065 1905 1545 4066 1888 1544 4067 1886 1542 4068 1907 1546 4069 1885 1540 4070 1903 1550 4071 1889 1548 4072 1890 1551 4073 1902 1552 4074 1903 1550 4075 1890 1551 4076 1892 1553 4077 1911 1554 4078 1891 1555 4079 1902 1552 4080 1890 1551 4081 1891 1555 4082 1893 1556 4083 1894 1557 4084 1900 1558 4085 1877 1559 4086 1898 1560 4087 1896 1561 4088 1892 1553 4089 1893 1556 4090 1901 1562 4091 1911 1554 4092 1892 1553 4093 1901 1562 4094 1893 1556 4095 1900 1558 4096 1901 1562 4097 1911 1554 4098 1902 1552 4099 1891 1555 4100 1895 1563 4101 1899 1564 4102 1900 1558 4103 1894 1557 4104 1895 1563 4105 1900 1558 4106 1896 1561 4107 1899 1564 4108 1895 1563 4109 1879 1565 4110 1897 1566 4111 1878 1567 4112 1877 1559 4113 1878 1567 4114 1897 1566 4115 1899 1564 4116 1896 1561 4117 1898 1560 4118 1877 1559 4119 1897 1566 4120 1898 1560 4121 1928 1568 4122 1941 1569 4123 1942 1570 4124 1938 1571 4125 1939 1572 4126 1932 1573 4127 1930 1574 4128 1940 1575 4129 1941 1569 4130 1940 1575 4131 1931 1576 4132 1939 1572 4133 1945 1577 4134 1946 1578 4135 1936 1579 4136 1924 1580 4137 1946 1578 4138 1947 1581 4139 1943 1582 4140 1927 1583 4141 1942 1570 4142 1944 1584 4143 1926 1585 4144 1943 1582 4145 1926 1585 4146 1944 1584 4147 1945 1577 4148 1947 1581 4149 1948 1586 4150 1923 1587 4151 1932 1573 4152 1933 1588 4153 1938 1571 4154 1939 1572 4155 1931 1576 4156 1932 1573 4157 1940 1575 4158 1930 1574 4159 1931 1576 4160 1928 1568 4161 1929 1589 4162 1941 1569 4163 1933 1588 4164 1937 1590 4165 1938 1571 4166 1928 1568 4167 1942 1570 4168 1927 1583 4169 1941 1569 4170 1929 1589 4171 1930 1574 4172 1926 1585 4173 1927 1583 4174 1943 1582 4175 1926 1585 4176 1945 1577 4177 1925 1591 4178 1925 1591 4179 1945 1577 4180 1936 1579 4181 1924 1580 4182 1947 1581 4183 1923 1587 4184 1936 1579 4185 1946 1578 4186 1924 1580 4187 1923 1587 4188 1948 1586 4189 1922 1592 4190 1949 1593 4191 1922 1592 4192 1948 1586 4193 1953 1594 4194 1935 1595 4195 1952 1596 4196 1950 1597 4197 1921 1598 4198 1949 1593 4199 1951 1599 4200 1921 1598 4201 1950 1597 4202 1952 1596 4203 1920 1600 4204 1951 1599 4205 1955 1601 4206 1956 1602 4207 1917 1603 4208 1914 1604 4209 1916 1605 4210 1957 1606 4211 1957 1606 4212 1916 1605 4213 1956 1602 4214 1954 1607 4215 1934 1608 4216 1953 1594 4217 1954 1607 4218 1955 1601 4219 1918 1609 4220 1920 1600 4221 1921 1598 4222 1951 1599 4223 1919 1610 4224 1920 1600 4225 1952 1596 4226 1922 1592 4227 1949 1593 4228 1921 1598 4229 1953 1594 4230 1934 1608 4231 1935 1595 4232 1952 1596 4233 1935 1595 4234 1919 1610 4235 1917 1603 4236 1918 1609 4237 1955 1601 4238 1916 1605 4239 1914 1604 4240 1915 1611 4241 1934 1608 4242 1954 1607 4243 1918 1609 4244 1917 1603 4245 1956 1602 4246 1916 1605 4247 1960 1612 4248 1962 1613 4249 1961 1614 4250 1960 1612 4251 1958 1615 4252 1962 1613 4253 1958 1615 4254 1960 1612 4255 1959 1616 4256 1964 1617 4257 1963 1618 4258 1967 1619 4259 1965 1620 4260 1964 1617 4261 1966 1621 4262 1966 1621 4263 1964 1617 4264 1967 1619 4265 2005 1622 4266 2008 1623 4267 2002 1624 4268 1972 1625 4269 2000 1626 4270 2009 1627 4271 2009 1627 4272 2001 1628 4273 2008 1623 4274 2005 1622 4275 1970 1629 4276 1971 1630 4277 2004 1631 4278 1970 1629 4279 2005 1622 4280 2004 1631 4281 2005 1622 4282 2003 1632 4283 2002 1624 4284 2008 1623 4285 2001 1628 4286 2003 1632 4287 2005 1622 4288 2002 1624 4289 2001 1628 4290 2009 1627 4291 2000 1626 4292 1997 1633 4293 1973 1634 4294 1974 1635 4295 1997 1633 4296 1974 1635 4297 1975 1636 4298 2000 1626 4299 1972 1625 4300 1999 1637 4301 1973 1634 4302 1999 1637 4303 1972 1625 4304 1976 1638 4305 1995 1639 4306 1975 1636 4307 1976 1638 4308 2006 1640 4309 1995 1639 4310 1973 1634 4311 1998 1641 4312 1999 1637 4313 1973 1634 4314 1997 1633 4315 1998 1641 4316 1975 1636 4317 1996 1642 4318 1997 1633 4319 1995 1639 4320 1996 1642 4321 1975 1636 4322 2006 1640 4323 1994 1643 4324 1995 1639 4325 1977 1644 4326 1993 1645 4327 2006 1640 4328 1990 1646 4329 1991 1647 4330 1980 1648 4331 1993 1645 4332 1994 1643 4333 2006 1640 4334 1993 1645 4335 1978 1649 4336 1992 1650 4337 1993 1645 4338 1977 1644 4339 1978 1649 4340 1978 1649 4341 1979 1651 4342 1992 1650 4343 1991 1647 4344 1979 1651 4345 1980 1648 4346 1991 1647 4347 1992 1650 4348 1979 1651 4349 1981 1652 4350 1982 1653 4351 1989 1654 4352 1982 1653 4353 2007 1655 4354 1987 1656 4355 2007 1655 4356 1983 1657 4357 1987 1656 4358 1983 1657 4359 1984 1658 4360 1986 1659 4361 1980 1648 4362 1981 1652 4363 1989 1654 4364 1980 1648 4365 1989 1654 4366 1990 1646 4367 1982 1653 4368 1988 1660 4369 1989 1654 4370 1983 1657 4371 1986 1659 4372 1987 1656 4373 1984 1658 4374 1985 1661 4375 1986 1659 4376 1987 1656 4377 1988 1660 4378 1982 1653 4379 2013 1662 4380 2010 1663 4381 2012 1664 4382 2011 1665 4383 2013 1662 4384 2012 1664 4385 2014 1666 4386 2017 1667 4387 2016 1668 4388 2016 1668 4389 2015 1669 4390 2014 1666 4391 2021 1670 4392 2020 1671 4393 2022 1672 4394 2019 1673 4395 2022 1672 4396 2020 1671 4397 2019 1673 4398 2018 1674 4399 2022 1672 4400 2023 1675 4401 2025 1676 4402 2026 1677 4403 2025 1676 4404 2024 1678 4405 2026 1677 4406 2029 1679 4407 2028 1680 4408 2027 1681 4409 2027 1681 4410 2030 1682 4411 2029 1679 4412 2031 1683 4413 2033 1684 4414 2032 1685 4415 2031 1683 4416 2034 1686 4417 2033 1684 4418 2038 1687 4419 2037 1688 4420 2036 1689 4421 2035 1690 4422 2037 1688 4423 2038 1687 4424 2039 1691 4425 2042 1692 4426 2041 1693 4427 2041 1693 4428 2040 1694 4429 2039 1691 4430 2047 1695 4431 2046 1696 4432 2044 1697 4433 2045 1698 4434 2044 1697 4435 2046 1696 4436 2047 1695 4437 2044 1697 4438 2043 1699 4439 2049 1700 4440 2051 1701 4441 2050 1702 4442 2050 1702 4443 2051 1701 4444 2048 1703 4445 2053 1704 4446 2055 1705 4447 2054 1706 4448 2052 1707 4449 2055 1705 4450 2053 1704 4451 2085 1708 4452 2086 1709 4453 2072 1710 4454 2070 1711 4455 2086 1709 4456 2073 1712 4457 2067 1713 4458 2074 1714 4459 2075 1715 4460 2069 1716 4461 2073 1712 4462 2074 1714 4463 2076 1717 4464 2066 1718 4465 2075 1715 4466 2067 1713 4467 2075 1715 4468 2066 1718 4469 2076 1717 4470 2077 1719 4471 2065 1720 4472 2073 1712 4473 2069 1716 4474 2070 1711 4475 2070 1711 4476 2071 1721 4477 2086 1709 4478 2074 1714 4479 2067 1713 4480 2068 1722 4481 2069 1716 4482 2074 1714 4483 2068 1722 4484 2071 1721 4485 2072 1710 4486 2086 1709 4487 2066 1718 4488 2076 1717 4489 2065 1720 4490 2077 1719 4491 2064 1723 4492 2065 1720 4493 2063 1724 4494 2078 1725 4495 2079 1726 4496 2080 1727 4497 2062 1728 4498 2079 1726 4499 2060 1729 4500 2081 1730 4501 2082 1731 4502 2061 1732 4503 2080 1727 4504 2081 1730 4505 2082 1731 4506 2083 1733 4507 2058 1734 4508 2083 1733 4509 2056 1735 4510 2057 1736 4511 2057 1736 4512 2058 1734 4513 2083 1733 4514 2064 1723 4515 2078 1725 4516 2063 1724 4517 2079 1726 4518 2062 1728 4519 2063 1724 4520 2061 1732 4521 2062 1728 4522 2080 1727 4523 2059 1737 4524 2060 1729 4525 2082 1731 4526 2060 1729 4527 2061 1732 4528 2081 1730 4529 2058 1734 4530 2059 1737 4531 2082 1731 4532 2077 1719 4533 2078 1725 4534 2064 1723 4535 2088 1738 4536 2087 1739 4537 2090 1740 4538 2090 1740 4539 2091 1741 4540 2088 1738 4541 2091 1741 4542 2089 1742 4543 2088 1738 4544 2092 1743 4545 2096 1744 4546 2093 1745 4547 2094 1746 4548 2093 1745 4549 2095 1747 4550 2093 1745 4551 2096 1744 4552 2095 1747 4553 2131 1748 4554 2101 1749 4555 2102 1750 4556 2132 1751 4557 2100 1752 4558 2101 1749 4559 2104 1753 4560 2129 1754 4561 2103 1755 4562 2130 1756 4563 2102 1750 4564 2103 1755 4565 2105 1757 4566 2128 1758 4567 2104 1753 4568 2107 1759 4569 2126 1760 4570 2106 1761 4571 2107 1759 4572 2108 1762 4573 2125 1763 4574 2103 1755 4575 2129 1754 4576 2130 1756 4577 2101 1749 4578 2131 1748 4579 2132 1751 4580 2133 1764 4581 2100 1752 4582 2132 1751 4583 2130 1756 4584 2131 1748 4585 2102 1750 4586 2104 1753 4587 2128 1758 4588 2129 1754 4589 2127 1765 4590 2106 1761 4591 2126 1760 4592 2126 1760 4593 2107 1759 4594 2125 1763 4595 2128 1758 4596 2105 1757 4597 2127 1765 4598 2125 1763 4599 2108 1762 4600 2124 1766 4601 2108 1762 4602 2109 1767 4603 2124 1766 4604 2105 1757 4605 2106 1761 4606 2127 1765 4607 2124 1766 4608 2109 1767 4609 2123 1768 4610 2121 1769 4611 2111 1770 4612 2112 1771 4613 2123 1768 4614 2109 1767 4615 2110 1772 4616 2111 1770 4617 2122 1773 4618 2110 1772 4619 2120 1774 4620 2112 1771 4621 2113 1775 4622 2114 1776 4623 2115 1777 4624 2118 1778 4625 2114 1776 4626 2119 1779 4627 2113 1775 4628 2117 1780 4629 2115 1777 4630 2097 1781 4631 2097 1781 4632 2098 1782 4633 2117 1780 4634 2111 1770 4635 2121 1769 4636 2122 1773 4637 2120 1774 4638 2121 1769 4639 2112 1771 4640 2122 1773 4641 2123 1768 4642 2110 1772 4643 2120 1774 4644 2113 1775 4645 2119 1779 4646 2116 1783 4647 2098 1782 4648 2099 1784 4649 2117 1780 4650 2118 1778 4651 2115 1777 4652 2098 1782 4653 2116 1783 4654 2117 1780 4655 2114 1776 4656 2118 1778 4657 2119 1779 4658 2148 1785 4659 2157 1786 4660 2158 1787 4661 2158 1787 4662 2159 1788 4663 2147 1789 4664 2155 1790 4665 2150 1791 4666 2151 1792 4667 2150 1791 4668 2155 1790 4669 2156 1793 4670 2157 1786 4671 2149 1794 4672 2156 1793 4673 2161 1795 4674 2162 1796 4675 2154 1797 4676 2163 1798 4677 2145 1799 4678 2162 1796 4679 2160 1800 4680 2146 1801 4681 2159 1788 4682 2161 1795 4683 2154 1797 4684 2160 1800 4685 2150 1791 4686 2156 1793 4687 2149 1794 4688 2157 1786 4689 2148 1785 4690 2149 1794 4691 2154 1797 4692 2162 1796 4693 2145 1799 4694 2144 1802 4695 2145 1799 4696 2163 1798 4697 2148 1785 4698 2158 1787 4699 2147 1789 4700 2154 1797 4701 2146 1801 4702 2160 1800 4703 2146 1801 4704 2147 1789 4705 2159 1788 4706 2144 1802 4707 2163 1798 4708 2164 1803 4709 2142 1804 4710 2164 1803 4711 2165 1805 4712 2141 1806 4713 2165 1805 4714 2166 1807 4715 2141 1806 4716 2166 1807 4717 2167 1808 4718 2168 1809 4719 2140 1810 4720 2167 1808 4721 2172 1811 4722 2137 1812 4723 2171 1813 4724 2172 1811 4725 2173 1814 4726 2136 1815 4727 2134 1816 4728 2136 1815 4729 2173 1814 4730 2170 1817 4731 2139 1818 4732 2169 1819 4733 2170 1817 4734 2171 1813 4735 2138 1820 4736 2152 1821 4737 2168 1809 4738 2169 1819 4739 2164 1803 4740 2143 1822 4741 2144 1802 4742 2143 1822 4743 2164 1803 4744 2142 1804 4745 2142 1804 4746 2165 1805 4747 2141 1806 4748 2141 1806 4749 2167 1808 4750 2140 1810 4751 2153 1823 4752 2140 1810 4753 2168 1809 4754 2152 1821 4755 2153 1823 4756 2168 1809 4757 2135 1824 4758 2136 1815 4759 2134 1816 4760 2172 1811 4761 2136 1815 4762 2137 1812 4763 2139 1818 4764 2170 1817 4765 2138 1820 4766 2152 1821 4767 2169 1819 4768 2139 1818 4769 2171 1813 4770 2137 1812 4771 2138 1820 4772 2174 1825 4773 2176 1826 4774 2175 1825 4775 2180 1827 4776 2177 1828 4777 2179 1829 4778 2180 1827 4779 2179 1829 4780 2178 1830 4781 2181 1831 4782 2183 1832 4783 2184 1833 4784 2181 1831 4785 2184 1833 4786 2186 1834 4787 2186 1834 4788 2182 1835 4789 2185 1836 4790 2184 1833 4791 2182 1835 4792 2186 1834 4793 2191 1837 4794 2229 1838 4795 2228 1839 4796 2191 1837 4797 2228 1839 4798 2190 1840 4799 2231 1841 4800 2192 1842 4801 2226 1843 4802 2227 1844 4803 2229 1838 4804 2231 1841 4805 2192 1842 4806 2193 1845 4807 2225 1846 4808 2224 1847 4809 2193 1845 4810 2194 1848 4811 2223 1849 4812 2194 1848 4813 2195 1850 4814 2220 1851 4815 2197 1852 4816 2230 1853 4817 2196 1854 4818 2222 1855 4819 2195 1850 4820 2221 1856 4821 2196 1854 4822 2197 1852 4823 2227 1844 4824 2228 1839 4825 2229 1838 4826 2231 1841 4827 2226 1843 4828 2227 1844 4829 2225 1846 4830 2226 1843 4831 2192 1842 4832 2224 1847 4833 2225 1846 4834 2193 1845 4835 2223 1849 4836 2224 1847 4837 2194 1848 4838 2222 1855 4839 2223 1849 4840 2195 1850 4841 2221 1856 4842 2222 1855 4843 2196 1854 4844 2197 1852 4845 2220 1851 4846 2221 1856 4847 2218 1857 4848 2198 1858 4849 2199 1859 4850 2199 1859 4851 2200 1860 4852 2217 1861 4853 2201 1862 4854 2216 1863 4855 2200 1860 4856 2220 1851 4857 2230 1853 4858 2219 1864 4859 2219 1864 4860 2230 1853 4861 2198 1858 4862 2198 1858 4863 2218 1857 4864 2219 1864 4865 2202 1865 4866 2203 1866 4867 2215 1867 4868 2205 1868 4869 2206 1869 4870 2212 1870 4871 2214 1871 4872 2203 1866 4873 2204 1872 4874 2205 1868 4875 2213 1873 4876 2204 1872 4877 2209 1874 4878 2207 1875 4879 2208 1876 4880 2211 1877 4881 2206 1869 4882 2207 1875 4883 2216 1863 4884 2201 1862 4885 2202 1865 4886 2217 1861 4887 2218 1857 4888 2199 1859 4889 2200 1860 4890 2216 1863 4891 2217 1861 4892 2215 1867 4893 2216 1863 4894 2202 1865 4895 2214 1871 4896 2215 1867 4897 2203 1866 4898 2213 1873 4899 2214 1871 4900 2204 1872 4901 2213 1873 4902 2205 1868 4903 2212 1870 4904 2207 1875 4905 2210 1878 4906 2211 1877 4907 2207 1875 4908 2209 1874 4909 2210 1878 4910 2212 1870 4911 2206 1869 4912 2211 1877 4913 2234 1879 4914 2233 1880 4915 2235 1881 4916 2235 1881 4917 2232 1882 4918 2236 1883 4919 2235 1881 4920 2233 1880 4921 2232 1882 4922 2237 1884 4923 2241 1885 4924 2240 1886 4925 2237 1884 4926 2240 1886 4927 2238 1887 4928 2239 1888 4929 2238 1887 4930 2240 1886 4931 2246 1889 4932 2245 1890 4933 2243 1891 4934 2243 1891 4935 2245 1890 4936 2244 1892 4937 2246 1889 4938 2243 1891 4939 2242 1893 4940 2250 1894 4941 2249 1895 4942 2248 1896 4943 2248 1896 4944 2247 1897 4945 2250 1894 4946 2250 1894 4947 2247 1897 4948 2251 1898 4949 2253 1899 4950 2255 1900 4951 2252 1901 4952 2253 1899 4953 2252 1901 4954 2254 1902 4955 2259 1903 4956 2258 1904 4957 2257 1905 4958 2259 1903 4959 2257 1905 4960 2256 1906 4961 2261 1907 4962 2264 1908 4963 2263 1909 4964 2262 1910 4965 2261 1907 4966 2263 1909 4967 2260 1911 4968 2265 1912 4969 2264 1908 4970 2264 1908 4971 2261 1907 4972 2260 1911 4973 2296 1913 4974 2283 1914 4975 2281 1915 4976 2286 1916 4977 2278 1917 4978 2285 1918 4979 2284 1919 4980 2285 1918 4981 2279 1920 4982 2280 1921 4983 2283 1914 4984 2284 1919 4985 2277 1922 4986 2286 1916 4987 2287 1923 4988 2276 1924 4989 2287 1923 4990 2288 1925 4991 2289 1926 4992 2274 1927 4993 2288 1925 4994 2280 1921 4995 2284 1919 4996 2279 1920 4997 2280 1921 4998 2281 1915 4999 2283 1914 5000 2279 1920 5001 2285 1918 5002 2278 1917 5003 2281 1915 5004 2282 1928 5005 2296 1913 5006 2277 1922 5007 2287 1923 5008 2276 1924 5009 2275 1929 5010 2276 1924 5011 2288 1925 5012 2274 1927 5013 2275 1929 5014 2288 1925 5015 2278 1917 5016 2286 1916 5017 2277 1922 5018 2289 1926 5019 2290 1930 5020 2273 1931 5021 2291 1932 5022 2272 1933 5023 2290 1930 5024 2292 1934 5025 2293 1935 5026 2270 1936 5027 2271 1937 5028 2291 1932 5029 2292 1934 5030 2293 1935 5031 2294 1938 5032 2268 1939 5033 2267 1940 5034 2268 1939 5035 2294 1938 5036 2294 1938 5037 2266 1941 5038 2267 1940 5039 2274 1927 5040 2289 1926 5041 2273 1931 5042 2290 1930 5043 2272 1933 5044 2273 1931 5045 2271 1937 5046 2272 1933 5047 2291 1932 5048 2270 1936 5049 2271 1937 5050 2292 1934 5051 2293 1935 5052 2269 1942 5053 2270 1936 5054 2268 1939 5055 2269 1942 5056 2293 1935 5057 2298 1943 5058 2297 1944 5059 2300 1945 5060 2301 1946 5061 2298 1943 5062 2300 1945 5063 2299 1947 5064 2298 1943 5065 2301 1946 5066 2306 1948 5067 2336 1949 5068 2305 1950 5069 2334 1951 5070 2308 1952 5071 2309 1953 5072 2307 1954 5073 2337 1955 5074 2306 1948 5075 2307 1954 5076 2308 1952 5077 2335 1956 5078 2333 1957 5079 2309 1953 5080 2310 1958 5081 2331 1959 5082 2311 1960 5083 2312 1961 5084 2312 1961 5085 2313 1962 5086 2330 1963 5087 2337 1955 5088 2307 1954 5089 2335 1956 5090 2306 1948 5091 2337 1955 5092 2336 1949 5093 2308 1952 5094 2334 1951 5095 2335 1956 5096 2333 1957 5097 2334 1951 5098 2309 1953 5099 2333 1957 5100 2310 1958 5101 2332 1964 5102 2311 1960 5103 2332 1964 5104 2310 1958 5105 2313 1962 5106 2329 1965 5107 2330 1963 5108 2314 1966 5109 2329 1965 5110 2313 1962 5111 2311 1960 5112 2331 1959 5113 2332 1964 5114 2330 1963 5115 2331 1959 5116 2312 1961 5117 2328 1967 5118 2314 1966 5119 2315 1968 5120 2327 1969 5121 2328 1967 5122 2315 1968 5123 2315 1968 5124 2316 1970 5125 2327 1969 5126 2326 1971 5127 2316 1970 5128 2317 1972 5129 2314 1966 5130 2328 1967 5131 2329 1965 5132 2317 1972 5133 2318 1973 5134 2324 1974 5135 2302 1975 5136 2322 1976 5137 2320 1977 5138 2325 1978 5139 2326 1971 5140 2317 1972 5141 2326 1971 5142 2327 1969 5143 2316 1970 5144 2324 1974 5145 2325 1978 5146 2317 1972 5147 2323 1979 5148 2324 1974 5149 2319 1980 5150 2323 1979 5151 2319 1980 5152 2320 1977 5153 2302 1975 5154 2303 1981 5155 2321 1982 5156 2320 1977 5157 2322 1976 5158 2323 1979 5159 2304 1983 5160 2321 1982 5161 2303 1981 5162 2322 1976 5163 2302 1975 5164 2321 1982 5165 2319 1980 5166 2324 1974 5167 2318 1973 5168 2356 1984 5169 2358 1985 5170 2359 1986 5171 2360 1987 5172 2354 1988 5173 2359 1986 5174 2354 1988 5175 2360 1987 5176 2361 1989 5177 2361 1989 5178 2353 1990 5179 2354 1988 5180 2359 1986 5181 2354 1988 5182 2355 1991 5183 2352 1992 5184 2353 1990 5185 2362 1993 5186 2362 1993 5187 2353 1990 5188 2361 1989 5189 2355 1991 5190 2356 1984 5191 2359 1986 5192 2363 1994 5193 2351 1995 5194 2352 1992 5195 2351 1995 5196 2363 1994 5197 2364 1996 5198 2364 1996 5199 2365 1997 5200 2350 1998 5201 2366 1999 5202 2349 2000 5203 2365 1997 5204 2366 1999 5205 2348 2001 5206 2349 2000 5207 2367 2002 5208 2348 2001 5209 2366 1999 5210 2347 2003 5211 2348 2001 5212 2367 2002 5213 2350 1998 5214 2351 1995 5215 2364 1996 5216 2350 1998 5217 2365 1997 5218 2349 2000 5219 2352 1992 5220 2362 1993 5221 2363 1994 5222 2368 2004 5223 2347 2003 5224 2367 2002 5225 2345 2005 5226 2369 2006 5227 2370 2007 5228 2346 2008 5229 2368 2004 5230 2369 2006 5231 2357 2009 5232 2344 2010 5233 2371 2011 5234 2344 2010 5235 2370 2007 5236 2371 2011 5237 2375 2012 5238 2376 2013 5239 2341 2014 5240 2377 2015 5241 2338 2016 5242 2339 2017 5243 2343 2018 5244 2357 2009 5245 2371 2011 5246 2342 2019 5247 2372 2020 5248 2373 2021 5249 2343 2018 5250 2371 2011 5251 2372 2020 5252 2369 2006 5253 2345 2005 5254 2346 2008 5255 2368 2004 5256 2346 2008 5257 2347 2003 5258 2343 2018 5259 2372 2020 5260 2342 2019 5261 2344 2010 5262 2345 2005 5263 2370 2007 5264 2374 2022 5265 2342 2019 5266 2373 2021 5267 2341 2014 5268 2342 2019 5269 2374 2022 5270 2374 2022 5271 2375 2012 5272 2341 2014 5273 2376 2013 5274 2340 2023 5275 2341 2014 5276 2377 2015 5277 2340 2023 5278 2376 2013 5279 2377 2015 5280 2339 2017 5281 2340 2023 5282 2378 2024 5283 2380 2024 5284 2379 2024 5285 2381 2025 5286 2384 2026 5287 2382 2027 5288 2385 2028 5289 2382 2027 5290 2384 2026 5291 2383 2029 5292 2386 2030 5293 2385 2028 5294 2383 2029 5295 2385 2028 5296 2384 2026 5297 2418 2031 5298 2423 2032 5299 2424 2033 5300 2417 2034 5301 2424 2033 5302 2425 2035 5303 2426 2036 5304 2417 2034 5305 2425 2035 5306 2391 2037 5307 2421 2038 5308 2390 2039 5309 2422 2040 5310 2423 2032 5311 2420 2041 5312 2421 2038 5313 2422 2040 5314 2420 2041 5315 2422 2040 5316 2421 2038 5317 2391 2037 5318 2420 2041 5319 2423 2032 5320 2419 2042 5321 2418 2031 5322 2424 2033 5323 2417 2034 5324 2419 2042 5325 2423 2032 5326 2418 2031 5327 2417 2034 5328 2426 2036 5329 2416 2043 5330 2415 2044 5331 2427 2045 5332 2428 2046 5333 2431 2047 5334 2413 2048 5335 2428 2046 5336 2415 2044 5337 2416 2043 5338 2427 2045 5339 2427 2045 5340 2416 2043 5341 2426 2036 5342 2392 2049 5343 2412 2050 5344 2431 2047 5345 2428 2046 5346 2414 2051 5347 2415 2044 5348 2428 2046 5349 2413 2048 5350 2414 2051 5351 2412 2050 5352 2413 2048 5353 2431 2047 5354 2392 2049 5355 2393 2052 5356 2412 2050 5357 2393 2052 5358 2411 2053 5359 2412 2050 5360 2394 2054 5361 2411 2053 5362 2393 2052 5363 2410 2055 5364 2394 2054 5365 2395 2056 5366 2396 2057 5367 2409 2058 5368 2395 2056 5369 2394 2054 5370 2410 2055 5371 2411 2053 5372 2410 2055 5373 2395 2056 5374 2409 2058 5375 2396 2057 5376 2397 2059 5377 2408 2060 5378 2408 2060 5379 2409 2058 5380 2396 2057 5381 2407 2061 5382 2408 2060 5383 2397 2059 5384 2398 2062 5385 2407 2061 5386 2397 2059 5387 2398 2062 5388 2429 2063 5389 2406 2064 5390 2429 2063 5391 2430 2065 5392 2406 2064 5393 2399 2066 5394 2404 2067 5395 2430 2065 5396 2400 2068 5397 2401 2069 5398 2403 2070 5399 2399 2066 5400 2400 2068 5401 2403 2070 5402 2398 2062 5403 2406 2064 5404 2407 2061 5405 2430 2065 5406 2405 2071 5407 2406 2064 5408 2405 2071 5409 2430 2065 5410 2404 2067 5411 2399 2066 5412 2403 2070 5413 2404 2067 5414 2403 2070 5415 2401 2069 5416 2402 2072 5417 2434 2073 5418 2435 2074 5419 2432 2075 5420 2433 2076 5421 2435 2074 5422 2434 2073 5423 2436 2077 5424 2438 2078 5425 2437 2079 5426 2439 2080 5427 2438 2078 5428 2436 2077 5429 2441 2081 5430 2443 2082 5431 2442 2083 5432 2443 2082 5433 2440 2084 5434 2444 2085 5435 2441 2081 5436 2440 2084 5437 2443 2082 5438 2446 2086 5439 2448 2087 5440 2445 2088 5441 2447 2089 5442 2446 2086 5443 2445 2088 5444 2450 2090 5445 2452 2091 5446 2451 2092 5447 2452 2091 5448 2450 2090 5449 2449 2093 5450 2455 2094 5451 2454 2095 5452 2456 2096 5453 2454 2095 5454 2457 2097 5455 2456 2096 5456 2457 2097 5457 2454 2095 5458 2453 2098 5459 2462 2099 5460 2459 2100 5461 2458 2101 5462 2462 2099 5463 2458 2101 5464 2463 2102 5465 2461 2103 5466 2460 2104 5467 2459 2100 5468 2462 2099 5469 2461 2103 5470 2459 2100 5471 2468 2105 5472 2467 2106 5473 2464 2107 5474 2467 2106 5475 2465 2108 5476 2464 2107 5477 2465 2108 5478 2467 2106 5479 2466 2109 5480 2472 2110 5481 2471 2111 5482 2470 2112 5483 2473 2113 5484 2472 2110 5485 2470 2112 5486 2473 2113 5487 2470 2112 5488 2469 2114 5489 2505 2115 5490 2506 2116 5491 2487 2117 5492 2493 2118 5493 2489 2119 5494 2492 2120 5495 2492 2120 5496 2490 2121 5497 2491 2122 5498 2493 2118 5499 2505 2115 5500 2488 2123 5501 2484 2124 5502 2494 2125 5503 2495 2126 5504 2495 2126 5505 2496 2127 5506 2483 2128 5507 2489 2119 5508 2490 2121 5509 2492 2120 5510 2488 2123 5511 2489 2119 5512 2493 2118 5513 2505 2115 5514 2487 2117 5515 2488 2123 5516 2487 2117 5517 2506 2116 5518 2486 2129 5519 2494 2125 5520 2484 2124 5521 2485 2130 5522 2486 2129 5523 2494 2125 5524 2485 2130 5525 2483 2128 5526 2484 2124 5527 2495 2126 5528 2494 2125 5529 2486 2129 5530 2506 2116 5531 2498 2131 5532 2480 2132 5533 2497 2133 5534 2478 2134 5535 2500 2135 5536 2501 2136 5537 2480 2132 5538 2498 2131 5539 2499 2137 5540 2478 2134 5541 2501 2136 5542 2477 2138 5543 2482 2139 5544 2496 2127 5545 2497 2133 5546 2500 2135 5547 2479 2140 5548 2499 2137 5549 2478 2134 5550 2479 2140 5551 2500 2135 5552 2502 2141 5553 2476 2142 5554 2501 2136 5555 2502 2141 5556 2503 2143 5557 2476 2142 5558 2503 2143 5559 2474 2144 5560 2475 2145 5561 2476 2142 5562 2477 2138 5563 2501 2136 5564 2475 2145 5565 2476 2142 5566 2503 2143 5567 2497 2133 5568 2481 2146 5569 2482 2139 5570 2481 2146 5571 2497 2133 5572 2480 2132 5573 2482 2139 5574 2483 2128 5575 2496 2127 5576 2479 2140 5577 2480 2132 5578 2499 2137 5579 2511 2147 5580 2510 2148 5581 2507 2149 5582 2508 2150 5583 2507 2149 5584 2510 2148 5585 2508 2150 5586 2510 2148 5587 2509 2151 5588 2517 2152 5589 2545 2153 5590 2516 2154 5591 2549 2155 5592 2515 2156 5593 2516 2154 5594 2518 2157 5595 2544 2158 5596 2517 2152 5597 2519 2159 5598 2520 2160 5599 2542 2161 5600 2523 2162 5601 2548 2163 5602 2522 2164 5603 2521 2165 5604 2522 2164 5605 2541 2166 5606 2524 2167 5607 2548 2163 5608 2523 2162 5609 2518 2157 5610 2543 2168 5611 2544 2158 5612 2515 2156 5613 2549 2155 5614 2546 2169 5615 2545 2153 5616 2517 2152 5617 2544 2158 5618 2519 2159 5619 2542 2161 5620 2543 2168 5621 2519 2159 5622 2543 2168 5623 2518 2157 5624 2516 2154 5625 2545 2153 5626 2549 2155 5627 2520 2160 5628 2521 2165 5629 2541 2166 5630 2520 2160 5631 2541 2166 5632 2542 2161 5633 2522 2164 5634 2540 2170 5635 2541 2166 5636 2524 2167 5637 2547 2171 5638 2548 2163 5639 2548 2163 5640 2540 2170 5641 2522 2164 5642 2547 2171 5643 2524 2167 5644 2525 2172 5645 2539 2173 5646 2525 2172 5647 2526 2174 5648 2527 2175 5649 2538 2176 5650 2526 2174 5651 2537 2177 5652 2527 2175 5653 2528 2178 5654 2512 2179 5655 2533 2180 5656 2531 2181 5657 2530 2182 5658 2536 2183 5659 2529 2184 5660 2528 2178 5661 2529 2184 5662 2536 2183 5663 2547 2171 5664 2525 2172 5665 2539 2173 5666 2538 2176 5667 2539 2173 5668 2526 2174 5669 2538 2176 5670 2527 2175 5671 2537 2177 5672 2537 2177 5673 2528 2178 5674 2536 2183 5675 2531 2181 5676 2534 2185 5677 2530 2182 5678 2536 2183 5679 2530 2182 5680 2535 2186 5681 2512 2179 5682 2513 2187 5683 2532 2188 5684 2530 2182 5685 2534 2185 5686 2535 2186 5687 2534 2185 5688 2531 2181 5689 2533 2180 5690 2533 2180 5691 2512 2179 5692 2532 2188 5693 2532 2188 5694 2513 2187 5695 2514 2189 5696 2577 2190 5697 2578 2191 5698 2566 2192 5699 2578 2191 5700 2579 2193 5701 2565 2194 5702 2575 2195 5703 2569 2196 5704 2574 2197 5705 2570 2198 5706 2573 2199 5707 2574 2197 5708 2576 2200 5709 2568 2201 5710 2575 2195 5711 2577 2190 5712 2567 2202 5713 2576 2200 5714 2561 2203 5715 2582 2204 5716 2583 2205 5717 2560 2206 5718 2583 2205 5719 2584 2207 5720 2580 2208 5721 2564 2209 5722 2579 2193 5723 2562 2210 5724 2581 2211 5725 2582 2204 5726 2569 2196 5727 2570 2198 5728 2574 2197 5729 2575 2195 5730 2568 2201 5731 2569 2196 5732 2565 2194 5733 2566 2192 5734 2578 2191 5735 2568 2201 5736 2576 2200 5737 2567 2202 5738 2567 2202 5739 2577 2190 5740 2566 2192 5741 2579 2193 5742 2564 2209 5743 2565 2194 5744 2563 2212 5745 2564 2209 5746 2580 2208 5747 2583 2205 5748 2560 2206 5749 2561 2203 5750 2584 2207 5751 2559 2213 5752 2560 2206 5753 2580 2208 5754 2581 2211 5755 2563 2212 5756 2581 2211 5757 2562 2210 5758 2563 2212 5759 2562 2210 5760 2582 2204 5761 2561 2203 5762 2585 2214 5763 2559 2213 5764 2584 2207 5765 2588 2215 5766 2589 2216 5767 2557 2217 5768 2586 2218 5769 2572 2219 5770 2585 2214 5771 2588 2215 5772 2571 2220 5773 2587 2221 5774 2587 2221 5775 2572 2219 5776 2586 2218 5777 2550 2222 5778 2552 2223 5779 2593 2224 5780 2593 2224 5781 2553 2225 5782 2592 2226 5783 2589 2216 5784 2590 2227 5785 2556 2228 5786 2591 2229 5787 2555 2230 5788 2590 2227 5789 2592 2226 5790 2554 2231 5791 2591 2229 5792 2572 2219 5793 2587 2221 5794 2571 2220 5795 2588 2215 5796 2558 2232 5797 2571 2220 5798 2559 2213 5799 2585 2214 5800 2572 2219 5801 2588 2215 5802 2557 2217 5803 2558 2232 5804 2551 2233 5805 2552 2223 5806 2550 2222 5807 2553 2225 5808 2593 2224 5809 2552 2223 5810 2556 2228 5811 2557 2217 5812 2589 2216 5813 2556 2228 5814 2590 2227 5815 2555 2230 5816 2592 2226 5817 2553 2225 5818 2554 2231 5819 2554 2231 5820 2555 2230 5821 2591 2229 5822 2600 2234 5823 2596 2235 5824 2599 2236 5825 2599 2236 5826 2596 2235 5827 2597 2237 5828 2599 2236 5829 2602 2238 5830 2600 2234 5831 2603 2239 5832 2602 2238 5833 2599 2236 5834 2604 2240 5835 2601 195 5836 2603 2239 5837 2603 2239 5838 2599 2236 5839 2605 2241 5840 2601 195 5841 2604 2240 5842 2605 2241 5843 2598 2242 5844 2605 2241 5845 2599 2236 5846 2598 2242 5847 2601 195 5848 2605 2241 5849 2604 2240 5850 2603 2239 5851 2605 2241 5852 2641 2243 5853 2643 2244 5854 2644 2245 5855 2643 2244 5856 2642 2246 5857 2610 2247 5858 2645 2248 5859 2639 2249 5860 2644 2245 5861 2642 2246 5862 2609 2250 5863 2610 2247 5864 2641 2243 5865 2642 2246 5866 2643 2244 5867 2640 2251 5868 2644 2245 5869 2639 2249 5870 2640 2251 5871 2641 2243 5872 2644 2245 5873 2645 2248 5874 2646 2252 5875 2638 2253 5876 2639 2249 5877 2645 2248 5878 2638 2253 5879 2638 2253 5880 2646 2252 5881 2637 2254 5882 2648 2255 5883 2636 2256 5884 2647 2257 5885 2647 2257 5886 2637 2254 5887 2646 2252 5888 2611 2258 5889 2634 2259 5890 2650 2260 5891 2648 2255 5892 2650 2260 5893 2635 2261 5894 2611 2258 5895 2612 2262 5896 2633 2263 5897 2648 2255 5898 2635 2261 5899 2636 2256 5900 2650 2260 5901 2634 2259 5902 2635 2261 5903 2633 2263 5904 2634 2259 5905 2611 2258 5906 2612 2262 5907 2632 2264 5908 2633 2263 5909 2636 2256 5910 2637 2254 5911 2647 2257 5912 2614 2265 5913 2615 2266 5914 2630 2267 5915 2615 2266 5916 2616 2268 5917 2629 2269 5918 2632 2264 5919 2612 2262 5920 2613 2270 5921 2632 2264 5922 2613 2270 5923 2631 2271 5924 2631 2271 5925 2614 2265 5926 2630 2267 5927 2631 2271 5928 2613 2270 5929 2614 2265 5930 2629 2269 5931 2630 2267 5932 2615 2266 5933 2616 2268 5934 2649 2272 5935 2628 2273 5936 2625 2274 5937 2618 2275 5938 2619 2276 5939 2617 2277 5940 2627 2278 5941 2649 2272 5942 2627 2278 5943 2628 2273 5944 2649 2272 5945 2629 2269 5946 2616 2268 5947 2628 2273 5948 2621 2279 5949 2623 2280 5950 2620 2281 5951 2617 2277 5952 2626 2282 5953 2627 2278 5954 2618 2275 5955 2625 2274 5956 2626 2282 5957 2618 2275 5958 2626 2282 5959 2617 2277 5960 2620 2281 5961 2623 2280 5962 2619 2276 5963 2624 2283 5964 2619 2276 5965 2623 2280 5966 2624 2283 5967 2625 2274 5968 2619 2276 5969 2621 2279 5970 2622 2284 5971 2623 2280 5972 2651 2285 5973 2653 2286 5974 2652 2287 5975 2652 2287 5976 2654 2288 5977 2651 2285 5978 2656 2289 5979 2658 2290 5980 2657 2291 5981 2658 2290 5982 2656 2289 5983 2655 2292 5984 2663 2293 5985 2661 2294 5986 2664 2295 5987 2665 2296 5988 2664 2295 5989 2660 2297 5990 2662 2298 5991 2667 2299 5992 2666 2300 5993 2661 2294 5994 2666 2300 5995 2667 2299 5996 2662 2298 5997 2661 2294 5998 2667 2299 5999 2661 2294 6000 2663 2293 6001 2666 2300 6002 2664 2295 6003 2661 2294 6004 2660 2297 6005 2663 2293 6006 2662 2298 6007 2666 2300 6008 2665 2296 6009 2660 2297 6010 2659 2301 6011 2670 2302 6012 2671 2303 6013 2668 2304 6014 2669 2305 6015 2671 2303 6016 2670 2302 6017 2674 2306 6018 2673 2307 6019 2675 2308 6020 2672 2309 6021 2675 2308 6022 2673 2307 6023 2679 2310 6024 2678 2311 6025 2677 2312 6026 2677 2312 6027 2676 2313 6028 2679 2310 6029 2676 2313 6030 2680 2314 6031 2679 2310 6032 2683 2315 6033 2682 2316 6034 2684 2317 6035 2681 2318 6036 2684 2317 6037 2682 2316 6038 2686 2319 6039 2688 2320 6040 2687 2321 6041 2685 2322 6042 2686 2319 6043 2687 2321 6044 2692 2323 6045 2690 2324 6046 2689 2325 6047 2692 2323 6048 2689 2325 6049 2693 2326 6050 2691 2327 6051 2690 2324 6052 2692 2323 6053 2697 2328 6054 2696 2329 6055 2695 2330 6056 2697 2328 6057 2695 2330 6058 2694 2331 6059 2715 2332 6060 2719 2333 6061 2720 2334 6062 2727 2335 6063 2728 2336 6064 2717 2337 6065 2728 2336 6066 2729 2338 6067 2717 2337 6068 2729 2338 6069 2719 2333 6070 2716 2339 6071 2715 2332 6072 2716 2339 6073 2719 2333 6074 2720 2334 6075 2721 2340 6076 2714 2341 6077 2711 2342 6078 2722 2343 6079 2723 2344 6080 2722 2343 6081 2713 2345 6082 2721 2340 6083 2717 2337 6084 2729 2338 6085 2716 2339 6086 2714 2341 6087 2715 2332 6088 2720 2334 6089 2718 2346 6090 2727 2335 6091 2717 2337 6092 2721 2340 6093 2713 2345 6094 2714 2341 6095 2713 2345 6096 2722 2343 6097 2712 2347 6098 2711 2342 6099 2712 2347 6100 2722 2343 6101 2723 2344 6102 2710 2348 6103 2711 2342 6104 2723 2344 6105 2724 2349 6106 2710 2348 6107 2700 2350 6108 2706 2351 6109 2699 2352 6110 2725 2353 6111 2698 2354 6112 2708 2355 6113 2709 2356 6114 2724 2349 6115 2725 2353 6116 2698 2354 6117 2699 2352 6118 2707 2357 6119 2705 2358 6120 2700 2350 6121 2701 2359 6122 2703 2360 6123 2704 2361 6124 2701 2359 6125 2701 2359 6126 2726 2362 6127 2703 2360 6128 2702 2363 6129 2703 2360 6130 2726 2362 6131 2709 2356 6132 2710 2348 6133 2724 2349 6134 2706 2351 6135 2707 2357 6136 2699 2352 6137 2725 2353 6138 2708 2355 6139 2709 2356 6140 2707 2357 6141 2708 2355 6142 2698 2354 6143 2705 2358 6144 2706 2351 6145 2700 2350 6146 2701 2359 6147 2704 2361 6148 2705 2358 6149 2733 2364 6150 2730 2365 6151 2731 2366 6152 2732 2367 6153 2731 2366 6154 2730 2365 6155 2768 2368 6156 2737 2369 6157 2738 2370 6158 2765 2371 6159 2739 2372 6160 2740 2373 6161 2766 2374 6162 2738 2370 6163 2739 2372 6164 2741 2375 6165 2742 2376 6166 2764 2377 6167 2763 2378 6168 2743 2379 6169 2744 2380 6170 2744 2380 6171 2745 2381 6172 2769 2382 6173 2768 2368 6174 2738 2370 6175 2767 2383 6176 2741 2375 6177 2764 2377 6178 2765 2371 6179 2765 2371 6180 2740 2373 6181 2741 2375 6182 2767 2383 6183 2738 2370 6184 2766 2374 6185 2739 2372 6186 2765 2371 6187 2766 2374 6188 2743 2379 6189 2763 2378 6190 2742 2376 6191 2745 2381 6192 2762 2384 6193 2769 2382 6194 2762 2384 6195 2745 2381 6196 2746 2385 6197 2764 2377 6198 2742 2376 6199 2763 2378 6200 2763 2378 6201 2744 2380 6202 2769 2382 6203 2761 2386 6204 2746 2385 6205 2747 2387 6206 2760 2388 6207 2761 2386 6208 2747 2387 6209 2749 2389 6210 2759 2390 6211 2748 2391 6212 2760 2388 6213 2747 2387 6214 2748 2391 6215 2750 2392 6216 2751 2393 6217 2757 2394 6218 2734 2395 6219 2755 2396 6220 2753 2397 6221 2749 2389 6222 2750 2392 6223 2758 2398 6224 2759 2390 6225 2749 2389 6226 2758 2398 6227 2750 2392 6228 2757 2394 6229 2758 2398 6230 2761 2386 6231 2762 2384 6232 2746 2385 6233 2760 2388 6234 2748 2391 6235 2759 2390 6236 2752 2399 6237 2756 2400 6238 2757 2394 6239 2751 2393 6240 2752 2399 6241 2757 2394 6242 2753 2397 6243 2756 2400 6244 2752 2399 6245 2736 2401 6246 2754 2402 6247 2735 2403 6248 2734 2395 6249 2735 2403 6250 2754 2402 6251 2756 2400 6252 2753 2397 6253 2755 2396 6254 2734 2395 6255 2754 2402 6256 2755 2396 6257 2774 2404 6258 2789 2405 6259 2790 2406 6260 2774 2404 6261 2790 2406 6262 2773 2407 6263 2790 2406 6264 2791 2408 6265 2773 2407 6266 2792 2409 6267 2773 2407 6268 2791 2408 6269 2772 2410 6270 2773 2407 6271 2792 2409 6272 2793 2411 6273 2787 2412 6274 2772 2410 6275 2794 2413 6276 2786 2414 6277 2787 2412 6278 2787 2412 6279 2793 2411 6280 2794 2413 6281 2793 2411 6282 2772 2410 6283 2792 2409 6284 2775 2415 6285 2789 2405 6286 2774 2404 6287 2786 2414 6288 2794 2413 6289 2795 2416 6290 2796 2417 6291 2785 2418 6292 2795 2416 6293 2797 2419 6294 2783 2420 6295 2784 2421 6296 2798 2422 6297 2783 2420 6298 2797 2419 6299 2782 2423 6300 2783 2420 6301 2798 2422 6302 2799 2424 6303 2782 2423 6304 2798 2422 6305 2784 2421 6306 2796 2417 6307 2797 2419 6308 2785 2418 6309 2786 2414 6310 2795 2416 6311 2785 2418 6312 2796 2417 6313 2784 2421 6314 2788 2425 6315 2799 2424 6316 2800 2426 6317 2781 2427 6318 2801 2428 6319 2802 2429 6320 2781 2427 6321 2800 2426 6322 2801 2428 6323 2779 2430 6324 2802 2429 6325 2803 2431 6326 2800 2426 6327 2781 2427 6328 2788 2425 6329 2788 2425 6330 2782 2423 6331 2799 2424 6332 2779 2430 6333 2780 2432 6334 2802 2429 6335 2780 2432 6336 2781 2427 6337 2802 2429 6338 2804 2433 6339 2777 2434 6340 2778 2435 6341 2803 2431 6342 2804 2433 6343 2778 2435 6344 2777 2434 6345 2804 2433 6346 2805 2436 6347 2806 2437 6348 2776 2438 6349 2805 2436 6350 2807 2439 6351 2776 2438 6352 2806 2437 6353 2770 2440 6354 2771 2441 6355 2807 2439 6356 2776 2438 6357 2777 2434 6358 2805 2436 6359 2803 2431 6360 2778 2435 6361 2779 2430 6362 2771 2441 6363 2776 2438 6364 2807 2439 6365 2809 2442 6366 2808 2443 6367 2812 2444 6368 2810 2445 6369 2809 2442 6370 2811 2446 6371 2811 2446 6372 2809 2442 6373 2812 2444 6374 2849 2447 6375 2850 2448 6376 2846 2449 6377 2851 2450 6378 2845 2451 6379 2850 2448 6380 2849 2447 6381 2847 2452 6382 2848 2453 6383 2815 2454 6384 2816 2455 6385 2849 2447 6386 2848 2453 6387 2815 2454 6388 2849 2447 6389 2847 2452 6390 2849 2447 6391 2846 2449 6392 2846 2449 6393 2850 2448 6394 2845 2451 6395 2852 2456 6396 2853 2457 6397 2843 2458 6398 2844 2459 6399 2851 2450 6400 2852 2456 6401 2852 2456 6402 2843 2458 6403 2844 2459 6404 2841 2460 6405 2855 2461 6406 2817 2462 6407 2855 2461 6408 2842 2463 6409 2853 2457 6410 2840 2464 6411 2817 2462 6412 2818 2465 6413 2818 2465 6414 2819 2466 6415 2839 2467 6416 2845 2451 6417 2851 2450 6418 2844 2459 6419 2853 2457 6420 2842 2463 6421 2843 2458 6422 2817 2462 6423 2840 2464 6424 2841 2460 6425 2818 2465 6426 2839 2467 6427 2840 2464 6428 2841 2460 6429 2842 2463 6430 2855 2461 6431 2819 2466 6432 2838 2468 6433 2839 2467 6434 2819 2466 6435 2820 2469 6436 2838 2468 6437 2822 2470 6438 2836 2471 6439 2821 2472 6440 2837 2473 6441 2838 2468 6442 2820 2469 6443 2837 2473 6444 2821 2472 6445 2836 2471 6446 2837 2473 6447 2820 2469 6448 2821 2472 6449 2835 2474 6450 2836 2471 6451 2822 2470 6452 2825 2475 6453 2831 2476 6454 2824 2477 6455 2831 2476 6456 2825 2475 6457 2826 2478 6458 2834 2479 6459 2822 2470 6460 2854 2480 6461 2823 2481 6462 2834 2479 6463 2854 2480 6464 2822 2470 6465 2834 2479 6466 2835 2474 6467 2827 2482 6468 2828 2483 6469 2829 2484 6470 2823 2481 6471 2824 2477 6472 2833 2485 6473 2834 2479 6474 2823 2481 6475 2833 2485 6476 2824 2477 6477 2832 2486 6478 2833 2485 6479 2830 2487 6480 2831 2476 6481 2826 2478 6482 2827 2482 6483 2829 2484 6484 2826 2478 6485 2831 2476 6486 2832 2486 6487 2824 2477 6488 2829 2484 6489 2830 2487 6490 2826 2478 6491 2856 2488 6492 2858 2489 6493 2857 2490 6494 2859 2491 6495 2856 2488 6496 2857 2490 6497 2863 2492 6498 2862 2493 6499 2861 2494 6500 2863 2492 6501 2861 2494 6502 2860 2495 6503 2867 2496 6504 2866 2497 6505 2865 2498 6506 2864 2499 6507 2867 2496 6508 2865 2498 6509 2871 2500 6510 2868 2501 6511 2870 2502 6512 2871 2500 6513 2870 2502 6514 2869 2503 6515 2874 2504 6516 2873 2505 6517 2872 2506 6518 2872 2506 6519 2875 2507 6520 2874 2504 6521 2880 2508 6522 2879 2509 6523 2878 2510 6524 2878 2510 6525 2877 2511 6526 2880 2508 6527 2877 2511 6528 2881 2512 6529 2880 2508 6530 2876 2513 6531 2881 2512 6532 2877 2511 6533 2885 2514 6534 2882 2515 6535 2884 2516 6536 2884 2516 6537 2883 2517 6538 2885 2514 6539 2887 2518 6540 2889 2519 6541 2888 2520 6542 2889 2519 6543 2887 2518 6544 2886 2521 6545 2891 2522 6546 2890 2523 6547 2894 2524 6548 2891 2522 6549 2894 2524 6550 2893 2525 6551 2893 2525 6552 2892 2526 6553 2891 2522 6554 2899 2527 6555 2898 2528 6556 2896 2529 6557 2898 2528 6558 2897 2530 6559 2896 2529 6560 2900 2531 6561 2899 2527 6562 2895 2532 6563 2896 2529 6564 2895 2532 6565 2899 2527 6566 2903 2533 6567 2905 2534 6568 2904 2535 6569 2903 2533 6570 2901 2536 6571 2905 2534 6572 2901 2536 6573 2903 2533 6574 2902 2537 6575 2935 2538 6576 2936 2539 6577 2922 2540 6578 2920 2541 6579 2936 2539 6580 2923 2542 6581 2924 2543 6582 2925 2544 6583 2918 2545 6584 2919 2546 6585 2923 2542 6586 2924 2543 6587 2917 2547 6588 2926 2548 6589 2916 2549 6590 2926 2548 6591 2917 2547 6592 2925 2544 6593 2927 2550 6594 2916 2549 6595 2926 2548 6596 2923 2542 6597 2919 2546 6598 2920 2541 6599 2920 2541 6600 2921 2551 6601 2936 2539 6602 2919 2546 6603 2924 2543 6604 2918 2545 6605 2921 2551 6606 2922 2540 6607 2936 2539 6608 2925 2544 6609 2917 2547 6610 2918 2545 6611 2916 2549 6612 2927 2550 6613 2915 2552 6614 2927 2550 6615 2914 2553 6616 2915 2552 6617 2913 2554 6618 2928 2555 6619 2929 2556 6620 2931 2557 6621 2911 2558 6622 2930 2559 6623 2930 2559 6624 2912 2560 6625 2929 2556 6626 2931 2557 6627 2932 2561 6628 2910 2562 6629 2909 2563 6630 2932 2561 6631 2933 2564 6632 2907 2565 6633 2933 2564 6634 2934 2566 6635 2907 2565 6636 2908 2567 6637 2933 2564 6638 2907 2565 6639 2934 2566 6640 2906 2568 6641 2914 2553 6642 2928 2555 6643 2913 2554 6644 2929 2556 6645 2912 2560 6646 2913 2554 6647 2911 2558 6648 2912 2560 6649 2930 2559 6650 2909 2563 6651 2910 2562 6652 2932 2561 6653 2910 2562 6654 2911 2558 6655 2931 2557 6656 2908 2567 6657 2909 2563 6658 2933 2564 6659 2927 2550 6660 2928 2555 6661 2914 2553 6662 2938 2569 6663 2937 2570 6664 2940 2571 6665 2940 2571 6666 2941 2572 6667 2938 2569 6668 2939 2573 6669 2938 2569 6670 2941 2572 6671 2946 2574 6672 2943 2575 6673 2942 2576 6674 2944 2577 6675 2943 2575 6676 2945 2578 6677 2943 2575 6678 2946 2574 6679 2945 2578 6680 2978 2579 6681 2951 2580 6682 2952 2581 6683 2978 2579 6684 2950 2582 6685 2951 2580 6686 2954 2583 6687 2976 2584 6688 2953 2585 6689 2952 2581 6690 2953 2585 6691 2977 2586 6692 2974 2587 6693 2957 2588 6694 2958 2589 6695 2955 2590 6696 2975 2591 6697 2954 2583 6698 2980 2592 6699 2955 2590 6700 2956 2593 6701 2957 2588 6702 2974 2587 6703 2956 2593 6704 2978 2579 6705 2952 2581 6706 2977 2586 6707 2953 2585 6708 2976 2584 6709 2977 2586 6710 2979 2594 6711 2950 2582 6712 2978 2579 6713 2976 2584 6714 2954 2583 6715 2975 2591 6716 2980 2592 6717 2956 2593 6718 2974 2587 6719 2975 2591 6720 2955 2590 6721 2980 2592 6722 2973 2595 6723 2974 2587 6724 2958 2589 6725 2959 2596 6726 2973 2595 6727 2958 2589 6728 2972 2597 6729 2959 2596 6730 2960 2598 6731 2961 2599 6732 2962 2600 6733 2971 2601 6734 2963 2602 6735 2970 2603 6736 2962 2600 6737 2961 2599 6738 2971 2601 6739 2960 2598 6740 2964 2604 6741 2969 2605 6742 2963 2602 6743 2964 2604 6744 2965 2606 6745 2967 2607 6746 2947 2608 6747 2948 2609 6748 2966 2610 6749 2947 2608 6750 2966 2610 6751 2965 2606 6752 2962 2600 6753 2970 2603 6754 2971 2601 6755 2963 2602 6756 2969 2605 6757 2970 2603 6758 2960 2598 6759 2971 2601 6760 2972 2597 6761 2959 2596 6762 2972 2597 6763 2973 2595 6764 2969 2605 6765 2964 2604 6766 2968 2611 6767 2949 2612 6768 2966 2610 6769 2948 2609 6770 2968 2611 6771 2964 2604 6772 2967 2607 6773 2966 2610 6774 2967 2607 6775 2965 2606 6776 2996 2613 6777 3004 2614 6778 3005 2615 6779 3005 2615 6780 3006 2616 6781 2995 2617 6782 3002 2618 6783 2998 2619 6784 2999 2620 6785 3003 2621 6786 2998 2619 6787 3002 2618 6788 3004 2614 6789 2997 2622 6790 3003 2621 6791 3010 2623 6792 2992 2624 6793 3009 2625 6794 2991 2626 6795 2992 2624 6796 3010 2623 6797 2991 2626 6798 3010 2623 6799 3011 2627 6800 3007 2628 6801 2994 2629 6802 3006 2616 6803 3008 2630 6804 2993 2631 6805 3007 2628 6806 3009 2625 6807 2992 2624 6808 3008 2630 6809 2998 2619 6810 3003 2621 6811 2997 2622 6812 3004 2614 6813 2996 2613 6814 2997 2622 6815 2992 2624 6816 2993 2631 6817 3008 2630 6818 3005 2615 6819 2995 2617 6820 2996 2613 6821 2994 2629 6822 3007 2628 6823 2993 2631 6824 3011 2627 6825 2990 2632 6826 2991 2626 6827 2994 2629 6828 2995 2617 6829 3006 2616 6830 3001 2633 6831 2990 2632 6832 3011 2627 6833 3012 2634 6834 3001 2633 6835 3011 2627 6836 3016 2635 6837 2986 2636 6838 3015 2637 6839 2989 2638 6840 3013 2639 6841 3014 2640 6842 2989 2638 6843 3012 2634 6844 3013 2639 6845 3015 2637 6846 2988 2641 6847 3014 2640 6848 3017 2642 6849 2986 2636 6850 3016 2635 6851 2981 2643 6852 2983 2644 6853 3020 2645 6854 3020 2645 6855 3000 2646 6856 3019 2647 6857 3017 2642 6858 3018 2648 6859 2985 2649 6860 3019 2647 6861 2984 2650 6862 3018 2648 6863 3012 2634 6864 2989 2638 6865 3001 2633 6866 2989 2638 6867 3014 2640 6868 2988 2641 6869 2987 2651 6870 2988 2641 6871 3015 2637 6872 3000 2646 6873 2984 2650 6874 3019 2647 6875 2986 2636 6876 2987 2651 6877 3015 2637 6878 3000 2646 6879 3020 2645 6880 2983 2644 6881 2982 2652 6882 2983 2644 6883 2981 2643 6884 2986 2636 6885 3017 2642 6886 2985 2649 6887 3018 2648 6888 2984 2650 6889 2985 2649 6890 3021 2653 6891 3023 2654 6892 3022 2655 6893 3024 2656 6894 3025 2657 6895 3028 2658 6896 3028 2658 6897 3025 2657 6898 3029 2659 6899 3027 2660 6900 3029 2659 6901 3025 2657 6902 3027 2660 6903 3030 2661 6904 3029 2659 6905 3026 2662 6906 3030 2661 6907 3027 2660 6908 3067 2663 6909 3034 2664 6910 3035 2665 6911 3068 2666 6912 3069 2667 6913 3064 2668 6914 3065 2669 6915 3067 2663 6916 3068 2666 6917 3034 2664 6918 3067 2663 6919 3066 2670 6920 3065 2669 6921 3066 2670 6922 3067 2663 6923 3063 2671 6924 3064 2668 6925 3069 2667 6926 3069 2667 6927 3070 2672 6928 3063 2671 6929 3065 2669 6930 3068 2666 6931 3064 2668 6932 3070 2672 6933 3073 2673 6934 3062 2674 6935 3073 2673 6936 3036 2675 6937 3061 2676 6938 3038 2677 6939 3059 2678 6940 3037 2679 6941 3058 2680 6942 3038 2677 6943 3039 2681 6944 3037 2679 6945 3060 2682 6946 3036 2675 6947 3063 2671 6948 3070 2672 6949 3062 2674 6950 3036 2675 6951 3060 2682 6952 3061 2676 6953 3059 2678 6954 3060 2682 6955 3037 2679 6956 3058 2680 6957 3059 2678 6958 3038 2677 6959 3061 2676 6960 3062 2674 6961 3073 2673 6962 3056 2683 6963 3041 2684 6964 3071 2685 6965 3040 2686 6966 3058 2680 6967 3039 2681 6968 3057 2687 6969 3040 2686 6970 3041 2684 6971 3056 2683 6972 3057 2687 6973 3041 2684 6974 3055 2688 6975 3056 2683 6976 3071 2685 6977 3054 2689 6978 3055 2688 6979 3071 2685 6980 3072 2690 6981 3054 2689 6982 3071 2685 6983 3054 2689 6984 3072 2690 6985 3053 2691 6986 3046 2692 6987 3047 2693 6988 3045 2694 6989 3057 2687 6990 3058 2680 6991 3040 2686 6992 3042 2695 6993 3052 2696 6994 3072 2690 6995 3052 2696 6996 3053 2691 6997 3072 2690 6998 3042 2695 6999 3043 2697 7000 3052 2696 7001 3043 2697 7002 3051 2698 7003 3052 2696 7004 3050 2699 7005 3043 2697 7006 3049 2700 7007 3044 2701 7008 3049 2700 7009 3043 2697 7010 3048 2702 7011 3049 2700 7012 3045 2694 7013 3044 2701 7014 3045 2694 7015 3049 2700 7016 3045 2694 7017 3047 2693 7018 3048 2702 7019 3050 2699 7020 3051 2698 7021 3043 2697 7022 3074 2703 7023 3076 2704 7024 3075 2705 7025 3074 2703 7026 3075 2705 7027 3077 2706 7028 3079 2707 7029 3078 2708 7030 3080 2709 7031 3080 2709 7032 3078 2708 7033 3081 2710 7034 3085 2711 7035 3084 2712 7036 3083 2713 7037 3086 2714 7038 3085 2711 7039 3082 2715 7040 3083 2713 7041 3082 2715 7042 3085 2711 7043 3087 2716 7044 3090 2717 7045 3089 2718 7046 3089 2718 7047 3088 2719 7048 3087 2716 7049 3094 2720 7050 3091 2721 7051 3093 2722 7052 3093 2722 7053 3092 2723 7054 3094 2720 7055 3098 2724 7056 3097 2725 7057 3096 2726 7058 3098 2724 7059 3096 2726 7060 3095 2727 7061 3099 2728 7062 3101 2729 7063 3102 2730 7064 3100 2731 7065 3102 2730 7066 3101 2729 7067 3106 2732 7068 3105 2733 7069 3104 2734 7070 3104 2734 7071 3103 2735 7072 3106 2732 7073 3108 2736 7074 3107 2737 7075 3112 2738 7076 3111 2739 7077 3108 2736 7078 3112 2738 7079 3108 2736 7080 3111 2739 7081 3109 2740 7082 3110 2741 7083 3109 2740 7084 3111 2739 7085 3128 2742 7086 3129 2743 7087 3127 2744 7088 3143 2745 7089 3129 2743 7090 3128 2742 7091 3129 2743 7092 3130 2746 7093 3127 2744 7094 3125 2747 7095 3130 2746 7096 3131 2748 7097 3127 2744 7098 3130 2746 7099 3126 2749 7100 3133 2750 7101 3123 2751 7102 3132 2752 7103 3125 2747 7104 3126 2749 7105 3130 2746 7106 3131 2748 7107 3124 2753 7108 3125 2747 7109 3132 2752 7110 3124 2753 7111 3131 2748 7112 3132 2752 7113 3123 2751 7114 3124 2753 7115 3134 2754 7116 3122 2755 7117 3133 2750 7118 3141 2756 7119 3120 2757 7120 3121 2758 7121 3121 2758 7122 3134 2754 7123 3141 2756 7124 3122 2755 7125 3123 2751 7126 3133 2750 7127 3122 2755 7128 3134 2754 7129 3121 2758 7130 3120 2757 7131 3141 2756 7132 3142 2759 7133 3119 2760 7134 3120 2757 7135 3142 2759 7136 3142 2759 7137 3135 2761 7138 3119 2760 7139 3136 2762 7140 3118 2763 7141 3135 2761 7142 3137 2764 7143 3116 2765 7144 3136 2762 7145 3115 2766 7146 3138 2767 7147 3114 2768 7148 3138 2767 7149 3115 2766 7150 3137 2764 7151 3116 2765 7152 3117 2769 7153 3136 2762 7154 3116 2765 7155 3137 2764 7156 3115 2766 7157 3114 2768 7158 3138 2767 7159 3139 2770 7160 3118 2763 7161 3119 2760 7162 3135 2761 7163 3117 2769 7164 3118 2763 7165 3136 2762 7166 3113 2771 7167 3139 2770 7168 3140 2772 7169 3113 2771 7170 3114 2768 7171 3139 2770 7172 3148 2773 7173 3145 2774 7174 3144 2775 7175 3148 2773 7176 3147 2776 7177 3145 2774 7178 3146 2777 7179 3145 2774 7180 3147 2776 7181 3180 2778 7182 3153 2779 7183 3154 2780 7184 3179 2781 7185 3154 2780 7186 3155 2782 7187 3156 2783 7188 3178 2784 7189 3155 2782 7190 3153 2779 7191 3181 2785 7192 3152 2786 7193 3184 2787 7194 3157 2788 7195 3158 2789 7196 3177 2790 7197 3156 2783 7198 3157 2788 7199 3159 2791 7200 3176 2792 7201 3158 2789 7202 3160 2793 7203 3176 2792 7204 3159 2791 7205 3179 2781 7206 3180 2778 7207 3154 2780 7208 3181 2785 7209 3153 2779 7210 3180 2778 7211 3155 2782 7212 3178 2784 7213 3179 2781 7214 3177 2790 7215 3178 2784 7216 3156 2783 7217 3157 2788 7218 3184 2787 7219 3177 2790 7220 3184 2787 7221 3158 2789 7222 3183 2794 7223 3183 2794 7224 3158 2789 7225 3176 2792 7226 3175 2795 7227 3176 2792 7228 3160 2793 7229 3160 2793 7230 3161 2796 7231 3175 2795 7232 3164 2797 7233 3172 2798 7234 3163 2799 7235 3171 2800 7236 3164 2797 7237 3165 2801 7238 3163 2799 7239 3173 2802 7240 3162 2803 7241 3161 2796 7242 3162 2803 7243 3174 2804 7244 3165 2801 7245 3166 2805 7246 3171 2800 7247 3166 2805 7248 3167 2806 7249 3182 2807 7250 3149 2808 7251 3150 2809 7252 3168 2810 7253 3149 2808 7254 3169 2811 7255 3167 2806 7256 3162 2803 7257 3173 2802 7258 3174 2804 7259 3172 2798 7260 3173 2802 7261 3163 2799 7262 3164 2797 7263 3171 2800 7264 3172 2798 7265 3182 2807 7266 3171 2800 7267 3166 2805 7268 3170 2812 7269 3182 2807 7270 3167 2806 7271 3167 2806 7272 3169 2811 7273 3170 2812 7274 3168 2810 7275 3169 2811 7276 3149 2808 7277 3151 2813 7278 3168 2810 7279 3150 2809 7280 3175 2795 7281 3161 2796 7282 3174 2804 7283 3200 2814 7284 3204 2815 7285 3205 2816 7286 3198 2817 7287 3205 2816 7288 3206 2818 7289 3197 2819 7290 3207 2820 7291 3208 2821 7292 3198 2817 7293 3206 2818 7294 3207 2820 7295 3198 2817 7296 3207 2820 7297 3197 2819 7298 3205 2816 7299 3198 2817 7300 3199 2822 7301 3209 2823 7302 3196 2824 7303 3208 2821 7304 3209 2823 7305 3195 2825 7306 3196 2824 7307 3210 2826 7308 3195 2825 7309 3209 2823 7310 3197 2819 7311 3208 2821 7312 3196 2824 7313 3199 2822 7314 3200 2814 7315 3205 2816 7316 3210 2826 7317 3211 2827 7318 3194 2828 7319 3210 2826 7320 3194 2828 7321 3195 2825 7322 3212 2829 7323 3193 2830 7324 3211 2827 7325 3202 2831 7326 3203 2832 7327 3214 2833 7328 3214 2833 7329 3203 2832 7330 3213 2834 7331 3203 2832 7332 3212 2829 7333 3213 2834 7334 3194 2828 7335 3211 2827 7336 3193 2830 7337 3193 2830 7338 3212 2829 7339 3203 2832 7340 3190 2835 7341 3217 2836 7342 3218 2837 7343 3202 2831 7344 3214 2833 7345 3215 2838 7346 3191 2839 7347 3215 2838 7348 3216 2840 7349 3216 2840 7350 3217 2836 7351 3190 2835 7352 3189 2841 7353 3190 2835 7354 3218 2837 7355 3191 2839 7356 3216 2840 7357 3190 2835 7358 3222 2842 7359 3201 2843 7360 3221 2844 7361 3219 2845 7362 3189 2841 7363 3218 2837 7364 3188 2846 7365 3219 2845 7366 3220 2847 7367 3189 2841 7368 3219 2845 7369 3188 2846 7370 3192 2848 7371 3202 2831 7372 3215 2838 7373 3215 2838 7374 3191 2839 7375 3192 2848 7376 3221 2844 7377 3188 2846 7378 3220 2847 7379 3222 2842 7380 3187 2849 7381 3201 2843 7382 3223 2850 7383 3187 2849 7384 3222 2842 7385 3185 2851 7386 3186 2852 7387 3223 2850 7388 3186 2852 7389 3187 2849 7390 3223 2850 7391 3188 2846 7392 3221 2844 7393 3201 2843 7394 3224 2853 7395 3226 2854 7396 3225 2855 7397 3230 2856 7398 3228 2857 7399 3227 2858 7400 3231 2859 7401 3228 2857 7402 3230 2856 7403 3229 2860 7404 3232 2861 7405 3231 2859 7406 3229 2860 7407 3231 2859 7408 3230 2856 7409 3274 2862 7410 3269 2863 7411 3273 2864 7412 3272 2865 7413 3235 2866 7414 3236 2867 7415 3275 2868 7416 3268 2869 7417 3274 2862 7418 3273 2864 7419 3271 2870 7420 3272 2865 7421 3278 2871 7422 3267 2872 7423 3275 2868 7424 3239 2873 7425 3240 2874 7426 3264 2875 7427 3278 2871 7428 3237 2876 7429 3266 2877 7430 3240 2874 7431 3241 2878 7432 3263 2879 7433 3238 2880 7434 3239 2873 7435 3264 2875 7436 3237 2876 7437 3238 2880 7438 3265 2881 7439 3242 2882 7440 3261 2883 7441 3241 2878 7442 3271 2870 7443 3235 2866 7444 3272 2865 7445 3271 2870 7446 3273 2864 7447 3270 2884 7448 3269 2863 7449 3270 2884 7450 3273 2864 7451 3269 2863 7452 3274 2862 7453 3268 2869 7454 3275 2868 7455 3267 2872 7456 3268 2869 7457 3278 2871 7458 3266 2877 7459 3267 2872 7460 3266 2877 7461 3237 2876 7462 3265 2881 7463 3264 2875 7464 3265 2881 7465 3238 2880 7466 3264 2875 7467 3240 2874 7468 3263 2879 7469 3263 2879 7470 3241 2878 7471 3262 2885 7472 3241 2878 7473 3261 2883 7474 3262 2885 7475 3260 2886 7476 3243 2887 7477 3276 2888 7478 3242 2882 7479 3243 2887 7480 3261 2883 7481 3276 2888 7482 3244 2889 7483 3259 2890 7484 3245 2891 7485 3257 2892 7486 3244 2889 7487 3253 2893 7488 3247 2894 7489 3248 2895 7490 3247 2894 7491 3254 2896 7492 3246 2897 7493 3252 2898 7494 3248 2895 7495 3277 2899 7496 3251 2900 7497 3277 2899 7498 3249 2901 7499 3246 2897 7500 3255 2902 7501 3245 2891 7502 3243 2887 7503 3260 2886 7504 3261 2883 7505 3276 2888 7506 3259 2890 7507 3260 2886 7508 3258 2903 7509 3259 2890 7510 3244 2889 7511 3245 2891 7512 3256 2904 7513 3257 2892 7514 3244 2889 7515 3257 2892 7516 3258 2903 7517 3255 2902 7518 3256 2904 7519 3245 2891 7520 3246 2897 7521 3254 2896 7522 3255 2902 7523 3253 2893 7524 3254 2896 7525 3247 2894 7526 3252 2898 7527 3253 2893 7528 3248 2895 7529 3277 2899 7530 3251 2900 7531 3252 2898 7532 3250 2905 7533 3251 2900 7534 3249 2901 7535 3282 2906 7536 3279 2907 7537 3281 2908 7538 3281 2908 7539 3280 2909 7540 3282 2906 7541 3285 2910 7542 3284 2911 7543 3283 2912 7544 3283 2912 7545 3286 2913 7546 3285 2910 7547 3290 2914 7548 3289 2915 7549 3288 2916 7550 3290 2914 7551 3287 2917 7552 3291 2918 7553 3290 2914 7554 3288 2916 7555 3287 2917 7556 3294 2919 7557 3293 2920 7558 3295 2921 7559 3293 2920 7560 3292 2922 7561 3295 2921 7562 3298 2923 7563 3296 2924 7564 3297 2925 7565 3297 2925 7566 3299 2926 7567 3298 2923 7568 3304 2927 7569 3303 2928 7570 3301 2929 7571 3302 2930 7572 3301 2929 7573 3303 2928 7574 3300 2931 7575 3305 2932 7576 3304 2927 7577 3300 2931 7578 3304 2927 7579 3301 2929 7580 3309 2933 7581 3306 2934 7582 3308 2935 7583 3309 2933 7584 3308 2935 7585 3307 2936 7586 3313 2937 7587 3312 2938 7588 3311 2939 7589 3311 2939 7590 3310 2940 7591 3313 2937 7592 3318 2941 7593 3315 2942 7594 3314 2943 7595 3318 2941 7596 3317 2944 7597 3315 2942 7598 3317 2944 7599 3316 2945 7600 3315 2942 7601 3321 2946 7602 3320 2947 7603 3323 2948 7604 3321 2946 7605 3323 2948 7606 3319 2949 7607 3321 2946 7608 3319 2949 7609 3322 2950 7610 3327 2951 7611 3326 2952 7612 3324 2953 7613 3324 2953 7614 3326 2952 7615 3325 2954 7616 3346 2955 7617 3341 2956 7618 3345 2957 7619 3345 2957 7620 3342 2958 7621 3344 2959 7622 3347 2960 7623 3348 2961 7624 3339 2962 7625 3347 2960 7626 3340 2963 7627 3346 2955 7628 3344 2959 7629 3342 2958 7630 3343 2964 7631 3341 2956 7632 3342 2958 7633 3345 2957 7634 3346 2955 7635 3340 2963 7636 3341 2956 7637 3337 2965 7638 3349 2966 7639 3357 2967 7640 3357 2967 7641 3358 2968 7642 3336 2969 7643 3349 2966 7644 3338 2970 7645 3348 2961 7646 3339 2962 7647 3340 2963 7648 3347 2960 7649 3338 2970 7650 3339 2962 7651 3348 2961 7652 3358 2968 7653 3335 2971 7654 3336 2969 7655 3338 2970 7656 3349 2966 7657 3337 2965 7658 3357 2967 7659 3336 2969 7660 3337 2965 7661 3350 2972 7662 3334 2973 7663 3358 2968 7664 3335 2971 7665 3358 2968 7666 3334 2973 7667 3350 2972 7668 3351 2974 7669 3334 2973 7670 3333 2975 7671 3351 2974 7672 3352 2976 7673 3332 2977 7674 3352 2976 7675 3331 2978 7676 3331 2978 7677 3352 2976 7678 3353 2979 7679 3354 2980 7680 3330 2981 7681 3353 2979 7682 3355 2982 7683 3329 2983 7684 3354 2980 7685 3331 2978 7686 3353 2979 7687 3330 2981 7688 3329 2983 7689 3330 2981 7690 3354 2980 7691 3333 2975 7692 3334 2973 7693 3351 2974 7694 3332 2977 7695 3333 2975 7696 3352 2976 7697 3328 2984 7698 3355 2982 7699 3356 2985 7700 3328 2984 7701 3329 2983 7702 3355 2982 7703 3360 2986 7704 3362 2987 7705 3363 2988 7706 3363 2988 7707 3361 2989 7708 3360 2986 7709 3359 2990 7710 3361 2989 7711 3363 2988 7712 3369 2991 7713 3392 2992 7714 3368 2993 7715 3366 2994 7716 3394 2995 7717 3395 2996 7718 3369 2991 7719 3370 2997 7720 3397 2998 7721 3373 2999 7722 3389 3000 7723 3372 3001 7724 3371 3002 7725 3372 3001 7726 3389 3000 7727 3367 3003 7728 3393 3004 7729 3366 2994 7730 3368 2993 7731 3392 2992 7732 3367 3003 7733 3370 2997 7734 3391 3005 7735 3397 2998 7736 3392 2992 7737 3369 2991 7738 3397 2998 7739 3366 2994 7740 3393 3004 7741 3394 2995 7742 3367 3003 7743 3392 2992 7744 3393 3004 7745 3371 3002 7746 3391 3005 7747 3370 2997 7748 3371 3002 7749 3390 3006 7750 3391 3005 7751 3374 3007 7752 3388 3008 7753 3373 2999 7754 3371 3002 7755 3389 3000 7756 3390 3006 7757 3388 3008 7758 3389 3000 7759 3373 2999 7760 3376 3009 7761 3386 3010 7762 3375 3011 7763 3375 3011 7764 3387 3012 7765 3374 3007 7766 3377 3013 7767 3386 3010 7768 3376 3009 7769 3396 3014 7770 3377 3013 7771 3378 3015 7772 3380 3016 7773 3384 3017 7774 3379 3018 7775 3381 3019 7776 3383 3020 7777 3380 3016 7778 3381 3019 7779 3364 3021 7780 3383 3020 7781 3385 3022 7782 3378 3015 7783 3379 3018 7784 3388 3008 7785 3374 3007 7786 3387 3012 7787 3375 3011 7788 3386 3010 7789 3387 3012 7790 3386 3010 7791 3377 3013 7792 3396 3014 7793 3385 3022 7794 3396 3014 7795 3378 3015 7796 3384 3017 7797 3385 3022 7798 3379 3018 7799 3380 3016 7800 3383 3020 7801 3384 3017 7802 3382 3023 7803 3383 3020 7804 3364 3021 7805 3365 3024 7806 3382 3023 7807 3364 3021 7808 3424 3025 7809 3425 3026 7810 3414 3027 7811 3413 3028 7812 3425 3026 7813 3426 3029 7814 3422 3030 7815 3423 3031 7816 3416 3032 7817 3418 3033 7818 3421 3034 7819 3422 3030 7820 3424 3025 7821 3415 3035 7822 3423 3031 7823 3428 3036 7824 3429 3037 7825 3410 3038 7826 3420 3039 7827 3429 3037 7828 3430 3040 7829 3427 3041 7830 3412 3042 7831 3426 3029 7832 3411 3043 7833 3427 3041 7834 3428 3036 7835 3430 3040 7836 3431 3044 7837 3408 3045 7838 3417 3046 7839 3418 3033 7840 3422 3030 7841 3422 3030 7842 3416 3032 7843 3417 3046 7844 3414 3027 7845 3425 3026 7846 3413 3028 7847 3416 3032 7848 3423 3031 7849 3415 3035 7850 3415 3035 7851 3424 3025 7852 3414 3027 7853 3426 3029 7854 3412 3042 7855 3413 3028 7856 3427 3041 7857 3411 3043 7858 3412 3042 7859 3410 3038 7860 3411 3043 7861 3428 3036 7862 3429 3037 7863 3409 3047 7864 3410 3038 7865 3420 3039 7866 3430 3040 7867 3408 3045 7868 3429 3037 7869 3420 3039 7870 3409 3047 7871 3435 3048 7872 3436 3049 7873 3403 3050 7874 3435 3048 7875 3404 3051 7876 3434 3052 7877 3432 3053 7878 3407 3054 7879 3431 3044 7880 3433 3055 7881 3406 3056 7882 3432 3053 7883 3434 3052 7884 3405 3057 7885 3433 3055 7886 3438 3058 7887 3439 3059 7888 3401 3060 7889 3400 3061 7890 3439 3059 7891 3440 3062 7892 3440 3062 7893 3398 3063 7894 3399 3064 7895 3436 3049 7896 3437 3065 7897 3419 3066 7898 3419 3066 7899 3437 3065 7900 3438 3058 7901 3431 3044 7902 3407 3054 7903 3408 3045 7904 3406 3056 7905 3433 3055 7906 3405 3057 7907 3405 3057 7908 3434 3052 7909 3404 3051 7910 3407 3054 7911 3432 3053 7912 3406 3056 7913 3435 3048 7914 3403 3050 7915 3404 3051 7916 3402 3067 7917 3403 3050 7918 3436 3049 7919 3438 3058 7920 3401 3060 7921 3419 3066 7922 3419 3066 7923 3402 3067 7924 3436 3049 7925 3401 3060 7926 3439 3059 7927 3400 3061 7928 3400 3061 7929 3440 3062 7930 3399 3064 7931 3447 3068 7932 3443 3069 7933 3446 3070 7934 3446 3070 7935 3443 3069 7936 3444 3071 7937 3446 3070 7938 3448 3072 7939 3447 3068 7940 3448 3072 7941 3446 3070 7942 3449 3073 7943 3445 3074 7944 3449 3073 7945 3446 3070 7946 3486 3075 7947 3453 3076 7948 3454 3077 7949 3482 3078 7950 3488 3079 7951 3492 3080 7952 3486 3075 7953 3485 3081 7954 3453 3076 7955 3485 3081 7956 3487 3082 7957 3484 3083 7958 3483 3084 7959 3484 3083 7960 3488 3079 7961 3485 3081 7962 3486 3075 7963 3487 3082 7964 3487 3082 7965 3488 3079 7966 3484 3083 7967 3482 3078 7968 3483 3084 7969 3488 3079 7970 3456 3085 7971 3457 3086 7972 3479 3087 7973 3478 3088 7974 3457 3086 7975 3458 3089 7976 3458 3089 7977 3459 3090 7978 3477 3091 7979 3477 3091 7980 3459 3090 7981 3460 3092 7982 3482 3078 7983 3492 3080 7984 3481 3093 7985 3492 3080 7986 3455 3094 7987 3481 3093 7988 3455 3094 7989 3456 3085 7990 3480 3095 7991 3455 3094 7992 3480 3095 7993 3481 3093 7994 3456 3085 7995 3479 3087 7996 3480 3095 7997 3457 3086 7998 3478 3088 7999 3479 3087 8000 3477 3091 8001 3478 3088 8002 3458 3089 8003 3460 3092 8004 3476 3096 8005 3477 3091 8006 3462 3097 8007 3473 3098 8008 3461 3099 8009 3474 3100 8010 3490 3101 8011 3461 3099 8012 3489 3102 8013 3475 3103 8014 3460 3092 8015 3475 3103 8016 3476 3096 8017 3460 3092 8018 3490 3101 8019 3475 3103 8020 3489 3102 8021 3475 3103 8022 3490 3101 8023 3474 3100 8024 3473 3098 8025 3474 3100 8026 3461 3099 8027 3464 3104 8028 3471 3105 8029 3463 3106 8030 3465 3107 8031 3469 3108 8032 3464 3104 8033 3491 3109 8034 3469 3108 8035 3465 3107 8036 3463 3106 8037 3471 3105 8038 3462 3097 8039 3472 3110 8040 3473 3098 8041 3462 3097 8042 3462 3097 8043 3471 3105 8044 3472 3110 8045 3464 3104 8046 3470 3111 8047 3471 3105 8048 3491 3109 8049 3468 3112 8050 3469 3108 8051 3466 3113 8052 3467 3114 8053 3468 3112 8054 3491 3109 8055 3466 3113 8056 3468 3112 8057 3469 3108 8058 3470 3111 8059 3464 3104 8060 3494 3115 8061 3493 3116 8062 3495 3117 8063 3494 3115 8064 3496 3118 8065 3493 3116 8066 3499 3119 8067 3498 3120 8068 3497 3121 8069 3497 3121 8070 3500 3122 8071 3499 3119 8072 3503 3123 8073 3502 3124 8074 3504 3125 8075 3502 3124 8076 3501 3126 8077 3504 3125 8078 3501 3126 8079 3505 3127 8080 3504 3125 8081 3508 3128 8082 3507 3129 8083 3506 3130 8084 3506 3130 8085 3509 3131 8086 3508 3128 8087 3513 3132 8088 3510 3133 8089 3512 3134 8090 3512 3134 8091 3511 3135 8092 3513 3132 8093 3516 3136 8094 3515 3137 8095 3517 3138 8096 3515 3137 8097 3518 3139 8098 3517 3138 8099 3515 3137 8100 3514 3140 8101 3518 3139 8102 3522 3141 8103 3521 3142 8104 3520 3143 8105 3522 3141 8106 3519 3144 8107 3521 3142 8108 3525 3145 8109 3524 3146 8110 3523 3147 8111 3523 3147 8112 3526 3148 8113 3525 3145 8114 3531 3149 8115 3530 3150 8116 3527 3151 8117 3527 3151 8118 3530 3150 8119 3529 3152 8120 3528 3153 8121 3527 3151 8122 3529 3152 8123 3532 3154 8124 3533 3155 8125 3535 3156 8126 3533 3155 8127 3532 3154 8128 3534 3157 8129 3536 3158 8130 3539 3159 8131 3538 3160 8132 3537 3161 8133 3536 3158 8134 3538 3160 8135 1195 6002 15792 1198 933 15793 1204 935 15794 1198 933 15795 1199 936 15796 1203 934 15797 1200 938 15798 1201 940 15799 1202 937 15800 1196 939 15801 1197 6003 15802 1201 940 15803 1332 1056 15804 1339 1055 15805 1333 6004 15806 1335 1059 15807 1339 1055 15808 1340 1057 15809 1334 1058 15810 1341 1062 15811 1338 1060 15812 1336 1061 15813 1337 6005 15814 1338 1060 15815 1350 1065 15816 1348 1069 15817 1349 1063 15818 1352 1070 15819 1346 6006 15820 1347 1068 15821 1353 1072 15822 1345 1071 15823 1346 6006 15824 1352 1070 15825 1353 1072 15826 1346 6006 15827 1455 1177 15828 1460 1179 15829 1462 1175 15830 1460 1179 15831 1461 1181 15832 1459 1178 15833 1461 1181 15834 1457 6007 15835 1458 1180 15836 1463 6008 15837 1466 1182 15838 1464 1184 15839 1467 1188 15840 1469 1187 15841 1470 1185 15842 1465 1186 15843 1468 6009 15844 1469 1187 15845 1509 1218 15846 1502 1220 15847 1508 1215 15848 1508 1215 15849 1502 1220 15850 1503 1216 15851 1509 1218 15852 1510 1221 15853 1501 1219 15854 1498 6010 15855 1499 1224 15856 1511 1222 15857 1512 6011 15858 1518 1225 15859 1517 1227 15860 1518 1225 15861 1519 1230 15862 1516 1226 15863 1519 1230 15864 1515 1229 15865 1516 1226 15866 1513 1228 15867 1514 6012 15868 1515 1229 15869 1521 1231 15870 1525 1234 15871 1524 1232 15872 1522 1235 15873 1525 1234 15874 1523 6013 15875 1527 1236 15876 1531 1239 15877 1530 1237 15878 1528 1240 15879 1531 1239 15880 1529 6014 15881</p>
        </triangles>
        <triangles material="法兰盘_010-material" count="2499">
          <input semantic="VERTEX" source="#_左侧肩部_-_转换实体1__002-mesh-vertices" offset="0"/>
          <input semantic="NORMAL" source="#_左侧肩部_-_转换实体1__002-mesh-normals" offset="1"/>
          <input semantic="TEXCOORD" source="#_左侧肩部_-_转换实体1__002-mesh-map-0" offset="2" set="0"/>
          <p>3542 3162 8136 3540 3163 8137 3544 3164 8138 3541 3165 8139 3542 3162 8140 3543 3166 8141 3542 3162 8142 3544 3164 8143 3543 3166 8144 3546 3167 8145 3545 3168 8146 3549 3169 8147 3547 3170 8148 3546 3167 8149 3548 3171 8150 3548 3171 8151 3546 3167 8152 3549 3169 8153 3554 3172 8154 3552 3173 8155 3550 3174 8156 3554 3172 8157 3550 3174 8158 3555 3175 8159 3554 3172 8160 3551 3176 8161 3552 3173 8162 3554 3172 8163 3553 3177 8164 3551 3176 8165 3560 3178 8166 3558 3179 8167 3556 3180 8168 3557 3181 8169 3558 3179 8170 3559 3182 8171 3558 3179 8172 3560 3178 8173 3559 3182 8174 3562 3183 8175 3561 3184 8176 3565 3185 8177 3563 3186 8178 3562 3183 8179 3564 3187 8180 3564 3187 8181 3562 3183 8182 3565 3185 8183 3570 3188 8184 3568 3189 8185 3566 3190 8186 3570 3188 8187 3566 3190 8188 3571 3191 8189 3570 3188 8190 3567 3192 8191 3568 3189 8192 3570 3188 8193 3569 3193 8194 3567 3192 8195 3573 3194 8196 3572 3195 8197 3576 3196 8198 3580 3197 8199 3576 3196 8200 3577 3198 8201 3578 3199 8202 3579 3200 8203 3577 3198 8204 3574 3201 8205 3575 3202 8206 3578 3199 8207 3583 3203 8208 3587 3204 8209 3584 3205 8210 3585 3206 8211 3587 3204 8212 3590 3207 8213 3597 3208 8214 3616 3209 8215 3596 3210 8216 3597 3208 8217 3598 3211 8218 3616 3209 8219 3596 3210 8220 3616 3209 8221 3606 3212 8222 3599 121 8223 3615 3213 8224 3598 3211 8225 3614 3214 8226 3599 121 8227 3600 3215 8228 3599 121 8229 3614 3214 8230 3615 3213 8231 3615 3213 8232 3616 3209 8233 3598 3211 8234 3594 3216 8235 3595 3217 8236 3606 3212 8237 3606 3212 8238 3595 3217 8239 3596 3210 8240 3593 3218 8241 3594 3216 8242 3607 3219 8243 3594 3216 8244 3606 3212 8245 3607 3219 8246 3593 3218 8247 3607 3219 8248 3608 3220 8249 3608 3220 8250 3592 3221 8251 3593 3218 8252 3601 3222 8253 3614 3214 8254 3600 3215 8255 3601 3222 8256 3613 3223 8257 3614 3214 8258 3613 3223 8259 3601 3222 8260 3612 3224 8261 3612 3224 8262 3603 3225 8263 3611 3226 8264 3612 3224 8265 3602 3227 8266 3603 3225 8267 3601 3222 8268 3602 3227 8269 3612 3224 8270 3605 3228 8271 3609 3229 8272 3610 3230 8273 3592 3221 8274 3608 3220 8275 3591 3231 8276 3608 3220 8277 3609 3229 8278 3591 3231 8279 3591 3231 8280 3609 3229 8281 3605 3228 8282 3603 3225 8283 3604 3232 8284 3611 3226 8285 3605 3228 8286 3610 3230 8287 3604 3232 8288 3610 3230 8289 3611 3226 8290 3604 3232 8291 3624 3233 8292 3621 3234 8293 3617 3235 8294 3623 3236 8295 3622 3237 8296 3621 3234 8297 3623 3236 8298 3619 3238 8299 3622 3237 8300 3632 3239 8301 3629 3240 8302 3625 3241 8303 3629 3240 8304 3631 3242 8305 3630 3243 8306 3630 3243 8307 3628 3244 8308 3627 3245 8309 3629 3240 8310 3632 3239 8311 3631 3242 8312 3677 3246 8313 3676 3247 8314 3716 3248 8315 3676 3247 8316 3641 3249 8317 3716 3248 8318 3712 3250 8319 3676 3247 8320 3675 3251 8321 3676 3247 8322 3642 3252 8323 3641 3249 8324 3716 3248 8325 3715 3253 8326 3677 3246 8327 3643 3254 8328 3642 3252 8329 3711 3255 8330 3642 3252 8331 3676 3247 8332 3711 3255 8333 3712 3250 8334 3675 3251 8335 3713 134 8336 3706 134 8337 3713 134 8338 3674 3256 8339 3674 3256 8340 3713 134 8341 3675 3251 8342 3712 3250 8343 3711 3255 8344 3676 3247 8345 3711 3255 8346 3710 3257 8347 3669 3258 8348 3719 3259 8349 3678 3260 8350 3637 3261 8351 3637 3261 8352 3678 3260 8353 3677 3246 8354 3677 3246 8355 3714 3262 8356 3637 3261 8357 3638 3263 8358 3637 3261 8359 3714 3262 8360 3666 3264 8361 3638 3263 8362 3667 3265 8363 3719 3259 8364 3679 3266 8365 3678 3260 8366 3677 3246 8367 3715 3253 8368 3714 3262 8369 3668 3267 8370 3644 3268 8371 3643 3254 8372 3668 3267 8373 3645 3269 8374 3644 3268 8375 3714 3262 8376 3645 3269 8377 3638 3263 8378 3645 3269 8379 3667 3265 8380 3638 3263 8381 3668 3267 8382 3667 3265 8383 3645 3269 8384 3668 3267 8385 3643 3254 8386 3669 3258 8387 3643 3254 8388 3711 3255 8389 3669 3258 8390 3707 3270 8391 3706 134 8392 3674 3256 8393 3673 3271 8394 3708 3272 8395 3674 3256 8396 3674 3256 8397 3708 3272 8398 3707 3270 8399 3648 3273 8400 3709 3274 8401 3708 3272 8402 3709 3274 8403 3647 3275 8404 3658 3276 8405 3648 3273 8406 3708 3272 8407 3673 3271 8408 3647 3275 8409 3709 3274 8410 3648 3273 8411 3673 3271 8412 3649 3277 8413 3648 3273 8414 3673 3271 8415 3672 3278 8416 3649 3277 8417 3672 3278 8418 3703 3279 8419 3649 3277 8420 3672 3278 8421 3704 3280 8422 3703 3279 8423 3671 3281 8424 3704 3280 8425 3672 3278 8426 3659 3282 8427 3647 3275 8428 3646 3283 8429 3705 3284 8430 3704 3280 8431 3653 3285 8432 3659 3282 8433 3658 3276 8434 3647 3275 8435 3652 3286 8436 3646 3283 8437 3705 3284 8438 3660 3287 8439 3659 3282 8440 3646 3283 8441 3646 3283 8442 3652 3286 8443 3660 3287 8444 3658 3276 8445 3669 3258 8446 3709 3274 8447 3704 3280 8448 3671 3281 8449 3653 3285 8450 3671 3281 8451 3701 3288 8452 3653 3285 8453 3701 3288 8454 3671 3281 8455 3670 3289 8456 3653 3285 8457 3652 3286 8458 3705 3284 8459 3670 3289 8460 3702 3290 8461 3701 3288 8462 3660 3287 8463 3652 3286 8464 3651 3291 8465 3669 3258 8466 3710 3257 8467 3709 3274 8468 3719 3259 8469 3718 3292 8470 3679 3266 8471 3679 3266 8472 3718 3292 8473 3717 3293 8474 3640 3294 8475 3722 3295 8476 3680 3296 8477 3680 3296 8478 3717 3293 8479 3640 3294 8480 3639 3297 8481 3633 3298 8482 3640 3294 8483 3680 3296 8484 3679 3266 8485 3717 3293 8486 3639 3297 8487 3638 3263 8488 3666 3264 8489 3666 3264 8490 3665 3299 8491 3633 3298 8492 3665 3299 8493 3664 3300 8494 3634 3301 8495 3664 3300 8496 3663 3302 8497 3696 3303 8498 3639 3297 8499 3666 3264 8500 3633 3298 8501 3722 3295 8502 3640 3294 8503 3633 3298 8504 3665 3299 8505 3634 3301 8506 3633 3298 8507 3721 3304 8508 3680 3296 8509 3722 3295 8510 3681 134 8511 3680 3296 8512 3721 3304 8513 3682 3305 8514 3721 3304 8515 3720 3306 8516 3636 3307 8517 3635 3308 8518 3683 3309 8519 3682 3305 8520 3681 134 8521 3721 3304 8522 3720 3306 8523 3636 3307 8524 3682 3305 8525 3683 3309 8526 3682 3305 8527 3636 3307 8528 3664 3300 8529 3696 3303 8530 3635 3308 8531 3635 3308 8532 3696 3303 8533 3695 3310 8534 3635 3308 8535 3634 3301 8536 3664 3300 8537 3694 3311 8538 3684 3312 8539 3695 3310 8540 3683 3309 8541 3695 3310 8542 3684 3312 8543 3684 3312 8544 3694 3311 8545 3693 3313 8546 3695 3310 8547 3683 3309 8548 3635 3308 8549 3689 3314 8550 3696 3303 8551 3663 3302 8552 3662 3315 8553 3661 3316 8554 3656 3317 8555 3651 3291 8556 3657 3318 8557 3661 3316 8558 3651 3291 8559 3698 3319 8560 3657 3318 8561 3690 3320 8562 3662 3315 8563 3655 3321 8564 3661 3316 8565 3657 3318 8566 3656 3317 8567 3662 3315 8568 3656 3317 8569 3655 3321 8570 3689 3314 8571 3663 3302 8572 3662 3315 8573 3700 3322 8574 3702 3290 8575 3670 3289 8576 3688 3323 8577 3700 3322 8578 3670 3289 8579 3698 3319 8580 3651 3291 8581 3650 3324 8582 3650 3324 8583 3687 3325 8584 3698 3319 8585 3699 3326 8586 3698 3319 8587 3687 3325 8588 3700 3322 8589 3688 3323 8590 3650 3324 8591 3688 3323 8592 3687 3325 8593 3650 3324 8594 3661 3316 8595 3660 3287 8596 3651 3291 8597 3689 3314 8598 3662 3315 8599 3690 3320 8600 3655 3321 8601 3691 3327 8602 3690 3320 8603 3685 3328 8604 3693 3313 8605 3692 3329 8606 3685 3328 8607 3692 3329 8608 3691 3327 8609 3693 3313 8610 3685 3328 8611 3684 3312 8612 3685 3328 8613 3655 3321 8614 3654 3330 8615 3699 3326 8616 3687 3325 8617 3697 3331 8618 3654 3330 8619 3686 3332 8620 3685 3328 8621 3655 3321 8622 3685 3328 8623 3691 3327 8624 3686 3332 8625 3654 3330 8626 3697 3331 8627 3697 3331 8628 3687 3325 8629 3686 3332 8630 3729 3333 8631 3732 3334 8632 3723 3335 8633 3725 3336 8634 3726 3337 8635 3729 3333 8636 3730 3338 8637 3726 3337 8638 3725 3336 8639 3727 3339 8640 3731 3340 8641 3730 3338 8642 3743 3341 8643 3739 3342 8644 3735 3343 8645 3738 3344 8646 3743 3341 8647 3737 3345 8648 3837 3346 8649 3765 3347 8650 3818 3348 8651 3764 3349 8652 3808 3350 8653 3763 3351 8654 3764 3349 8655 3837 3346 8656 3808 3350 8657 3837 3346 8658 3764 3349 8659 3765 3347 8660 3817 3352 8661 3818 3348 8662 3765 3347 8663 3817 3352 8664 3765 3347 8665 3816 3353 8666 3812 3354 8667 3808 3350 8668 3837 3346 8669 3808 3350 8670 3812 3354 8671 3747 3355 8672 3810 3356 8673 3811 3357 8674 3762 3358 8675 3810 3356 8676 3762 3358 8677 3763 3351 8678 3809 3359 8679 3810 3356 8680 3763 3351 8681 3747 3355 8682 3807 3360 8683 3808 3350 8684 3807 3360 8685 3747 3355 8686 3806 3361 8687 3808 3350 8688 3809 3359 8689 3763 3351 8690 3766 3362 8691 3815 3363 8692 3816 3353 8693 3766 3362 8694 3838 3364 8695 3815 3363 8696 3766 3362 8697 3816 3353 8698 3765 3347 8699 3838 3364 8700 3767 3365 8701 3824 3366 8702 3819 3367 8703 3814 3368 8704 3838 3364 8705 3766 3362 8706 3767 3365 8707 3838 3364 8708 3820 3369 8709 3744 3370 8710 3819 3367 8711 3746 3371 8712 3747 3355 8713 3812 3354 8714 3813 3372 8715 3746 3371 8716 3812 3354 8717 3838 3364 8718 3814 3368 8719 3815 3363 8720 3744 3370 8721 3745 3373 8722 3819 3367 8723 3745 3373 8724 3813 3372 8725 3814 3368 8726 3745 3373 8727 3746 3371 8728 3813 3372 8729 3819 3367 8730 3745 3373 8731 3814 3368 8732 3747 3355 8733 3748 3374 8734 3806 3361 8735 3762 3358 8736 3811 3357 8737 3836 3375 8738 3836 3375 8739 3761 3376 8740 3762 3358 8741 3805 3377 8742 3806 3361 8743 3748 3374 8744 3805 3377 8745 3801 3378 8746 3836 3375 8747 3801 3378 8748 3761 3376 8749 3836 3375 8750 3748 3374 8751 3801 3378 8752 3805 3377 8753 3800 3379 8754 3801 3378 8755 3749 3380 8756 3761 3376 8757 3802 3381 8758 3760 3382 8759 3759 3383 8760 3760 3382 8761 3804 3384 8762 3760 3382 8763 3802 3381 8764 3803 3385 8765 3801 3378 8766 3802 3381 8767 3761 3376 8768 3759 3383 8769 3804 3384 8770 3835 3386 8771 3803 3385 8772 3804 3384 8773 3760 3382 8774 3748 3374 8775 3749 3380 8776 3801 3378 8777 3799 3387 8778 3800 3379 8779 3749 3380 8780 3799 3387 8781 3750 3388 8782 3798 3389 8783 3749 3380 8784 3750 3388 8785 3799 3387 8786 3751 3390 8787 3793 3391 8788 3750 3388 8789 3794 3392 8790 3835 3386 8791 3798 3389 8792 3750 3388 8793 3794 3392 8794 3798 3389 8795 3792 3393 8796 3793 3391 8797 3751 3390 8798 3759 3383 8799 3835 3386 8800 3794 3392 8801 3758 3394 8802 3759 3383 8803 3794 3392 8804 3794 3392 8805 3795 3395 8806 3758 3394 8807 3758 3394 8808 3795 3395 8809 3757 3396 8810 3795 3395 8811 3796 3397 8812 3757 3396 8813 3797 3398 8814 3757 3396 8815 3796 3397 8816 3794 3392 8817 3750 3388 8818 3793 3391 8819 3824 3366 8820 3767 3365 8821 3823 3399 8822 3823 3399 8823 3767 3365 8824 3768 3400 8825 3768 3400 8826 3822 3401 8827 3823 3399 8828 3839 3402 8829 3822 3401 8830 3768 3400 8831 3839 3402 8832 3821 3403 8833 3822 3401 8834 3821 3403 8835 3756 3404 8836 3820 3369 8837 3756 3404 8838 3744 3370 8839 3820 3369 8840 3825 3405 8841 3755 3406 8842 3756 3404 8843 3839 3402 8844 3825 3405 8845 3821 3403 8846 3825 3405 8847 3756 3404 8848 3821 3403 8849 3755 3406 8850 3827 3407 8851 3754 3408 8852 3827 3407 8853 3755 3406 8854 3826 3409 8855 3825 3405 8856 3826 3409 8857 3755 3406 8858 3769 3410 8859 3831 3411 8860 3839 3402 8861 3769 3410 8862 3839 3402 8863 3768 3400 8864 3769 3410 8865 3770 3412 8866 3830 3413 8867 3770 3412 8868 3829 3414 8869 3830 3413 8870 3769 3410 8871 3830 3413 8872 3831 3411 8873 3771 3415 8874 3828 3416 8875 3829 3414 8876 3829 3414 8877 3770 3412 8878 3771 3415 8879 3828 3416 8880 3777 3417 8881 3754 3408 8882 3827 3407 8883 3828 3416 8884 3754 3408 8885 3828 3416 8886 3832 3418 8887 3777 3417 8888 3778 3419 8889 3754 3408 8890 3777 3417 8891 3772 3420 8892 3832 3418 8893 3771 3415 8894 3772 3420 8895 3783 3421 8896 3832 3418 8897 3832 3418 8898 3828 3416 8899 3771 3415 8900 3791 3422 8901 3751 3390 8902 3752 3423 8903 3786 3424 8904 3787 3425 8905 3752 3423 8906 3752 3423 8907 3787 3425 8908 3788 3426 8909 3786 3424 8910 3752 3423 8911 3785 3427 8912 3791 3422 8913 3752 3423 8914 3788 3426 8915 3785 3427 8916 3752 3423 8917 3753 3428 8918 3791 3422 8919 3792 3393 8920 3751 3390 8921 3757 3396 8922 3797 3398 8923 3834 3429 8924 3776 3430 8925 3757 3396 8926 3834 3429 8927 3788 3426 8928 3789 3431 8929 3776 3430 8930 3788 3426 8931 3834 3429 8932 3791 3422 8933 3834 3429 8934 3788 3426 8935 3776 3430 8936 3776 3430 8937 3789 3431 8938 3775 3432 8939 3754 3408 8940 3778 3419 8941 3753 3428 8942 3753 3428 8943 3778 3419 8944 3779 3433 8945 3785 3427 8946 3753 3428 8947 3779 3433 8948 3780 3434 8949 3784 3435 8950 3779 3433 8951 3772 3420 8952 3781 3436 8953 3782 3437 8954 3782 3437 8955 3783 3421 8956 3772 3420 8957 3780 3434 8958 3781 3436 8959 3773 3438 8960 3773 3438 8961 3781 3436 8962 3772 3420 8963 3784 3435 8964 3785 3427 8965 3779 3433 8966 3790 3439 8967 3775 3432 8968 3789 3431 8969 3780 3434 8970 3774 3440 8971 3784 3435 8972 3774 3440 8973 3833 3441 8974 3784 3435 8975 3774 3440 8976 3780 3434 8977 3773 3438 8978 3774 3440 8979 3790 3439 8980 3833 3441 8981 3775 3432 8982 3790 3439 8983 3774 3440 8984 3844 3442 8985 3896 3443 8986 3843 3444 8987 3897 3445 8988 3842 3446 8989 3843 3444 8990 3841 3447 8991 3842 3446 8992 3899 3448 8993 3894 3449 8994 3844 3442 8995 3845 3450 8996 3845 3450 8997 3846 3451 8998 3893 3452 8999 3892 3453 9000 3847 3454 9001 3891 3455 9002 3847 3454 9003 3892 3453 9004 3846 3451 9005 3847 3454 9006 3848 3456 9007 3891 3455 9008 3888 3457 9009 3849 3458 9010 3850 3459 9011 3850 3459 9012 3851 3460 9013 3887 3461 9014 3852 3462 9015 3853 3463 9016 3885 3464 9017 3854 3465 9018 3884 3466 9019 3853 3463 9020 3848 3456 9021 3849 3458 9022 3889 3467 9023 3852 3462 9024 3887 3461 9025 3851 3460 9026 3891 3455 9027 3848 3456 9028 3890 3468 9029 3898 3469 9030 3899 3448 9031 3842 3446 9032 3894 3449 9033 3845 3450 9034 3893 3452 9035 3892 3453 9036 3893 3452 9037 3846 3451 9038 3897 3445 9039 3843 3444 9040 3896 3443 9041 3895 3470 9042 3844 3442 9043 3894 3449 9044 3842 3446 9045 3897 3445 9046 3898 3469 9047 3895 3470 9048 3896 3443 9049 3844 3442 9050 3888 3457 9051 3889 3467 9052 3849 3458 9053 3889 3467 9054 3890 3468 9055 3848 3456 9056 3887 3461 9057 3888 3457 9058 3850 3459 9059 3852 3462 9060 3885 3464 9061 3886 3471 9062 3887 3461 9063 3852 3462 9064 3886 3471 9065 3883 3472 9066 3884 3466 9067 3854 3465 9068 3853 3463 9069 3884 3466 9070 3885 3464 9071 3856 3473 9072 3882 3474 9073 3855 3475 9074 3856 3473 9075 3857 3476 9076 3881 3477 9077 3858 3478 9078 3880 3479 9079 3857 3476 9080 3860 3480 9081 3878 3481 9082 3859 3482 9083 3879 3483 9084 3858 3478 9085 3859 3482 9086 3855 3475 9087 3883 3472 9088 3854 3465 9089 3860 3480 9090 3861 3484 9091 3877 3485 9092 3860 3480 9093 3877 3485 9094 3878 3481 9095 3877 3485 9096 3861 3484 9097 3876 3486 9098 3864 3487 9099 3873 3488 9100 3863 3489 9101 3863 3489 9102 3875 3490 9103 3862 3491 9104 3865 3492 9105 3866 3493 9106 3871 3494 9107 3867 3495 9108 3870 3496 9109 3866 3493 9110 3865 3492 9111 3872 3497 9112 3864 3487 9113 3875 3490 9114 3876 3486 9115 3862 3491 9116 3862 3491 9117 3876 3486 9118 3861 3484 9119 3867 3495 9120 3840 3498 9121 3868 3499 9122 3880 3479 9123 3858 3478 9124 3879 3483 9125 3878 3481 9126 3879 3483 9127 3859 3482 9128 3882 3474 9129 3856 3473 9130 3881 3477 9131 3882 3474 9132 3883 3472 9133 3855 3475 9134 3880 3479 9135 3881 3477 9136 3857 3476 9137 3875 3490 9138 3863 3489 9139 3874 3500 9140 3874 3500 9141 3863 3489 9142 3873 3488 9143 3872 3497 9144 3873 3488 9145 3864 3487 9146 3866 3493 9147 3870 3496 9148 3871 3494 9149 3868 3499 9150 3869 3501 9151 3867 3495 9152 3872 3497 9153 3865 3492 9154 3871 3494 9155 3869 3501 9156 3870 3496 9157 3867 3495 9158 3903 3502 9159 3901 3503 9160 3900 3504 9161 3902 3505 9162 3901 3503 9163 3903 3502 9164 3912 3506 9165 3910 3507 9166 3911 3508 9167 3904 3509 9168 3909 3510 9169 3912 3506 9170 3910 3507 9171 3912 3506 9172 3909 3510 9173 3909 3510 9174 3904 3509 9175 3908 3511 9176 3904 3509 9177 3905 3512 9178 3907 3513 9179 3907 3513 9180 3908 3511 9181 3904 3509 9182 3906 3514 9183 3907 3513 9184 3905 3512 9185 3913 3515 9186 3914 3516 9187 3916 3516 9188 3980 3517 9189 3926 3518 9190 3927 3519 9191 3928 3520 9192 3979 3521 9193 3927 3519 9194 3924 3522 9195 3925 3523 9196 3919 3524 9197 3921 3525 9198 3922 3526 9199 3923 3527 9200 3923 3527 9201 3924 3522 9202 3920 3528 9203 3926 3518 9204 3919 3524 9205 3925 3523 9206 3978 3529 9207 3928 3520 9208 3929 3530 9209 3930 3531 9210 3977 3532 9211 3929 3530 9212 3972 3533 9213 3936 3534 9214 3937 3535 9215 3938 3536 9216 3939 3537 9217 3971 3538 9218 3971 3538 9219 3937 3535 9220 3938 3536 9221 3935 3539 9222 3973 3540 9223 3934 3541 9224 3973 3540 9225 3935 3539 9226 3936 3534 9227 3934 3541 9228 3974 3542 9229 3933 3543 9230 3975 3544 9231 3932 3545 9232 3933 3543 9233 3924 3522 9234 3919 3524 9235 3920 3528 9236 3921 3525 9237 3923 3527 9238 3920 3528 9239 3931 3546 9240 3976 3547 9241 3930 3531 9242 3976 3547 9243 3931 3546 9244 3932 3545 9245 3976 3547 9246 3932 3545 9247 3975 3544 9248 3919 3524 9249 3926 3518 9250 3980 3517 9251 3979 3521 9252 3980 3517 9253 3927 3519 9254 3928 3520 9255 3978 3529 9256 3979 3521 9257 3978 3529 9258 3929 3530 9259 3977 3532 9260 3976 3547 9261 3977 3532 9262 3930 3531 9263 3934 3541 9264 3973 3540 9265 3974 3542 9266 3974 3542 9267 3975 3544 9268 3933 3543 9269 3969 3548 9270 3970 3549 9271 3939 3537 9272 3972 3533 9273 3937 3535 9274 3971 3538 9275 3936 3534 9276 3972 3533 9277 3973 3540 9278 3939 3537 9279 3970 3549 9280 3971 3538 9281 3939 3537 9282 3940 3550 9283 3969 3548 9284 3941 3551 9285 3968 3552 9286 3940 3550 9287 3941 3551 9288 3942 3553 9289 3967 3554 9290 3964 3555 9291 3965 3556 9292 3945 3557 9293 3942 3553 9294 3943 3558 9295 3966 3559 9296 3965 3556 9297 3943 3558 9298 3944 3560 9299 3965 3556 9300 3944 3560 9301 3945 3557 9302 3964 3555 9303 3945 3557 9304 3946 3561 9305 3963 3562 9306 3946 3561 9307 3947 3563 9308 3950 3564 9309 3951 3565 9310 3959 3566 9311 3957 3567 9312 3951 3565 9313 3952 3568 9314 3954 3569 9315 3956 3570 9316 3953 3571 9317 3954 3569 9318 3917 3572 9319 3955 3573 9320 3950 3564 9321 3959 3566 9322 3949 3574 9323 3962 3575 9324 3947 3563 9325 3948 3576 9326 3962 3575 9327 3948 3576 9328 3949 3574 9329 3953 3571 9330 3957 3567 9331 3952 3568 9332 3962 3575 9333 3963 3562 9334 3947 3563 9335 3964 3555 9336 3946 3561 9337 3963 3562 9338 3967 3554 9339 3968 3552 9340 3941 3551 9341 3940 3550 9342 3968 3552 9343 3969 3548 9344 3966 3559 9345 3967 3554 9346 3942 3553 9347 3943 3558 9348 3965 3556 9349 3966 3559 9350 3958 3577 9351 3959 3566 9352 3951 3565 9353 3951 3565 9354 3957 3567 9355 3958 3577 9356 3959 3566 9357 3960 3578 9358 3949 3574 9359 3960 3578 9360 3962 3575 9361 3949 3574 9362 3957 3567 9363 3953 3571 9364 3956 3570 9365 3955 3573 9366 3956 3570 9367 3954 3569 9368 3918 3579 9369 3955 3573 9370 3917 3572 9371 3982 3580 9372 3984 3581 9373 3983 3582 9374 3985 3583 9375 3984 3581 9376 3982 3580 9377 3981 3584 9378 3985 3583 9379 3982 3580 9380 4011 3585 9381 4012 3586 9382 4044 3587 9383 3986 3588 9384 4040 3589 9385 4014 3590 9386 4039 3591 9387 3986 3588 9388 3987 3592 9389 4043 3593 9390 4012 3586 9391 4013 3594 9392 4042 3595 9393 4043 3593 9394 4013 3594 9395 4013 3594 9396 4014 3590 9397 4042 3595 9398 4014 3590 9399 4041 3596 9400 4042 3595 9401 4040 3589 9402 4041 3596 9403 4014 3590 9404 3988 3597 9405 4039 3591 9406 3987 3592 9407 4038 3598 9408 4039 3591 9409 3988 3597 9410 4038 3598 9411 3988 3597 9412 3989 3599 9413 4038 3598 9414 3989 3599 9415 4037 3600 9416 3990 3601 9417 4037 3600 9418 3989 3599 9419 4036 3602 9420 3990 3601 9421 3991 3603 9422 3992 3604 9423 3993 3605 9424 4033 3606 9425 3994 3607 9426 3995 3608 9427 4030 3609 9428 4037 3600 9429 3990 3601 9430 4036 3602 9431 4040 3589 9432 3986 3588 9433 4039 3591 9434 4044 3587 9435 4012 3586 9436 4043 3593 9437 3991 3603 9438 4035 3610 9439 4036 3602 9440 3991 3603 9441 3992 3604 9442 4035 3610 9443 3992 3604 9444 4033 3606 9445 4034 3611 9446 4032 3612 9447 4033 3606 9448 3993 3605 9449 4034 3611 9450 4035 3610 9451 3992 3604 9452 4031 3613 9453 4032 3612 9454 3994 3607 9455 3994 3607 9456 4032 3612 9457 3993 3605 9458 3994 3607 9459 4030 3609 9460 4031 3613 9461 3998 3614 9462 3999 3615 9463 4025 3616 9464 3999 3615 9465 4000 3617 9466 4024 3618 9467 3995 3608 9468 4029 3619 9469 4030 3609 9470 3996 3620 9471 4029 3619 9472 3995 3608 9473 3996 3620 9474 3997 3621 9475 4028 3622 9476 4026 3623 9477 3997 3621 9478 3998 3614 9479 3998 3614 9480 4025 3616 9481 4026 3623 9482 4001 3624 9483 4024 3618 9484 4000 3617 9485 4026 3623 9486 4027 3625 9487 3997 3621 9488 4022 3626 9489 4001 3624 9490 4002 3627 9491 4003 3628 9492 4021 3629 9493 4002 3627 9494 4020 3630 9495 4003 3628 9496 4004 3631 9497 4023 3632 9498 4001 3624 9499 4022 3626 9500 4021 3629 9501 4022 3626 9502 4002 3627 9503 4020 3630 9504 4021 3629 9505 4003 3628 9506 4006 3633 9507 4018 3634 9508 4005 3635 9509 4006 3633 9510 4007 3636 9511 4017 3637 9512 4016 3638 9513 4007 3636 9514 4008 3639 9515 4009 3640 9516 4010 3641 9517 4008 3639 9518 4024 3618 9519 4025 3616 9520 3999 3615 9521 4023 3632 9522 4024 3618 9523 4001 3624 9524 4027 3625 9525 4028 3622 9526 3997 3621 9527 3996 3620 9528 4028 3622 9529 4029 3619 9530 4005 3635 9531 4019 3642 9532 4004 3631 9533 4005 3635 9534 4018 3634 9535 4019 3642 9536 4019 3642 9537 4020 3630 9538 4004 3631 9539 4006 3633 9540 4017 3637 9541 4018 3634 9542 4007 3636 9543 4016 3638 9544 4017 3637 9545 4008 3639 9546 4015 3643 9547 4016 3638 9548 4010 3641 9549 4015 3643 9550 4008 3639 9551 4048 3644 9552 4046 3645 9553 4045 3646 9554 4053 3647 9555 4050 3648 9556 4049 3649 9557 4053 3647 9558 4052 3650 9559 4050 3648 9560 4051 3651 9561 4050 3648 9562 4052 3650 9563 4057 3652 9564 4054 3653 9565 4055 3654 9566 4056 3655 9567 4055 3654 9568 4054 3653 9569 4060 3656 9570 4059 3657 9571 4058 3658 9572 4064 3659 9573 4062 3660 9574 4065 3661 9575 4063 3662 9576 4062 3660 9577 4064 3659 9578 4068 3663 9579 4067 3664 9580 4069 3665 9581 4069 3665 9582 4067 3664 9583 4066 3666 9584 4127 3667 9585 4074 3668 9586 4075 3669 9587 4125 3670 9588 4076 3671 9589 4077 3672 9590 4124 3673 9591 4077 3672 9592 4078 3674 9593 4076 3671 9594 4126 3675 9595 4075 3669 9596 4129 3676 9597 4072 3677 9598 4073 3678 9599 4073 3678 9600 4074 3668 9601 4128 3679 9602 4078 3674 9603 4079 3680 9604 4124 3673 9605 4079 3680 9606 4080 3681 9607 4123 3682 9608 4085 3683 9609 4086 3684 9610 4118 3685 9611 4088 3686 9612 4116 3687 9613 4087 3688 9614 4086 3684 9615 4087 3688 9616 4117 3689 9617 4085 3683 9618 4119 3690 9619 4084 3691 9620 4084 3691 9621 4120 3692 9622 4083 3693 9623 4082 3694 9624 4083 3693 9625 4121 3695 9626 4128 3679 9627 4129 3676 9628 4073 3678 9629 4074 3668 9630 4127 3667 9631 4128 3679 9632 4125 3670 9633 4126 3675 9634 4076 3671 9635 4077 3672 9636 4124 3673 9637 4125 3670 9638 4123 3682 9639 4124 3673 9640 4079 3680 9641 4075 3669 9642 4126 3675 9643 4127 3667 9644 4080 3681 9645 4081 3696 9646 4122 3697 9647 4081 3696 9648 4082 3694 9649 4121 3695 9650 4119 3690 9651 4085 3683 9652 4118 3685 9653 4118 3685 9654 4086 3684 9655 4117 3689 9656 4117 3689 9657 4087 3688 9658 4116 3687 9659 4088 3686 9660 4115 3698 9661 4116 3687 9662 4122 3697 9663 4123 3682 9664 4080 3681 9665 4122 3697 9666 4081 3696 9667 4121 3695 9668 4084 3691 9669 4119 3690 9670 4120 3692 9671 4121 3695 9672 4083 3693 9673 4120 3692 9674 4088 3686 9675 4089 3699 9676 4115 3698 9677 4090 3700 9678 4114 3701 9679 4089 3699 9680 4091 3702 9681 4113 3703 9682 4090 3700 9683 4092 3704 9684 4112 3705 9685 4091 3702 9686 4093 3706 9687 4110 3707 9688 4092 3704 9689 4102 3708 9690 4103 3709 9691 4101 3710 9692 4105 3711 9693 4099 3712 9694 4100 3713 9695 4098 3714 9696 4099 3712 9697 4106 3715 9698 4097 3716 9699 4098 3714 9700 4106 3715 9701 4097 3716 9702 4107 3717 9703 4096 3718 9704 4104 3719 9705 4100 3713 9706 4101 3710 9707 4071 3720 9708 4102 3708 9709 4070 3721 9710 4115 3698 9711 4089 3699 9712 4114 3701 9713 4095 3722 9714 4109 3723 9715 4094 3724 9716 4092 3704 9717 4111 3725 9718 4112 3705 9719 4113 3703 9720 4114 3701 9721 4090 3700 9722 4113 3703 9723 4091 3702 9724 4112 3705 9725 4110 3707 9726 4093 3706 9727 4094 3724 9728 4110 3707 9729 4094 3724 9730 4109 3723 9731 4110 3707 9732 4111 3725 9733 4092 3704 9734 4095 3722 9735 4108 3726 9736 4109 3723 9737 4095 3722 9738 4096 3718 9739 4108 3726 9740 4100 3713 9741 4104 3719 9742 4105 3711 9743 4102 3708 9744 4071 3720 9745 4103 3709 9746 4104 3719 9747 4101 3710 9748 4103 3709 9749 4108 3726 9750 4096 3718 9751 4107 3717 9752 4107 3717 9753 4097 3716 9754 4106 3715 9755 4099 3712 9756 4105 3711 9757 4106 3715 9758 4130 3727 9759 4132 3728 9760 4131 3729 9761 4138 3730 9762 4134 3731 9763 4137 3732 9764 4138 3730 9765 4137 3732 9766 4136 3733 9767 4136 3733 9768 4135 3734 9769 4138 3730 9770 4141 3735 9771 4143 3736 9772 4144 3737 9773 4142 3738 9774 4144 3737 9775 4143 3736 9776 4147 3739 9777 4146 3740 9778 4149 3741 9779 4148 3742 9780 4147 3739 9781 4149 3741 9782 4145 3743 9783 4148 3742 9784 4149 3741 9785 4153 3744 9786 4152 3745 9787 4151 3746 9788 4154 3747 9789 4160 3748 9790 4155 3749 9791 4160 3748 9792 4159 3750 9793 4155 3749 9794 4156 3751 9795 4155 3749 9796 4159 3750 9797 4157 3752 9798 4156 3751 9799 4159 3750 9800 4164 3753 9801 4162 3754 9802 4161 3755 9803 4171 3756 9804 4223 3757 9805 4170 3758 9806 4226 3759 9807 4227 3760 9808 4228 3761 9809 4228 3761 9810 4170 3758 9811 4224 3762 9812 4173 3763 9813 4221 3764 9814 4172 3765 9815 4223 3757 9816 4171 3756 9817 4172 3765 9818 4220 3766 9819 4173 3763 9820 4174 3767 9821 4218 3768 9822 4219 3769 9823 4175 3770 9824 4174 3767 9825 4175 3770 9826 4219 3769 9827 4215 3771 9828 4177 3772 9829 4178 3773 9830 4216 3774 9831 4176 3775 9832 4177 3772 9833 4213 3776 9834 4179 3777 9835 4180 3778 9836 4180 3778 9837 4181 3779 9838 4212 3780 9839 4214 3781 9840 4178 3773 9841 4179 3777 9842 4211 3782 9843 4181 3779 9844 4182 3783 9845 4218 3768 9846 4176 3775 9847 4217 3784 9848 4175 3770 9849 4176 3775 9850 4218 3768 9851 4225 3785 9852 4226 3759 9853 4228 3761 9854 4223 3757 9855 4224 3762 9856 4170 3758 9857 4220 3766 9858 4221 3764 9859 4173 3763 9860 4220 3766 9861 4174 3767 9862 4219 3769 9863 4222 3786 9864 4172 3765 9865 4221 3764 9866 4225 3785 9867 4228 3761 9868 4224 3762 9869 4223 3757 9870 4172 3765 9871 4222 3786 9872 4177 3772 9873 4215 3771 9874 4216 3774 9875 4216 3774 9876 4217 3784 9877 4176 3775 9878 4178 3773 9879 4214 3781 9880 4215 3771 9881 4212 3780 9882 4213 3776 9883 4180 3778 9884 4214 3781 9885 4179 3777 9886 4213 3776 9887 4182 3783 9888 4210 3787 9889 4211 3782 9890 4211 3782 9891 4212 3780 9892 4181 3779 9893 4185 3788 9894 4208 3789 9895 4184 3790 9896 4205 3791 9897 4187 3792 9898 4188 3793 9899 4206 3794 9900 4186 3795 9901 4187 3792 9902 4209 3796 9903 4183 3797 9904 4184 3790 9905 4186 3795 9906 4207 3798 9907 4185 3788 9908 4183 3797 9909 4210 3787 9910 4182 3783 9911 4188 3793 9912 4189 3799 9913 4204 3800 9914 4205 3791 9915 4188 3793 9916 4204 3800 9917 4204 3800 9918 4189 3799 9919 4203 3801 9920 4203 3801 9921 4189 3799 9922 4190 3802 9923 4190 3802 9924 4191 3803 9925 4202 3804 9926 4197 3805 9927 4194 3806 9928 4193 3807 9929 4200 3808 9930 4191 3803 9931 4192 3809 9932 4203 3801 9933 4190 3802 9934 4202 3804 9935 4194 3806 9936 4199 3810 9937 4192 3809 9938 4193 3807 9939 4168 3811 9940 4195 3812 9941 4168 3811 9942 4169 3813 9943 4195 3812 9944 4207 3798 9945 4186 3795 9946 4206 3794 9947 4205 3791 9948 4206 3794 9949 4187 3792 9950 4183 3797 9951 4209 3796 9952 4210 3787 9953 4208 3789 9954 4209 3796 9955 4184 3790 9956 4185 3788 9957 4207 3798 9958 4208 3789 9959 4202 3804 9960 4191 3803 9961 4201 3814 9962 4201 3814 9963 4191 3803 9964 4200 3808 9965 4195 3812 9966 4196 3815 9967 4193 3807 9968 4198 3816 9969 4194 3806 9970 4197 3805 9971 4200 3808 9972 4192 3809 9973 4199 3810 9974 4194 3806 9975 4198 3816 9976 4199 3810 9977 4196 3815 9978 4197 3805 9979 4193 3807 9980 4232 3817 9981 4234 3818 9982 4233 3819 9983 4235 3820 9984 4236 3821 9985 4237 3822 9986 4247 3823 9987 4243 3824 9988 4244 3825 9989 4247 3823 9990 4238 3826 9991 4246 3827 9992 4247 3823 9993 4246 3827 9994 4243 3824 9995 4239 3828 9996 4245 3829 9997 4246 3827 9998 4239 3828 9999 4246 3827 10000 4238 3826 10001 4239 3828 10002 4240 3830 10003 4242 3831 10004 4241 3832 10005 4242 3831 10006 4240 3830 10007 4242 3831 10008 4245 3829 10009 4239 3828 10010 4248 3833 10011 4249 3834 10012 4251 3835 10013 4255 3836 10014 4257 3837 10015 4258 3838 10016 4311 3839 10017 4260 3840 10018 4261 3841 10019 4262 3842 10020 4311 3839 10021 4261 3841 10022 4258 3838 10023 4259 3843 10024 4254 3844 10025 4263 3845 10026 4310 3846 10027 4262 3842 10028 4263 3845 10029 4264 3847 10030 4309 3848 10031 4312 3849 10032 4259 3843 10033 4260 3840 10034 4271 3850 10035 4305 3851 10036 4270 3852 10037 4273 3853 10038 4303 3854 10039 4272 3855 10040 4271 3850 10041 4272 3855 10042 4304 3856 10043 4267 3857 10044 4308 3858 10045 4266 3859 10046 4269 3860 10047 4307 3861 10048 4268 3862 10049 4306 3863 10050 4269 3860 10051 4270 3852 10052 4268 3862 10053 4307 3861 10054 4267 3857 10055 4255 3836 10056 4256 3864 10057 4257 3837 10058 4312 3849 10059 4260 3840 10060 4311 3839 10061 4265 3865 10062 4313 3866 10063 4264 3847 10064 4259 3843 10065 4312 3849 10066 4254 3844 10067 4255 3836 10068 4258 3838 10069 4254 3844 10070 4310 3846 10071 4311 3839 10072 4262 3842 10073 4310 3846 10074 4263 3845 10075 4309 3848 10076 4313 3866 10077 4309 3848 10078 4264 3847 10079 4265 3865 10080 4266 3859 10081 4313 3866 10082 4308 3858 10083 4267 3857 10084 4307 3861 10085 4313 3866 10086 4266 3859 10087 4308 3858 10088 4269 3860 10089 4306 3863 10090 4307 3861 10091 4306 3863 10092 4270 3852 10093 4305 3851 10094 4304 3856 10095 4305 3851 10096 4271 3850 10097 4272 3855 10098 4303 3854 10099 4304 3856 10100 4303 3854 10101 4273 3853 10102 4302 3867 10103 4273 3853 10104 4274 3868 10105 4302 3867 10106 4302 3867 10107 4274 3868 10108 4275 3869 10109 4276 3870 10110 4277 3871 10111 4300 3872 10112 4299 3873 10113 4277 3871 10114 4278 3874 10115 4297 3875 10116 4278 3874 10117 4279 3876 10118 4280 3877 10119 4296 3878 10120 4279 3876 10121 4281 3879 10122 4295 3880 10123 4280 3877 10124 4275 3869 10125 4276 3870 10126 4301 3881 10127 4285 3882 10128 4286 3883 10129 4291 3884 10130 4290 3885 10131 4287 3886 10132 4288 3887 10133 4288 3887 10134 4252 3888 10135 4253 3889 10136 4283 3890 10137 4284 3891 10138 4293 3892 10139 4283 3890 10140 4293 3892 10141 4282 3893 10142 4286 3883 10143 4287 3886 10144 4290 3885 10145 4285 3882 10146 4292 3894 10147 4284 3891 10148 4299 3873 10149 4278 3874 10150 4298 3895 10151 4297 3875 10152 4298 3895 10153 4278 3874 10154 4297 3875 10155 4279 3876 10156 4296 3878 10157 4296 3878 10158 4280 3877 10159 4295 3880 10160 4276 3870 10161 4300 3872 10162 4301 3881 10163 4302 3867 10164 4275 3869 10165 4301 3881 10166 4299 3873 10167 4300 3872 10168 4277 3871 10169 4291 3884 10170 4292 3894 10171 4285 3882 10172 4286 3883 10173 4290 3885 10174 4291 3884 10175 4290 3885 10176 4288 3887 10177 4289 3896 10178 4253 3889 10179 4289 3896 10180 4288 3887 10181 4295 3880 10182 4281 3879 10183 4294 3897 10184 4282 3893 10185 4294 3897 10186 4281 3879 10187 4293 3892 10188 4294 3897 10189 4282 3893 10190 4292 3894 10191 4293 3892 10192 4284 3891 10193 4317 3898 10194 4316 3899 10195 4318 3900 10196 4315 3901 10197 4318 3900 10198 4316 3899 10199 4318 3900 10200 4315 3901 10201 4314 3902 10202 4347 3903 10203 4350 3904 10204 4346 3905 10205 4349 3906 10206 4319 3907 10207 4378 3908 10208 4322 3909 10209 4376 3910 10210 4321 3911 10211 4319 3907 10212 4320 3912 10213 4377 3913 10214 4375 3914 10215 4376 3910 10216 4322 3909 10217 4347 3903 10218 4381 3915 10219 4350 3904 10220 4347 3903 10221 4348 3916 10222 4381 3915 10223 4348 3916 10224 4380 3917 10225 4381 3915 10226 4380 3917 10227 4348 3916 10228 4349 3906 10229 4380 3917 10230 4349 3906 10231 4379 3918 10232 4349 3906 10233 4378 3908 10234 4379 3918 10235 4321 3911 10236 4377 3913 10237 4320 3912 10238 4376 3910 10239 4377 3913 10240 4321 3911 10241 4374 3919 10242 4323 3920 10243 4324 3921 10244 4325 3922 10245 4373 3923 10246 4324 3921 10247 4375 3914 10248 4322 3909 10249 4323 3920 10250 4374 3919 10251 4324 3921 10252 4373 3923 10253 4326 3924 10254 4327 3925 10255 4370 3926 10256 4329 3927 10257 4367 3928 10258 4328 3929 10259 4377 3913 10260 4378 3908 10261 4319 3907 10262 4375 3914 10263 4323 3920 10264 4374 3919 10265 4325 3922 10266 4326 3924 10267 4372 3930 10268 4325 3922 10269 4372 3930 10270 4373 3923 10271 4371 3931 10272 4372 3930 10273 4326 3924 10274 4370 3926 10275 4371 3931 10276 4326 3924 10277 4327 3925 10278 4328 3929 10279 4369 3932 10280 4369 3932 10281 4370 3926 10282 4327 3925 10283 4368 3933 10284 4369 3932 10285 4328 3929 10286 4329 3927 10287 4366 3934 10288 4367 3928 10289 4367 3928 10290 4368 3933 10291 4328 3929 10292 4336 3935 10293 4360 3936 10294 4335 3937 10295 4334 3938 10296 4335 3937 10297 4361 3939 10298 4334 3938 10299 4362 3940 10300 4333 3941 10301 4366 3934 10302 4329 3927 10303 4330 3942 10304 4363 3943 10305 4364 3944 10306 4331 3945 10307 4331 3945 10308 4365 3946 10309 4330 3942 10310 4331 3945 10311 4332 3947 10312 4363 3943 10313 4363 3943 10314 4333 3941 10315 4362 3940 10316 4363 3943 10317 4332 3947 10318 4333 3941 10319 4337 3948 10320 4359 3949 10321 4336 3935 10322 4358 3950 10323 4337 3948 10324 4338 3951 10325 4339 3952 10326 4357 3953 10327 4338 3951 10328 4339 3952 10329 4340 3954 10330 4355 3955 10331 4342 3956 10332 4353 3957 10333 4341 3958 10334 4360 3936 10335 4336 3935 10336 4359 3949 10337 4358 3950 10338 4359 3949 10339 4337 3948 10340 4352 3959 10341 4342 3956 10342 4343 3960 10343 4351 3961 10344 4343 3960 10345 4344 3962 10346 4334 3938 10347 4361 3939 10348 4362 3940 10349 4361 3939 10350 4335 3937 10351 4360 3936 10352 4338 3951 10353 4357 3953 10354 4358 3950 10355 4365 3946 10356 4331 3945 10357 4364 3944 10358 4365 3946 10359 4366 3934 10360 4330 3942 10361 4356 3963 10362 4357 3953 10363 4339 3952 10364 4340 3954 10365 4354 3964 10366 4355 3955 10367 4341 3958 10368 4353 3957 10369 4354 3964 10370 4341 3958 10371 4354 3964 10372 4340 3954 10373 4352 3959 10374 4353 3957 10375 4342 3956 10376 4343 3960 10377 4351 3961 10378 4352 3959 10379 4344 3962 10380 4345 3965 10381 4351 3961 10382 4355 3955 10383 4356 3963 10384 4339 3952 10385 4382 3966 10386 4388 3967 10387 4383 3968 10388 4384 3969 10389 4383 3968 10390 4388 3967 10391 4387 3970 10392 4385 3971 10393 4384 3969 10394 4384 3969 10395 4388 3967 10396 4387 3970 10397 4386 3972 10398 4385 3971 10399 4387 3970 10400 4454 3973 10401 4394 3974 10402 4395 3975 10403 4395 3975 10404 4396 3976 10405 4453 3977 10406 4397 3978 10407 4398 3979 10408 4450 3980 10409 4397 3978 10410 4451 3981 10411 4396 3976 10412 4449 3982 10413 4399 3983 10414 4400 3984 10415 4400 3984 10416 4401 3985 10417 4448 3986 10418 4450 3980 10419 4398 3979 10420 4399 3983 10421 4406 3987 10422 4407 3988 10423 4442 3989 10424 4407 3988 10425 4408 3990 10426 4441 3991 10427 4408 3990 10428 4409 3992 10429 4440 3993 10430 4406 3987 10431 4443 3994 10432 4405 3995 10433 4404 3996 10434 4445 3997 10435 4403 3998 10436 4405 3995 10437 4444 3999 10438 4404 3996 10439 4410 4000 10440 4439 4001 10441 4409 3992 10442 4396 3976 10443 4452 4002 10444 4453 3977 10445 4453 3977 10446 4454 3973 10447 4395 3975 10448 4451 3981 10449 4452 4002 10450 4396 3976 10451 4402 4003 10452 4447 4004 10453 4401 3985 10454 4402 4003 10455 4446 4005 10456 4447 4004 10457 4402 4003 10458 4403 3998 10459 4446 4005 10460 4393 4006 10461 4394 3974 10462 4454 3973 10463 4449 3982 10464 4450 3980 10465 4399 3983 10466 4449 3982 10467 4400 3984 10468 4448 3986 10469 4448 3986 10470 4401 3985 10471 4447 4004 10472 4451 3981 10473 4397 3978 10474 4450 3980 10475 4445 3997 10476 4404 3996 10477 4444 3999 10478 4444 3999 10479 4405 3995 10480 4443 3994 10481 4443 3994 10482 4406 3987 10483 4442 3989 10484 4442 3989 10485 4407 3988 10486 4441 3991 10487 4440 3993 10488 4441 3991 10489 4408 3990 10490 4403 3998 10491 4445 3997 10492 4446 4005 10493 4440 3993 10494 4409 3992 10495 4439 4001 10496 4438 4007 10497 4410 4000 10498 4411 4008 10499 4412 4009 10500 4437 4010 10501 4411 4008 10502 4436 4011 10503 4412 4009 10504 4413 4012 10505 4413 4012 10506 4414 4013 10507 4436 4011 10508 4435 4014 10509 4414 4013 10510 4415 4015 10511 4435 4014 10512 4415 4015 10513 4416 4016 10514 4416 4016 10515 4417 4017 10516 4434 4018 10517 4433 4019 10518 4417 4017 10519 4418 4020 10520 4431 4021 10521 4420 4022 10522 4421 4023 10523 4428 4024 10524 4423 4025 10525 4424 4026 10526 4422 4027 10527 4430 4028 10528 4421 4023 10529 4431 4021 10530 4419 4029 10531 4420 4022 10532 4418 4020 10533 4419 4029 10534 4432 4030 10535 4429 4031 10536 4422 4027 10537 4423 4025 10538 4424 4026 10539 4391 4032 10540 4427 4033 10541 4423 4025 10542 4428 4024 10543 4429 4031 10544 4411 4008 10545 4437 4010 10546 4438 4007 10547 4439 4001 10548 4410 4000 10549 4438 4007 10550 4436 4011 10551 4437 4010 10552 4412 4009 10553 4416 4016 10554 4434 4018 10555 4435 4014 10556 4435 4014 10557 4436 4011 10558 4414 4013 10559 4434 4018 10560 4417 4017 10561 4433 4019 10562 4427 4033 10563 4428 4024 10564 4424 4026 10565 4392 4034 10566 4425 4035 10567 4391 4032 10568 4430 4028 10569 4422 4027 10570 4429 4031 10571 4432 4030 10572 4433 4019 10573 4418 4020 10574 4419 4029 10575 4431 4021 10576 4432 4030 10577 4425 4035 10578 4427 4033 10579 4391 4032 10580 4430 4028 10581 4431 4021 10582 4421 4023 10583 4455 4036 10584 4458 4037 10585 4456 4038 10586 4467 4039 10587 4464 4040 10588 4463 4041 10589 4467 4039 10590 4466 4042 10591 4464 4040 10592 4465 4043 10593 4464 4040 10594 4466 4042 10595 4471 4044 10596 4469 4045 10597 4468 4045 10598 4475 4046 10599 4473 4047 10600 4472 4048 10601 4474 4049 10602 4473 4047 10603 4475 4046 10604 4481 4050 10605 4479 4051 10606 4478 4052 10607 4478 4052 10608 4479 4051 10609 4477 4053 10610 4476 4054 10611 4478 4052 10612 4477 4053 10613 4482 4055 10614 4484 4056 10615 4483 4057 10616 4486 4058 10617 4485 4059 10618 4487 4060 10619 4489 4061 10620 4488 4062 10621 4491 4063 10622 4489 4061 10623 4491 4063 10624 4490 4064 10625 4493 4065 10626 4492 4066 10627 4495 4067 10628 4494 4068 10629 4493 4065 10630 4495 4067 10631 4499 4069 10632 4497 4070 10633 4496 4071 10634 4498 4072 10635 4497 4070 10636 4499 4069 10637 4501 4073 10638 4500 4074 10639 4503 4075 10640 4503 4075 10641 4502 4076 10642 4501 4073 10643 4507 4077 10644 4505 4078 10645 4504 4079 10646 4506 4080 10647 4505 4078 10648 4507 4077 10649 4511 4081 10650 4564 4082 10651 4510 4083 10652 4512 4084 10653 4563 4085 10654 4511 4081 10655 4562 4086 10656 4512 4084 10657 4513 4087 10658 4561 4088 10659 4513 4087 10660 4514 4089 10661 4515 4090 10662 4560 4091 10663 4514 4089 10664 4566 4092 10665 4567 4093 10666 4569 4094 10667 4567 4093 10668 4568 4095 10669 4569 4094 10670 4569 4094 10671 4510 4083 10672 4566 4092 10673 4565 4096 10674 4510 4083 10675 4564 4082 10676 4512 4084 10677 4562 4086 10678 4563 4085 10679 4561 4088 10680 4514 4089 10681 4560 4091 10682 4515 4090 10683 4516 4097 10684 4559 4098 10685 4552 4099 10686 4521 4100 10687 4522 4101 10688 4520 4102 10689 4521 4100 10690 4553 4103 10691 4516 4097 10692 4517 4104 10693 4558 4105 10694 4560 4091 10695 4515 4090 10696 4559 4098 10697 4558 4105 10698 4559 4098 10699 4516 4097 10700 4523 4106 10701 4552 4099 10702 4522 4101 10703 4556 4107 10704 4517 4104 10705 4518 4108 10706 4556 4107 10707 4518 4108 10708 4519 4109 10709 4554 4110 10710 4519 4109 10711 4520 4102 10712 4566 4092 10713 4510 4083 10714 4565 4096 10715 4562 4086 10716 4513 4087 10717 4561 4088 10718 4558 4105 10719 4517 4104 10720 4557 4111 10721 4511 4081 10722 4563 4085 10723 4564 4082 10724 4517 4104 10725 4556 4107 10726 4557 4111 10727 4519 4109 10728 4555 4112 10729 4556 4107 10730 4554 4110 10731 4555 4112 10732 4519 4109 10733 4523 4106 10734 4551 4113 10735 4552 4099 10736 4554 4110 10737 4520 4102 10738 4553 4103 10739 4521 4100 10740 4552 4099 10741 4553 4103 10742 4526 4114 10743 4548 4115 10744 4525 4116 10745 4528 4117 10746 4546 4118 10747 4527 4119 10748 4550 4120 10749 4551 4113 10750 4523 4106 10751 4550 4120 10752 4523 4106 10753 4524 4121 10754 4549 4122 10755 4524 4121 10756 4525 4116 10757 4550 4120 10758 4524 4121 10759 4549 4122 10760 4548 4115 10761 4549 4122 10762 4525 4116 10763 4547 4123 10764 4526 4114 10765 4527 4119 10766 4547 4123 10767 4527 4119 10768 4546 4118 10769 4529 4124 10770 4545 4125 10771 4528 4117 10772 4544 4126 10773 4545 4125 10774 4529 4124 10775 4544 4126 10776 4529 4124 10777 4530 4127 10778 4538 4128 10779 4534 4129 10780 4535 4130 10781 4544 4126 10782 4530 4127 10783 4531 4131 10784 4541 4132 10785 4532 4133 10786 4570 4134 10787 4542 4135 10788 4543 4136 10789 4531 4131 10790 4541 4132 10791 4542 4135 10792 4532 4133 10793 4542 4135 10794 4531 4131 10795 4532 4133 10796 4539 4137 10797 4533 4138 10798 4534 4129 10799 4509 4139 10800 4536 4140 10801 4508 4141 10802 4547 4123 10803 4548 4115 10804 4526 4114 10805 4546 4118 10806 4528 4117 10807 4545 4125 10808 4531 4131 10809 4543 4136 10810 4544 4126 10811 4570 4134 10812 4540 4142 10813 4541 4132 10814 4533 4138 10815 4540 4142 10816 4570 4134 10817 4534 4129 10818 4538 4128 10819 4539 4137 10820 4508 4141 10821 4537 4143 10822 4535 4130 10823 4539 4137 10824 4540 4142 10825 4533 4138 10826 4538 4128 10827 4535 4130 10828 4537 4143 10829 4537 4143 10830 4508 4141 10831 4536 4140 10832 4580 4144 10833 4579 4145 10834 4573 4146 10835 4580 4144 10836 4581 4147 10837 4579 4145 10838 4581 4147 10839 4578 4148 10840 4579 4145 10841 4578 4148 10842 4581 4147 10843 4574 4149 10844 4577 4150 10845 4578 4148 10846 4574 4149 10847 4577 4150 10848 4574 4149 10849 4575 4151 10850 4575 4151 10851 4576 4152 10852 4577 4150 10853 4593 4153 10854 4644 4154 10855 4592 4155 10856 4644 4154 10857 4593 4153 10858 4594 4156 10859 4647 4157 10860 4590 4158 10861 4591 4159 10862 4647 4157 10863 4589 4160 10864 4590 4158 10865 4591 4159 10866 4592 4155 10867 4645 4161 10868 4643 4162 10869 4594 4156 10870 4595 4163 10871 4642 4164 10872 4595 4163 10873 4596 4165 10874 4637 4166 10875 4602 4167 10876 4603 4168 10877 4635 4169 10878 4604 4170 10879 4605 4171 10880 4603 4168 10881 4604 4170 10882 4636 4172 10883 4599 4173 10884 4600 4174 10885 4639 4175 10886 4639 4175 10887 4600 4174 10888 4601 4176 10889 4602 4167 10890 4638 4177 10891 4601 4176 10892 4588 4178 10893 4589 4160 10894 4647 4157 10895 4591 4159 10896 4646 4179 10897 4647 4157 10898 4597 4180 10899 4641 4181 10900 4596 4165 10901 4592 4155 10902 4644 4154 10903 4645 4161 10904 4591 4159 10905 4645 4161 10906 4646 4179 10907 4643 4162 10908 4644 4154 10909 4594 4156 10910 4595 4163 10911 4642 4164 10912 4643 4162 10913 4641 4181 10914 4642 4164 10915 4596 4165 10916 4597 4180 10917 4598 4182 10918 4641 4181 10919 4639 4175 10920 4640 4183 10921 4599 4173 10922 4641 4181 10923 4598 4182 10924 4640 4183 10925 4639 4175 10926 4601 4176 10927 4638 4177 10928 4602 4167 10929 4637 4166 10930 4638 4177 10931 4637 4166 10932 4603 4168 10933 4636 4172 10934 4636 4172 10935 4604 4170 10936 4635 4169 10937 4599 4173 10938 4640 4183 10939 4598 4182 10940 4606 4184 10941 4634 4185 10942 4605 4171 10943 4607 4186 10944 4634 4185 10945 4606 4184 10946 4608 4187 10947 4609 4188 10948 4632 4189 10949 4631 4190 10950 4609 4188 10951 4610 4191 10952 4611 4192 10953 4630 4193 10954 4610 4191 10955 4611 4192 10956 4612 4194 10957 4630 4193 10958 4629 4195 10959 4612 4194 10960 4613 4196 10961 4633 4197 10962 4607 4186 10963 4608 4187 10964 4625 4198 10965 4618 4199 10966 4619 4200 10967 4621 4201 10968 4623 4202 10969 4620 4203 10970 4621 4201 10971 4586 4204 10972 4622 4205 10973 4615 4206 10974 4616 4207 10975 4627 4208 10976 4626 4209 10977 4616 4207 10978 4617 4210 10979 4618 4199 10980 4625 4198 10981 4617 4210 10982 4620 4203 10983 4624 4211 10984 4619 4200 10985 4632 4189 10986 4633 4197 10987 4608 4187 10988 4632 4189 10989 4609 4188 10990 4631 4190 10991 4614 4212 10992 4628 4213 10993 4613 4196 10994 4610 4191 10995 4630 4193 10996 4631 4190 10997 4635 4169 10998 4605 4171 10999 4634 4185 11000 4607 4186 11001 4633 4197 11002 4634 4185 11003 4629 4195 11004 4613 4196 11005 4628 4213 11006 4612 4194 11007 4629 4195 11008 4630 4193 11009 4628 4213 11010 4614 4212 11011 4627 4208 11012 4614 4212 11013 4615 4206 11014 4627 4208 11015 4625 4198 11016 4619 4200 11017 4624 4211 11018 4625 4198 11019 4626 4209 11020 4617 4210 11021 4620 4203 11022 4623 4202 11023 4624 4211 11024 4626 4209 11025 4627 4208 11026 4616 4207 11027 4623 4202 11028 4621 4201 11029 4622 4205 11030 4622 4205 11031 4586 4204 11032 4587 4214 11033 4653 4215 11034 4652 4216 11035 4650 4217 11036 4651 4218 11037 4650 4217 11038 4652 4216 11039 4653 4215 11040 4649 4219 11041 4648 4220 11042 4650 4217 11043 4649 4219 11044 4653 4215 11045 4655 4221 11046 4715 4222 11047 4654 4223 11048 4657 4224 11049 4713 4225 11050 4656 4226 11051 4655 4221 11052 4656 4226 11053 4714 4227 11054 4659 4228 11055 4710 4229 11056 4658 4230 11057 4658 4230 11058 4711 4231 11059 4657 4224 11060 4716 4232 11061 4683 4233 11062 4684 4234 11063 4654 4223 11064 4716 4232 11065 4684 4234 11066 4710 4229 11067 4659 4228 11068 4709 4235 11069 4709 4235 11070 4659 4228 11071 4660 4236 11072 4661 4237 11073 4662 4238 11074 4707 4239 11075 4705 4240 11076 4662 4238 11077 4663 4241 11078 4667 4242 11079 4701 4243 11080 4666 4244 11081 4663 4241 11082 4664 4245 11083 4704 4246 11084 4708 4247 11085 4660 4236 11086 4661 4237 11087 4708 4247 11088 4661 4237 11089 4707 4239 11090 4703 4248 11091 4664 4245 11092 4665 4249 11093 4702 4250 11094 4665 4249 11095 4666 4244 11096 4709 4235 11097 4660 4236 11098 4708 4247 11099 4655 4221 11100 4714 4227 11101 4715 4222 11102 4657 4224 11103 4711 4231 11104 4712 4251 11105 4658 4230 11106 4710 4229 11107 4711 4231 11108 4654 4223 11109 4715 4222 11110 4716 4232 11111 4683 4233 11112 4716 4232 11113 4685 4252 11114 4657 4224 11115 4712 4251 11116 4713 4225 11117 4714 4227 11118 4656 4226 11119 4713 4225 11120 4662 4238 11121 4705 4240 11122 4706 4253 11123 4707 4239 11124 4662 4238 11125 4706 4253 11126 4704 4246 11127 4705 4240 11128 4663 4241 11129 4703 4248 11130 4665 4249 11131 4702 4250 11132 4664 4245 11133 4703 4248 11134 4704 4246 11135 4701 4243 11136 4702 4250 11137 4666 4244 11138 4667 4242 11139 4700 4254 11140 4701 4243 11141 4667 4242 11142 4668 4255 11143 4700 4254 11144 4670 4256 11145 4698 4257 11146 4669 4258 11147 4696 4259 11148 4671 4260 11149 4672 4261 11150 4697 4262 11151 4670 4256 11152 4671 4260 11153 4669 4258 11154 4699 4263 11155 4668 4255 11156 4695 4264 11157 4672 4261 11158 4673 4265 11159 4693 4266 11160 4673 4265 11161 4674 4267 11162 4675 4268 11163 4692 4269 11164 4674 4267 11165 4676 4270 11166 4677 4271 11167 4689 4272 11168 4679 4273 11169 4680 4274 11170 4686 4275 11171 4682 4276 11172 4680 4274 11173 4681 4277 11174 4675 4268 11175 4676 4270 11176 4691 4278 11177 4677 4271 11178 4678 4279 11179 4688 4280 11180 4678 4279 11181 4679 4273 11182 4687 4281 11183 4670 4256 11184 4697 4262 11185 4698 4257 11186 4671 4260 11187 4696 4259 11188 4697 4262 11189 4673 4265 11190 4694 4282 11191 4695 4264 11192 4693 4266 11193 4694 4282 11194 4673 4265 11195 4672 4261 11196 4695 4264 11197 4696 4259 11198 4668 4255 11199 4699 4263 11200 4700 4254 11201 4698 4257 11202 4699 4263 11203 4669 4258 11204 4691 4278 11205 4692 4269 11206 4675 4268 11207 4676 4270 11208 4690 4283 11209 4691 4278 11210 4690 4283 11211 4676 4270 11212 4689 4272 11213 4692 4269 11214 4693 4266 11215 4674 4267 11216 4688 4280 11217 4678 4279 11218 4687 4281 11219 4680 4274 11220 4682 4276 11221 4686 4275 11222 4686 4275 11223 4687 4281 11224 4679 4273 11225 4677 4271 11226 4688 4280 11227 4689 4272 11228 4719 4284 11229 4720 4285 11230 4717 4286 11231 4717 4286 11232 4720 4285 11233 4718 4287 11234 4722 4288 11235 4721 4289 11236 4720 4285 11237 4732 4290 11238 4782 4291 11239 4731 4292 11240 4784 4293 11241 4729 4294 11242 4730 4295 11243 4783 4296 11244 4730 4295 11245 4731 4292 11246 4783 4296 11247 4731 4292 11248 4782 4291 11249 4784 4293 11250 4728 4297 11251 4729 4294 11252 4781 4298 11253 4733 4299 11254 4734 4300 11255 4780 4301 11256 4734 4300 11257 4735 4302 11258 4781 4298 11259 4732 4290 11260 4733 4299 11261 4742 4303 11262 4772 4304 11263 4741 4305 11264 4743 4306 11265 4744 4307 11266 4771 4308 11267 4739 4309 11268 4740 4310 11269 4774 4311 11270 4732 4290 11271 4781 4298 11272 4782 4291 11273 4781 4298 11274 4734 4300 11275 4780 4301 11276 4736 4312 11277 4778 4313 11278 4735 4302 11279 4777 4314 11280 4736 4312 11281 4737 4315 11282 4736 4312 11283 4777 4314 11284 4778 4313 11285 4784 4293 11286 4730 4295 11287 4783 4296 11288 4728 4297 11289 4784 4293 11290 4727 4316 11291 4735 4302 11292 4778 4313 11293 4779 4317 11294 4780 4301 11295 4735 4302 11296 4779 4317 11297 4738 4318 11298 4776 4319 11299 4737 4315 11300 4739 4309 11301 4775 4320 11302 4738 4318 11303 4741 4305 11304 4772 4304 11305 4773 4321 11306 4741 4305 11307 4773 4321 11308 4740 4310 11309 4743 4306 11310 4772 4304 11311 4742 4303 11312 4772 4304 11313 4743 4306 11314 4771 4308 11315 4739 4309 11316 4774 4311 11317 4775 4320 11318 4737 4315 11319 4776 4319 11320 4777 4314 11321 4776 4319 11322 4738 4318 11323 4775 4320 11324 4774 4311 11325 4740 4310 11326 4773 4321 11327 4745 4322 11328 4770 4323 11329 4744 4307 11330 4747 4324 11331 4748 4325 11332 4768 4326 11333 4769 4327 11334 4770 4323 11335 4745 4322 11336 4769 4327 11337 4745 4322 11338 4746 4328 11339 4768 4326 11340 4746 4328 11341 4747 4324 11342 4767 4329 11343 4748 4325 11344 4749 4330 11345 4766 4331 11346 4749 4330 11347 4750 4332 11348 4753 4333 11349 4754 4334 11350 4763 4335 11351 4756 4336 11352 4761 4337 11353 4755 4338 11354 4765 4339 11355 4751 4340 11356 4752 4341 11357 4766 4331 11358 4750 4332 11359 4751 4340 11360 4759 4342 11361 4758 4343 11362 4725 4344 11363 4744 4307 11364 4770 4323 11365 4771 4308 11366 4766 4331 11367 4767 4329 11368 4749 4330 11369 4765 4339 11370 4752 4341 11371 4764 4345 11372 4764 4345 11373 4752 4341 11374 4753 4333 11375 4764 4345 11376 4753 4333 11377 4763 4335 11378 4767 4329 11379 4768 4326 11380 4748 4325 11381 4746 4328 11382 4768 4326 11383 4769 4327 11384 4766 4331 11385 4751 4340 11386 4765 4339 11387 4755 4338 11388 4762 4346 11389 4754 4334 11390 4761 4337 11391 4762 4346 11392 4755 4338 11393 4761 4337 11394 4756 4336 11395 4757 4347 11396 4758 4343 11397 4759 4342 11398 4757 4347 11399 4757 4347 11400 4760 4348 11401 4761 4337 11402 4726 4349 11403 4759 4342 11404 4725 4344 11405 4763 4335 11406 4754 4334 11407 4762 4346 11408 4760 4348 11409 4757 4347 11410 4759 4342 11411 4788 4350 11412 4787 4351 11413 4790 4352 11414 4789 4353 11415 4788 4350 11416 4790 4352 11417 4792 4354 11418 4791 4355 11419 4794 4356 11420 4794 4356 11421 4793 4357 11422 4792 4354 11423 4795 4358 11424 4799 4359 11425 4796 4360 11426 4799 4359 11427 4797 4361 11428 4796 4360 11429 4798 4362 11430 4797 4361 11431 4799 4359 11432 4804 4363 11433 4802 4364 11434 4801 4365 11435 4800 4366 11436 4802 4364 11437 4804 4363 11438 4803 4367 11439 4802 4364 11440 4800 4366 11441 4808 4368 11442 4807 4368 11443 4806 4369 11444 4810 4370 11445 4812 4371 11446 4811 4372 11447 4809 4373 11448 4812 4371 11449 4810 4370 11450 4816 4374 11451 4814 4375 11452 4813 4374 11453 4817 4376 11454 4820 4377 11455 4818 4378 11456 4819 4379 11457 4818 4378 11458 4820 4377 11459 4823 4380 11460 4822 4381 11461 4821 4382 11462 4826 4383 11463 4825 4384 11464 4828 4385 11465 4832 4386 11466 4830 4387 11467 4829 4388 11468 4830 4387 11469 4832 4386 11470 4831 4389 11471 4837 4390 11472 4836 4391 11473 4835 4392 11474 4897 4393 11475 4840 4394 11476 4841 4395 11477 4842 4396 11478 4895 4397 11479 4841 4395 11480 4842 4396 11481 4843 4398 11482 4894 4399 11483 4894 4399 11484 4843 4398 11485 4844 4400 11486 4840 4394 11487 4897 4393 11488 4898 4401 11489 4897 4393 11490 4841 4395 11491 4896 4402 11492 4895 4397 11493 4896 4402 11494 4841 4395 11495 4893 4403 11496 4894 4399 11497 4844 4400 11498 4893 4403 11499 4845 4404 11500 4892 4405 11501 4893 4403 11502 4844 4400 11503 4845 4404 11504 4891 4406 11505 4892 4405 11506 4846 4407 11507 4892 4405 11508 4845 4404 11509 4846 4407 11510 4848 4408 11511 4890 4409 11512 4847 4410 11513 4849 4411 11514 4850 4412 11515 4887 4413 11516 4846 4407 11517 4847 4410 11518 4891 4406 11519 4849 4411 11520 4888 4414 11521 4848 4408 11522 4886 4415 11523 4850 4412 11524 4851 4416 11525 4891 4406 11526 4847 4410 11527 4890 4409 11528 4889 4417 11529 4890 4409 11530 4848 4408 11531 4889 4417 11532 4848 4408 11533 4888 4414 11534 4853 4418 11535 4854 4419 11536 4883 4420 11537 4852 4421 11538 4853 4418 11539 4884 4422 11540 4895 4397 11541 4842 4396 11542 4894 4399 11543 4887 4413 11544 4888 4414 11545 4849 4411 11546 4850 4412 11547 4886 4415 11548 4887 4413 11549 4851 4416 11550 4885 4423 11551 4886 4415 11552 4852 4421 11553 4884 4422 11554 4885 4423 11555 4852 4421 11556 4885 4423 11557 4851 4416 11558 4883 4420 11559 4884 4422 11560 4853 4418 11561 4883 4420 11562 4854 4419 11563 4882 4424 11564 4857 4425 11565 4858 4426 11566 4879 4427 11567 4882 4424 11568 4854 4419 11569 4855 4428 11570 4882 4424 11571 4855 4428 11572 4881 4429 11573 4881 4429 11574 4855 4428 11575 4856 4430 11576 4880 4431 11577 4856 4430 11578 4857 4425 11579 4879 4427 11580 4880 4431 11581 4857 4425 11582 4878 4432 11583 4858 4426 11584 4859 4433 11585 4877 4434 11586 4859 4433 11587 4860 4435 11588 4877 4434 11589 4860 4435 11590 4876 4436 11591 4863 4437 11592 4873 4438 11593 4862 4439 11594 4861 4440 11595 4875 4441 11596 4860 4435 11597 4872 4442 11598 4864 4443 11599 4865 4444 11600 4861 4440 11601 4862 4439 11602 4875 4441 11603 4876 4436 11604 4860 4435 11605 4875 4441 11606 4874 4445 11607 4875 4441 11608 4862 4439 11609 4866 4446 11610 4870 4447 11611 4865 4444 11612 4878 4432 11613 4859 4433 11614 4877 4434 11615 4862 4439 11616 4873 4438 11617 4874 4445 11618 4880 4431 11619 4881 4429 11620 4856 4430 11621 4879 4427 11622 4858 4426 11623 4878 4432 11624 4865 4444 11625 4871 4448 11626 4872 4442 11627 4872 4442 11628 4863 4437 11629 4864 4443 11630 4838 4449 11631 4868 4450 11632 4866 4446 11633 4866 4446 11634 4868 4450 11635 4869 4451 11636 4838 4449 11637 4839 4452 11638 4868 4450 11639 4873 4438 11640 4863 4437 11641 4872 4442 11642 4871 4448 11643 4865 4444 11644 4870 4447 11645 4870 4447 11646 4866 4446 11647 4869 4451 11648 4839 4452 11649 4867 4453 11650 4868 4450 11651 4902 4454 11652 4909 4455 11653 4912 4456 11654 4909 4455 11655 4910 4457 11656 4911 4458 11657 4912 4456 11658 4909 4455 11659 4911 4458 11660 4908 4459 11661 4909 4455 11662 4902 4454 11663 4908 4459 11664 4902 4454 11665 4903 4460 11666 4904 4461 11667 4907 4462 11668 4903 4460 11669 4907 4462 11670 4908 4459 11671 4903 4460 11672 4907 4462 11673 4904 4461 11674 4905 4463 11675 4920 4464 11676 4977 4465 11677 4919 4466 11678 4920 4464 11679 4921 4467 11680 4975 4468 11681 4924 4469 11682 4972 4470 11683 4923 4471 11684 4922 4472 11685 4923 4471 11686 4973 4473 11687 4973 4473 11688 4923 4471 11689 4972 4470 11690 4925 4474 11691 4972 4470 11692 4924 4469 11693 4971 4475 11694 4925 4474 11695 4926 4476 11696 4926 4476 11697 4927 4477 11698 4971 4475 11699 4974 4478 11700 4921 4467 11701 4922 4472 11702 4932 4479 11703 4933 4480 11704 4967 4481 11705 4965 4482 11706 4934 4483 11707 4935 4484 11708 4933 4480 11709 4934 4483 11710 4966 4485 11711 4927 4477 11712 4928 4486 11713 4970 4487 11714 4928 4486 11715 4929 4488 11716 4969 4489 11717 4931 4490 11718 4932 4479 11719 4967 4481 11720 4968 4491 11721 4930 4492 11722 4931 4490 11723 4930 4492 11724 4968 4491 11725 4929 4488 11726 4971 4475 11727 4972 4470 11728 4925 4474 11729 4920 4464 11730 4976 4493 11731 4977 4465 11732 4976 4493 11733 4920 4464 11734 4975 4468 11735 4974 4478 11736 4975 4468 11737 4921 4467 11738 4974 4478 11739 4922 4472 11740 4973 4473 11741 4928 4486 11742 4969 4489 11743 4970 4487 11744 4968 4491 11745 4969 4489 11746 4929 4488 11747 4967 4481 11748 4968 4491 11749 4931 4490 11750 4966 4485 11751 4967 4481 11752 4933 4480 11753 4971 4475 11754 4927 4477 11755 4970 4487 11756 4964 4494 11757 4965 4482 11758 4935 4484 11759 4934 4483 11760 4965 4482 11761 4966 4485 11762 4964 4494 11763 4935 4484 11764 4936 4495 11765 4961 4496 11766 4936 4495 11767 4937 4497 11768 4959 4498 11769 4938 4499 11770 4939 4500 11771 4938 4499 11772 4960 4501 11773 4937 4497 11774 4939 4500 11775 4940 4502 11776 4958 4503 11777 4941 4504 11778 4958 4503 11779 4940 4502 11780 4943 4505 11781 4956 4506 11782 4942 4507 11783 4942 4507 11784 4957 4508 11785 4941 4504 11786 4954 4509 11787 4946 4510 11788 4947 4511 11789 4948 4512 11790 4953 4513 11791 4947 4511 11792 4950 4514 11793 4952 4515 11794 4949 4516 11795 4950 4514 11796 4917 4517 11797 4918 4518 11798 4945 4519 11799 4946 4510 11800 4954 4509 11801 4944 4520 11802 4956 4506 11803 4943 4505 11804 4945 4519 11805 4955 4521 11806 4944 4520 11807 4949 4516 11808 4952 4515 11809 4948 4512 11810 4936 4495 11811 4962 4522 11812 4964 4494 11813 4936 4495 11814 4961 4496 11815 4962 4522 11816 4960 4501 11817 4961 4496 11818 4937 4497 11819 4959 4498 11820 4960 4501 11821 4938 4499 11822 4939 4500 11823 4958 4503 11824 4959 4498 11825 4941 4504 11826 4957 4508 11827 4958 4503 11828 4954 4509 11829 4947 4511 11830 4953 4513 11831 4954 4509 11832 4955 4521 11833 4945 4519 11834 4952 4515 11835 4953 4513 11836 4948 4512 11837 4950 4514 11838 4951 4523 11839 4952 4515 11840 4956 4506 11841 4957 4508 11842 4942 4507 11843 4950 4514 11844 4918 4518 11845 4951 4523 11846 4944 4520 11847 4955 4521 11848 4956 4506 11849 4981 4524 11850 4980 4525 11851 4979 4526 11852 4979 4526 11853 4982 4527 11854 4981 4524 11855 4979 4526 11856 4978 4528 11857 4982 4527 11858 5035 4529 11859 4989 4530 11860 4990 4531 11861 4989 4530 11862 5036 4532 11863 4988 4533 11864 4988 4533 11865 5037 4534 11866 4987 4535 11867 4986 4536 11868 5040 4537 11869 4985 4538 11870 4983 4539 11871 5042 4540 11872 5012 4541 11873 4984 4542 11874 4985 4538 11875 5041 4543 11876 4984 4542 11877 5042 4540 11878 4983 4539 11879 4987 4535 11880 5038 4544 11881 4986 4536 11882 5036 4532 11883 4989 4530 11884 5035 4529 11885 5035 4529 11886 4990 4531 11887 5034 4545 11888 4994 4546 11889 5030 4547 11890 4993 4548 11891 5031 4549 11892 4992 4550 11893 4993 4548 11894 5033 4551 11895 4991 4552 11896 4992 4550 11897 4995 4553 11898 5030 4547 11899 4994 4546 11900 4997 4554 11901 5027 4555 11902 4996 4556 11903 4997 4554 11904 4998 4557 11905 5026 4558 11906 5034 4545 11907 4990 4531 11908 4991 4552 11909 5033 4551 11910 5034 4545 11911 4991 4552 11912 4995 4553 11913 4996 4556 11914 5029 4559 11915 4985 4538 11916 5040 4537 11917 5041 4543 11918 4988 4533 11919 5036 4532 11920 5037 4534 11921 5037 4534 11922 5038 4544 11923 4987 4535 11924 5042 4540 11925 4984 4542 11926 5041 4543 11927 5012 4541 11928 5042 4540 11929 5013 4560 11930 5040 4537 11931 4986 4536 11932 5039 4561 11933 5038 4544 11934 5039 4561 11935 4986 4536 11936 5032 4562 11937 5033 4551 11938 4992 4550 11939 5031 4549 11940 5032 4562 11941 4992 4550 11942 5030 4547 11943 5031 4549 11944 4993 4548 11945 4995 4553 11946 5029 4559 11947 5030 4547 11948 5029 4559 11949 4996 4556 11950 5028 4563 11951 5026 4558 11952 5027 4555 11953 4997 4554 11954 5028 4563 11955 4996 4556 11956 5027 4555 11957 5024 4564 11958 4999 4565 11959 5000 4566 11960 5000 4566 11961 5001 4567 11962 5022 4568 11963 5022 4568 11964 5001 4567 11965 5002 4569 11966 5025 4570 11967 4998 4557 11968 4999 4565 11969 5003 4571 11970 5004 4572 11971 5020 4573 11972 5016 4574 11973 5006 4575 11974 5007 4576 11975 5014 4577 11976 5009 4578 11977 5010 4579 11978 5023 4580 11979 5000 4566 11980 5022 4568 11981 5023 4580 11982 5024 4564 11983 5000 4566 11984 5022 4568 11985 5002 4569 11986 5021 4581 11987 5002 4569 11988 5020 4573 11989 5021 4581 11990 4998 4557 11991 5025 4570 11992 5026 4558 11993 5025 4570 11994 4999 4565 11995 5024 4564 11996 5002 4569 11997 5003 4571 11998 5020 4573 11999 5019 4582 12000 5020 4573 12001 5004 4572 12002 5005 4583 12003 5019 4582 12004 5004 4572 12005 5019 4582 12006 5005 4583 12007 5018 4584 12008 5005 4583 12009 5006 4575 12010 5018 4584 12011 5017 4585 12012 5018 4584 12013 5006 4575 12014 5016 4574 12015 5007 4576 12016 5008 4586 12017 5008 4586 12018 5015 4587 12019 5016 4574 12020 5014 4577 12021 5010 4579 12022 5011 4588 12023 5015 4587 12024 5009 4578 12025 5014 4577 12026 5006 4575 12027 5016 4574 12028 5017 4585 12029 5008 4586 12030 5009 4578 12031 5015 4587 12032 5046 4589 12033 5043 4590 12034 5048 4591 12035 5048 4591 12036 5044 4592 12037 5046 4589 12038 5046 4589 12039 5044 4592 12040 5047 4593 12041 5058 4594 12042 5107 4595 12043 5057 4596 12044 5109 4597 12045 5055 4598 12046 5056 4599 12047 5108 4600 12048 5056 4599 12049 5057 4596 12050 5108 4600 12051 5057 4596 12052 5107 4595 12053 5109 4597 12054 5054 4601 12055 5055 4598 12056 5106 4602 12057 5059 4603 12058 5060 4604 12059 5105 4605 12060 5060 4604 12061 5061 4606 12062 5106 4602 12063 5058 4594 12064 5059 4603 12065 5068 4607 12066 5097 4608 12067 5067 4609 12068 5070 4610 12069 5096 4611 12070 5069 4612 12071 5065 4613 12072 5066 4614 12073 5099 4615 12074 5105 4605 12075 5106 4602 12076 5060 4604 12077 5103 4616 12078 5104 4617 12079 5061 4606 12080 5103 4616 12081 5061 4606 12082 5062 4618 12083 5062 4618 12084 5102 4619 12085 5103 4616 12086 5102 4619 12087 5062 4618 12088 5063 4620 12089 5109 4597 12090 5056 4599 12091 5108 4600 12092 5058 4594 12093 5106 4602 12094 5107 4595 12095 5054 4601 12096 5109 4597 12097 5053 4621 12098 5105 4605 12099 5061 4606 12100 5104 4617 12101 5064 4622 12102 5101 4623 12103 5063 4620 12104 5065 4613 12105 5100 4624 12106 5064 4622 12107 5067 4609 12108 5098 4625 12109 5066 4614 12110 5097 4608 12111 5098 4625 12112 5067 4609 12113 5069 4612 12114 5097 4608 12115 5068 4607 12116 5099 4615 12117 5100 4624 12118 5065 4613 12119 5101 4623 12120 5064 4622 12121 5100 4624 12122 5099 4615 12123 5066 4614 12124 5098 4625 12125 5069 4612 12126 5096 4611 12127 5097 4608 12128 5096 4611 12129 5070 4610 12130 5095 4626 12131 5102 4619 12132 5063 4620 12133 5101 4623 12134 5071 4627 12135 5095 4626 12136 5070 4610 12137 5071 4627 12138 5072 4628 12139 5095 4626 12140 5094 4629 12141 5095 4626 12142 5072 4628 12143 5093 4630 12144 5072 4628 12145 5073 4631 12146 5073 4631 12147 5074 4632 12148 5092 4633 12149 5091 4634 12150 5074 4632 12151 5075 4635 12152 5090 4636 12153 5075 4635 12154 5076 4637 12155 5089 4638 12156 5077 4639 12157 5078 4640 12158 5089 4638 12159 5076 4637 12160 5077 4639 12161 5088 4641 12162 5089 4638 12163 5078 4640 12164 5090 4636 12165 5076 4637 12166 5089 4638 12167 5078 4640 12168 5079 4642 12169 5088 4641 12170 5073 4631 12171 5092 4633 12172 5093 4630 12173 5094 4629 12174 5072 4628 12175 5093 4630 12176 5075 4635 12177 5090 4636 12178 5091 4634 12179 5091 4634 12180 5092 4633 12181 5074 4632 12182 5080 4643 12183 5087 4644 12184 5079 4642 12185 5087 4644 12186 5088 4641 12187 5079 4642 12188 5080 4643 12189 5081 4645 12190 5087 4644 12191 5082 4646 12192 5086 4647 12193 5081 4645 12194 5085 4648 12195 5082 4646 12196 5083 4649 12197 5083 4649 12198 5084 4650 12199 5085 4648 12200 5082 4646 12201 5085 4648 12202 5086 4647 12203 5051 4651 12204 5052 4652 12205 5084 4650 12206 5087 4644 12207 5081 4645 12208 5086 4647 12209 5085 4648 12210 5084 4650 12211 5052 4652 12212 5113 4653 12213 5116 4654 12214 5114 4655 12215 5115 4656 12216 5114 4655 12217 5116 4654 12218 5117 4657 12219 5120 4657 12220 5118 4658 12221 5124 4659 12222 5123 4660 12223 5122 4661 12224 5126 4662 12225 5125 4663 12226 5128 4664 12227 5127 4665 12228 5126 4662 12229 5128 4664 12230 5132 4666 12231 5131 4667 12232 5130 4668 12233 5129 4669 12234 5131 4667 12235 5132 4666 12236 5138 4670 12237 5137 4671 12238 5135 4672 12239 5136 4673 12240 5135 4672 12241 5137 4671 12242 5135 4672 12243 5134 4674 12244 5138 4670 12245 5134 4674 12246 5133 4675 12247 5138 4670 12248 5140 4676 12249 5139 4677 12250 5143 4678 12251 5143 4678 12252 5141 4679 12253 5140 4676 12254 5141 4679 12255 5143 4678 12256 5142 4680 12257 5147 4681 12258 5145 4682 12259 5144 4683 12260 5146 4684 12261 5145 4682 12262 5147 4681 12263 5149 4685 12264 5148 4686 12265 5152 4687 12266 5152 4687 12267 5150 4688 12268 5149 4685 12269 5151 4689 12270 5150 4688 12271 5152 4687 12272 5154 4690 12273 5153 4691 12274 5156 4692 12275 5154 4690 12276 5156 4692 12277 5155 4693 12278 5160 4694 12279 5158 4695 12280 5157 4696 12281 5170 4697 12282 5219 4698 12283 5169 4699 12284 5220 4700 12285 5168 4701 12286 5169 4699 12287 5172 4702 12288 5173 4703 12289 5216 4704 12290 5170 4697 12291 5171 4705 12292 5218 4706 12293 5217 4707 12294 5171 4705 12295 5172 4702 12296 5222 4708 12297 5166 4709 12298 5167 4710 12299 5222 4708 12300 5167 4710 12301 5221 4711 12302 5168 4701 12303 5221 4711 12304 5167 4710 12305 5220 4700 12306 5221 4711 12307 5168 4701 12308 5219 4698 12309 5170 4697 12310 5218 4706 12311 5217 4707 12312 5218 4706 12313 5171 4705 12314 5216 4704 12315 5217 4707 12316 5172 4702 12317 5216 4704 12318 5173 4703 12319 5215 4712 12320 5175 4713 12321 5176 4714 12322 5212 4715 12323 5213 4716 12324 5174 4717 12325 5175 4713 12326 5212 4715 12327 5176 4714 12328 5177 4718 12329 5174 4717 12330 5215 4712 12331 5173 4703 12332 5214 4719 12333 5215 4712 12334 5174 4717 12335 5214 4719 12336 5174 4717 12337 5213 4716 12338 5179 4720 12339 5180 4721 12340 5209 4722 12341 5210 4723 12342 5178 4724 12343 5179 4720 12344 5213 4716 12345 5175 4713 12346 5212 4715 12347 5223 4725 12348 5166 4709 12349 5222 4708 12350 5220 4700 12351 5169 4699 12352 5219 4698 12353 5177 4718 12354 5178 4724 12355 5211 4726 12356 5211 4726 12357 5212 4715 12358 5177 4718 12359 5211 4726 12360 5178 4724 12361 5210 4723 12362 5209 4722 12363 5210 4723 12364 5179 4720 12365 5209 4722 12366 5180 4721 12367 5208 4727 12368 5184 4728 12369 5205 4729 12370 5183 4730 12371 5208 4727 12372 5181 4731 12373 5207 4732 12374 5181 4731 12375 5208 4727 12376 5180 4721 12377 5182 4733 12378 5207 4732 12379 5181 4731 12380 5206 4734 12381 5182 4733 12382 5183 4730 12383 5205 4729 12384 5206 4734 12385 5183 4730 12386 5204 4735 12387 5184 4728 12388 5185 4736 12389 5203 4737 12390 5185 4736 12391 5186 4738 12392 5202 4739 12393 5203 4737 12394 5186 4738 12395 5200 4740 12396 5188 4741 12397 5189 4742 12398 5186 4738 12399 5187 4743 12400 5201 4744 12401 5191 4745 12402 5198 4746 12403 5190 4747 12404 5193 4748 12405 5196 4749 12406 5192 4750 12407 5189 4742 12408 5190 4747 12409 5199 4751 12410 5201 4744 12411 5202 4739 12412 5186 4738 12413 5187 4743 12414 5188 4741 12415 5201 4744 12416 5188 4741 12417 5200 4740 12418 5201 4744 12419 5199 4751 12420 5200 4740 12421 5189 4742 12422 5193 4748 12423 5164 4752 12424 5195 4753 12425 5185 4736 12426 5203 4737 12427 5204 4735 12428 5204 4735 12429 5205 4729 12430 5184 4728 12431 5206 4734 12432 5207 4732 12433 5182 4733 12434 5190 4747 12435 5198 4746 12436 5199 4751 12437 5197 4754 12438 5198 4746 12439 5191 4745 12440 5164 4752 12441 5165 4755 12442 5194 4756 12443 5197 4754 12444 5191 4745 12445 5192 4750 12446 5196 4749 12447 5197 4754 12448 5192 4750 12449 5193 4748 12450 5195 4753 12451 5196 4749 12452 5164 4752 12453 5194 4756 12454 5195 4753 12455 5227 4757 12456 5225 4758 12457 5224 4759 12458 5226 4760 12459 5225 4758 12460 5227 4757 12461 5236 4761 12462 5234 4762 12463 5235 4763 12464 5228 4764 12465 5233 4765 12466 5236 4761 12467 5234 4762 12468 5236 4761 12469 5233 4765 12470 5233 4765 12471 5228 4764 12472 5232 4766 12473 5228 4764 12474 5229 4767 12475 5231 4768 12476 5231 4768 12477 5232 4766 12478 5228 4764 12479 5230 4769 12480 5231 4768 12481 5229 4767 12482 5300 4770 12483 5244 4771 12484 5245 4772 12485 5298 4773 12486 5247 4774 12487 5248 4775 12488 5249 4776 12489 5297 4777 12490 5248 4775 12491 5245 4772 12492 5246 4778 12493 5299 4779 12494 5247 4774 12495 5299 4779 12496 5246 4778 12497 5296 4780 12498 5249 4776 12499 5250 4781 12500 5250 4781 12501 5251 4782 12502 5295 4783 12503 5260 4784 12504 5289 4785 12505 5259 4786 12506 5258 4787 12507 5259 4786 12508 5289 4785 12509 5256 4788 12510 5291 4789 12511 5255 4790 12512 5257 4791 12513 5291 4789 12514 5256 4788 12515 5257 4791 12516 5258 4787 12517 5290 4792 12518 5255 4790 12519 5292 4793 12520 5254 4794 12521 5293 4795 12522 5253 4796 12523 5254 4794 12524 5245 4772 12525 5299 4779 12526 5300 4770 12527 5243 4797 12528 5244 4771 12529 5300 4770 12530 5252 4798 12531 5294 4799 12532 5251 4782 12533 5294 4799 12534 5252 4798 12535 5253 4796 12536 5293 4795 12537 5294 4799 12538 5253 4796 12539 5299 4779 12540 5247 4774 12541 5298 4773 12542 5297 4777 12543 5298 4773 12544 5248 4775 12545 5249 4776 12546 5296 4780 12547 5297 4777 12548 5296 4780 12549 5250 4781 12550 5295 4783 12551 5294 4799 12552 5295 4783 12553 5251 4782 12554 5255 4790 12555 5291 4789 12556 5292 4793 12557 5293 4795 12558 5254 4794 12559 5292 4793 12560 5287 4800 12561 5288 4801 12562 5260 4784 12563 5290 4792 12564 5258 4787 12565 5289 4785 12566 5257 4791 12567 5290 4792 12568 5291 4789 12569 5260 4784 12570 5288 4801 12571 5289 4785 12572 5287 4800 12573 5260 4784 12574 5261 4802 12575 5261 4802 12576 5262 4803 12577 5287 4800 12578 5263 4804 12579 5286 4805 12580 5262 4803 12581 5264 4806 12582 5284 4807 12583 5263 4804 12584 5265 4808 12585 5283 4809 12586 5264 4806 12587 5266 4810 12588 5283 4809 12589 5265 4808 12590 5303 4811 12591 5266 4810 12592 5267 4812 12593 5302 4813 12594 5267 4812 12595 5268 4814 12596 5271 4815 12597 5272 4816 12598 5280 4817 12599 5278 4818 12600 5272 4816 12601 5273 4819 12602 5275 4820 12603 5277 4821 12604 5274 4822 12605 5275 4820 12606 5241 4823 12607 5276 4824 12608 5271 4815 12609 5280 4817 12610 5270 4825 12611 5301 4826 12612 5268 4814 12613 5269 4827 12614 5301 4826 12615 5269 4827 12616 5270 4825 12617 5274 4822 12618 5278 4818 12619 5273 4819 12620 5303 4811 12621 5283 4809 12622 5266 4810 12623 5303 4811 12624 5267 4812 12625 5302 4813 12626 5302 4813 12627 5268 4814 12628 5301 4826 12629 5285 4828 12630 5286 4805 12631 5263 4804 12632 5262 4803 12633 5286 4805 12634 5287 4800 12635 5284 4807 12636 5285 4828 12637 5263 4804 12638 5264 4806 12639 5283 4809 12640 5284 4807 12641 5279 4829 12642 5280 4817 12643 5272 4816 12644 5278 4818 12645 5279 4829 12646 5272 4816 12647 5270 4825 12648 5280 4817 12649 5281 4830 12650 5281 4830 12651 5301 4826 12652 5270 4825 12653 5278 4818 12654 5274 4822 12655 5277 4821 12656 5276 4824 12657 5277 4821 12658 5275 4820 12659 5242 4831 12660 5276 4824 12661 5241 4823 12662 5306 4832 12663 5305 4833 12664 5307 4834 12665 5307 4834 12666 5305 4833 12667 5304 4835 12668 5329 4836 12669 5330 4837 12670 5368 4838 12671 5333 4839 12672 5364 4840 12673 5332 4841 12674 5363 4842 12675 5333 4839 12676 5334 4843 12677 5367 4844 12678 5330 4837 12679 5331 4845 12680 5366 4846 12681 5367 4844 12682 5331 4845 12683 5331 4845 12684 5332 4841 12685 5366 4846 12686 5332 4841 12687 5365 4847 12688 5366 4846 12689 5364 4840 12690 5365 4847 12691 5332 4841 12692 5335 4848 12693 5363 4842 12694 5334 4843 12695 5362 4849 12696 5363 4842 12697 5335 4848 12698 5362 4849 12699 5335 4848 12700 5336 4850 12701 5360 4851 12702 5337 4852 12703 5308 4853 12704 5362 4849 12705 5336 4850 12706 5361 4854 12707 5361 4854 12708 5336 4850 12709 5337 4852 12710 5360 4851 12711 5308 4853 12712 5309 4855 12713 5310 4856 12714 5311 4857 12715 5357 4858 12716 5312 4859 12717 5313 4860 12718 5354 4861 12719 5361 4854 12720 5337 4852 12721 5360 4851 12722 5364 4840 12723 5333 4839 12724 5363 4842 12725 5368 4838 12726 5330 4837 12727 5367 4844 12728 5309 4855 12729 5359 4862 12730 5360 4851 12731 5309 4855 12732 5310 4856 12733 5359 4862 12734 5310 4856 12735 5357 4858 12736 5358 4863 12737 5356 4864 12738 5357 4858 12739 5311 4857 12740 5358 4863 12741 5359 4862 12742 5310 4856 12743 5355 4865 12744 5356 4864 12745 5312 4859 12746 5312 4859 12747 5356 4864 12748 5311 4857 12749 5312 4859 12750 5354 4861 12751 5355 4865 12752 5316 4866 12753 5317 4867 12754 5349 4868 12755 5317 4867 12756 5318 4869 12757 5348 4870 12758 5313 4860 12759 5353 4871 12760 5354 4861 12761 5314 4872 12762 5353 4871 12763 5313 4860 12764 5314 4872 12765 5315 4873 12766 5352 4874 12767 5350 4875 12768 5315 4873 12769 5316 4866 12770 5316 4866 12771 5349 4868 12772 5350 4875 12773 5319 4876 12774 5348 4870 12775 5318 4869 12776 5350 4875 12777 5351 4877 12778 5315 4873 12779 5346 4878 12780 5319 4876 12781 5320 4879 12782 5321 4880 12783 5345 4881 12784 5320 4879 12785 5344 4882 12786 5321 4880 12787 5322 4883 12788 5347 4884 12789 5319 4876 12790 5346 4878 12791 5324 4885 12792 5341 4886 12793 5323 4887 12794 5345 4881 12795 5346 4878 12796 5320 4879 12797 5339 4888 12798 5325 4889 12799 5326 4890 12800 5326 4890 12801 5327 4891 12802 5338 4892 12803 5348 4870 12804 5349 4868 12805 5317 4867 12806 5347 4884 12807 5348 4870 12808 5319 4876 12809 5321 4880 12810 5344 4882 12811 5345 4881 12812 5351 4877 12813 5352 4874 12814 5315 4873 12815 5314 4872 12816 5352 4874 12817 5353 4871 12818 5322 4883 12819 5343 4893 12820 5344 4882 12821 5342 4894 12822 5343 4893 12823 5323 4887 12824 5323 4887 12825 5343 4893 12826 5322 4883 12827 5323 4887 12828 5341 4886 12829 5342 4894 12830 5324 4885 12831 5325 4889 12832 5341 4886 12833 5325 4889 12834 5340 4895 12835 5341 4886 12836 5325 4889 12837 5339 4888 12838 5340 4895 12839 5326 4890 12840 5338 4892 12841 5339 4888 12842 5328 4896 12843 5338 4892 12844 5327 4891 12845 5373 4897 12846 5370 4898 12847 5369 4899 12848 5373 4897 12849 5372 4900 12850 5370 4898 12851 5371 4901 12852 5370 4898 12853 5372 4900 12854 5374 4902 12855 5376 4903 12856 5375 4904 12857 5380 4905 12858 5379 4906 12859 5378 4907 12860 5387 4908 12861 5384 4909 12862 5388 4910 12863 5385 4911 12864 5384 4909 12865 5386 4912 12866 5386 4912 12867 5384 4909 12868 5387 4908 12869 5389 4913 12870 5390 4914 12871 5386 4912 12872 5382 4915 12873 5386 4912 12874 5390 4914 12875 5383 4916 12876 5382 4915 12877 5389 4913 12878 5390 4914 12879 5389 4913 12880 5382 4915 12881 5383 4916 12882 5389 4913 12883 5386 4912 12884 5401 4917 12885 5393 4918 12886 5400 4919 12887 5396 4920 12888 5397 4921 12889 5398 4922 12890 5395 4923 12891 5398 4922 12892 5399 4924 12893 5394 4925 12894 5399 4924 12895 5400 4919 12896 5451 4926 12897 5402 4927 12898 5403 4928 12899 5393 4918 12900 5401 4917 12901 5402 4927 12902 5404 4929 12903 5450 4930 12904 5403 4928 12905 5394 4925 12906 5400 4919 12907 5393 4918 12908 5409 4931 12909 5444 4932 12910 5408 4933 12911 5442 4934 12912 5410 4935 12913 5411 4936 12914 5448 4937 12915 5404 4929 12916 5405 4938 12917 5398 4922 12918 5395 4923 12919 5396 4920 12920 5394 4925 12921 5395 4923 12922 5399 4924 12923 5393 4918 12924 5402 4927 12925 5451 4926 12926 5450 4930 12927 5451 4926 12928 5403 4928 12929 5449 4939 12930 5450 4930 12931 5404 4929 12932 5449 4939 12933 5404 4929 12934 5448 4937 12935 5406 4940 12936 5447 4941 12937 5405 4938 12938 5407 4942 12939 5446 4943 12940 5406 4940 12941 5445 4944 12942 5407 4942 12943 5408 4933 12944 5443 4945 12945 5410 4935 12946 5442 4934 12947 5442 4934 12948 5411 4936 12949 5412 4946 12950 5409 4931 12951 5410 4935 12952 5443 4945 12953 5446 4943 12954 5447 4941 12955 5406 4940 12956 5446 4943 12957 5407 4942 12958 5445 4944 12959 5441 4947 12960 5442 4934 12961 5412 4946 12962 5445 4944 12963 5408 4933 12964 5444 4932 12965 5409 4931 12966 5443 4945 12967 5444 4932 12968 5405 4938 12969 5447 4941 12970 5448 4937 12971 5412 4946 12972 5413 4948 12973 5440 4949 12974 5414 4950 12975 5439 4951 12976 5413 4948 12977 5438 4952 12978 5414 4950 12979 5415 4953 12980 5417 4954 12981 5436 4955 12982 5416 4956 12983 5437 4957 12984 5415 4953 12985 5416 4956 12986 5421 4958 12987 5422 4959 12988 5432 4960 12989 5433 4961 12990 5420 4962 12991 5421 4958 12992 5428 4963 12993 5424 4964 12994 5425 4965 12995 5426 4966 12996 5391 4967 12997 5392 4968 12998 5412 4946 12999 5440 4949 13000 5441 4947 13001 5439 4951 13002 5440 4949 13003 5413 4948 13004 5418 4969 13005 5435 4970 13006 5417 4954 13007 5419 4971 13008 5435 4970 13009 5418 4969 13010 5420 4962 13011 5434 4972 13012 5419 4971 13013 5415 4953 13014 5437 4957 13015 5438 4952 13016 5416 4956 13017 5436 4955 13018 5437 4957 13019 5414 4950 13020 5438 4952 13021 5439 4951 13022 5419 4971 13023 5434 4972 13024 5435 4970 13025 5433 4961 13026 5434 4972 13027 5420 4962 13028 5435 4970 13029 5436 4955 13030 5417 4954 13031 5424 4964 13032 5430 4973 13033 5423 4974 13034 5430 4973 13035 5422 4959 13036 5423 4974 13037 5426 4966 13038 5427 4975 13039 5425 4965 13040 5426 4966 13041 5392 4968 13042 5427 4975 13043 5428 4963 13044 5425 4965 13045 5427 4975 13046 5421 4958 13047 5432 4960 13048 5433 4961 13049 5431 4976 13050 5432 4960 13051 5422 4959 13052 5430 4973 13053 5431 4976 13054 5422 4959 13055 5424 4964 13056 5429 4977 13057 5430 4973 13058 5428 4963 13059 5429 4977 13060 5424 4964 13061 5456 4978 13062 5452 4979 13063 5455 4980 13064 5456 4978 13065 5455 4980 13066 5454 4981 13067 5454 4981 13068 5453 4982 13069 5456 4978 13070 5462 4983 13071 5460 4984 13072 5459 4985 13073 5463 4986 13074 5465 4987 13075 5464 4986 13076 5467 4988 13077 5470 4989 13078 5468 4990 13079 5469 4991 13080 5468 4990 13081 5470 4989 13082 5473 4992 13083 5472 4993 13084 5475 4994 13085 5474 4995 13086 5473 4992 13087 5475 4994 13088 5471 4996 13089 5474 4995 13090 5475 4994 13091 5479 4997 13092 5477 4998 13093 5476 4999 13094 5479 4997 13095 5478 5000 13096 5477 4998 13097 5480 5001 13098 5484 5002 13099 5481 5003 13100 5484 5002 13101 5483 5004 13102 5482 5005 13103 5489 5006 13104 5487 5007 13105 5486 5008 13106 5491 5009 13107 5493 5010 13108 5492 5011 13109 5490 5012 13110 5492 5011 13111 5493 5010 13112 5553 5013 13113 5557 5014 13114 5500 5015 13115 5503 5016 13116 5549 5017 13117 5502 5018 13118 5504 5019 13119 5547 5020 13120 5503 5016 13121 5556 5021 13122 5557 5014 13123 5554 5022 13124 5500 5015 13125 5501 5023 13126 5552 5024 13127 5502 5018 13128 5550 5025 13129 5501 5023 13130 5548 5026 13131 5503 5016 13132 5547 5020 13133 5506 5027 13134 5545 5028 13135 5505 5029 13136 5506 5027 13137 5507 5030 13138 5544 5031 13139 5547 5020 13140 5505 5029 13141 5546 5032 13142 5504 5019 13143 5505 5029 13144 5547 5020 13145 5508 5033 13146 5509 5034 13147 5542 5035 13148 5508 5033 13149 5543 5036 13150 5507 5030 13151 5510 5037 13152 5541 5038 13153 5509 5034 13154 5540 5039 13155 5510 5037 13156 5511 5040 13157 5554 5022 13158 5555 5041 13159 5556 5021 13160 5502 5018 13161 5549 5017 13162 5550 5025 13163 5503 5016 13164 5548 5026 13165 5549 5017 13166 5550 5025 13167 5551 5042 13168 5501 5023 13169 5500 5015 13170 5552 5024 13171 5553 5013 13172 5557 5014 13173 5553 5013 13174 5554 5022 13175 5551 5042 13176 5552 5024 13177 5501 5023 13178 5506 5027 13179 5544 5031 13180 5545 5028 13181 5545 5028 13182 5546 5032 13183 5505 5029 13184 5507 5030 13185 5543 5036 13186 5544 5031 13187 5541 5038 13188 5542 5035 13189 5509 5034 13190 5543 5036 13191 5508 5033 13192 5542 5035 13193 5511 5040 13194 5539 5043 13195 5540 5039 13196 5540 5039 13197 5541 5038 13198 5510 5037 13199 5514 5044 13200 5537 5045 13201 5513 5046 13202 5538 5047 13203 5512 5048 13204 5513 5046 13205 5515 5049 13206 5536 5050 13207 5514 5044 13208 5512 5048 13209 5539 5043 13210 5511 5040 13211 5515 5049 13212 5516 5051 13213 5535 5052 13214 5534 5053 13215 5516 5051 13216 5517 5054 13217 5517 5054 13218 5518 5055 13219 5533 5056 13220 5517 5054 13221 5533 5056 13222 5534 5053 13223 5533 5056 13224 5518 5055 13225 5532 5057 13226 5518 5055 13227 5519 5058 13228 5532 5057 13229 5519 5058 13230 5520 5059 13231 5531 5060 13232 5526 5061 13233 5522 5062 13234 5523 5063 13235 5529 5064 13236 5520 5059 13237 5521 5065 13238 5532 5057 13239 5519 5058 13240 5531 5060 13241 5522 5062 13242 5528 5066 13243 5521 5065 13244 5523 5063 13245 5498 5067 13246 5524 5068 13247 5498 5067 13248 5499 5069 13249 5524 5068 13250 5536 5050 13251 5515 5049 13252 5535 5052 13253 5534 5053 13254 5535 5052 13255 5516 5051 13256 5512 5048 13257 5538 5047 13258 5539 5043 13259 5537 5045 13260 5538 5047 13261 5513 5046 13262 5514 5044 13263 5536 5050 13264 5537 5045 13265 5531 5060 13266 5520 5059 13267 5530 5070 13268 5530 5070 13269 5520 5059 13270 5529 5064 13271 5524 5068 13272 5525 5071 13273 5523 5063 13274 5527 5072 13275 5522 5062 13276 5526 5061 13277 5529 5064 13278 5521 5065 13279 5528 5066 13280 5522 5062 13281 5527 5072 13282 5528 5066 13283 5525 5071 13284 5526 5061 13285 5523 5063 13286 5561 5073 13287 5564 5074 13288 5562 5075 13289 5563 5076 13290 5562 5075 13291 5564 5074 13292 5574 5077 13293 5572 5078 13294 5573 5079 13295 5574 5077 13296 5565 5080 13297 5572 5078 13298 5565 5080 13299 5566 5081 13300 5571 5082 13301 5565 5080 13302 5571 5082 13303 5572 5078 13304 5566 5081 13305 5567 5083 13306 5570 5084 13307 5570 5084 13308 5571 5082 13309 5566 5081 13310 5567 5083 13311 5568 5085 13312 5570 5084 13313 5638 5086 13314 5582 5087 13315 5583 5088 13316 5636 5089 13317 5585 5090 13318 5586 5091 13319 5587 5092 13320 5636 5089 13321 5586 5091 13322 5583 5088 13323 5584 5093 13324 5637 5094 13325 5588 5095 13326 5635 5096 13327 5587 5092 13328 5588 5095 13329 5589 5097 13330 5634 5098 13331 5639 5099 13332 5584 5093 13333 5585 5090 13334 5595 5100 13335 5629 5101 13336 5594 5102 13337 5597 5103 13338 5627 5104 13339 5596 5105 13340 5595 5100 13341 5596 5105 13342 5628 5106 13343 5594 5102 13344 5631 5107 13345 5593 5108 13346 5592 5109 13347 5632 5110 13348 5591 5111 13349 5593 5108 13350 5631 5107 13351 5592 5109 13352 5638 5086 13353 5581 5112 13354 5582 5087 13355 5639 5099 13356 5585 5090 13357 5636 5089 13358 5590 5113 13359 5633 5114 13360 5589 5097 13361 5584 5093 13362 5639 5099 13363 5637 5094 13364 5638 5086 13365 5583 5088 13366 5637 5094 13367 5635 5096 13368 5636 5089 13369 5587 5092 13370 5635 5096 13371 5588 5095 13372 5634 5098 13373 5633 5114 13374 5634 5098 13375 5589 5097 13376 5590 5113 13377 5591 5111 13378 5633 5114 13379 5632 5110 13380 5592 5109 13381 5631 5107 13382 5633 5114 13383 5591 5111 13384 5632 5110 13385 5594 5102 13386 5630 5115 13387 5631 5107 13388 5630 5115 13389 5594 5102 13390 5629 5101 13391 5628 5106 13392 5629 5101 13393 5595 5100 13394 5596 5105 13395 5627 5104 13396 5628 5106 13397 5627 5104 13398 5597 5103 13399 5626 5116 13400 5597 5103 13401 5598 5117 13402 5626 5116 13403 5626 5116 13404 5598 5117 13405 5599 5118 13406 5600 5119 13407 5601 5120 13408 5624 5121 13409 5623 5122 13410 5601 5120 13411 5602 5123 13412 5621 5124 13413 5602 5123 13414 5603 5125 13415 5604 5126 13416 5620 5127 13417 5603 5125 13418 5605 5128 13419 5619 5129 13420 5604 5126 13421 5599 5118 13422 5600 5119 13423 5625 5130 13424 5609 5131 13425 5610 5132 13426 5615 5133 13427 5614 5134 13428 5611 5135 13429 5612 5136 13430 5612 5136 13431 5579 5137 13432 5580 5138 13433 5607 5139 13434 5608 5140 13435 5617 5141 13436 5607 5139 13437 5618 5142 13438 5606 5143 13439 5610 5132 13440 5611 5135 13441 5614 5134 13442 5609 5131 13443 5616 5144 13444 5608 5140 13445 5623 5122 13446 5602 5123 13447 5622 5145 13448 5621 5124 13449 5622 5145 13450 5602 5123 13451 5621 5124 13452 5603 5125 13453 5620 5127 13454 5620 5127 13455 5604 5126 13456 5619 5129 13457 5600 5119 13458 5624 5121 13459 5625 5130 13460 5626 5116 13461 5599 5118 13462 5625 5130 13463 5623 5122 13464 5624 5121 13465 5601 5120 13466 5615 5133 13467 5616 5144 13468 5609 5131 13469 5617 5141 13470 5608 5140 13471 5616 5144 13472 5610 5132 13473 5614 5134 13474 5615 5133 13475 5614 5134 13476 5612 5136 13477 5613 5146 13478 5580 5138 13479 5613 5146 13480 5612 5136 13481 5618 5142 13482 5619 5129 13483 5606 5143 13484 5606 5143 13485 5619 5129 13486 5605 5128 13487 5607 5139 13488 5617 5141 13489 5618 5142 13490 5643 5147 13491 5642 5148 13492 5646 5149 13493 5646 5149 13494 5644 5150 13495 5643 5147 13496 5644 5150 13497 5641 5151 13498 5643 5147 13499 5641 5151 13500 5640 5152 13501 5643 5147 13502 5695 5153 13503 5671 5154 13504 5647 5155 13505 5697 5156 13506 5669 5157 13507 5670 5158 13508 5702 5159 13509 5704 5160 13510 5705 5161 13511 5705 5161 13512 5706 5162 13513 5701 5163 13514 5696 5164 13515 5670 5158 13516 5671 5154 13517 5698 5165 13518 5668 5166 13519 5669 5157 13520 5695 5153 13521 5696 5164 13522 5671 5154 13523 5706 5162 13524 5668 5166 13525 5700 5167 13526 5648 5168 13527 5649 5169 13528 5693 5170 13529 5649 5169 13530 5650 5171 13531 5691 5172 13532 5687 5173 13533 5653 5174 13534 5654 5175 13535 5651 5176 13536 5690 5177 13537 5650 5171 13538 5648 5168 13539 5694 5178 13540 5647 5155 13541 5693 5170 13542 5694 5178 13543 5648 5168 13544 5695 5153 13545 5647 5155 13546 5694 5178 13547 5688 5179 13548 5652 5180 13549 5653 5174 13550 5652 5180 13551 5689 5181 13552 5651 5176 13553 5706 5162 13554 5700 5167 13555 5701 5163 13556 5669 5157 13557 5697 5156 13558 5698 5165 13559 5670 5158 13560 5696 5164 13561 5697 5156 13562 5705 5161 13563 5701 5163 13564 5702 5159 13565 5704 5160 13566 5702 5159 13567 5703 5182 13568 5668 5166 13569 5698 5165 13570 5699 5183 13571 5700 5167 13572 5668 5166 13573 5699 5183 13574 5649 5169 13575 5691 5172 13576 5692 5184 13577 5693 5170 13578 5649 5169 13579 5692 5184 13580 5691 5172 13581 5650 5171 13582 5690 5177 13583 5651 5176 13584 5689 5181 13585 5690 5177 13586 5689 5181 13587 5652 5180 13588 5688 5179 13589 5687 5173 13590 5688 5179 13591 5653 5174 13592 5654 5175 13593 5655 5185 13594 5686 5186 13595 5660 5187 13596 5661 5188 13597 5679 5189 13598 5682 5190 13599 5658 5191 13600 5659 5192 13601 5660 5187 13602 5680 5193 13603 5659 5192 13604 5656 5194 13605 5685 5195 13606 5655 5185 13607 5684 5196 13608 5656 5194 13609 5657 5197 13610 5679 5189 13611 5680 5193 13612 5660 5187 13613 5683 5198 13614 5657 5197 13615 5658 5191 13616 5677 5199 13617 5661 5188 13618 5662 5200 13619 5662 5200 13620 5663 5201 13621 5677 5199 13622 5663 5201 13623 5664 5202 13624 5676 5203 13625 5664 5202 13626 5707 5204 13627 5674 5205 13628 5707 5204 13629 5665 5206 13630 5673 5207 13631 5666 5208 13632 5672 5209 13633 5665 5206 13634 5679 5189 13635 5661 5188 13636 5678 5210 13637 5684 5196 13638 5657 5197 13639 5683 5198 13640 5682 5190 13641 5683 5198 13642 5658 5191 13643 5659 5192 13644 5680 5193 13645 5681 5211 13646 5659 5192 13647 5681 5211 13648 5682 5190 13649 5686 5186 13650 5655 5185 13651 5685 5195 13652 5684 5196 13653 5685 5195 13654 5656 5194 13655 5677 5199 13656 5678 5210 13657 5661 5188 13658 5676 5203 13659 5677 5199 13660 5663 5201 13661 5664 5202 13662 5675 5212 13663 5676 5203 13664 5673 5207 13665 5674 5205 13666 5707 5204 13667 5664 5202 13668 5674 5205 13669 5675 5212 13670 5673 5207 13671 5665 5206 13672 5672 5209 13673 5667 5213 13674 5672 5209 13675 5666 5208 13676 5687 5173 13677 5654 5175 13678 5686 5186 13679 5716 5214 13680 5713 5215 13681 5712 5216 13682 5716 5214 13683 5715 5217 13684 5713 5215 13685 5714 5218 13686 5713 5215 13687 5715 5217 13688 5720 5219 13689 5718 5220 13690 5717 5220 13691 5724 5221 13692 5723 5222 13693 5721 5223 13694 5722 5224 13695 5723 5222 13696 5724 5221 13697 5786 5225 13698 5727 5226 13699 5728 5227 13700 5728 5227 13701 5729 5228 13702 5785 5229 13703 5730 5230 13704 5731 5231 13705 5782 5232 13706 5730 5230 13707 5783 5233 13708 5729 5228 13709 5781 5234 13710 5732 5235 13711 5733 5236 13712 5733 5236 13713 5734 5237 13714 5780 5238 13715 5782 5232 13716 5731 5231 13717 5732 5235 13718 5739 5239 13719 5740 5240 13720 5774 5241 13721 5740 5240 13722 5741 5242 13723 5773 5243 13724 5741 5242 13725 5742 5244 13726 5772 5245 13727 5739 5239 13728 5775 5246 13729 5738 5247 13730 5737 5248 13731 5777 5249 13732 5736 5250 13733 5738 5247 13734 5776 5251 13735 5737 5248 13736 5743 5252 13737 5771 5253 13738 5742 5244 13739 5729 5228 13740 5784 5254 13741 5785 5229 13742 5785 5229 13743 5786 5225 13744 5728 5227 13745 5783 5233 13746 5784 5254 13747 5729 5228 13748 5735 5255 13749 5779 5256 13750 5734 5237 13751 5735 5255 13752 5778 5257 13753 5779 5256 13754 5735 5255 13755 5736 5250 13756 5778 5257 13757 5786 5225 13758 5787 5258 13759 5727 5226 13760 5781 5234 13761 5782 5232 13762 5732 5235 13763 5781 5234 13764 5733 5236 13765 5780 5238 13766 5780 5238 13767 5734 5237 13768 5779 5256 13769 5783 5233 13770 5730 5230 13771 5782 5232 13772 5777 5249 13773 5737 5248 13774 5776 5251 13775 5774 5241 13776 5775 5246 13777 5739 5239 13778 5776 5251 13779 5738 5247 13780 5775 5246 13781 5740 5240 13782 5773 5243 13783 5774 5241 13784 5741 5242 13785 5772 5245 13786 5773 5243 13787 5736 5250 13788 5777 5249 13789 5778 5257 13790 5742 5244 13791 5771 5253 13792 5772 5245 13793 5770 5259 13794 5743 5252 13795 5744 5260 13796 5745 5261 13797 5769 5262 13798 5744 5260 13799 5768 5263 13800 5745 5261 13801 5746 5264 13802 5746 5264 13803 5747 5265 13804 5768 5263 13805 5766 5266 13806 5748 5267 13807 5749 5268 13808 5748 5267 13809 5767 5269 13810 5747 5265 13811 5765 5270 13812 5749 5268 13813 5750 5271 13814 5763 5272 13815 5752 5273 13816 5753 5274 13817 5754 5275 13818 5762 5276 13819 5753 5274 13820 5755 5277 13821 5756 5278 13822 5760 5279 13823 5761 5280 13824 5754 5275 13825 5755 5277 13826 5763 5272 13827 5751 5281 13828 5752 5273 13829 5750 5271 13830 5751 5281 13831 5764 5282 13832 5756 5278 13833 5725 5283 13834 5759 5284 13835 5755 5277 13836 5760 5279 13837 5761 5280 13838 5744 5260 13839 5769 5262 13840 5770 5259 13841 5771 5253 13842 5743 5252 13843 5770 5259 13844 5768 5263 13845 5769 5262 13846 5745 5261 13847 5748 5267 13848 5766 5266 13849 5767 5269 13850 5767 5269 13851 5768 5263 13852 5747 5265 13853 5766 5266 13854 5749 5268 13855 5765 5270 13856 5759 5284 13857 5760 5279 13858 5756 5278 13859 5762 5276 13860 5754 5275 13861 5761 5280 13862 5764 5282 13863 5765 5270 13864 5750 5271 13865 5751 5281 13866 5763 5272 13867 5764 5282 13868 5757 5285 13869 5725 5283 13870 5726 5286 13871 5757 5285 13872 5759 5284 13873 5725 5283 13874 5762 5276 13875 5763 5272 13876 5753 5274 13877 5795 5287 13878 5794 5288 13879 5796 5289 13880 5797 5290 13881 5796 5289 13882 5794 5288 13883 5793 5291 13884 5798 5292 13885 5797 5290 13886 5797 5290 13887 5794 5288 13888 5793 5291 13889 5792 5293 13890 5798 5292 13891 5793 5291 13892 5802 5294 13893 5801 5295 13894 5803 5296 13895 5804 5297 13896 5803 5296 13897 5801 5295 13898 5806 5298 13899 5805 5299 13900 5808 5300 13901 5807 5301 13902 5806 5298 13903 5808 5300 13904 5809 5302 13905 5812 5303 13906 5810 5304 13907 5817 5305 13908 5814 5306 13909 5813 5307 13910 5815 5308 13911 5814 5306 13912 5816 5309 13913 5816 5309 13914 5814 5306 13915 5817 5305 13916 5819 5310 13917 5818 5311 13918 5821 5312 13919 5821 5312 13920 5820 5313 13921 5819 5310 13922 5825 5314 13923 5823 5315 13924 5822 5316 13925 5824 5317 13926 5823 5315 13927 5825 5314 13928 5827 5318 13929 5828 5318 13930 5826 5319 13931 5835 5320 13932 5890 5321 13933 5834 5322 13934 5836 5323 13935 5889 5324 13936 5835 5320 13937 5888 5325 13938 5836 5323 13939 5837 5326 13940 5887 5327 13941 5837 5326 13942 5838 5328 13943 5892 5329 13944 5893 5330 13945 5895 5331 13946 5893 5330 13947 5894 5332 13948 5895 5331 13949 5895 5331 13950 5834 5322 13951 5892 5329 13952 5891 5333 13953 5834 5322 13954 5890 5321 13955 5836 5323 13956 5888 5325 13957 5889 5324 13958 5887 5327 13959 5839 5334 13960 5886 5335 13961 5887 5327 13962 5838 5328 13963 5839 5334 13964 5839 5334 13965 5840 5336 13966 5885 5337 13967 5878 5338 13968 5845 5339 13969 5846 5340 13970 5844 5341 13971 5845 5339 13972 5879 5342 13973 5840 5336 13974 5841 5343 13975 5884 5344 13976 5886 5335 13977 5839 5334 13978 5885 5337 13979 5884 5344 13980 5885 5337 13981 5840 5336 13982 5847 5345 13983 5878 5338 13984 5846 5340 13985 5882 5346 13986 5841 5343 13987 5842 5347 13988 5882 5346 13989 5842 5347 13990 5843 5348 13991 5880 5349 13992 5843 5348 13993 5844 5341 13994 5892 5329 13995 5834 5322 13996 5891 5333 13997 5888 5325 13998 5837 5326 13999 5887 5327 14000 5884 5344 14001 5841 5343 14002 5883 5350 14003 5835 5320 14004 5889 5324 14005 5890 5321 14006 5841 5343 14007 5882 5346 14008 5883 5350 14009 5843 5348 14010 5881 5351 14011 5882 5346 14012 5880 5349 14013 5881 5351 14014 5843 5348 14015 5847 5345 14016 5877 5352 14017 5878 5338 14018 5880 5349 14019 5844 5341 14020 5879 5342 14021 5845 5339 14022 5878 5338 14023 5879 5342 14024 5850 5353 14025 5874 5354 14026 5849 5355 14027 5872 5356 14028 5851 5357 14029 5852 5358 14030 5876 5359 14031 5877 5352 14032 5847 5345 14033 5876 5359 14034 5847 5345 14035 5848 5360 14036 5875 5361 14037 5848 5360 14038 5849 5355 14039 5876 5359 14040 5848 5360 14041 5875 5361 14042 5874 5354 14043 5875 5361 14044 5849 5355 14045 5851 5357 14046 5873 5362 14047 5850 5353 14048 5872 5356 14049 5873 5362 14050 5851 5357 14051 5870 5363 14052 5871 5364 14053 5853 5365 14054 5871 5364 14055 5852 5358 14056 5853 5365 14057 5863 5366 14058 5859 5367 14059 5860 5368 14060 5867 5369 14061 5856 5370 14062 5857 5371 14063 5870 5363 14064 5854 5372 14065 5855 5373 14066 5868 5374 14067 5869 5375 14068 5855 5373 14069 5867 5369 14070 5868 5374 14071 5856 5370 14072 5868 5374 14073 5855 5373 14074 5856 5370 14075 5864 5376 14076 5858 5377 14077 5859 5367 14078 5833 5378 14079 5861 5379 14080 5832 5380 14081 5853 5365 14082 5854 5372 14083 5870 5363 14084 5873 5362 14085 5874 5354 14086 5850 5353 14087 5872 5356 14088 5852 5358 14089 5871 5364 14090 5855 5373 14091 5869 5375 14092 5870 5363 14093 5857 5371 14094 5866 5381 14095 5867 5369 14096 5857 5371 14097 5865 5382 14098 5866 5381 14099 5858 5377 14100 5865 5382 14101 5857 5371 14102 5859 5367 14103 5863 5366 14104 5864 5376 14105 5832 5380 14106 5862 5383 14107 5860 5368 14108 5864 5376 14109 5865 5382 14110 5858 5377 14111 5863 5366 14112 5860 5368 14113 5862 5383 14114 5862 5383 14115 5832 5380 14116 5861 5379 14117 5903 5384 14118 5904 5385 14119 5902 5386 14120 5904 5385 14121 5903 5384 14122 5898 5387 14123 5899 5388 14124 5902 5386 14125 5904 5385 14126 5899 5388 14127 5900 5389 14128 5902 5386 14129 5905 5390 14130 5906 5390 14131 5908 5391 14132 5916 5392 14133 5967 5393 14134 5915 5394 14135 5967 5393 14136 5916 5392 14137 5917 5395 14138 5970 5396 14139 5913 5397 14140 5914 5398 14141 5970 5396 14142 5912 5399 14143 5913 5397 14144 5914 5398 14145 5915 5394 14146 5968 5400 14147 5966 5401 14148 5917 5395 14149 5918 5402 14150 5965 5403 14151 5918 5402 14152 5919 5404 14153 5960 5405 14154 5925 5406 14155 5926 5407 14156 5958 5408 14157 5927 5409 14158 5928 5410 14159 5926 5407 14160 5927 5409 14161 5959 5411 14162 5922 5412 14163 5923 5413 14164 5962 5414 14165 5962 5414 14166 5923 5413 14167 5924 5415 14168 5925 5406 14169 5961 5416 14170 5924 5415 14171 5911 5417 14172 5912 5399 14173 5970 5396 14174 5914 5398 14175 5969 5418 14176 5970 5396 14177 5920 5419 14178 5964 5420 14179 5919 5404 14180 5915 5394 14181 5967 5393 14182 5968 5400 14183 5914 5398 14184 5968 5400 14185 5969 5418 14186 5966 5401 14187 5967 5393 14188 5917 5395 14189 5918 5402 14190 5965 5403 14191 5966 5401 14192 5964 5420 14193 5965 5403 14194 5919 5404 14195 5920 5419 14196 5921 5421 14197 5964 5420 14198 5962 5414 14199 5963 5422 14200 5922 5412 14201 5964 5420 14202 5921 5421 14203 5963 5422 14204 5962 5414 14205 5924 5415 14206 5961 5416 14207 5960 5405 14208 5961 5416 14209 5925 5406 14210 5960 5405 14211 5926 5407 14212 5959 5411 14213 5959 5411 14214 5927 5409 14215 5958 5408 14216 5922 5412 14217 5963 5422 14218 5921 5421 14219 5929 5423 14220 5957 5424 14221 5928 5410 14222 5930 5425 14223 5957 5424 14224 5929 5423 14225 5931 5426 14226 5932 5427 14227 5955 5428 14228 5954 5429 14229 5932 5427 14230 5933 5430 14231 5934 5431 14232 5953 5432 14233 5933 5430 14234 5934 5431 14235 5935 5433 14236 5953 5432 14237 5952 5434 14238 5935 5433 14239 5936 5435 14240 5956 5436 14241 5930 5425 14242 5931 5426 14243 5948 5437 14244 5941 5438 14245 5942 5439 14246 5944 5440 14247 5946 5441 14248 5943 5442 14249 5944 5440 14250 5909 5443 14251 5945 5444 14252 5938 5445 14253 5939 5446 14254 5950 5447 14255 5949 5448 14256 5939 5446 14257 5940 5449 14258 5941 5438 14259 5948 5437 14260 5940 5449 14261 5943 5442 14262 5947 5450 14263 5942 5439 14264 5955 5428 14265 5956 5436 14266 5931 5426 14267 5955 5428 14268 5932 5427 14269 5954 5429 14270 5937 5451 14271 5951 5452 14272 5936 5435 14273 5933 5430 14274 5953 5432 14275 5954 5429 14276 5958 5408 14277 5928 5410 14278 5957 5424 14279 5930 5425 14280 5956 5436 14281 5957 5424 14282 5952 5434 14283 5936 5435 14284 5951 5452 14285 5935 5433 14286 5952 5434 14287 5953 5432 14288 5951 5452 14289 5937 5451 14290 5950 5447 14291 5937 5451 14292 5938 5445 14293 5950 5447 14294 5948 5437 14295 5942 5439 14296 5947 5450 14297 5948 5437 14298 5949 5448 14299 5940 5449 14300 5943 5442 14301 5946 5441 14302 5947 5450 14303 5949 5448 14304 5950 5447 14305 5939 5446 14306 5946 5441 14307 5944 5440 14308 5945 5444 14309 5945 5444 14310 5909 5443 14311 5910 5453 14312 5974 5454 14313 5973 5455 14314 5972 5454 14315 5998 5456 14316 5999 5457 14317 6034 5458 14318 6002 5459 14319 6030 5460 14320 6001 5461 14321 6002 5459 14322 6003 5462 14323 6029 5463 14324 6028 5464 14325 6003 5462 14326 5975 5465 14327 6033 5466 14328 5999 5457 14329 6000 5467 14330 6032 5468 14331 6033 5466 14332 6000 5467 14333 6001 5461 14334 6032 5468 14335 6000 5467 14336 6001 5461 14337 6031 5469 14338 6032 5468 14339 6030 5460 14340 6031 5469 14341 6001 5461 14342 6028 5464 14343 6029 5463 14344 6003 5462 14345 5976 5470 14346 5977 5471 14347 6026 5472 14348 6028 5464 14349 5975 5465 14350 6027 5473 14351 5976 5470 14352 6027 5473 14353 5975 5465 14354 6025 5474 14355 6026 5472 14356 5977 5471 14357 6025 5474 14358 5977 5471 14359 5978 5475 14360 5979 5476 14361 5980 5477 14362 6022 5478 14363 5981 5479 14364 5982 5480 14365 6019 5481 14366 6029 5463 14367 6030 5460 14368 6002 5459 14369 6027 5473 14370 5976 5470 14371 6026 5472 14372 6034 5458 14373 5999 5457 14374 6033 5466 14375 5978 5475 14376 5979 5476 14377 6024 5482 14378 6024 5482 14379 6025 5474 14380 5978 5475 14381 6023 5483 14382 6024 5482 14383 5979 5476 14384 6022 5478 14385 6023 5483 14386 5979 5476 14387 5980 5477 14388 5981 5479 14389 6021 5484 14390 6021 5484 14391 6022 5478 14392 5980 5477 14393 6019 5481 14394 6020 5485 14395 5981 5479 14396 5981 5479 14397 6020 5485 14398 6021 5484 14399 5985 5486 14400 5986 5487 14401 6015 5488 14402 5983 5489 14403 6017 5490 14404 6018 5491 14405 6018 5491 14406 5982 5480 14407 5983 5489 14408 5984 5492 14409 6017 5490 14410 5983 5489 14411 5985 5486 14412 6015 5488 14413 6016 5493 14414 6016 5493 14415 5984 5492 14416 5985 5486 14417 6014 5494 14418 6015 5488 14419 5986 5487 14420 6014 5494 14421 5986 5487 14422 5987 5495 14423 6012 5496 14424 5987 5495 14425 5988 5497 14426 6011 5498 14427 5988 5497 14428 5989 5499 14429 6004 5500 14430 5994 5501 14431 5995 5502 14432 5997 5503 14433 5995 5502 14434 5996 5504 14435 5990 5505 14436 6010 5506 14437 5989 5499 14438 6009 5507 14439 5990 5505 14440 5991 5508 14441 5993 5509 14442 6006 5510 14443 5992 5511 14444 5994 5501 14445 6005 5512 14446 5993 5509 14447 6012 5496 14448 5988 5497 14449 6011 5498 14450 5987 5495 14451 6013 5513 14452 6014 5494 14453 6012 5496 14454 6013 5513 14455 5987 5495 14456 6010 5506 14457 6011 5498 14458 5989 5499 14459 6009 5507 14460 6010 5506 14461 5990 5505 14462 6019 5481 14463 5982 5480 14464 6018 5491 14465 6017 5490 14466 5984 5492 14467 6016 5493 14468 5991 5508 14469 6008 5514 14470 6009 5507 14471 5991 5508 14472 5992 5511 14473 6008 5514 14474 5992 5511 14475 6006 5510 14476 6007 5515 14477 5992 5511 14478 6007 5515 14479 6008 5514 14480 6005 5512 14481 6006 5510 14482 5993 5509 14483 6004 5500 14484 6005 5512 14485 5994 5501 14486 5995 5502 14487 5997 5503 14488 6004 5500 14489 6036 5516 14490 6035 5517 14491 6038 5518 14492 6037 5519 14493 6036 5516 14494 6038 5518 14495 6040 5520 14496 6039 5521 14497 6042 5522 14498 6042 5522 14499 6041 5523 14500 6040 5520 14501 6046 5524 14502 6045 5524 14503 6044 5525 14504 6051 5526 14505 6049 5527 14506 6048 5528 14507 6047 5529 14508 6049 5527 14509 6051 5526 14510 6050 5530 14511 6049 5527 14512 6047 5529 14513 6058 5531 14514 6108 5532 14515 6057 5533 14516 6110 5534 14517 6055 5535 14518 6056 5536 14519 6109 5537 14520 6056 5536 14521 6057 5533 14522 6109 5537 14523 6057 5533 14524 6108 5532 14525 6110 5534 14526 6054 5538 14527 6055 5535 14528 6107 5539 14529 6059 5540 14530 6060 5541 14531 6106 5542 14532 6060 5541 14533 6061 5543 14534 6107 5539 14535 6058 5531 14536 6059 5540 14537 6068 5544 14538 6098 5545 14539 6067 5546 14540 6069 5547 14541 6070 5548 14542 6097 5549 14543 6065 5550 14544 6066 5551 14545 6100 5552 14546 6058 5531 14547 6107 5539 14548 6108 5532 14549 6107 5539 14550 6060 5541 14551 6106 5542 14552 6062 5553 14553 6104 5554 14554 6061 5543 14555 6103 5555 14556 6062 5553 14557 6063 5556 14558 6062 5553 14559 6103 5555 14560 6104 5554 14561 6110 5534 14562 6056 5536 14563 6109 5537 14564 6054 5538 14565 6110 5534 14566 6111 5557 14567 6061 5543 14568 6104 5554 14569 6105 5558 14570 6106 5542 14571 6061 5543 14572 6105 5558 14573 6064 5559 14574 6102 5560 14575 6063 5556 14576 6065 5550 14577 6101 5561 14578 6064 5559 14579 6067 5546 14580 6098 5545 14581 6099 5562 14582 6067 5546 14583 6099 5562 14584 6066 5551 14585 6069 5547 14586 6098 5545 14587 6068 5544 14588 6098 5545 14589 6069 5547 14590 6097 5549 14591 6065 5550 14592 6100 5552 14593 6101 5561 14594 6063 5556 14595 6102 5560 14596 6103 5555 14597 6102 5560 14598 6064 5559 14599 6101 5561 14600 6100 5552 14601 6066 5551 14602 6099 5562 14603 6071 5563 14604 6096 5564 14605 6070 5548 14606 6073 5565 14607 6074 5566 14608 6094 5567 14609 6095 5568 14610 6096 5564 14611 6071 5563 14612 6095 5568 14613 6071 5563 14614 6072 5569 14615 6094 5567 14616 6072 5569 14617 6073 5565 14618 6093 5570 14619 6074 5566 14620 6075 5571 14621 6092 5572 14622 6075 5571 14623 6076 5573 14624 6079 5574 14625 6080 5575 14626 6089 5576 14627 6082 5577 14628 6087 5578 14629 6081 5579 14630 6091 5580 14631 6077 5581 14632 6078 5582 14633 6092 5572 14634 6076 5573 14635 6077 5581 14636 6085 5583 14637 6084 5584 14638 6052 5585 14639 6070 5548 14640 6096 5564 14641 6097 5549 14642 6092 5572 14643 6093 5570 14644 6075 5571 14645 6091 5580 14646 6078 5582 14647 6090 5586 14648 6090 5586 14649 6078 5582 14650 6079 5574 14651 6090 5586 14652 6079 5574 14653 6089 5576 14654 6093 5570 14655 6094 5567 14656 6074 5566 14657 6072 5569 14658 6094 5567 14659 6095 5568 14660 6092 5572 14661 6077 5581 14662 6091 5580 14663 6081 5579 14664 6088 5587 14665 6080 5575 14666 6087 5578 14667 6088 5587 14668 6081 5579 14669 6087 5578 14670 6082 5577 14671 6083 5588 14672 6084 5584 14673 6085 5583 14674 6083 5588 14675 6083 5588 14676 6086 5589 14677 6087 5578 14678 6053 5590 14679 6085 5583 14680 6052 5585 14681 6089 5576 14682 6080 5575 14683 6088 5587 14684 6086 5589 14685 6083 5588 14686 6085 5583 14687 6116 5591 14688 6119 5592 14689 6114 5593 14690 6115 5594 14691 6114 5593 14692 6119 5592 14693 6117 5595 14694 6115 5594 14695 6119 5592 14696 6118 5596 14697 6117 5595 14698 6119 5592 14699 6125 5597 14700 6124 5598 14701 6123 5599 14702 6123 5599 14703 6122 5600 14704 6125 5597 14705 6129 5601 14706 6127 5602 14707 6126 5603 14708 6131 5604 14709 6130 5605 14710 6133 5606 14711 6132 5607 14712 6131 5604 14713 6133 5606 14714 6135 5608 14715 6134 5609 14716 6138 5610 14717 6138 5610 14718 6136 5611 14719 6135 5608 14720 6140 5612 14721 6139 5613 14722 6142 5614 14723 6143 5615 14724 6146 5616 14725 6144 5617 14726 6144 5617 14727 6146 5616 14728 6145 5618 14729 6147 5619 14730 6150 5620 14731 6148 5621 14732 6149 5622 14733 6148 5621 14734 6150 5620 14735 6152 5623 14736 6154 5624 14737 6153 5625 14738 6155 5626 14739 6154 5624 14740 6152 5623 14741 6155 5626 14742 6152 5623 14743 6151 5627 14744 6160 5628 14745 6213 5629 14746 6159 5630 14747 6160 5628 14748 6161 5631 14749 6212 5632 14750 6158 5633 14751 6215 5634 14752 6157 5635 14753 6158 5633 14754 6159 5630 14755 6214 5636 14756 6162 5637 14757 6211 5638 14758 6161 5631 14759 6163 5639 14760 6210 5640 14761 6162 5637 14762 6209 5641 14763 6164 5642 14764 6208 5643 14765 6163 5639 14766 6164 5642 14767 6209 5641 14768 6166 5644 14769 6206 5645 14770 6165 5646 14771 6205 5647 14772 6166 5644 14773 6167 5648 14774 6167 5648 14775 6168 5649 14776 6204 5650 14777 6169 5651 14778 6203 5652 14779 6168 5649 14780 6208 5643 14781 6165 5646 14782 6207 5653 14783 6164 5642 14784 6165 5646 14785 6208 5643 14786 6170 5654 14787 6171 5655 14788 6201 5656 14789 6169 5651 14790 6170 5654 14791 6202 5657 14792 6215 5634 14793 6216 5658 14794 6157 5635 14795 6162 5637 14796 6210 5640 14797 6211 5638 14798 6163 5639 14799 6209 5641 14800 6210 5640 14801 6211 5638 14802 6212 5632 14803 6161 5631 14804 6159 5630 14805 6213 5629 14806 6214 5636 14807 6158 5633 14808 6214 5636 14809 6215 5634 14810 6212 5632 14811 6213 5629 14812 6160 5628 14813 6166 5644 14814 6205 5647 14815 6206 5645 14816 6206 5645 14817 6207 5653 14818 6165 5646 14819 6204 5650 14820 6205 5647 14821 6167 5648 14822 6169 5651 14823 6202 5657 14824 6203 5652 14825 6204 5650 14826 6168 5649 14827 6203 5652 14828 6200 5659 14829 6201 5656 14830 6171 5655 14831 6170 5654 14832 6201 5656 14833 6202 5657 14834 6176 5660 14835 6177 5661 14836 6195 5662 14837 6179 5663 14838 6193 5664 14839 6178 5665 14840 6175 5666 14841 6176 5660 14842 6196 5667 14843 6198 5668 14844 6173 5669 14845 6174 5670 14846 6199 5671 14847 6172 5672 14848 6173 5669 14849 6197 5673 14850 6174 5670 14851 6175 5666 14852 6172 5672 14853 6200 5659 14854 6171 5655 14855 6194 5674 14856 6177 5661 14857 6178 5665 14858 6178 5665 14859 6193 5664 14860 6194 5674 14861 6181 5675 14862 6191 5676 14863 6180 5677 14864 6179 5663 14865 6180 5677 14866 6192 5678 14867 6182 5679 14868 6190 5680 14869 6181 5675 14870 6183 5681 14871 6184 5682 14872 6187 5683 14873 6188 5684 14874 6182 5679 14875 6183 5681 14876 6179 5663 14877 6192 5678 14878 6193 5664 14879 6185 5685 14880 6184 5682 14881 6156 5686 14882 6196 5667 14883 6197 5673 14884 6175 5666 14885 6176 5660 14886 6195 5662 14887 6196 5667 14888 6195 5662 14889 6177 5661 14890 6194 5674 14891 6199 5671 14892 6173 5669 14893 6198 5668 14894 6199 5671 14895 6200 5659 14896 6172 5672 14897 6197 5673 14898 6198 5668 14899 6174 5670 14900 6192 5678 14901 6180 5677 14902 6191 5676 14903 6191 5676 14904 6181 5675 14905 6190 5680 14906 6190 5680 14907 6182 5679 14908 6189 5687 14909 6189 5687 14910 6182 5679 14911 6188 5684 14912 6183 5681 14913 6187 5683 14914 6188 5684 14915 6186 5688 14916 6187 5683 14917 6184 5682 14918 6186 5688 14919 6184 5682 14920 6185 5685 14921 6229 5689 14922 6226 5690 14923 6228 5691 14924 6226 5690 14925 6227 5692 14926 6228 5691 14927 6225 5693 14928 6226 5690 14929 6230 5694 14930 6225 5693 14931 6230 5694 14932 6220 5695 14933 6229 5689 14934 6230 5694 14935 6226 5690 14936 6221 5696 14937 6224 5697 14938 6220 5695 14939 6224 5697 14940 6225 5693 14941 6220 5695 14942 6224 5697 14943 6221 5696 14944 6222 5698 14945 6231 5699 14946 6232 5700 14947 6234 5701 14948 6295 5702 14949 6241 5703 14950 6242 5704 14951 6239 5705 14952 6240 5706 14953 6296 5707 14954 6237 5708 14955 6238 5709 14956 6239 5705 14957 6296 5707 14958 6237 5708 14959 6239 5705 14960 6295 5702 14961 6240 5706 14962 6241 5703 14963 6294 5710 14964 6242 5704 14965 6243 5711 14966 6294 5710 14967 6243 5711 14968 6293 5712 14969 6292 5713 14970 6293 5712 14971 6244 5714 14972 6292 5713 14973 6244 5714 14974 6245 5715 14975 6293 5712 14976 6243 5711 14977 6244 5714 14978 6292 5713 14979 6245 5715 14980 6291 5716 14981 6246 5717 14982 6291 5716 14983 6245 5715 14984 6291 5716 14985 6246 5717 14986 6247 5718 14987 6289 5719 14988 6248 5720 14989 6249 5721 14990 6240 5706 14991 6295 5702 14992 6296 5707 14993 6295 5702 14994 6242 5704 14995 6294 5710 14996 6290 5722 14997 6291 5716 14998 6247 5718 14999 6289 5719 15000 6290 5722 15001 6248 5720 15002 6289 5719 15003 6249 5721 15004 6288 5723 15005 6249 5721 15006 6250 5724 15007 6288 5723 15008 6251 5725 15009 6287 5726 15010 6250 5724 15011 6251 5725 15012 6286 5727 15013 6287 5726 15014 6252 5728 15015 6286 5727 15016 6251 5725 15017 6285 5729 15018 6286 5727 15019 6253 5730 15020 6254 5731 15021 6285 5729 15022 6253 5730 15023 6252 5728 15024 6253 5730 15025 6286 5727 15026 6287 5726 15027 6288 5723 15028 6250 5724 15029 6284 5732 15030 6285 5729 15031 6254 5731 15032 6247 5718 15033 6248 5720 15034 6290 5722 15035 6284 5732 15036 6254 5731 15037 6255 5733 15038 6281 5734 15039 6255 5733 15040 6256 5735 15041 6280 5736 15042 6281 5734 15043 6256 5735 15044 6280 5736 15045 6256 5735 15046 6257 5737 15047 6279 5738 15048 6257 5737 15049 6258 5739 15050 6258 5739 15051 6259 5740 15052 6278 5741 15053 6277 5742 15054 6259 5740 15055 6260 5743 15056 6269 5744 15057 6268 5745 15058 6235 5746 15059 6277 5742 15060 6260 5743 15061 6261 5747 15062 6261 5747 15063 6262 5748 15064 6276 5749 15065 6273 5750 15066 6264 5751 15067 6265 5752 15068 6282 5753 15069 6255 5733 15070 6281 5734 15071 6284 5732 15072 6255 5733 15073 6282 5753 15074 6278 5741 15075 6279 5738 15076 6258 5739 15077 6257 5737 15078 6279 5738 15079 6280 5736 15080 6277 5742 15081 6278 5741 15082 6259 5740 15083 6275 5754 15084 6276 5749 15085 6262 5748 15086 6276 5749 15087 6277 5742 15088 6261 5747 15089 6275 5754 15090 6262 5748 15091 6263 5755 15092 6264 5751 15093 6274 5756 15094 6263 5755 15095 6274 5756 15096 6264 5751 15097 6273 5750 15098 6272 5757 15099 6273 5750 15100 6265 5752 15101 6266 5758 15102 6272 5757 15103 6265 5752 15104 6267 5759 15105 6271 5760 15106 6266 5758 15107 6268 5745 15108 6270 5761 15109 6267 5759 15110 6269 5744 15111 6270 5761 15112 6268 5745 15113 6272 5757 15114 6266 5758 15115 6271 5760 15116 6274 5756 15117 6275 5754 15118 6263 5755 15119 6267 5759 15120 6270 5761 15121 6271 5760 15122 6236 5762 15123 6269 5744 15124 6235 5746 15125 6300 5763 15126 6299 5764 15127 6298 5765 15128 6297 5766 15129 6299 5764 15130 6300 5763 15131 6324 5767 15132 6325 5768 15133 6361 5769 15134 6359 5770 15135 6325 5768 15136 6326 5771 15137 6302 5772 15138 6355 5773 15139 6301 5774 15140 6356 5775 15141 6328 5776 15142 6301 5774 15143 6361 5769 15144 6325 5768 15145 6360 5777 15146 6325 5768 15147 6359 5770 15148 6360 5777 15149 6358 5778 15150 6359 5770 15151 6326 5771 15152 6326 5771 15153 6327 5779 15154 6358 5778 15155 6328 5776 15156 6356 5775 15157 6357 5780 15158 6354 5781 15159 6355 5773 15160 6302 5772 15161 6328 5776 15162 6357 5780 15163 6327 5779 15164 6305 5782 15165 6352 5783 15166 6304 5784 15167 6307 5785 15168 6308 5786 15169 6348 5787 15170 6353 5788 15171 6303 5789 15172 6304 5784 15173 6352 5783 15174 6305 5782 15175 6351 5790 15176 6352 5783 15177 6353 5788 15178 6304 5784 15179 6347 5791 15180 6308 5786 15181 6309 5792 15182 6346 5793 15183 6309 5792 15184 6310 5794 15185 6350 5795 15186 6305 5782 15187 6306 5796 15188 6302 5772 15189 6303 5789 15190 6354 5781 15191 6353 5788 15192 6354 5781 15193 6303 5789 15194 6355 5773 15195 6356 5775 15196 6301 5774 15197 6327 5779 15198 6357 5780 15199 6358 5778 15200 6305 5782 15201 6350 5795 15202 6351 5790 15203 6306 5796 15204 6349 5797 15205 6350 5795 15206 6307 5785 15207 6349 5797 15208 6306 5796 15209 6307 5785 15210 6348 5787 15211 6349 5797 15212 6309 5792 15213 6346 5793 15214 6347 5791 15215 6308 5786 15216 6347 5791 15217 6348 5787 15218 6311 5798 15219 6346 5793 15220 6310 5794 15221 6344 5799 15222 6311 5798 15223 6312 5800 15224 6313 5801 15225 6343 5802 15226 6312 5800 15227 6340 5803 15228 6315 5804 15229 6316 5805 15230 6313 5801 15231 6342 5806 15232 6343 5802 15233 6311 5798 15234 6344 5799 15235 6345 5807 15236 6344 5799 15237 6312 5800 15238 6343 5802 15239 6342 5806 15240 6313 5801 15241 6314 5808 15242 6346 5793 15243 6311 5798 15244 6345 5807 15245 6319 5809 15246 6333 5810 15247 6330 5811 15248 6337 5812 15249 6317 5813 15250 6318 5814 15251 6329 5815 15252 6330 5811 15253 6335 5816 15254 6332 5817 15255 6320 5818 15256 6321 5819 15257 6331 5820 15258 6321 5819 15259 6322 5821 15260 6320 5818 15261 6333 5810 15262 6319 5809 15263 6329 5815 15264 6336 5822 15265 6318 5814 15266 6315 5804 15267 6340 5803 15268 6341 5823 15269 6341 5823 15270 6314 5808 15271 6315 5804 15272 6339 5824 15273 6340 5803 15274 6316 5805 15275 6317 5813 15276 6339 5824 15277 6316 5805 15278 6317 5813 15279 6337 5812 15280 6338 5825 15281 6317 5813 15282 6338 5825 15283 6339 5824 15284 6314 5808 15285 6341 5823 15286 6342 5806 15287 6336 5822 15288 6337 5812 15289 6318 5814 15290 6334 5826 15291 6335 5816 15292 6330 5811 15293 6335 5816 15294 6336 5822 15295 6329 5815 15296 6321 5819 15297 6331 5820 15298 6332 5817 15299 6323 5827 15300 6331 5820 15301 6322 5821 15302 6333 5810 15303 6334 5826 15304 6330 5811 15305 6320 5818 15306 6332 5817 15307 6333 5810 15308 6363 5828 15309 6362 5829 15310 6365 5830 15311 6364 5831 15312 6363 5828 15313 6365 5830 15314 6366 5832 15315 6369 5833 15316 6367 5834 15317 6373 5835 15318 6372 5836 15319 6371 5835 15320 6376 5837 15321 6375 5838 15322 6377 5839 15323 6374 5840 15324 6376 5837 15325 6377 5839 15326 6435 5841 15327 6380 5842 15328 6381 5843 15329 6435 5841 15330 6381 5843 15331 6434 5844 15332 6434 5844 15333 6381 5843 15334 6382 5845 15335 6382 5845 15336 6383 5846 15337 6433 5847 15338 6384 5848 15339 6432 5849 15340 6383 5846 15341 6431 5850 15342 6385 5851 15343 6430 5852 15344 6431 5850 15345 6384 5848 15346 6385 5851 15347 6429 5853 15348 6386 5854 15349 6387 5855 15350 6390 5856 15351 6427 5857 15352 6389 5858 15353 6393 5859 15354 6424 5860 15355 6392 5861 15356 6436 5862 15357 6380 5842 15358 6435 5841 15359 6434 5844 15360 6382 5845 15361 6433 5847 15362 6388 5863 15363 6428 5864 15364 6387 5855 15365 6387 5855 15366 6428 5864 15367 6429 5853 15368 6385 5851 15369 6386 5854 15370 6430 5852 15371 6383 5846 15372 6432 5849 15373 6433 5847 15374 6430 5852 15375 6386 5854 15376 6429 5853 15377 6384 5848 15378 6431 5850 15379 6432 5849 15380 6389 5858 15381 6427 5857 15382 6388 5863 15383 6391 5865 15384 6426 5866 15385 6390 5856 15386 6390 5856 15387 6426 5866 15388 6427 5857 15389 6392 5861 15390 6425 5867 15391 6391 5865 15392 6426 5866 15393 6391 5865 15394 6425 5867 15395 6394 5868 15396 6423 5869 15397 6393 5859 15398 6395 5870 15399 6422 5871 15400 6394 5868 15401 6393 5859 15402 6423 5869 15403 6424 5860 15404 6424 5860 15405 6425 5867 15406 6392 5861 15407 6394 5868 15408 6422 5871 15409 6423 5869 15410 6421 5872 15411 6422 5871 15412 6395 5870 15413 6428 5864 15414 6388 5863 15415 6427 5857 15416 6396 5873 15417 6421 5872 15418 6395 5870 15419 6399 5874 15420 6400 5875 15421 6417 5876 15422 6420 5877 15423 6396 5873 15424 6397 5878 15425 6398 5879 15426 6420 5877 15427 6397 5878 15428 6419 5880 15429 6398 5879 15430 6399 5874 15431 6418 5881 15432 6419 5880 15433 6399 5874 15434 6416 5882 15435 6400 5875 15436 6401 5883 15437 6406 5884 15438 6411 5885 15439 6405 5886 15440 6401 5883 15441 6402 5887 15442 6415 5888 15443 6414 5889 15444 6402 5887 15445 6403 5890 15446 6421 5872 15447 6396 5873 15448 6420 5877 15449 6420 5877 15450 6398 5879 15451 6419 5880 15452 6413 5891 15453 6414 5889 15454 6403 5890 15455 6415 5888 15456 6402 5887 15457 6414 5889 15458 6399 5874 15459 6417 5876 15460 6418 5881 15461 6417 5876 15462 6400 5875 15463 6416 5882 15464 6415 5888 15465 6416 5882 15466 6401 5883 15467 6413 5891 15468 6404 5892 15469 6412 5893 15470 6405 5886 15471 6412 5893 15472 6404 5892 15473 6405 5886 15474 6411 5885 15475 6412 5893 15476 6407 5894 15477 6410 5895 15478 6411 5885 15479 6406 5884 15480 6407 5894 15481 6411 5885 15482 6407 5894 15483 6408 5896 15484 6410 5895 15485 6408 5896 15486 6378 5897 15487 6379 5898 15488 6379 5898 15489 6409 5899 15490 6408 5896 15491 6410 5895 15492 6408 5896 15493 6409 5899 15494 6413 5891 15495 6403 5890 15496 6404 5892 15497 6442 5900 15498 6440 5901 15499 6443 5902 15500 6444 5903 15501 6443 5902 15502 6440 5901 15503 6452 5904 15504 6451 5905 15505 6449 5906 15506 6450 5907 15507 6449 5906 15508 6451 5905 15509 6449 5906 15510 6448 5908 15511 6452 5904 15512 6448 5908 15513 6447 5909 15514 6452 5904 15515 6454 5910 15516 6453 5911 15517 6457 5912 15518 6457 5912 15519 6455 5913 15520 6454 5910 15521 6455 5913 15522 6457 5912 15523 6456 5914 15524 6461 5915 15525 6459 5916 15526 6458 5917 15527 6460 5918 15528 6459 5916 15529 6461 5915 15530 6463 5919 15531 6462 5920 15532 6465 5921 15533 6464 5922 15534 6463 5919 15535 6465 5921 15536 6467 5923 15537 6466 5924 15538 6469 5925 15539 6467 5923 15540 6469 5925 15541 6468 5926 15542 6470 5927 15543 6473 5928 15544 6471 5929 15545 6478 5930 15546 6477 5931 15547 6479 5930 15548 6482 5932 15549 6481 5933 15550 6480 5934 15551 6482 5932 15552 6480 5934 15553 6483 5935 15554 3576 3196 15882 3580 3197 15883 3573 3194 15884 3579 3200 15885 3580 3197 15886 3577 3198 15887 3575 3202 15888 3579 3200 15889 3578 3199 15890 3581 6015 15891 3588 6016 15892 3582 6017 15893 3581 6015 15894 3589 6018 15895 3588 6016 15896 3589 6018 15897 3583 3203 15898 3588 6016 15899 3584 3205 15900 3588 6016 15901 3583 3203 15902 3583 3203 15903 3590 3207 15904 3587 3204 15905 3586 6019 15906 3587 3204 15907 3585 3206 15908 3618 6020 15909 3624 3233 15910 3617 3235 15911 3624 3233 15912 3623 3236 15913 3621 3234 15914 3619 3238 15915 3623 3236 15916 3620 6021 15917 3626 6022 15918 3632 3239 15919 3625 3241 15920 3631 3242 15921 3628 3244 15922 3630 3243 15923 3723 3335 15924 3732 3334 15925 3724 6023 15926 3729 3333 15927 3726 3337 15928 3732 3334 15929 3730 3338 15930 3731 3340 15931 3726 3337 15932 3728 6024 15933 3731 3340 15934 3727 3339 15935 3741 6025 15936 3740 6026 15937 3734 6027 15938 3733 6028 15939 3741 6025 15940 3734 6027 15941 3741 6025 15942 3742 6029 15943 3740 6026 15944 3742 6029 15945 3736 6030 15946 3740 6026 15947 3742 6029 15948 3735 3343 15949 3736 6030 15950 3735 3343 15951 3739 3342 15952 3736 6030 15953 3743 3341 15954 3738 3344 15955 3739 3342 15956 5788 6031 15957 5790 6032 15958 5789 6033 15959</p>
        </triangles>
      </mesh>
    </geometry>
  </library_geometries>
  <library_visual_scenes>
    <visual_scene id="场景" name="场景">
      <node id="tmp_export__左侧肩部_-_转换实体1__002" name="tmp_export_&lt;左侧肩部&gt;-&lt;转换实体1&gt;.002" type="NODE">
        <matrix sid="transform">1 0 0 0 0 1 0 0 0 0 1 0 0 0 0 1</matrix>
        <instance_geometry url="#_左侧肩部_-_转换实体1__002-mesh" name="tmp_export_&lt;左侧肩部&gt;-&lt;转换实体1&gt;.002">
          <bind_material>
            <technique_common>
              <instance_material symbol="金属_006-material" target="#金属_006-material">
                <bind_vertex_input semantic="RhinoUVMap" input_semantic="TEXCOORD" input_set="0"/>
              </instance_material>
              <instance_material symbol="法兰盘_011-material" target="#法兰盘_011-material">
                <bind_vertex_input semantic="RhinoUVMap" input_semantic="TEXCOORD" input_set="0"/>
              </instance_material>
              <instance_material symbol="法兰盘_010-material" target="#法兰盘_010-material">
                <bind_vertex_input semantic="RhinoUVMap" input_semantic="TEXCOORD" input_set="0"/>
              </instance_material>
            </technique_common>
          </bind_material>
        </instance_geometry>
      </node>
    </visual_scene>
  </library_visual_scenes>
  <scene>
    <instance_visual_scene url="#场景"/>
  </scene>
</COLLADA>