<?xml version="1.0" encoding="utf-8"?>
<COLLADA xmlns="http://www.collada.org/2005/11/COLLADASchema" version="1.4.1" xmlns:xsi="http://www.w3.org/2001/XMLSchema-instance">
  <asset>
    <contributor>
      <author>Blender User</author>
      <authoring_tool>Blender 3.6.23 commit date:2025-06-16, commit time:11:52, hash:e467db79ca8c</authoring_tool>
    </contributor>
    <created>2026-04-18T17:07:03</created>
    <modified>2026-04-18T17:07:03</modified>
    <unit name="meter" meter="1"/>
    <up_axis>Z_UP</up_axis>
  </asset>
  <library_effects>
    <effect id="金属_005-effect">
      <profile_COMMON>
        <technique sid="common">
          <lambert>
            <emission>
              <color sid="emission">0 0 0 1</color>
            </emission>
            <diffuse>
              <color sid="diffuse">0.4 0.4 0.4 1</color>
            </diffuse>
            <reflectivity>
              <float sid="specular">1</float>
            </reflectivity>
            <index_of_refraction>
              <float sid="ior">1.5</float>
            </index_of_refraction>
          </lambert>
        </technique>
      </profile_COMMON>
    </effect>
    <effect id="法兰盘_009-effect">
      <profile_COMMON>
        <technique sid="common">
          <lambert>
            <emission>
              <color sid="emission">0 0 0 1</color>
            </emission>
            <diffuse>
              <color sid="diffuse">0.06301002 0.06301002 0.06301002 1</color>
            </diffuse>
            <index_of_refraction>
              <float sid="ior">1.5</float>
            </index_of_refraction>
          </lambert>
        </technique>
      </profile_COMMON>
    </effect>
    <effect id="法兰盘_008-effect">
      <profile_COMMON>
        <technique sid="common">
          <lambert>
            <emission>
              <color sid="emission">0 0 0 1</color>
            </emission>
            <diffuse>
              <color sid="diffuse">0.06301002 0.06301002 0.06301002 1</color>
            </diffuse>
            <index_of_refraction>
              <float sid="ior">1.5</float>
            </index_of_refraction>
          </lambert>
        </technique>
      </profile_COMMON>
    </effect>
  </library_effects>
  <library_images/>
  <library_materials>
    <material id="金属_005-material" name="金属.005">
      <instance_effect url="#金属_005-effect"/>
    </material>
    <material id="法兰盘_009-material" name="法兰盘.009">
      <instance_effect url="#法兰盘_009-effect"/>
    </material>
    <material id="法兰盘_008-material" name="法兰盘.008">
      <instance_effect url="#法兰盘_008-effect"/>
    </material>
  </library_materials>
  <library_geometries>
    <geometry id="转换实体1_003-mesh" name="转换实体1.003">
      <mesh>
        <source id="转换实体1_003-mesh-positions">
          <float_array id="转换实体1_003-mesh-positions-array" count="19434">-0.01682406 0.005010485 -0.01311993 -0.01682573 0.005042076 -0.01532477 -0.01832407 0.005027472 -0.01527875 -0.01682323 0.006043374 -0.01392513 -0.0183258 0.005012214 -0.01311004 -0.01832681 0.006062805 -0.01404917 -0.01682388 3.9337e-6 -0.00814563 -0.01682573 4.2124e-5 -0.01032477 -0.01832407 2.75154e-5 -0.01027876 -0.01682323 0.001043379 -0.008925139 -0.01832562 2.22133e-5 -0.008078873 -0.0183261 0.001065194 -0.009045779 -0.01682406 -0.004989445 -0.01311993 -0.01682573 -0.004957854 -0.01532477 -0.01832407 -0.004972457 -0.01527875 -0.01682323 -0.003956556 -0.01392513 -0.0183258 -0.004987776 -0.01311004 -0.01832681 -0.003937125 -0.01404917 0.01682496 0.005000233 -0.01516413 0.01832258 0.005037367 -0.0152961 0.01682591 0.00511682 -0.01278418 0.01832497 0.005000233 -0.01316195 0.01682484 0.005833923 -0.0148006 0.01832389 0.005951285 -0.01357477 0.01682716 1.84253e-5 -0.01024198 0.01832562 2.22136e-5 -0.01024717 0.01682573 4.53819e-5 -0.008006632 0.01832497 2.36829e-7 -0.008161902 0.01682573 0.001018226 -0.009032607 0.01832717 0.001178264 -0.008921623 0.01682496 -0.004999756 -0.01516413 0.01832562 -0.004977762 -0.01524716 0.01682531 -0.004985153 -0.01310169 0.01832497 -0.004999756 -0.01316195 0.01682424 -0.003904104 -0.01443505 0.01832509 -0.003959894 -0.01373285 -0.003915846 2.22134e-5 -0.001500606 -0.003920972 1.84252e-5 -2.19599e-6 -0.006059706 1.51939e-5 -0.001499593 -0.006001055 2.37075e-7 0 -0.004952669 0.001110732 -0.001500785 -0.005494177 9.5486e-4 -1.12364e-6 0.006001055 2.37047e-7 -0.00149995 0.006084144 2.22135e-5 6.48169e-7 0.003940224 1.51937e-5 -0.001499593 0.003998875 2.36975e-7 0 0.005271971 0.001095831 -0.001500666 0.004683315 0.001061201 2.00925e-7 0.001084148 0.005022168 -0.001500606 0.001078963 0.005018413 -2.19605e-6 -0.00100106 0.005000233 -0.00149995 -0.00105971 0.005015134 -3.49571e-7 -2.39936e-4 0.006137073 -0.001501619 -2.36642e-4 0.006020665 -3.98729e-7 -0.001584947 0.009443759 -0.00149995 -0.001584053 0.009442567 0 -0.001097202 0.01035124 -0.00150001 -0.001105129 0.01035243 0 -0.001619994 0.009488463 0 -0.006816148 0.006488442 0 -0.001619994 0.009488463 -0.00149995 -0.006816148 0.006488442 -0.00149995 -0.00826162 0.006786763 -0.00149995 -0.008225023 0.006820797 0 -0.006793141 0.006407737 0 -0.006813049 0.006478905 -0.00149995 -0.008182168 0.006854474 0 -0.009682178 0.009452581 -0.00149995 -0.009682178 0.009452581 0 -0.008182168 0.006854474 -0.00149995 -0.009316146 0.0108186 0 -0.009796857 0.01032042 -0.00149995 -0.009848773 0.01027899 0 -0.009691715 0.009449481 -0.00149995 -0.009684443 0.009451866 0 -0.009316146 0.0108186 -0.00149995 -0.009316146 0.0108186 -0.00149995 -0.004119992 0.01381856 -0.00149995 -0.009316146 0.0108186 0 -0.004119992 0.01381856 0 -0.003267586 0.01394635 -0.00149995 -0.002671599 0.0135194 0 -0.004123091 0.01382815 0 -0.004122436 0.0138266 -0.00149995 -0.002753973 0.01345258 -0.00149995 -0.002753973 0.01345258 -0.00149995 -0.002753973 0.01345258 0 -0.001253962 0.01085448 -0.00149995 -0.001253962 0.01085448 0 2.22135e-5 0.006084144 0.03515064 1.84253e-5 0.006078958 0.03365218 1.51937e-5 0.003940224 0.03514963 1.98053e-5 0.003914952 0.03365099 0.001164197 0.004875779 0.03515255 0.001018226 0.00486952 0.03365075 0.005022168 0.001084148 0.03515064 0.005003929 0.001017391 0.0336489 0.00505346 -0.001200973 0.03514939 0.005008399 -0.001037001 0.03365039 0.006065189 1.17262e-4 0.03515106 0.006120502 1.31349e-5 0.03364807 -0.004977762 0.001084148 0.03515064 -0.004996061 0.001017391 0.0336489 -0.00494647 -0.001200973 0.03514939 -0.00499159 -0.001037001 0.03365039 -0.003934741 1.17263e-4 0.03515106 -0.003879427 1.31349e-5 0.03364807 -5.9055e-4 0.01789671 0.03515106 -0.002355933 0.01896542 0.03515052 -0.002426207 0.01891124 0.0336495 -5.81655e-4 0.01796376 0.03365015 -5.7735e-4 0.01799994 0.03514999 -5.7735e-4 0.01799994 0.03364998 0.002058625 0.01799994 0.03514999 0.002058625 0.01799994 0.03364998 0.002080619 0.01818656 0.03364861 0.002064883 0.01805007 0.03515052 0.003831803 0.01703101 0.03364944 0.003920733 0.01709657 0.03515124 0.003790676 0.01699995 0.03514999 0.003790676 0.01699995 0.03364998 0.01056647 0.005264043 0.03514999 0.01056647 0.005264043 0.03364998 0.0105943 0.005277514 0.03514999 0.0105741 0.005267798 0.03364998 0.01086109 0.004265904 0.03364998 0.01084607 0.004264831 0.03514999 0.01084357 0.004263401 0.03514999 0.01084548 0.004263222 0.03364998 0.01059764 0.00324881 0.03514999 0.01058864 0.003253281 0.03365004 0.01056647 0.003264009 0.03514999 0.01056647 0.003264009 0.03364998 0.007332026 -0.002338111 0.03514999 0.007332026 -0.002338111 0.03364998 0.007461488 -0.00243628 0.03364938 0.007377803 -0.002372205 0.03515052 0.005606412 -0.003390073 0.03365004 0.005618572 -0.003499031 0.03515124 0.00557816 -0.003493905 0.03514647 0.005588948 -0.003435075 0.03365164 0.003909349 -0.002459406 0.03364992 0.003567337 -0.0013417 0.03365027 0.003514885 -0.001347482 0.03514832 0.003599941 -0.001338124 0.03514999 0.003599941 0 0.03364998 0.003599941 -0.001338124 0.03364998 0.003599941 0 0.03514999 1.55881e-6 0.003620743 0.03514975 5.49333e-6 0.003661572 0.03364849 0.003646612 4.08401e-6 0.03514951 0.002652645 0.0026443 0.035151 0.003675103 5.94728e-6 0.03365021 0.002562999 0.002662777 0.03364896 -1.42341e-5 0.00374943 0.03515112 -5.94728e-6 0.003675103 0.03365021 -0.003620743 1.55881e-6 0.03514975 -0.003045678 0.002052962 0.03515011 -0.003661572 5.49333e-6 0.03364849 -0.002664506 0.002561032 0.03364896 -0.003599941 -0.001338124 0.03514999 -0.003599941 0 0.03364998 -0.003599941 0 0.03514999 -0.003599941 -0.001338124 0.03364998 -0.003562033 -0.001342415 0.03514933 -0.003503918 -0.00134921 0.0336495 -0.007442474 -0.002426385 0.03364998 -0.004819333 -0.003290235 0.03364843 -0.005038976 -0.003376364 0.03514873 -0.007358253 -0.002358436 0.03514999 -0.007332026 -0.002338111 0.03514999 -0.007332026 -0.002338111 0.03364998 -0.01460182 0.01025348 0.03364998 -0.01460182 0.01025348 0.03514999 -0.01460182 0.01025348 0.03364998 -0.0146023 0.01025325 0.03514999 -0.01472586 0.01049852 0.03364992 -0.0147224 0.01050001 0.03514999 -0.01550883 0.01186203 0.03364998 -0.0147224 0.01049995 0.03364998 -0.0147224 0.01049995 0.03514999 -0.01550883 0.01186203 0.03514999 -0.01550883 0.01186203 0.03514999 -0.01552301 0.01188665 0.03367578 -0.01662713 0.01379901 0.03291338 -0.01587712 0.01249998 0.03291338 -0.01582056 0.01240199 0.03332996 -0.0160225 0.01275181 0.03492975 -0.01651698 0.01360833 0.03394079 -0.01662713 0.01379901 0.03191339 -0.01587712 0.01249998 0.03291338 -0.01662713 0.01379901 0.03291338 -0.01587712 0.01249998 0.03191339 -0.01723122 0.01344972 0.03090357 -0.01646059 0.01216304 0.03085404 -0.01660108 0.01381421 0.03190851 -0.01585584 0.01251208 0.03190952 -0.01790672 0.01287668 0.03091174 -0.01726341 0.01345449 0.03095418 -0.01671582 0.01195263 0.03091388 -0.01650649 0.01214683 0.03095072 -0.01674264 0.01195186 0.03091335 -0.01790112 0.01287192 0.03091335 -0.01837033 0.01150125 0.03091335 -0.01687031 0.01150125 0.03091335 -0.0182498 0.01222562 0.03091335 -0.01837033 0.01150125 0.03091335 -0.01837033 0.008022248 0.03091335 -0.01687031 0.008022248 0.03091335 -0.01687031 0.01150125 0.03091335 -0.01686996 0.008010685 0.03104811 -0.01837056 0.008012354 0.03101265 -0.01837033 0.005871713 0.03006988 -0.01687043 0.005876839 0.03006309 -0.01687031 0.005900979 0.03003472 -0.01837033 0.005900979 0.03003472 -0.01837033 0.004658281 0.02879208 -0.01687031 0.004658281 0.02879208 -0.01837092 0.004597187 0.02884232 -0.01837033 0.003733575 0.02667498 -0.01687043 0.003742456 0.02667373 -0.01686984 0.004537582 0.02889341 -0.01687031 0.003779649 0.006979227 -0.01837033 0.003779649 0.02667075 -0.01687031 0.003779649 0.02667075 -0.01837033 0.003779649 0.006979227 -0.01686984 0.003621935 0.006965458 -0.01837092 0.003700196 0.006971478 -0.01837033 0.004622757 0.004828333 -0.01687043 0.004629909 0.004833757 -0.01687031 0.004658281 0.004857897 -0.01837033 0.004658281 0.004857897 -0.01837033 0.005900979 0.00361526 -0.01687031 0.005900979 0.00361526 -0.01686984 0.005799174 0.003494024 -0.01837092 0.005850255 0.003553628 -0.01837033 0.008018016 0.002690553 -0.01687043 0.008019268 0.002699434 -0.01837033 0.008022248 0.002736568 -0.01687031 0.008022248 0.002736568 -0.01837033 0.01150125 0.002736568 -0.01687031 0.01150125 0.002736568 -0.01837033 0.01150125 0.002736568 -0.016891 0.01151835 0.002736568 -0.01790112 0.01287192 0.002736568 -0.01671582 0.01195263 0.002736568 -0.0182498 0.01222562 0.002736568 -0.01790595 0.01287752 0.00273931 -0.01671582 0.01195263 0.00273633 -0.0165084 0.01214528 0.002703964 -0.01726293 0.01345485 0.00269401 -0.01659882 0.01381546 0.001741826 -0.01577395 0.01256108 0.001756906 -0.01722991 0.0134505 0.002749562 -0.01649403 0.01214408 0.002717077 -0.01662713 0.01379901 7.366e-4 -0.01587712 0.01249998 0.001736581 -0.01662713 0.01379901 0.001736581 -0.01587712 0.01249998 7.366e-4 -0.01665633 0.01384967 6.91641e-4 -0.0155313 0.01190102 -0.001558482 -0.01587712 0.01249998 7.366e-4 -0.01552301 0.01188665 -2.57994e-5 -0.01582056 0.01240199 3.20002e-4 -0.0163089 0.0132479 -8.63621e-4 -0.01550883 0.01186203 -0.00149995 -0.01550883 0.01186203 0 -0.0147224 0.01049995 -0.00149995 -0.0147224 0.01049995 0 -0.01442277 0.009502351 -0.00149995 -0.01444399 0.009500741 0 -0.01469743 0.01051211 0 -0.01471334 0.01050442 -0.00149995 -0.01606285 0.007458627 -0.001499593 -0.01606631 0.007474601 -6.45014e-7 -0.0143029 0.009473204 4.2379e-7 -0.0142076 0.009457409 -0.001501381 -0.01608836 0.007533788 0 -0.01663517 0.007496476 -5.64251e-5 -0.01608806 0.007531106 -0.00149995 -0.01626825 0.007502913 -0.001522243 -0.01832497 0.007499992 -0.002236545 -0.01626795 0.007499992 -0.001522183 -0.01663362 0.007499992 -6.74731e-5 -0.01762115 0.007499992 -5.67873e-4 -0.01820349 0.007499992 -0.001509428 -0.01682496 0.007499992 -0.002236545 -0.0166822 0.007499992 -0.001773536 -0.01682496 0.007499992 -0.01416301 -0.01832497 0.007499992 -0.002236545 -0.01682496 0.007499992 -0.002236545 -0.01832497 0.007499992 -0.01416301 -0.01682603 0.0075652 -0.01416885 -0.01832509 0.006441354 -0.01814961 -0.01832234 0.007683932 -0.01417744 -0.01682364 0.006495952 -0.01817888 -0.01682341 0.00640434 -0.01813995 -0.016824 0.00418657 -0.01879352 -0.01682496 0.003600597 -0.01732361 -0.01832455 0.003551721 -0.01733332 -0.01832383 0.004309892 -0.01864302 -0.0183227 0.00654453 -0.01828068 -0.01832497 0.003599941 -0.01732373 -0.01682496 0.003599941 -0.01416301 -0.01682496 0.003599941 -0.01732373 -0.01832497 0.003599941 -0.01416301 -0.01682519 1.5588e-6 -0.01054227 -0.01682484 0.003745198 -0.01414966 -0.01832467 0.00366795 -0.01415723 -0.01682502 0.002063274 -0.01112329 -0.01832646 5.4933e-6 -0.01050144 -0.01832634 0.002714395 -0.01161473 -0.01682519 -0.003620743 -0.01416146 -0.01832646 -0.003661572 -0.01415753 -0.01682442 -1.77026e-5 -0.010365 -0.01832455 -4.084e-6 -0.0105164 -0.01682484 -0.002966344 -0.01197671 -0.01832598 -0.002662777 -0.01160001 -0.01682496 -0.003599941 -0.01416301 -0.01832497 -0.003599941 -0.01732373 -0.01832497 -0.003599941 -0.01416301 -0.01682496 -0.003599941 -0.01732373 -0.01682496 -0.003600597 -0.01732361 -0.01832336 -0.006411254 -0.0181483 -0.01832497 -0.003599941 -0.01732373 -0.01682573 -0.004042267 -0.01847982 -0.01682394 -0.005528986 -0.01881277 -0.01682502 -0.006376862 -0.01811552 -0.0183224 -0.004221081 -0.01879787 -0.01832473 -0.006407916 -0.01813155 -0.01682627 -0.006481468 -0.01816594 -0.01682651 -0.00755769 -0.01416754 -0.01832211 -0.007704317 -0.0141806 -0.01832497 -0.007499992 -0.01416301 -0.01682496 -0.007499992 -0.01416301 -0.01682496 -0.007499992 -0.002236545 -0.01832497 -0.007499992 -0.002236545 -0.01608836 -0.007499992 0 -0.01832497 -0.007499992 -0.002236545 -0.01685076 -0.007499992 -0.002208173 -0.01608836 -0.007499992 -0.00149995 -0.01810479 -0.007499992 -0.001209139 -0.01711577 -0.007499992 -2.20203e-4 -0.016505 -0.007499992 -0.00161308 -0.01608836 -0.007499992 -0.00149995 -0.01608836 -0.007499992 0 -0.005599975 -0.007499992 0 -0.005599975 -0.007499992 -0.00149995 -0.005590736 -0.007578849 -0.001498997 -0.005579173 -0.007668256 -1.56702e-6 -0.003818511 -0.006529688 -0.001500666 -0.003599941 -0.005499958 -0.00149995 -0.003437519 -0.005525946 -3.42306e-6 -0.003599941 -0.005499958 -0.00149995 -0.003599941 -0.005499958 0 -0.003599941 0 0 -0.003599941 0 -0.00149995 0.003599941 0 -0.00149995 0.003599941 0 0 0.002817451 0.002599179 -0.00149995 0.002993106 0.002296686 0 -1.23206e-4 0.003674507 0 -0.001781404 0.003394186 -0.00149995 -0.003056108 0.002165734 0 -0.003695547 1.3363e-5 -0.00149995 -0.003599941 0 0 0.003599941 0 0 0.003599941 -0.005499958 -0.00149995 0.003599941 -0.005499958 0 0.003599941 0 -0.00149995 0.003530204 -0.005508065 -0.001498281 0.003432929 -0.00552082 -1.58076e-6 0.004570424 -0.007281243 -0.001500427 0.005599975 -0.007499992 -0.00149995 0.005574226 -0.007662177 -3.43366e-6 0.005599975 -0.007499992 -0.00149995 0.005599975 -0.007499992 0 0.01608836 -0.007499992 -0.00149995 0.01608836 -0.007499992 0 0.01832497 -0.007499992 -0.002236545 0.01608836 -0.007499992 0 0.01608836 -0.007499992 -0.00149995 0.01711577 -0.007499992 -2.20203e-4 0.01810479 -0.007499992 -0.001209139 0.01685076 -0.007499992 -0.002208173 0.016505 -0.007499992 -0.00161308 0.01682496 -0.007499992 -0.002236545 0.01832497 -0.007499992 -0.01416301 0.01832497 -0.007499992 -0.002236545 0.01682496 -0.007499992 -0.01416301 0.01682651 -0.00755769 -0.01416754 0.01682472 -0.006468713 -0.01816332 0.01832473 -0.006404936 -0.01812988 0.01832199 -0.007716953 -0.01418173 0.01682436 -0.006444454 -0.01816952 0.01832491 -0.006400883 -0.01813477 0.01682472 -0.005104064 -0.01885747 0.01832538 -0.005112171 -0.01892137 0.01832824 -0.005063354 -0.01901108 0.01682347 -0.005084991 -0.01890295 0.01832646 -0.003516972 -0.01733928 0.01682108 -0.003303945 -0.01737725 0.01832497 -0.003599941 -0.01732373 0.01682496 -0.003599941 -0.01416301 0.01682496 -0.003599941 -0.01732373 0.01832497 -0.003599941 -0.01416301 0.01682496 0.003736972 -0.0141437 0.01832497 0.003695547 -0.01414966 0.01832497 0.001781404 -0.01076883 0.01832497 -0.003736972 -0.0141437 0.01682496 -0.003695547 -0.01414966 0.01682496 0.001943945 -0.01104235 0.01682496 -0.001781404 -0.01076883 0.01832497 -0.001943945 -0.01104235 0.01682496 0.003599941 -0.01416301 0.01832497 0.003599941 -0.01732373 0.01832497 0.003599941 -0.01416301 0.01682496 0.003599941 -0.01732373 0.01682394 0.003388941 -0.01736116 0.01832473 0.003514528 -0.0173397 0.01682537 0.005085349 -0.01890099 0.01832604 0.005057692 -0.01903921 0.01832485 0.005102872 -0.01884895 0.01682442 0.005108058 -0.01888632 0.01682472 0.006401538 -0.01813513 0.01832538 0.006451547 -0.01817572 0.01832473 0.006404936 -0.01812988 0.01682412 0.006462216 -0.01815992 0.01682651 0.007557034 -0.01416748 0.01832211 0.007704317 -0.0141806 0.01832497 0.007499992 -0.01416301 0.01682496 0.007499992 -0.007056891 0.01682496 0.007499992 -0.01416301 0.01832497 0.007499992 -0.007056891 0.0168246 0.007832407 -0.002228498 0.01832479 0.007480144 -0.007056474 0.01682496 0.007499992 -0.007056891 0.01832503 0.007829546 -0.002227962 0.01832497 0.007885813 -0.002235889 0.01823884 0.007983684 -0.001584768 0.01782637 0.008112728 -8.12183e-4 0.01714777 0.008239865 -2.55043e-4 0.016097 0.008401751 2.69044e-5 0.01682496 0.007889747 -0.002236545 0.01670998 0.008075177 -0.001817822 0.01612752 0.008429825 -0.001477897 0.006851613 0.01227629 -0.001496732 0.006753444 0.0121057 -4.25638e-6 0.01601713 0.008123517 -0.001501679 0.01607102 0.008304595 1.20298e-6 0.006893157 0.01234734 0 0.005549192 0.01322102 0 0.006893157 0.01234734 -0.00149995 0.005549192 0.01322102 -0.00149995 0.005504012 0.01315778 -0.001497745 0.005520582 0.01318031 -1.69077e-6 -0.002019762 0.01961642 -0.001499235 -0.002092659 0.01954817 -7.59662e-7 -0.001926422 0.01970404 -0.00149995 -0.001927316 0.01970332 0 -0.002681493 0.02015244 7.19152e-4 -0.003257811 0.02141797 8.38089e-5 -0.002967357 0.0211085 -6.89137e-4 -0.002438664 0.02040952 -0.001355469 -0.003377556 0.02144861 7.36423e-4 -0.002252042 0.01999729 1.13367e-4 -0.003467917 0.02139645 0.001632452 -0.00337702 0.02144896 7.36522e-4 -0.002628207 0.02014923 7.36351e-4 -0.002717792 0.02009749 0.001632511 -0.001935005 0.02055031 0.002775311 -0.002877235 0.02000516 0.001650989 -0.002674937 0.02185428 0.002734303 -0.003586888 0.02132487 0.001652657 -0.002674758 0.0218544 0.002733469 -0.002460122 0.02196335 0.002736687 -0.001899302 0.02055084 0.00272113 -0.001854062 0.02059125 0.002736568 -0.002460122 0.02196335 0.002736568 -0.001569688 0.02218341 0.002736568 -0.001556456 0.02065408 0.002736568 0.002311646 0.02215409 0.002736568 0.002311646 0.02065408 0.002736568 -0.001556456 0.02215409 0.002736568 -0.001556456 0.02065408 0.002736568 0.002323627 0.02065312 0.00259763 0.0023157 0.02215445 0.002692818 0.004524171 0.02215498 0.00350517 0.004464268 0.02065366 0.003578007 0.004432976 0.02215409 0.00361526 0.005675613 0.02065408 0.004857897 0.004432976 0.02065408 0.00361526 0.005675613 0.02215409 0.004857897 0.005708754 0.02215445 0.00483036 0.006603658 0.02065408 0.006974935 0.006673097 0.02215492 0.00696814 0.005796372 0.02065354 0.004756569 0.006554305 0.02215409 0.02667075 0.006554305 0.02215409 0.006979227 0.006554305 0.02065408 0.006979227 0.006554305 0.02065408 0.02667075 0.006715178 0.02065306 0.02668482 0.006598055 0.02215445 0.0266748 0.005767464 0.02215492 0.02886819 0.005712866 0.02065366 0.02882331 0.004432976 0.02215409 0.03003472 0.005675613 0.02065408 0.02879208 0.005675613 0.02215409 0.02879208 0.004432976 0.02065408 0.03003472 0.00446105 0.02215445 0.03006851 0.002315878 0.02065366 0.03096181 0.00452274 0.02065312 0.03014141 0.002325057 0.02215498 0.03105562 0.002311646 0.02215409 0.03091335 0.002311646 0.02065408 0.03091335 -0.001556456 0.02215409 0.03091335 -0.001556456 0.02065408 0.03091335 -0.001565098 0.0206685 0.03091335 -0.002673923 0.02190548 0.03091335 -0.001924753 0.02055537 0.03091335 -0.001556456 0.02215409 0.03091335 -0.002754688 0.02180826 0.03091335 -0.002008676 0.02050691 0.03091335 -0.003718554 0.02125293 0.0318942 -0.002779245 0.0217939 0.0308609 -0.002026081 0.02049726 0.03088122 -0.003022253 0.01992106 0.03188329 -0.002886712 0.01999998 0.03191339 -0.003636717 0.021299 0.03191339 -0.003636717 0.021299 0.03291338 -0.002886712 0.01999998 0.03291338 -0.002518415 0.01936203 0.03514999 -0.002886712 0.01999998 0.03291338 -0.002532601 0.01938664 0.03367578 -0.002830147 0.01990199 0.03332996 -0.003636717 0.021299 0.03291338 -0.003526628 0.02110832 0.03394079 -0.003032147 0.02025181 0.03492975 -0.001119971 0.01035451 -0.00149995 -0.001106083 0.01035559 0 -0.001241862 0.01086038 -0.001499772 -0.001253962 0.01085448 0 -0.001084148 0.004977762 -0.001500606 -0.001078963 0.004981517 -2.19603e-6 0.00100106 0.004999756 -0.00149995 0.00105971 0.004984796 -3.49571e-7 2.39937e-4 0.003862857 -0.001501619 2.36642e-4 0.003979265 -3.98737e-7 0.003915846 -2.22134e-5 -0.001500606 0.003920972 -1.84252e-5 -2.19599e-6 0.006059706 -1.51939e-5 -0.001499593 0.006001055 -2.37075e-7 0 0.004952669 -0.001110732 -0.001500785 0.005494177 -9.5486e-4 -1.12364e-6 -0.006001055 -2.37047e-7 -0.00149995 -0.006084144 -2.22135e-5 6.48169e-7 -0.003940224 -1.51937e-5 -0.001499593 -0.003998875 -2.36975e-7 0 -0.005271971 -0.001095831 -0.001500666 -0.004683315 -0.001061201 2.00925e-7 -0.01682496 -0.005000233 -0.01516413 -0.01832258 -0.005037367 -0.0152961 -0.01682591 -0.00511682 -0.01278418 -0.01832497 -0.005000233 -0.01316195 -0.01682484 -0.005833923 -0.0148006 -0.01832389 -0.005951285 -0.01357477 -0.01682716 -1.84253e-5 -0.01024198 -0.01832562 -2.22136e-5 -0.01024717 -0.01682573 -4.53819e-5 -0.008006632 -0.01832497 -2.36829e-7 -0.008161902 -0.01682573 -0.001018226 -0.009032607 -0.01832717 -0.001178264 -0.008921623 -0.01682496 0.004999756 -0.01516413 -0.01832562 0.004977762 -0.01524716 -0.01682531 0.004985153 -0.01310169 -0.01832497 0.004999756 -0.01316195 -0.01682424 0.003904104 -0.01443505 -0.01832509 0.003959894 -0.01373285 0.0168274 -0.00504136 -0.01300364 0.01682573 -0.005042076 -0.01532477 0.01832455 -0.005008399 -0.01520007 0.0183258 -0.005012214 -0.01311004 0.01682573 -0.006018221 -0.01429349 0.01832753 -0.006164193 -0.01428723 0.01682388 -3.9337e-6 -0.00814563 0.01682573 -4.2124e-5 -0.01032477 0.01832407 -2.75154e-5 -0.01027876 0.01832562 -2.22133e-5 -0.008078873 0.01682323 -0.001043379 -0.008925139 0.0183261 -0.001065194 -0.009045779 0.01682406 0.004989445 -0.01311993 0.01682573 0.004957854 -0.01532477 0.01832407 0.004972457 -0.01527875 0.0183258 0.004987776 -0.01311004 0.01682323 0.003956556 -0.01392513 0.01832681 0.003937125 -0.01404917 -0.005022168 -0.001084148 0.03515064 -0.004999995 0.000999987 0.03514999 -0.005008399 0.001037001 0.03365039 -0.005000233 -0.00100106 0.03364998 -0.006061196 3.16625e-4 0.03515017 -0.006095826 -2.72012e-4 0.03364926 0.004977762 -0.001084148 0.03515064 0.00494647 0.001200973 0.03514939 0.00499159 0.001037001 0.03365039 0.004996061 -0.001017391 0.0336489 0.003934741 -1.17263e-4 0.03515106 0.003879427 -1.31349e-5 0.03364807 -2.22134e-5 0.003915846 0.03515064 -4.53823e-5 0.006156384 0.03514921 -2.37073e-7 0.006001055 0.03364998 -3.93371e-6 0.003982543 0.0336489 -0.001015126 0.004757523 0.03515112 -0.001094102 0.005274832 0.0336489 -0.002518415 0.01936203 0.03364998 -0.002309381 0.01899999 0.03514999 -0.002309381 0.01899999 0.03364998 -0.002518415 0.01936203 0.03514999 -0.01592314 0.01257973 0.03293442 -0.002900302 0.02002352 0.03291904 -0.002526402 0.01937592 0.033724 -0.01551252 0.01186847 0.03368473 2.27626e-4 0.00400269 0.03364998 7.81831e-4 0.004376471 0.03364998 0.001022934 0.004999995 0.03364998 6.37794e-4 0.00579971 0.03364998 0 0.005999982 0.03364998 0.004772365 -9.97293e-4 0.03364998 0.005637764 -7.99767e-4 0.03364998 0.00602293 0 0.03364998 0.005637764 7.99767e-4 0.03364998 0.004772365 9.97293e-4 0.03364998 -0.004772365 -9.97293e-4 0.03364998 -0.004078328 -4.43838e-4 0.03364998 -0.004078328 4.43838e-4 0.03364998 -0.004772365 9.97293e-4 0.03364998 -0.002073407 0.01864957 0.03364998 -0.001162588 0.01805371 0.03364998 0.002480089 0.0179708 0.03364998 0.003451526 0.01748001 0.03364998 0.01075989 0.004868924 0.03364998 0.0108059 0.003776729 0.03364998 0.006992876 -0.002818167 0.03364998 0.005950748 -0.003327488 0.03364998 0.004909098 -0.003236353 0.03364998 0.004180431 -0.002757668 0.03364998 0.003653705 -0.001923441 0.03364998 0.003584504 3.78549e-4 0.03364998 0.003296732 0.001505553 0.03364998 0.002373337 0.002739012 0.03364998 0.001261234 0.00338149 0.03364998 0 0.0036242 0.03364998 -0.001261234 0.00338149 0.03364998 -0.002373337 0.002739012 0.03364998 -0.003296732 0.001505553 0.03364998 -0.003584504 3.78549e-4 0.03364998 -0.003666162 -0.001969635 0.03364998 -0.004372298 -0.002938032 0.03364998 -0.005336761 -0.003337502 0.03364998 -0.006371736 -0.003201246 0.03364998 -0.00711441 -0.002656996 0.03364998 -0.01547431 0.01188099 0.03364998 -0.005637764 7.99767e-4 0.03364998 -0.00602293 0 0.03364998 -0.005637764 -7.99767e-4 0.03364998 0.004078328 4.43838e-4 0.03364998 0.004078328 -4.43838e-4 0.03364998 -6.37794e-4 0.00579971 0.03364998 -0.001022934 0.004999995 0.03364998 -6.37793e-4 0.00420022 0.03364998 -0.002518415 0.01936203 0.03364998 -0.001927554 0.02056115 0.03091335 -0.001926302 0.02055853 0.002734482 -0.00155735 0.02066576 0.002736568 -0.001556456 0.02065408 0.03091335 -0.001556456 0.02065408 0.002736568 0.002785861 0.02065408 0.002761125 0.003935635 0.02065408 0.003181576 0.005993604 0.02065408 0.005210578 0.006509304 0.02065408 0.006320893 0.006529808 0.02065408 0.02714496 0.006109297 0.02065408 0.02829468 0.004080355 0.02065408 0.03035265 0.002970039 0.02065408 0.03086835 -0.001556456 0.02065408 0.03091335 -0.01651108 0.01215058 0.03094589 -0.0169292 0.01151067 0.03090703 -0.01688784 0.01150399 0.002736628 -0.01651352 0.01215243 0.002713501 -0.01687031 0.007363915 0.03086835 -0.01687031 0.0062536 0.03035265 -0.01687031 0.004224598 0.02829468 -0.01687031 0.003804147 0.02714496 -0.01687031 0.003804147 0.006505012 -0.01687031 0.004224598 0.005355238 -0.01687031 0.00639832 0.003181576 -0.01687031 0.007548034 0.002761125 -0.01687031 0.01150125 0.002736568 -0.01687031 0.01150125 0.03091335 -0.001931369 0.01970785 -2.8663e-5 -0.01551932 0.01188027 -9.21141e-5 -0.002668738 0.02022689 7.17389e-4 -0.0158931 0.0125277 7.29878e-4 -0.01587712 0.01249998 0.03291338 -0.0159049 0.01248395 0.0316025 -0.0164411 0.0121743 0.0309332 -0.01649516 0.01214313 0.002758443 -0.0159049 0.01248395 0.002047419 -0.002626895 0.02015 7.36606e-4 -0.002732694 0.02008891 0.002021431 -0.001930415 0.02055209 0.002819359 -0.001925826 0.02055478 0.03090864 -0.00235486 0.02030706 0.03098177 -0.002833425 0.02003073 0.03147447 -0.002886712 0.01999998 0.03291338 -0.01053649 0.01557821 0.0329144 -0.001924753 0.02055537 0.002733409 -0.01587712 0.01249998 7.366e-4 -0.009697139 0.01606649 7.36547e-4 0.01837193 -0.007500171 -0.002231538 0.01609122 0.008365631 2.70695e-5 0.01608836 -0.007499992 0 0.01838356 0.007890164 -0.002230405 0.0174489 0.008172512 -3.99901e-4 0.01762014 -0.007499992 -5.10792e-4 0.01832497 -0.007499992 -0.002236545 0.01832497 0.007889747 -0.002236545 0.01832497 0.005227625 -0.01316571 0.01832497 0.005781829 -0.01353955 0.01832497 0.00602293 -0.01416301 0.01832497 0.005637764 -0.01496279 0.01832497 0.004772365 -0.01516032 0.01832497 0 -0.008163034 0.01832497 6.37793e-4 -0.008363246 0.01832497 0.001022934 -0.009163022 0.01832497 6.37793e-4 -0.009962797 0.01832497 0 -0.010163 0.01832497 -0.005227625 -0.01316571 0.01832497 -0.004566073 -0.01326203 0.01832497 -0.004078328 -0.0137192 0.01832497 -0.004078328 -0.01460689 0.01832497 -0.004772365 -0.01516032 0.01832497 -0.007486462 -0.01467388 0.01832497 -0.007233738 -0.01622283 0.01832497 -0.006311476 -0.01825147 0.01832497 -0.005460441 -0.01880919 0.01832497 -0.004521191 -0.0187211 0.01832497 -0.003692269 -0.01798206 0.01832497 -0.003547728 -0.01347011 0.01832497 -0.002879798 -0.01195323 0.01832497 -0.001389086 -0.01080936 0.01832497 0 -0.01056301 0.01832497 0.001389086 -0.01080936 0.01832497 0.002879798 -0.01195323 0.01832497 0.003547728 -0.01347011 0.01832497 0.003692269 -0.01798206 0.01832497 0.004521191 -0.0187211 0.01832497 0.005460441 -0.01880919 0.01832497 0.0062173 -0.01834332 0.01832497 0.007012605 -0.01688194 0.01832497 0.007469415 -0.01500064 0.01832497 0.007518827 -0.0057047 0.01832497 0.007862269 -0.002237439 0.01832497 -0.005637764 -0.01496279 0.01832497 -0.00602293 -0.01416301 0.01832497 -0.005781829 -0.01353955 0.01832497 -6.37793e-4 -0.009962797 0.01832497 -0.001022934 -0.009163022 0.01832497 -6.37793e-4 -0.008363246 0.01832497 0.004078328 -0.01460689 0.01832497 0.004078328 -0.0137192 0.01832497 0.004566073 -0.01326203 -0.01836466 -0.007500171 -0.002232432 -0.01608836 -0.007499992 0 -0.01610189 0.007519006 1.24824e-4 -0.01873868 0.007500231 -0.002182006 -0.01760768 -0.007499992 -4.65666e-4 -0.01832497 -0.007499992 -0.002236545 -0.01832497 0.007499992 -0.002236545 -0.01832497 0.004999995 -0.015163 -0.01832497 0.005637764 -0.01496279 -0.01832497 0.00602293 -0.01416301 -0.01832497 0.005781829 -0.01353955 -0.01832497 0.005227625 -0.01316571 -0.01832497 0 -0.010163 -0.01832497 6.37793e-4 -0.009962797 -0.01832497 0.001022934 -0.009163022 -0.01832497 6.37793e-4 -0.008363246 -0.01832497 0 -0.008163034 -0.01832497 -0.004999995 -0.015163 -0.01832497 -0.004362165 -0.01496279 -0.01832497 -0.004025042 -0.01438552 -0.01832497 -0.004078328 -0.0137192 -0.01832497 -0.004772365 -0.01316571 -0.01832497 0.007486462 -0.01467388 -0.01832497 0.007233738 -0.01622283 -0.01832497 0.006266653 -0.01832145 -0.01832497 0.005240201 -0.01884138 -0.01832497 0.004181325 -0.01853984 -0.01832497 0.003643631 -0.01773023 -0.01832497 0.003584504 -0.01378446 -0.01832497 0.00338149 -0.01290178 -0.01832497 0.002577662 -0.01158529 -0.01832497 0.001021027 -0.01068556 -0.01832497 -7.74895e-4 -0.01060092 -0.01832497 -0.002577662 -0.01158529 -0.01832497 -0.00338149 -0.01290178 -0.01832497 -0.003584504 -0.01378446 -0.01832497 -0.003643631 -0.01773023 -0.01832497 -0.004181325 -0.01853984 -0.01832497 -0.005240201 -0.01884138 -0.01832497 -0.006266653 -0.01832145 -0.01832497 -0.007233738 -0.01622283 -0.01832497 -0.007486462 -0.01467388 -0.01832497 -0.005637764 -0.01336324 -0.01832497 -0.00602293 -0.01416301 -0.01832497 -0.005637764 -0.01496279 -0.01832497 -6.37793e-4 -0.008363246 -0.01832497 -0.001022934 -0.009163022 -0.01832497 -6.37793e-4 -0.009962797 -0.01832497 0.004566073 -0.01326203 -0.01832497 0.004078328 -0.0137192 -0.01832497 0.004025042 -0.01438552 -0.01832497 0.004362165 -0.01496279 -0.01608836 -0.007499992 0 0.01608836 -0.007499992 0 -0.005999982 0 0 -0.00579971 6.37794e-4 0 -0.004999995 0.001022934 0 -0.00420022 6.37793e-4 0 -0.00400269 -2.27626e-4 0 0.00400269 -2.27626e-4 0 0.00420022 6.37793e-4 0 0.004999995 0.001022934 0 0.00579971 6.37794e-4 0 0.005999982 0 0 -9.97293e-4 0.004772365 0 -7.99767e-4 0.005637764 0 0 0.00602293 0 7.99767e-4 0.005637764 0 9.97293e-4 0.004772365 0 -0.001124739 0.0105645 0 -0.001270651 0.009761214 0 -0.007227003 0.006322264 0 -0.007995665 0.006597578 0 -0.009848356 0.009863436 0 -0.009573042 0.01063203 0 -0.003830015 0.01394778 0 -0.003026723 0.01380193 0 -0.01550883 0.01186203 0 -0.01447302 0.00995773 0 -0.01463323 0.008592545 0 -0.01543545 0.007763862 0 -0.01608836 0.007533788 0 -0.00517857 -0.007470786 0 -0.004301488 -0.007047414 0 -0.003653705 -0.006085276 0 -0.003599941 0 0 -0.003353655 0.001389086 0 -0.002545535 0.002545535 0 -0.001389086 0.003353655 0 0 0.003599941 0 0.001389086 0.003353655 0 0.002545535 0.002545535 0 0.003353655 0.001389086 0 0.003599941 0 0 0.003653705 -0.006085276 0 0.004301488 -0.007047414 0 0.00517857 -0.007470786 0 0.01608473 0.008334636 0 0.01209342 0.009636521 0 0.009052813 0.01105535 0 0.004397034 0.01396191 0 9.61991e-4 0.0167461 0 -0.001949548 0.01969021 0 4.43838e-4 0.004078328 0 -4.43838e-4 0.004078328 0 0.00579971 -6.37794e-4 0 0.004999995 -0.001022934 0 0.004376471 -7.81831e-4 0 -0.004376471 -7.81831e-4 0 -0.004999995 -0.001022934 0 -0.00579971 -6.37794e-4 0 -0.01662713 0.01379901 0.03291338 -0.01642191 0.01344382 0.03429812 -0.01551139 0.01186656 0.03519409 -0.002518415 0.01936203 0.03514999 -0.003277838 0.02067744 0.03466594 -0.003662884 0.02134478 0.03291964 2.27626e-4 0.00400269 0.03514999 7.81831e-4 0.004376471 0.03514999 0.001022934 0.004999995 0.03514999 6.37794e-4 0.00579971 0.03514999 0 0.005999982 0.03514999 0.004772365 -9.97293e-4 0.03514999 0.005637764 -7.99767e-4 0.03514999 0.00602293 0 0.03514999 0.005637764 7.99767e-4 0.03514999 0.004772365 9.97293e-4 0.03514999 -0.004772365 -9.97293e-4 0.03514999 -0.004078328 -4.43838e-4 0.03514999 -0.004078328 4.43838e-4 0.03514999 -0.004772365 9.97293e-4 0.03514999 -0.002073407 0.01864957 0.03514999 -0.001162588 0.01805371 0.03514999 0.002480089 0.0179708 0.03514999 0.003451526 0.01748001 0.03514999 0.01075989 0.004868924 0.03514999 0.0108059 0.003776729 0.03514999 0.006992876 -0.002818167 0.03514999 0.005950748 -0.003327488 0.03514999 0.004909098 -0.003236353 0.03514999 0.004180431 -0.002757668 0.03514999 0.003653705 -0.001923441 0.03514999 0.003584504 3.78549e-4 0.03514999 0.003296732 0.001505553 0.03514999 0.002373337 0.002739012 0.03514999 0.001261234 0.00338149 0.03514999 0 0.0036242 0.03514999 -0.001505553 0.003296732 0.03514999 -0.002739012 0.002373337 0.03514999 -0.003535568 8.61878e-4 0.03514999 -0.003666162 -0.001969635 0.03514999 -0.004372298 -0.002938032 0.03514999 -0.005336761 -0.003337502 0.03514999 -0.006371736 -0.003201246 0.03514999 -0.00711441 -0.002656996 0.03514999 -0.01547384 0.01188009 0.03514999 -0.005637764 7.99767e-4 0.03514999 -0.00602293 0 0.03514999 -0.005637764 -7.99767e-4 0.03514999 0.004078328 4.43838e-4 0.03514999 0.004078328 -4.43838e-4 0.03514999 -6.37794e-4 0.00579971 0.03514999 -0.001022934 0.004999995 0.03514999 -6.37793e-4 0.00420022 0.03514999 -0.002518415 0.01936203 0.03514999 -0.002699434 0.02190488 0.03091341 -0.002680242 0.0218656 0.002734482 -0.001556456 0.02215409 0.03091335 -0.001558482 0.02218139 0.002736568 -0.001556456 0.02215409 0.002736568 0.002785861 0.02215409 0.002761125 0.003935635 0.02215409 0.003181576 0.005993604 0.02215409 0.005210578 0.006509304 0.02215409 0.006320893 0.006529808 0.02215409 0.02714496 0.006109297 0.02215409 0.02829468 0.004080355 0.02215409 0.03035265 0.002970039 0.02215409 0.03086835 -0.001556456 0.02215409 0.03091335 -0.01729857 0.01349896 0.03093701 -0.01854038 0.01152843 0.002736687 -0.01841378 0.01150774 0.03091311 -0.01727378 0.01346689 0.002712905 -0.01837033 0.007363915 0.03086835 -0.01837033 0.0062536 0.03035265 -0.01837033 0.004224598 0.02829468 -0.01837033 0.003804147 0.02714496 -0.01837033 0.003804147 0.006505012 -0.01837033 0.004224598 0.005355238 -0.01837033 0.00639832 0.003181576 -0.01837033 0.007548034 0.002761125 -0.01837033 0.01150125 0.002736568 -0.01837033 0.01150125 0.03091335 -0.001929402 0.01970678 -0.00153774 -0.01662713 0.01379901 7.366e-4 -0.003389894 0.02147269 7.33784e-4 -0.002958357 0.02108258 -8.07171e-4 -0.01550883 0.01186203 -0.00149995 -0.01634979 0.01331901 -8.8019e-4 -0.01662713 0.01379901 0.03291338 -0.01665484 0.01378297 0.0316025 -0.01719111 0.01347339 0.0309332 -0.01724517 0.01344215 0.002758443 -0.01665484 0.01378297 0.002047419 -0.003377735 0.02144855 7.36636e-4 -0.003473401 0.02139329 0.002040684 -0.00268042 0.02185112 0.002819359 -0.002675831 0.0218538 0.03090864 -0.003104865 0.02160608 0.03098177 -0.003583431 0.02132976 0.03147447 -0.002674758 0.0218544 0.002733409 -0.01662713 0.01379901 7.366e-4 -0.01074874 0.01719427 7.36626e-4 -0.003636717 0.021299 0.03291338 -0.008368909 0.01856619 0.03291434 0.0168522 -0.007499992 -0.002230942 0.01692205 0.007891058 -0.002214312 0.01610249 -0.007499992 -0.001434206 0.0160973 0.008364737 -0.001459181 0.01682496 -0.007499992 -0.002236545 0.01682496 0.007889747 -0.002236545 0.01682496 0.004772365 -0.01316571 0.01682496 0.005637764 -0.01336324 0.01682496 0.00602293 -0.01416301 0.01682496 0.005637764 -0.01496279 0.01682496 0.004772365 -0.01516032 0.01682496 0 -0.008163034 0.01682496 6.37793e-4 -0.008363246 0.01682496 0.001022934 -0.009163022 0.01682496 6.37793e-4 -0.009962797 0.01682496 0 -0.010163 0.01682496 -0.005227625 -0.01316571 0.01682496 -0.004566073 -0.01326203 0.01682496 -0.004078328 -0.0137192 0.01682496 -0.004078328 -0.01460689 0.01682496 -0.004772365 -0.01516032 0.01682496 -0.007486462 -0.01467388 0.01682496 -0.007233738 -0.01622283 0.01682496 -0.006311476 -0.01825147 0.01682496 -0.005460441 -0.01880919 0.01682496 -0.004521191 -0.0187211 0.01682496 -0.003692269 -0.01798206 0.01682496 -0.003547728 -0.01347011 0.01682496 -0.002879798 -0.01195323 0.01682496 -0.001389086 -0.01080936 0.01682496 0 -0.01056301 0.01682496 0.001389086 -0.01080936 0.01682496 0.002879798 -0.01195323 0.01682496 0.003547728 -0.01347011 0.01682496 0.003692269 -0.01798206 0.01682496 0.004521191 -0.0187211 0.01682496 0.005460441 -0.01880919 0.01682496 0.0062173 -0.01834332 0.01682496 0.007012605 -0.01688194 0.01682496 0.007469415 -0.01500064 0.01682496 0.007518827 -0.0057047 0.01682496 0.007862329 -0.002236843 0.01682496 -0.005637764 -0.01496279 0.01682496 -0.00602293 -0.01416301 0.01682496 -0.005781829 -0.01353955 0.01682496 -6.37793e-4 -0.009962797 0.01682496 -0.001022934 -0.009163022 0.01682496 -6.37793e-4 -0.008363246 0.01682496 0.004078328 -0.01460689 0.01682496 0.004078328 -0.0137192 -0.0169425 -0.007499992 -0.002209424 -0.01689583 0.007499575 -0.002220571 -0.01609706 -0.007499992 -0.001460015 -0.01609194 0.007521986 -0.001483619 -0.01682496 0.007499992 -0.002236545 -0.01682496 0.004999995 -0.015163 -0.01682496 0.005637764 -0.01496279 -0.01682496 0.00602293 -0.01416301 -0.01682496 0.005781829 -0.01353955 -0.01682496 0.005227625 -0.01316571 -0.01682496 0 -0.010163 -0.01682496 6.37793e-4 -0.009962797 -0.01682496 0.001022934 -0.009163022 -0.01682496 6.37793e-4 -0.008363246 -0.01682496 0 -0.008163034 -0.01682496 -0.004999995 -0.015163 -0.01682496 -0.004362165 -0.01496279 -0.01682496 -0.004025042 -0.01438552 -0.01682496 -0.004078328 -0.0137192 -0.01682496 -0.004772365 -0.01316571 -0.01682496 0.007486462 -0.01467388 -0.01682496 0.007233738 -0.01622283 -0.01682496 0.006266653 -0.01832145 -0.01682496 0.005240201 -0.01884138 -0.01682496 0.004181325 -0.01853984 -0.01682496 0.003643631 -0.01773023 -0.01682496 0.003584504 -0.01378446 -0.01682496 0.00338149 -0.01290178 -0.01682496 0.002577662 -0.01158529 -0.01682496 7.74895e-4 -0.01060092 -0.01682496 -0.001021027 -0.01068556 -0.01682496 -0.002577662 -0.01158529 -0.01682496 -0.00338149 -0.01290178 -0.01682496 -0.003584504 -0.01378446 -0.01682496 -0.003643631 -0.01773023 -0.01682496 -0.004181325 -0.01853984 -0.01682496 -0.005240201 -0.01884138 -0.01682496 -0.006266653 -0.01832145 -0.01682496 -0.007233738 -0.01622283 -0.01682496 -0.007486462 -0.01467388 -0.01682496 -0.005637764 -0.01336324 -0.01682496 -0.00602293 -0.01416301 -0.01682496 -0.005637764 -0.01496279 -0.01682496 -6.37793e-4 -0.008363246 -0.01682496 -0.001022934 -0.009163022 -0.01682496 -6.37793e-4 -0.009962797 -0.01682496 0.004566073 -0.01326203 -0.01682496 0.004078328 -0.0137192 -0.01682496 0.004025042 -0.01438552 -0.01682496 0.004362165 -0.01496279 -0.01682496 -0.007499992 -0.002236545 0.01608836 -0.007499992 -0.00149995 -0.005999982 0 -0.00149995 -0.00579971 6.37794e-4 -0.00149995 -0.004999995 0.001022934 -0.00149995 -0.00420022 6.37793e-4 -0.00149995 -0.00400269 -2.27626e-4 -0.00149995 0.00400269 -2.27626e-4 -0.00149995 0.00420022 6.37793e-4 -0.00149995 0.004999995 0.001022934 -0.00149995 0.00579971 6.37794e-4 -0.00149995 0.005999982 0 -0.00149995 -9.97293e-4 0.004772365 -0.00149995 -7.99767e-4 0.005637764 -0.00149995 0 0.00602293 -0.00149995 7.99767e-4 0.005637764 -0.00149995 9.97293e-4 0.004772365 -0.00149995 -0.001124739 0.0105645 -0.00149995 -0.001270651 0.009761214 -0.00149995 -0.007227003 0.006322264 -0.00149995 -0.007995665 0.006597578 -0.00149995 -0.009848356 0.009863436 -0.00149995 -0.009573042 0.01063203 -0.00149995 -0.003830015 0.01394778 -0.00149995 -0.003026723 0.01380193 -0.00149995 -0.01550883 0.01186203 -0.00149995 -0.01447302 0.00995773 -0.00149995 -0.01463323 0.008592545 -0.00149995 -0.01543545 0.007763862 -0.00149995 -0.01608836 0.007533788 -0.00149995 -0.00517857 -0.007470786 -0.00149995 -0.004301488 -0.007047414 -0.00149995 -0.003653705 -0.006085276 -0.00149995 -0.003599941 0 -0.00149995 -0.003353655 0.001389086 -0.00149995 -0.002545535 0.002545535 -0.00149995 -0.001389086 0.003353655 -0.00149995 0 0.003599941 -0.00149995 0.001389086 0.003353655 -0.00149995 0.002545535 0.002545535 -0.00149995 0.003353655 0.001389086 -0.00149995 0.003599941 0 -0.00149995 0.003653705 -0.006085276 -0.00149995 0.004301488 -0.007047414 -0.00149995 0.00517857 -0.007470786 -0.00149995 0.01608473 0.008334636 -0.00149995 0.01209342 0.009636521 -0.00149995 0.009052813 0.01105535 -0.00149995 0.004397034 0.01396191 -0.00149995 9.61991e-4 0.0167461 -0.00149995 -0.001949131 0.01968979 -0.00149995 4.43838e-4 0.004078328 -0.00149995 -4.43838e-4 0.004078328 -0.00149995 0.00579971 -6.37794e-4 -0.00149995 0.004999995 -0.001022934 -0.00149995 0.004376471 -7.81831e-4 -0.00149995 -0.004376471 -7.81831e-4 -0.00149995 -0.004999995 -0.001022934 -0.00149995 -0.00579971 -6.37794e-4 -0.00149995 -0.01608836 -0.007499992 -0.00149995 0.01466614 0.003512561 -0.009745001 0.01462572 0.002823114 -0.01024085 0.01462686 0.00351274 -0.01151859 0.01486933 0.003465592 -0.01158809 0.01657503 0.003530919 -0.009843647 0.01647901 0.003514051 -0.009792506 0.01656907 0.002783894 -0.01047796 0.01462429 0.004227936 -0.01354169 0.01462501 0.004992365 -0.01497358 0.01492482 0.004999458 -0.01491612 0.0148617 0.004326105 -0.01460254 0.01475715 0.004614353 -0.01345342 0.01653426 0.004995882 -0.01334261 0.01656341 0.004633426 -0.01347142 0.01462769 0.003533482 -0.0169419 0.01462519 0.002755999 -0.01755833 0.01462554 0.003514885 -0.01858121 0.01497507 0.003533124 -0.01846903 0.01489913 0.002789437 -0.01799362 0.01480132 0.003227293 -0.01697915 0.01657545 9.83805e-7 -0.01992547 0.01642727 5.88915e-5 -0.02006304 0.01656258 6.78783e-4 -0.01878511 0.01657539 6.22186e-4 -0.01965254 0.01466614 -0.003512561 -0.01857709 0.01462572 -0.002823114 -0.01808124 0.01462686 -0.00351274 -0.01680344 0.01486933 -0.003465592 -0.016734 0.01657503 -0.003530979 -0.01847839 0.01656907 -0.002783894 -0.01784408 0.01647901 -0.003514051 -0.01852953 0.01462429 -0.004227936 -0.01478034 0.01462501 -0.004992365 -0.01334846 0.01492482 -0.004999458 -0.01340591 0.0148617 -0.004326105 -0.01371949 0.01475715 -0.004614353 -0.01486861 0.01653426 -0.004995882 -0.01497942 0.01656341 -0.004633426 -0.01485067 0.01462769 -0.003533482 -0.01138013 0.01462554 -0.002695262 -0.01048225 0.01462543 -0.00353378 -0.009863615 0.01497501 -0.00353372 -0.009858429 0.01489913 -0.002789437 -0.01032841 0.01480132 -0.003227293 -0.01134288 0.01657545 -9.87809e-7 -0.008396565 0.01642727 -5.88898e-5 -0.008258998 0.01656258 -6.7879e-4 -0.009536981 0.01657539 -6.2219e-4 -0.008669555 0.01762497 -1.57274e-6 -0.01633602 0.01462495 -1.57224e-6 -0.01633596 0.01857554 6.02632e-7 -0.0108543 0.01856231 0.003344476 -0.01413547 0.01837313 0.003504037 -0.01416081 0.01857054 0.001098215 -0.0110253 0.01855766 0.002614021 -0.01207518 0.01837176 0.003342807 -0.01304954 0.01836591 0.002410173 -0.01157134 0.01837462 0.001108586 -0.01082986 0.01837098 1.03848e-6 -0.01064723 0.01462495 0.003010153 -0.01121848 0.01462495 0.00278151 -0.01043963 0.01462495 0.003106415 -0.01000386 0.01462495 0.003584742 -0.009858489 0.01462495 0.004685342 -0.01484996 0.01462495 0.004299879 -0.01448076 0.01462495 0.004338264 -0.01373577 0.01462495 0.004928529 -0.01340276 0.01462495 0.003289222 -0.01842892 0.01462495 0.002859354 -0.01804107 0.01462495 0.002828299 -0.01733618 0.01462495 0.003502905 -0.01692825 0.01462495 -0.003562211 -0.01692956 0.01462495 -0.00302875 -0.01712453 0.01462495 -0.002749025 -0.01779204 0.01462495 -0.003180325 -0.01837325 0.01462495 -0.003837823 -0.01841324 0.01462495 -0.004685342 -0.01347208 0.01462495 -0.004299879 -0.01384133 0.01462495 -0.004338264 -0.01458626 0.01462495 -0.004928529 -0.01491928 0.01462495 -0.003162086 -0.009927272 0.01462495 -0.002751529 -0.01074963 0.01462495 -0.003386795 -0.01140195 0.01462495 2.72581e-4 -0.01200437 0.01462495 6.52809e-4 -0.01161849 0.01462495 -2.72571e-4 -0.01200419 0.01462495 0 -0.011536 0.01462495 -0.002169609 -0.0142976 0.01462495 -0.002619802 -0.01399618 0.01462495 0 -0.01633536 0.01462495 0.002169489 -0.0142976 0.01462495 0.002578496 -0.0146529 0.01462495 -0.001023709 -0.02062475 0.01462495 0.001356303 -0.02054214 0.01462495 0.003564238 -0.01964956 0.01462495 0.005058288 -0.0182572 0.01462495 0.00595963 -0.01681441 0.01462495 0.006428718 -0.01517921 0.01462495 0.006487905 -0.01347911 0.01462495 0.00595963 -0.01150763 0.01462495 0.005058288 -0.01006484 0.01462495 0.003834486 -0.008883297 0.01462495 0.001693785 -0.007839679 0.01462495 -6.81908e-4 -0.007673084 0.01462495 -0.002332568 -0.008084475 0.01462495 -0.003834486 -0.008883297 0.01462495 -0.005277693 -0.0103265 0.01462495 -0.00632131 -0.0124672 0.01462495 -0.006487905 -0.01484292 0.01462495 -0.006076514 -0.01649361 0.01462495 -0.005277693 -0.01799553 0.01462495 -0.003564298 -0.01964956 0.01462495 8.0026e-4 -0.01213979 0.01462495 -6.52813e-4 -0.01161849 0.01462495 -8.00264e-4 -0.01213979 0.01462495 -0.001264572 -0.01186072 0.01462495 -0.001277744 -0.01240229 0.01462495 -0.001796901 -0.0122475 0.01462495 -0.001675009 -0.01277536 0.01462495 -0.002216339 -0.01275449 0.01462495 -0.001966953 -0.01323544 0.01462495 -0.00249648 -0.01334983 0.01462495 -0.002135336 -0.01375365 0.01462495 -0.002578496 -0.0146529 0.01462495 -0.002067446 -0.01483279 0.01462495 -0.002375125 -0.01527869 0.01462495 -0.001835465 -0.01532584 0.01462495 -0.002022564 -0.01583427 0.01462495 -0.001488089 -0.01574569 0.01462495 -0.001542925 -0.0162847 0.01462495 -0.001047253 -0.01606601 0.01462495 -9.66329e-4 -0.01660168 0.01462495 -5.40627e-4 -0.01626664 0.01462495 -3.29001e-4 -0.01676535 0.01462495 3.28998e-4 -0.01676535 0.01462495 5.40623e-4 -0.01626664 0.01462495 9.66325e-4 -0.01660168 0.01462495 0.001047253 -0.01606601 0.01462495 0.001542925 -0.0162847 0.01462495 0.001488089 -0.01574569 0.01462495 0.002022564 -0.01583427 0.01462495 0.001835465 -0.01532584 0.01462495 0.002375125 -0.01527869 0.01462495 0.002067446 -0.01483279 0.01462495 0.002619802 -0.01399618 0.01462495 0.002135336 -0.01375365 0.01462495 0.00249648 -0.01334983 0.01462495 0.001966953 -0.01323544 0.01462495 0.002216339 -0.01275449 0.01462495 0.001675009 -0.01277536 0.01462495 0.001796901 -0.0122475 0.01462495 0.001277744 -0.01240229 0.01462495 0.001264572 -0.01186072 0.01462495 -9.9676e-5 -0.00994116 0.01462495 -7.19041e-4 -0.009458839 0.01462495 -7.01667e-4 -0.008870363 0.01462495 -3.61909e-4 -0.008483946 0.01462495 2.55511e-4 -0.008432984 0.01462495 7.83949e-4 -0.009036839 0.01462495 5.366e-4 -0.009697616 0.01462495 -0.00402373 -0.01121348 0.01462495 -0.004322469 -0.0106073 0.01462495 -0.003944873 -0.009967386 0.01462495 -0.005510866 -0.01475059 0.01462495 -0.005777597 -0.01401567 0.01462495 -0.005242943 -0.01342713 0.01462495 -0.004291534 -0.01784694 0.01462495 -0.004131376 -0.01720756 0.01462495 -4.54677e-4 -0.01978683 0.01462495 -7.83952e-4 -0.01903688 0.01462495 -3.44519e-4 -0.01848489 0.01462495 2.0844e-4 -0.01842057 0.01462495 6.31481e-4 -0.0187391 0.01462495 7.63326e-4 -0.01931285 0.01462495 2.85628e-4 -0.01988661 0.01462495 0.003978729 -0.01708054 0.01462495 0.004260122 -0.01745367 0.01462495 0.00426048 -0.01792103 0.01462495 0.00395888 -0.01834362 0.01462495 0.005510866 -0.01357144 0.01462495 0.005777597 -0.01430636 0.01462495 0.005242943 -0.0148949 0.01462495 0.004098415 -0.01010471 0.01462495 0.00430262 -0.01070106 0.01462495 0.003878712 -0.01133471 0.01462495 1.78384e-5 -0.02091068 0.01657497 9.63426e-7 -0.02067875 0.01657497 0.006614804 -0.01474541 0.01462495 5.4848e-7 -0.007650911 0.01657497 1.57375e-6 -0.007632672 0.01657497 0.004569888 -0.009085595 0.01657497 0.004050135 -0.01954132 0.01462495 0.004472553 -0.01897346 0.01462495 0.006587326 -0.01520437 0.01462495 0.005547165 -0.01055866 0.01462495 0.002577185 -0.008117675 0.01462495 -7.06919e-6 -0.00754112 0.01657497 -9.86353e-7 -0.007643342 0.01462495 -0.006680428 -0.0134589 0.01657497 -0.006799995 -0.01380467 0.01462495 -4.70301e-6 -0.0207405 0.01657497 -9.66801e-7 -0.02067875 0.01657497 -0.003948271 -0.01959538 0.01657497 -0.003545939 -0.008494377 0.01462495 -0.004237949 -0.009098351 0.01462495 -0.004590392 -0.0190885 0.01657491 0.002823948 -0.01036012 0.01657497 0.003121852 -0.009981811 0.01657497 0.003595113 -0.009867489 0.01657497 0.004629194 -0.01349568 0.01657497 0.005226671 -0.0134108 0.01657509 7.77255e-4 -0.0189948 0.01657497 4.97276e-4 -0.01975989 0.01657497 -1.58179e-4 -0.01991796 0.01657497 -0.00280261 -0.01788717 0.01657497 -0.003034472 -0.01827478 0.01657497 -0.00363636 -0.01847153 0.01657515 -0.004800379 -0.0149222 0.01657497 -7.04801e-4 -0.009467303 0.01657491 -7.12075e-4 -0.008866071 0.01657497 -3.53876e-4 -0.008489668 0.01657497 1.58175e-4 -0.008404076 0.01657491 0.001693785 -0.02048236 0.01657497 0.003834486 -0.01943874 0.01657497 0.005058288 -0.0182572 0.01657497 0.00595963 -0.01681441 0.01657497 0.006428718 -0.01517921 0.01657497 0.006463706 -0.01313728 0.01657497 0.005488514 -0.01059675 0.01657497 0.003564238 -0.008672475 0.01657497 0.001684606 -0.007873952 0.01657497 0 -0.007637381 0.01657497 -0.002015888 -0.007956683 0.01657503 -0.004118442 -0.009075105 0.01657491 -0.005649626 -0.01089918 0.01657497 -0.006463706 -0.01313728 0.01657497 -0.006381094 -0.01551735 0.01657497 -0.005799412 -0.01711601 0.01657497 -0.004627525 -0.01878857 0.01657497 -0.002954959 -0.01996046 0.01657497 -0.001023709 -0.02062475 0.01657497 7.13335e-4 -0.008803844 0.01657497 8.58098e-4 -0.009327232 0.01657491 6.70669e-4 -0.009803235 0.01657497 -0.003629565 -0.009842753 0.01657503 -0.002862274 -0.01006752 0.01657485 -0.002607166 -0.01060539 0.01657497 -0.005354344 -0.01344615 0.01657497 -0.004833757 -0.01330292 0.01657491 -0.004357755 -0.01349037 0.01657497 -0.004225015 -0.01723253 0.01657509 -0.003693163 -0.01677358 0.01657497 -7.13339e-4 -0.01951819 0.01657497 -8.58102e-4 -0.0189948 0.01657491 -6.70674e-4 -0.0185188 0.01657497 0.003537714 -0.01847565 0.01657503 0.002862274 -0.01825451 0.01657485 0.002607166 -0.01771664 0.01657497 0.005354344 -0.01487588 0.01657497 0.004833757 -0.01501911 0.01657491 0.004357755 -0.01483172 0.01657497 0.004292488 -0.01087731 0.01657497 0.004024744 -0.01134979 0.01657485 0.003555595 -0.01155388 0.01657491 0.001238524 -0.01084029 0.01657497 0.00283724 -0.01203709 0.01657497 0.003535091 -0.0139082 0.01657491 0.003110647 -0.01585954 0.01657497 0.002102732 -0.01696997 0.01657497 7.53366e-4 -0.01762419 0.01657497 -9.92707e-4 -0.01754188 0.01657497 -0.002102732 -0.01696997 0.01657497 -0.002964198 -0.01606601 0.01657497 -0.003487706 -0.0146625 0.01657497 -0.003380835 -0.01316833 0.01657503 -0.002506077 -0.01165491 0.01657497 -7.53372e-4 -0.01069784 0.01657474 2.96368e-4 -0.009997129 0.0165748 -2.5104e-4 -0.009940326 0.01657468 -0.00273472 -0.01100713 0.0165748 -0.003197669 -0.01137131 0.01657491 -0.003967881 -0.01127254 0.01657491 -0.004299521 -0.0107007 0.01657491 -0.00416696 -0.01020354 0.01657474 -0.004163861 -0.01386463 0.0165748 -0.004220664 -0.01441204 0.01657497 -0.005569279 -0.01468729 0.01657497 -0.005760371 -0.01400977 0.01657468 -0.00315386 -0.01689577 0.0165748 -0.002806901 -0.01732301 0.01657497 -0.004266321 -0.01798307 0.01657474 -2.96368e-4 -0.01832491 0.0165748 2.51036e-4 -0.01838171 0.01657468 0.00273472 -0.01731491 0.0165748 0.003197669 -0.01695072 0.01657491 0.003967881 -0.01704949 0.01657491 0.004280328 -0.01754844 0.01657497 0.004182577 -0.01812893 0.01657474 0.004163861 -0.0144574 0.01657474 0.004217207 -0.01391923 0.01657497 0.005746126 -0.01395058 0.01657497 0.005685687 -0.01447713 0.01657468 0.00315386 -0.01142627 0.01657497 0.002783536 -0.01095044 0.01657497 0.004155099 -0.01015007 0.01657497 3.39019e-6 -0.01773363 0.01837497 0.003603458 -0.01424854 0.01657497 3.11425e-6 -0.01059448 0.01837497 3.42918e-7 -0.01065194 0.01837497 0.00224018 -0.01128727 0.01657509 0.003328621 -0.01596575 0.01657497 0.00274378 -0.01176637 0.01837497 0.002631604 -0.01653861 0.01837497 7.13717e-6 -0.01780718 0.01857417 0.003305315 -0.01416128 0.01837307 0.00351566 -0.01416385 0.01857399 2.30993e-7 -0.01746618 0.01855546 0.003010511 -0.01561224 0.01855689 0.001451313 -0.01717305 0.01837396 4.94629e-7 -0.01766592 0.01837176 0.001111447 -0.01750385 0.01836591 0.002589643 -0.01657128 0.01837462 0.003331124 -0.01526969 0.01857495 0.003125667 -0.0130673 0.01857495 0.002664387 -0.01219457 0.01857495 0.001668393 -0.01127129 0.01857495 3.69718e-4 -0.01087015 0.01857495 3.6971e-4 -0.01745188 0.01857495 0.001668393 -0.0170508 0.01857495 0.002816915 -0.01593101 0.01857495 0.003327429 -0.01441037 0.01857495 -6.30596e-4 -0.01090955 0.01857495 -0.001696228 -0.01130783 0.01857495 -0.002722203 -0.01224625 0.01857495 -0.003316581 -0.01377815 0.01857495 -0.003086864 -0.01540517 0.01857495 -0.00212413 -0.01673674 0.01857495 -7.56331e-4 -0.01739305 0.01857495 0 -0.01543474 0.01857495 -8.44621e-4 -0.01511442 0.01857495 -0.001264393 -0.01431453 0.01857495 -9.68774e-4 -0.01330274 0.01857495 0 -0.01288729 0.01857495 7.1514e-4 -0.01312494 0.01857495 0.0011909 -0.01370936 0.01857495 0.001222312 -0.01446229 0.01857495 8.44616e-4 -0.01511442 0.01857537 0 -0.01746147 0.01837497 0 -0.01766103 0.01855152 -2.67148e-5 -0.01082497 0.01837545 -9.80816e-6 -0.01059949 0.01836967 -0.002065539 -0.01128143 0.01836764 -0.003187596 -0.01266831 0.01837146 -0.003523766 -0.0141586 0.01837235 -0.003090202 -0.01590108 0.01837396 -0.002040922 -0.01701742 0.0183686 -8.86771e-4 -0.0175684 0.01856201 -0.001006901 -0.01733034 0.01857298 -0.002203524 -0.01663112 0.01857221 -0.003043711 -0.01552671 0.01857268 -0.003314375 -0.01403123 0.01856523 -0.002872467 -0.01245433 0.01857537 -0.001697123 -0.01130795 0.01657497 -1.06102e-6 -0.01063543 0.01657497 -1.61653e-5 -0.017892 0.01837497 -4.40214e-7 -0.0176723 0.01837497 -0.00253421 -0.01685005 0.01837497 -0.003541588 -0.013547 0.01837497 -0.002291083 -0.01145255 0.01837503 -3.63461e-6 -0.01057928 0.01657497 -0.002188622 -0.0112974 0.01657509 -0.003690361 -0.01498198 0.01762497 -7.3241e-6 -0.01285523 0.01857495 -3.6655e-6 -0.01288259 0.01762497 -1.26708e-6 -0.01542103 0.01857495 -3.95744e-5 -0.0156359 0.01762497 -0.001447677 -0.01439559 0.01857495 -0.001284778 -0.01367378 0.01762497 1.26262e-6 -0.01542103 0.01857495 1.07849e-5 -0.01548922 0.01857495 3.66038e-6 -0.01288259 0.01762497 0.00117129 -0.0148341 0.01762497 3.98392e-5 -0.01267021 0.01857495 0.001441895 -0.01398593 0.01762497 0 -0.01288729 0.01762497 -7.15145e-4 -0.01312494 0.01762497 -0.0011909 -0.01370936 0.01762497 -0.001222312 -0.01446229 0.01762497 -8.44622e-4 -0.01511442 0.01762497 0 -0.01543474 0.01762497 8.44618e-4 -0.01511442 0.01762497 0.001264393 -0.01431453 0.01762497 9.68769e-4 -0.01330274 0.01762497 0 -0.01633536 0.01762497 8.0026e-4 -0.01213979 0.01762497 6.52808e-4 -0.01161849 0.01762497 2.72458e-4 -0.01200425 0.01762497 0 -0.011536 0.01762497 -2.72463e-4 -0.01200425 0.01762497 -6.52813e-4 -0.01161849 0.01762497 -8.00265e-4 -0.01213979 0.01762497 -0.001264572 -0.01186072 0.01762497 -0.001277744 -0.01240229 0.01762497 -0.001796901 -0.0122475 0.01762497 -0.001675009 -0.01277536 0.01762497 -0.002216339 -0.01275449 0.01762497 -0.001966953 -0.01323544 0.01762497 -0.00249648 -0.01334983 0.01762497 -0.002135336 -0.01375365 0.01762497 -0.002619802 -0.01399618 0.01762497 -0.002169549 -0.01429754 0.01762497 -0.002578496 -0.0146529 0.01762497 -0.002067446 -0.01483279 0.01762497 -0.002375125 -0.01527869 0.01762497 -0.001835465 -0.01532584 0.01762497 -0.002022564 -0.01583427 0.01762497 -0.001488089 -0.01574569 0.01762497 -0.001542925 -0.0162847 0.01762497 -0.001047253 -0.01606601 0.01762497 -9.66329e-4 -0.01660168 0.01762497 -5.40628e-4 -0.01626664 0.01762497 -3.29002e-4 -0.01676535 0.01762497 3.28998e-4 -0.01676535 0.01762497 5.40623e-4 -0.01626664 0.01762497 9.66325e-4 -0.01660168 0.01762497 0.001047253 -0.01606601 0.01762497 0.001542925 -0.0162847 0.01762497 0.001488089 -0.01574569 0.01762497 0.002022564 -0.01583427 0.01762497 0.001835465 -0.01532584 0.01762497 0.002375125 -0.01527869 0.01762497 0.002067446 -0.01483279 0.01762497 0.002578496 -0.0146529 0.01762497 0.002169549 -0.01429754 0.01762497 0.002619802 -0.01399618 0.01762497 0.002135336 -0.01375365 0.01762497 0.00249648 -0.01334983 0.01762497 0.001966953 -0.01323544 0.01762497 0.002216339 -0.01275449 0.01762497 0.00167495 -0.01277536 0.01762497 0.001796901 -0.0122475 0.01762497 0.001277744 -0.01240229 0.01762497 0.001264572 -0.01186072 0.01762497 8.00632e-4 -0.01213884 0.01462495 8.00637e-4 -0.01213884 0.01762497 7.97747e-4 -0.01213759 0.01462495 6.52809e-4 -0.01161849 0.01762497 6.52808e-4 -0.01161849 0.01462495 7.97748e-4 -0.01213759 0.01462495 6.52809e-4 -0.01161849 0.01762497 6.52808e-4 -0.01161849 0.01462495 2.76029e-4 -0.0120036 0.01762497 2.75685e-4 -0.01200354 0.01462495 2.71545e-4 -0.01200354 0.01762497 2.73794e-4 -0.01200276 0.01462495 0 -0.011536 0.01762497 0 -0.011536 0.01762497 2.69481e-4 -0.01200276 0.01462495 2.69557e-4 -0.01200288 0.01462495 -2.69674e-4 -0.01200288 0.01462495 0 -0.011536 0.01762497 0 -0.011536 0.01762497 -2.69485e-4 -0.01200276 0.01462495 -2.73779e-4 -0.01200169 0.01762497 -2.71899e-4 -0.012003 0.01762497 -2.75718e-4 -0.0120036 0.01462495 -6.52813e-4 -0.01161849 0.01762497 -6.52813e-4 -0.01161849 0.01462495 -2.75847e-4 -0.01200342 0.01462495 -7.97752e-4 -0.01213759 0.01462495 -6.52813e-4 -0.01161849 0.01762497 -7.97752e-4 -0.01213759 0.01762497 -6.52813e-4 -0.01161849 0.01762497 -8.0112e-4 -0.01213908 0.01462495 -8.00158e-4 -0.01213866 0.01462495 -8.03593e-4 -0.01213991 0.01762497 -8.03593e-4 -0.01213991 0.01462495 -0.001264572 -0.01186072 0.01762497 -0.001264572 -0.01186072 0.01462495 -0.001275837 -0.01239955 0.01462495 -0.001264572 -0.01186072 0.01762497 -0.001275837 -0.01239955 0.01762497 -0.001264572 -0.01186072 0.01762497 -0.001277744 -0.01240104 0.01462495 -0.001278638 -0.0124017 0.01462495 -0.001280963 -0.01240324 0.01762497 -0.001280963 -0.01240324 0.01462495 -0.001796901 -0.0122475 0.01762497 -0.001796901 -0.0122475 0.01762497 -0.001796901 -0.0122475 0.01462495 -0.001796901 -0.0122475 0.01462495 -0.001673817 -0.0127722 0.01762497 -0.001673817 -0.0127722 0.01462495 -0.001675784 -0.01277464 0.01762497 -0.001675724 -0.0127747 0.01762497 -0.001677811 -0.01277703 0.01462495 -0.002216339 -0.01275449 0.01762497 -0.002216339 -0.01275449 0.01462495 -0.001677811 -0.01277703 0.01762497 -0.002216339 -0.01275449 0.01462495 -0.002216339 -0.01275449 0.01462495 -0.001966655 -0.01323211 0.01762497 -0.001966655 -0.01323211 0.01762497 -0.001968204 -0.01323568 0.01462495 -0.001967728 -0.01323461 0.01462495 -0.00249648 -0.01334983 0.01762497 -0.00249648 -0.01334983 0.01762497 -0.001969277 -0.01323777 0.01462495 -0.001969277 -0.01323777 0.01762497 -0.00249648 -0.01334983 0.01762497 -0.002135872 -0.01375037 0.01462495 -0.00249648 -0.01334983 0.01462495 -0.002135872 -0.01375037 0.01762497 -0.00213629 -0.01375299 0.01462495 -0.002136409 -0.01375401 0.01462495 -0.002619802 -0.01399618 0.01762497 -0.002619802 -0.01399618 0.01762497 -0.002137005 -0.01375657 0.01462495 -0.002137005 -0.01375657 0.01762497 -0.002619802 -0.01399618 0.01462495 -0.002619802 -0.01399618 0.01462495 -0.00217086 -0.01429456 0.01762497 -0.00217086 -0.01429444 0.01462495 -0.002171397 -0.01429826 0.01762497 -0.002170741 -0.01429724 0.01462495 -0.002578496 -0.0146529 0.01762497 -0.002578496 -0.0146529 0.01762497 -0.002170503 -0.0143007 0.01462495 -0.002170562 -0.01430076 0.01762497 -0.002578496 -0.0146529 0.01762497 -0.002069473 -0.01483017 0.01462495 -0.002578496 -0.0146529 0.01462495 -0.002069473 -0.01483017 0.01762497 -0.002067685 -0.01483553 0.01462495 -0.002068996 -0.01483142 0.01462495 -0.002375125 -0.01527869 0.01762497 -0.002375125 -0.01527869 0.01762497 -0.002067565 -0.01483613 0.01462495 -0.002067565 -0.01483613 0.01762497 -0.002375125 -0.01527869 0.01462495 -0.002375125 -0.01527869 0.01462495 -0.001838088 -0.01532381 0.01762497 -0.001838088 -0.01532381 0.01762497 -0.001835823 -0.01532715 0.01462495 -0.001837015 -0.01532536 0.01462495 -0.002022564 -0.01583427 0.01762497 -0.002022564 -0.01583427 0.01762497 -0.00183469 -0.01532912 0.01462495 -0.00183469 -0.01532912 0.01762497 -0.002022564 -0.01583427 0.01762497 -0.001491129 -0.01574438 0.01462495 -0.002022564 -0.01583427 0.01462495 -0.001491129 -0.01574438 0.01762497 -0.001488804 -0.01574647 0.01462495 -0.001488804 -0.01574647 0.01462495 -0.001542925 -0.0162847 0.01762497 -0.001542925 -0.0162847 0.01762497 -0.001486599 -0.01574867 0.01462495 -0.001486599 -0.01574867 0.01762497 -0.001542925 -0.0162847 0.01762497 -0.001050531 -0.01606547 0.01462495 -0.001542925 -0.0162847 0.01462495 -0.001050531 -0.01606547 0.01762497 -0.001048505 -0.01606643 0.01462495 -0.001046657 -0.01606756 0.01762497 -0.001045048 -0.01606851 0.01762497 -9.66329e-4 -0.01660168 0.01462495 -9.66329e-4 -0.01660168 0.01462495 -0.001045048 -0.01606851 0.01762497 -9.66329e-4 -0.01660168 0.01462495 -9.66329e-4 -0.01660168 0.01462495 -5.43944e-4 -0.01626688 0.01762497 -5.43944e-4 -0.01626688 0.01462495 -5.41638e-4 -0.01626741 0.01762497 -5.40497e-4 -0.01626771 0.01762497 -5.3786e-4 -0.01626849 0.01762497 -3.29002e-4 -0.01676535 0.01462495 -3.29001e-4 -0.01676535 0.01462495 -5.3786e-4 -0.01626849 0.01762497 -3.29002e-4 -0.01676535 0.01762497 -3.14304e-6 -0.01633602 0.01462495 -3.29001e-4 -0.01676535 0.01462495 -3.14272e-6 -0.01633602 0.01462495 1.56882e-6 -0.01633596 0.01762497 1.56842e-6 -0.01633602 0.01762497 3.1388e-6 -0.01633602 0.01762497 3.28998e-4 -0.01676535 0.01462495 3.13946e-6 -0.01633602 0.01462495 3.28998e-4 -0.01676535 0.01762497 3.28998e-4 -0.01676535 0.01762497 5.37856e-4 -0.01626849 0.01462495 3.28998e-4 -0.01676535 0.01462495 5.37856e-4 -0.01626849 0.01462495 5.41635e-4 -0.01626741 0.01762497 5.40493e-4 -0.01626771 0.01762497 5.4394e-4 -0.01626688 0.01762497 9.66325e-4 -0.01660168 0.01462495 9.66325e-4 -0.01660168 0.01462495 5.4394e-4 -0.01626688 0.01762497 9.66325e-4 -0.01660168 0.01462495 9.66325e-4 -0.01660168 0.01462495 0.001045048 -0.01606851 0.01762497 0.001045048 -0.01606851 0.01762497 0.001046955 -0.01606732 0.01462495 0.001048862 -0.01606631 0.01762497 0.001542925 -0.0162847 0.01462495 0.001050531 -0.01606547 0.01462495 0.001542925 -0.0162847 0.01762497 0.001050531 -0.01606547 0.01462495 0.001542925 -0.0162847 0.01762497 0.001542925 -0.0162847 0.01462495 0.001486539 -0.01574867 0.01762497 0.001486539 -0.01574867 0.01762497 0.001488804 -0.01574647 0.01462495 0.001488804 -0.01574647 0.01762497 0.001491129 -0.01574438 0.01762497 0.002022564 -0.01583427 0.01462495 0.001491129 -0.01574438 0.01462495 0.002022564 -0.01583427 0.01462495 0.002022564 -0.01583427 0.01762497 0.002022564 -0.01583427 0.01462495 0.00183469 -0.01532912 0.01762497 0.00183469 -0.01532912 0.01762497 0.001836299 -0.01532638 0.01462495 0.001836299 -0.01532638 0.01762497 0.001838088 -0.01532381 0.01762497 0.002375125 -0.01527869 0.01462495 0.001838088 -0.01532381 0.01462495 0.002375125 -0.01527869 0.01462495 0.002375125 -0.01527869 0.01762497 0.002375125 -0.01527869 0.01462495 0.002067565 -0.01483613 0.01762497 0.002067565 -0.01483613 0.01762497 0.002068579 -0.01483273 0.01462495 0.002068221 -0.01483386 0.01762497 0.002069473 -0.01483017 0.01762497 0.002578496 -0.0146529 0.01462495 0.002578496 -0.0146529 0.01462495 0.002069473 -0.01483017 0.01462495 0.002578496 -0.0146529 0.01762497 0.002578496 -0.0146529 0.01762497 0.002170503 -0.0143007 0.01462495 0.002170503 -0.01430082 0.01762497 0.002170324 -0.01429677 0.01462495 0.002170264 -0.01430004 0.01762497 0.002619802 -0.01399618 0.01462495 0.002170801 -0.0142945 0.01462495 0.002619802 -0.01399618 0.01762497 0.00217086 -0.01429444 0.01462495 0.002619802 -0.01399618 0.01762497 0.002619802 -0.01399618 0.01762497 0.002137005 -0.01375657 0.01462495 0.002137005 -0.01375657 0.01462495 0.002136349 -0.01375347 0.01762497 0.002136349 -0.01375347 0.01762497 0.002135872 -0.01375037 0.01762497 0.00249648 -0.01334983 0.01462495 0.00249648 -0.01334983 0.01462495 0.002135872 -0.01375037 0.01462495 0.00249648 -0.01334983 0.01762497 0.00249648 -0.01334983 0.01462495 0.001969277 -0.01323777 0.01762497 0.001969277 -0.01323777 0.01462495 0.001967608 -0.01323455 0.01762497 0.001968145 -0.01323544 0.01762497 0.001966655 -0.01323211 0.01762497 0.002216339 -0.01275449 0.01462495 0.002216339 -0.01275449 0.01462495 0.001966655 -0.01323211 0.01462495 0.001677811 -0.01277703 0.01462495 0.002216339 -0.01275449 0.01762497 0.001677811 -0.01277703 0.01762497 0.002216339 -0.01275449 0.01762497 0.001676797 -0.01277589 0.01462495 0.001674771 -0.01277345 0.01762497 0.001673817 -0.0127722 0.01762497 0.001796901 -0.0122475 0.01462495 0.001796901 -0.0122475 0.01462495 0.001673817 -0.0127722 0.01462495 0.001280963 -0.01240324 0.01462495 0.001796901 -0.0122475 0.01762497 0.001280963 -0.01240324 0.01762497 0.001796901 -0.0122475 0.01762497 0.00127834 -0.01240152 0.01462495 0.00127834 -0.01240146 0.01762497 0.001275837 -0.01239955 0.01462495 0.001264572 -0.01186072 0.01762497 0.001264572 -0.01186072 0.01462495 0.001275837 -0.01239955 0.01462495 8.03589e-4 -0.01213991 0.01462495 0.001264572 -0.01186072 0.01762497 8.03588e-4 -0.01213991 0.01762497 0.001264572 -0.01186072 0.01645165 -4.2419e-4 -0.008525669 0.01650333 -7.28171e-4 -0.008948326 0.01654344 -7.04979e-4 -0.00945717 0.0165587 4.19855e-4 -0.009979665 0.01650464 -1.07888e-4 -0.01009184 0.0164572 -7.2031e-4 -0.009761214 0.01642787 -9.27922e-4 -0.0092296 0.01637166 -7.79292e-4 -0.0086326 0.01633763 -2.41455e-4 -0.00826019 0.016272 4.08892e-4 -0.008318781 0.01623082 8.91821e-4 -0.008874952 0.01618206 8.42775e-4 -0.009568929 0.01611036 2.47244e-4 -0.01006621 0.01606947 -5.56858e-4 -0.009920299 0.01603102 -9.22084e-4 -0.009325861 0.01597321 -7.85945e-4 -0.008641719 0.01594299 -2.91928e-4 -0.008277833 0.01588386 3.22469e-4 -0.008278548 0.01581752 8.92596e-4 -0.008864641 0.01579457 8.58316e-4 -0.009513914 0.01602238 -3.07787e-5 -0.008400917 0.01605212 -5.34183e-4 -0.008611917 0.01611703 -7.58716e-4 -0.009237527 0.01621913 -2.51992e-5 -0.009919106 0.01625329 5.4095e-4 -0.00970292 0.01631408 7.5073e-4 -0.009015202 0.01637327 2.37632e-4 -0.008426904 0.01656812 -2.49569e-4 -0.009936928 0.01657074 5.7717e-4 -0.009874522 0.01617568 -4.81821e-4 -0.009748816 0.01586049 7.06348e-4 -0.009439051 0.01593542 5.81034e-4 -0.008660793 0.01622569 5.17625e-7 -0.009912788 0.01629996 7.46478e-4 -0.009469151 0.0164048 2.33458e-4 -0.008439242 0.01657217 7.86847e-4 -0.008562386 0.01643943 1.61363e-4 -0.009906589 0.01657807 6.94513e-4 -0.009774506 0.01659125 8.52837e-4 -0.009202003 0.01661187 6.98436e-4 -0.008875727 0.01579648 8.62944e-4 -0.009516775 0.0158509 9.10258e-4 -0.00890392 0.01589769 4.76394e-4 -0.008355557 0.01593941 -1.23919e-4 -0.008233428 0.01599276 -7.35704e-4 -0.008569359 0.01603889 -9.31145e-4 -0.009239673 0.01609861 -5.94755e-4 -0.009897947 0.0161398 1.19796e-4 -0.01008903 0.01619905 7.63588e-4 -0.009723842 0.01623946 9.23868e-4 -0.009000241 0.01630318 5.2783e-4 -0.008373856 0.01633906 -1.56092e-4 -0.008240938 0.01638233 -6.65371e-4 -0.008503258 0.01642405 -9.29662e-4 -0.009055972 0.01647078 -7.7544e-4 -0.009692311 0.0164988 -3.64662e-4 -0.01001405 0.01655423 1.97031e-4 -0.01008117 0.01649898 6.7754e-4 -0.009500741 0.01646119 3.27659e-4 -0.009848296 0.01641291 -2.18668e-4 -0.009892284 0.01636278 -6.85344e-4 -0.009509801 0.01631969 -6.98241e-4 -0.008851826 0.01621693 2.1466e-4 -0.008431613 0.01616346 6.84049e-4 -0.008808314 0.0161159 6.98528e-4 -0.009470701 0.01605558 2.81327e-4 -0.009865999 0.01601558 -2.07431e-4 -0.009893357 0.01597303 -6.9553e-4 -0.009488046 0.01581776 2.74484e-4 -0.008449435 0.01578128 7.06025e-4 -0.008903264 0.01570808 6.99766e-4 -0.009447097 0.01625484 -2.74959e-4 -0.008453965 0.01590442 -6.86204e-4 -0.008825242 0.01585638 -2.87696e-4 -0.008458137 0.01580798 8.56393e-4 -0.009520053 0.01570218 6.96511e-4 -0.009449958 0.01570218 2.53593e-4 -0.009882092 0.01559597 -4.55749e-4 -0.009771645 0.01554781 -7.60405e-4 -0.009233772 0.01538133 5.34771e-4 -0.008626639 0.01534312 7.571e-4 -0.009086906 0.01530319 5.39797e-4 -0.009698867 0.01523733 -1.87305e-4 -0.009899377 0.01516354 -6.48665e-4 -0.009552538 0.01512873 -7.53381e-4 -0.009052872 0.01502734 1.00405e-5 -0.008404552 0.01499295 4.82968e-4 -0.008573293 0.01495248 7.62419e-4 -0.009159564 0.01488173 4.83025e-4 -0.009748399 0.01482909 1.93699e-7 -0.009918212 0.01479291 -4.83616e-4 -0.009748637 0.01474374 -7.41417e-4 -0.009305536 0.01470601 -6.69636e-4 -0.008801281 0.0146436 -5.08998e-5 -0.00838077 0.01548743 -5.86929e-4 -0.008676886 0.0154547 -3.72103e-5 -0.008397519 0.0150758 -4.57071e-4 -0.008550405 0.01472526 -1.79319e-6 -0.008227288 0.01476567 -4.90712e-4 -0.008370101 0.01482433 -8.85975e-4 -0.008858203 0.01489526 -7.92901e-4 -0.00966072 0.01497852 1.96292e-5 -0.01009774 0.01499271 7.38895e-4 -0.009733676 0.01506668 9.26433e-4 -0.009007096 0.01508921 5.64254e-4 -0.008420944 0.01513117 3.2578e-5 -0.008226037 0.01519912 -6.69435e-4 -0.008496165 0.01528275 -9.14337e-4 -0.009392142 0.01529598 -4.47076e-4 -0.009979188 0.01535493 1.7204e-4 -0.0100826 0.01538473 7.11701e-4 -0.00976175 0.01544302 9.37141e-4 -0.00917375 0.0155369 5.46603e-4 -0.008399426 0.01554948 -2.47087e-4 -0.008258163 0.01563984 -8.6512e-4 -0.008784055 0.01566416 -8.30084e-4 -0.009592056 0.01571667 -3.09189e-4 -0.0100494 0.01577156 4.39077e-4 -0.009991168 0.01462495 -1.19871e-6 -0.009922444 0.01482492 -4.20025e-7 -0.009914994 0.01475816 -7.10795e-4 -0.009569644 0.0146377 -2.6164e-4 -0.008383631 0.01462501 -8.30901e-4 -0.009384334 0.01462721 1.89186e-6 -0.009915709 0.01462519 7.79743e-4 -0.00929749 0.01462781 3.56197e-6 -0.008399367 0.01500254 2.77682e-4 -0.008399903 0.01486659 5.36488e-4 -0.00984162 0.01482492 0 -0.008411049 0.01467764 0 -0.008374571 0.01472783 -3.75767e-6 -0.008225917 0.01478987 -5.19712e-6 -0.008414685 0.01503455 5.32145e-4 -0.009696066 0.01508826 7.27124e-4 -0.008943796 0.0151757 1.48205e-4 -0.008418798 0.0152567 -4.24433e-4 -0.008530139 0.01528626 -7.53683e-4 -0.009052157 0.01541501 -2.82911e-5 -0.009917318 0.01545345 5.40896e-4 -0.00970298 0.0154941 7.30231e-4 -0.008943915 0.01558792 1.8574e-4 -0.008424103 0.01564288 -3.92492e-4 -0.0085119 0.0156933 -7.47987e-4 -0.009015202 0.01580506 1.80642e-5 -0.009925961 0.01587802 6.95143e-4 -0.009507775 0.01579827 8.7062e-4 -0.009528517 0.01571714 2.01056e-4 -0.01009547 0.01566332 -6.94182e-4 -0.009812653 0.01560997 -9.3207e-4 -0.009096443 0.01555949 -5.97781e-4 -0.008419215 0.01550859 1.36722e-4 -0.008234679 0.0154314 8.19364e-4 -0.008676171 0.01538193 8.3686e-4 -0.009612679 0.01530253 4.26007e-5 -0.01011335 0.01526331 -7.00825e-4 -0.00978142 0.01520991 -9.48053e-4 -0.009068429 0.01515924 -5.65706e-4 -0.008414804 0.01508873 2.28687e-4 -0.008232653 0.01501625 9.29086e-4 -0.008942067 0.01498579 7.74481e-4 -0.009681761 0.01494634 3.32701e-4 -0.01003974 0.01486033 -4.81453e-4 -0.009980082 0.0148378 -9.11355e-4 -0.009363114 0.01479262 -8.62942e-4 -0.008797287 0.01474833 -4.88486e-4 -0.008372724 0.01481193 -6.43919e-4 -0.008785009 0.01536202 -5.41676e-4 -0.009702861 0.01574629 -5.8693e-4 -0.00964421 0.01494586 -6.53446e-4 -0.009568095 0.01500856 -9.88117e-5 -0.009917378 0.014925 -7.51623e-4 -0.009161114 0.01520901 -1.82117e-4 -0.009906172 0.01512569 -7.7972e-4 -0.009162127 0.01499533 -3.44477e-4 -0.009882688 0.01512575 -8.71121e-4 -0.009144306 0.01502567 -2.51391e-6 -0.008379876 0.01482427 -4.54262e-6 -0.008348405 0.01492512 -8.32083e-4 -0.009152173 0.01542466 4.31876e-7 -0.008409559 0.01534587 7.76508e-4 -0.0088979 0.01524078 1.62039e-4 -0.009904026 0.01502811 8.22409e-6 -0.00992459 0.01518219 5.4399e-4 -0.008462309 0.01532495 -7.51741e-4 -0.009161055 0.01562523 -3.67389e-6 -0.009958267 0.01552462 -8.21762e-4 -0.009167134 0.01541095 -7.01613e-5 -0.009922623 0.01552563 -8.55685e-4 -0.009149491 0.01542574 -2.50553e-6 -0.008379876 0.01522386 -1.6647e-5 -0.008258581 0.01532518 -7.80507e-4 -0.009159386 0.01578205 5.26071e-4 -0.008501231 0.01565086 2.89231e-4 -0.009886741 0.01546639 5.73831e-4 -0.009887635 0.01560431 2.41791e-4 -0.008440136 0.01572471 -7.58621e-4 -0.009161531 0.01599752 -3.73065e-4 -0.009906053 0.01592499 -7.65381e-4 -0.009162068 0.01580154 -2.53008e-4 -0.009893059 0.01592504 -7.73705e-4 -0.009159803 0.01582503 -1.71895e-5 -0.008324861 0.01562339 -1.71798e-5 -0.008248507 0.01572519 -7.83335e-4 -0.009159564 0.01621115 1.64493e-4 -0.008410155 0.01612395 8.29471e-4 -0.009173333 0.01602452 5.43754e-6 -0.009970664 0.01582622 2.88189e-5 -0.01009142 0.01599347 3.75956e-4 -0.008442759 0.01632493 -7.51086e-4 -0.009160935 0.01602464 -4.82927e-6 -0.008351981 0.01612484 -8.44944e-4 -0.009143412 0.01622629 -1.80535e-5 -0.008308112 0.01612448 -7.63285e-4 -0.00916171 0.01620173 -2.42137e-4 -0.009895384 0.01639783 -3.43968e-4 -0.00990498 0.01632565 -7.76256e-4 -0.009162843 0.01655983 -0.002638041 -0.0108177 0.01650464 -0.002953588 -0.01135998 0.01647508 -0.003490209 -0.01155412 0.01642495 -0.0040434 -0.01141268 0.01636505 -0.004456341 -0.0108022 0.01633602 -0.004342377 -0.01015967 0.01627194 -0.003841876 -0.009740829 0.0161941 -0.002993881 -0.009858071 0.01618427 -0.002623617 -0.01044446 0.01613318 -0.002682983 -0.01101207 0.01608318 -0.003184914 -0.0114926 0.01599627 -0.003998756 -0.0114398 0.01598048 -0.00445199 -0.01081264 0.01591807 -0.004330694 -0.01012784 0.01587533 -0.003725945 -0.009707629 0.01582646 -0.003040134 -0.009830057 0.01579511 -0.002678811 -0.01026797 0.01600688 -0.004077792 -0.010082 0.01607072 -0.004293859 -0.01069778 0.01611423 -0.003963291 -0.01125955 0.0161845 -0.003316998 -0.01135557 0.01621282 -0.002802968 -0.01084768 0.01630896 -0.002947449 -0.01014083 0.01635962 -0.003462076 -0.009866654 0.01640307 -0.004076421 -0.01008385 0.01647061 -0.004292607 -0.0106253 0.01650303 -0.004077434 -0.01116627 0.0165739 -0.003421306 -0.01139378 0.01656025 -0.002899289 -0.01119762 0.01589757 -0.002839148 -0.01033657 0.01590317 -0.003275096 -0.009905993 0.01637494 -0.003535926 -0.009871542 0.01644176 -0.004246354 -0.01021707 0.01656198 -0.003798067 -0.01140254 0.01657497 -0.003536701 -0.009864032 0.01657497 -0.004366397 -0.01040214 0.01619821 -0.003252863 -0.01136595 0.01630043 -0.002761542 -0.01030176 0.01637506 -0.003534734 -0.009875535 0.01654839 -0.003202021 -0.009882509 0.01641529 -0.003012895 -0.01133686 0.01657819 -0.002605676 -0.01062262 0.01659321 -0.002869606 -0.01007562 0.016595 -0.003258347 -0.009916961 0.01579898 -0.002674996 -0.01026761 0.01585233 -0.003040671 -0.009829521 0.01590216 -0.003726303 -0.009708702 0.01596873 -0.004356563 -0.01016497 0.01601713 -0.004406034 -0.01098078 0.01606339 -0.003880083 -0.01149719 0.01611191 -0.003183543 -0.01149433 0.01614236 -0.002750098 -0.01112264 0.01619184 -0.002600133 -0.01057165 0.01624888 -0.002926707 -0.009909927 0.01631617 -0.003717303 -0.009703338 0.01635432 -0.004347205 -0.01015716 0.01640182 -0.004446923 -0.01084589 0.01645958 -0.004006385 -0.01143878 0.01649039 -0.003360331 -0.01154184 0.01655054 -0.00279802 -0.01120805 0.01650148 -0.002802073 -0.01041245 0.01645141 -0.002848029 -0.01095175 0.01640826 -0.003211498 -0.0113151 0.01636409 -0.003803372 -0.01134049 0.01632016 -0.004267334 -0.01085007 0.01625502 -0.004118263 -0.01012808 0.01619058 -0.003423869 -0.009867131 0.01611745 -0.002903699 -0.01020163 0.01607543 -0.002779006 -0.01072788 0.01603198 -0.003118693 -0.01126652 0.01597458 -0.003869116 -0.01131409 0.01589941 -0.004280269 -0.0107882 0.01585125 -0.004157364 -0.01017969 0.01579529 -0.00359404 -0.009862065 0.0157355 -0.003069818 -0.01002669 0.01569843 -0.002837538 -0.01033455 0.01582247 -0.002672195 -0.01027411 0.01569998 -0.002842605 -0.01033848 0.01568603 -0.002790808 -0.01079154 0.01564025 -0.003330111 -0.0113613 0.01554477 -0.003926992 -0.01127362 0.01551824 -0.004276096 -0.01080876 0.01534307 -0.003052651 -0.01003772 0.01530313 -0.002773523 -0.01062411 0.01523137 -0.003052413 -0.01121306 0.01517856 -0.003530085 -0.01138228 0.01514518 -0.004012882 -0.01122039 0.01510417 -0.004300892 -0.01057624 0.01495254 -0.002997338 -0.01008534 0.01488167 -0.002778649 -0.01069933 0.01487189 -0.003234624 -0.01132798 0.01476389 -0.004025757 -0.01121008 0.01469713 -0.004289567 -0.01050579 0.01463633 -0.004103899 -0.01005923 0.01544433 -0.004146397 -0.01016902 0.01539546 -0.003642559 -0.009871363 0.01505482 -0.003796339 -0.009910821 0.01479423 -0.004460036 -0.01042181 0.01482474 -0.004275023 -0.01119899 0.01488 -0.003680169 -0.01155388 0.01497864 -0.002859354 -0.01127392 0.01499271 -0.00260812 -0.01050794 0.01506668 -0.002989292 -0.009861588 0.01515179 -0.003908276 -0.009765028 0.0152238 -0.004470169 -0.01056528 0.01522713 -0.004211962 -0.01126617 0.01532334 -0.003525078 -0.01156508 0.01535546 -0.002762556 -0.0111556 0.01538473 -0.002607464 -0.01054704 0.01544302 -0.002863883 -0.009971797 0.0155313 -0.003687441 -0.009697139 0.01554989 -0.004348576 -0.01016217 0.01564222 -0.004412472 -0.01097005 0.01566416 -0.003817677 -0.01151722 0.01574015 -0.003069758 -0.01144039 0.0157622 -0.002646505 -0.01089972 0.01478105 -0.003575682 -0.01152318 0.01465392 -0.004336416 -0.01045674 0.01462656 -0.003563642 -0.0115506 0.01487451 -0.004418849 -0.01064038 0.01517498 -0.003536522 -0.01139307 0.01507455 -0.004400491 -0.010652 0.01497495 -0.00353825 -0.01137715 0.01462495 -0.004068374 -0.01009202 0.01507496 -0.004323065 -0.01062214 0.01462495 -0.00353682 -0.009862661 0.01497459 -0.003552675 -0.009786605 0.01487493 -0.004293084 -0.0106247 0.01482516 -0.004076838 -0.01008319 0.01475828 -0.004120171 -0.0100407 0.01462501 -0.004065811 -0.01009517 0.01471674 -0.004194915 -0.009971737 0.01474493 -0.004079878 -0.0101152 0.01500678 -0.003052711 -0.01121324 0.01504647 -0.002773702 -0.01062691 0.01511877 -0.003052353 -0.01003783 0.01517158 -0.003531754 -0.009868502 0.01520514 -0.004015922 -0.01003319 0.01525419 -0.004294574 -0.01057457 0.01536136 -0.003387749 -0.01137501 0.01543295 -0.002907514 -0.01104784 0.01546841 -0.002778589 -0.01055163 0.01552087 -0.00300002 -0.01009035 0.01555055 -0.003534376 -0.009861409 0.01561135 -0.004167854 -0.01019865 0.01565742 -0.004208385 -0.01098388 0.01573985 -0.003494441 -0.01138776 0.01579272 -0.002822697 -0.01088416 0.01589983 -0.002842664 -0.01033848 0.0157988 -0.002672612 -0.01026993 0.01574951 -0.00262624 -0.01083999 0.01571446 -0.002920567 -0.01132363 0.01567089 -0.003437221 -0.01155453 0.01559561 -0.004152536 -0.01133167 0.01557636 -0.004462361 -0.01071625 0.01553153 -0.004347085 -0.01016223 0.01543211 -0.003684043 -0.009700775 0.01538783 -0.002818465 -0.01001948 0.01535743 -0.002607524 -0.01073849 0.0152834 -0.002985596 -0.01138675 0.01526397 -0.00365585 -0.01155018 0.01515996 -0.004297912 -0.01116842 0.01515942 -0.004448652 -0.01043576 0.01505839 -0.004020154 -0.009822547 0.01505249 -0.003277719 -0.009730458 0.01495093 -0.002699673 -0.01020377 0.01488012 -0.002780079 -0.01117736 0.01486915 -0.003489017 -0.0115596 0.01479589 -0.004193007 -0.01129734 0.01475143 -0.004469335 -0.01053732 0.01488584 -0.00426954 -0.01082086 0.01530438 -0.004054188 -0.01118671 0.01489204 -0.003793179 -0.01133877 0.0161488 -0.003208339 -0.009882271 0.01605957 -0.002764165 -0.01081621 0.01598161 -0.003473043 -0.01137411 0.01582378 -0.002825796 -0.0113126 0.0159626 -0.003399014 -0.009879171 0.01601564 -0.004097402 -0.009895622 0.0161547 -0.003768026 -0.01136618 0.01635563 -0.003774881 -0.0113815 0.01626205 -0.004339456 -0.01045942 0.0161786 -0.003567636 -0.009875357 0.0159505 -0.003844261 -0.01137971 0.01586067 -0.004309654 -0.01044881 0.01578098 -0.00359565 -0.009873688 0.01559507 -0.003787994 -0.009839594 0.0157383 -0.00400114 -0.01134389 0.0157352 -0.003060936 -0.009953618 0.01560235 -0.003208518 -0.01134532 0.01537513 -0.003535449 -0.01137578 0.01543766 -0.002865135 -0.01107388 0.01554805 -0.003223657 -0.009910762 0.01527434 -0.004303395 -0.01062649 0.01555311 -0.003832817 -0.0113722 0.01547491 -0.004300117 -0.01062583 0.01535439 -0.003775417 -0.01135832 0.01547634 -0.00442624 -0.01060551 0.01537579 -0.003537237 -0.009848415 0.01517421 -0.00353676 -0.009855866 0.01527267 -0.004417479 -0.01060456 0.01536148 -0.003372192 -0.009863078 0.01525831 -0.002710044 -0.01084756 0.01517546 -0.003534317 -0.01137548 0.0149911 -0.003347516 -0.01136547 0.01509159 -0.002710044 -0.01040345 0.0151745 -0.003534555 -0.009875416 0.0165587 -0.004181325 -0.01374119 0.01650464 -0.004069149 -0.01426893 0.01647555 -0.004311144 -0.01478582 0.01642614 -0.004802346 -0.01507747 0.01636511 -0.005526185 -0.01493716 0.01633602 -0.005899906 -0.01440221 0.01627194 -0.005842208 -0.0137521 0.01623082 -0.005286037 -0.01326918 0.01618361 -0.004591763 -0.0133174 0.01611894 -0.004089832 -0.01391267 0.0160675 -0.004241466 -0.01471698 0.01602184 -0.004877805 -0.01509112 0.01598048 -0.005515694 -0.01494139 0.01591807 -0.005914151 -0.01437145 0.01587539 -0.005783677 -0.01364666 0.01582616 -0.005212008 -0.01324844 0.01579511 -0.004645407 -0.0133028 0.01594537 -0.005289018 -0.01346224 0.01598352 -0.005670189 -0.01379936 0.01602602 -0.005706071 -0.01445293 0.01609557 -0.00522232 -0.01488876 0.01612734 -0.004501163 -0.0147469 0.01620566 -0.004261195 -0.01395153 0.01628655 -0.004817187 -0.01341789 0.01635968 -0.0054847 -0.01357251 0.01640307 -0.005765497 -0.01416051 0.01647019 -0.005484938 -0.01474815 0.01651757 -0.004790186 -0.01489853 0.01656812 -0.004224061 -0.01441061 0.01657074 -0.004286468 -0.01358383 0.015877 -0.00472474 -0.01345252 0.01632517 -0.005000114 -0.01341062 0.01640439 -0.005813896 -0.01388466 0.01655089 -0.004994213 -0.01491254 0.01652568 -0.005004525 -0.0134108 0.01658302 -0.005741596 -0.01377123 0.01657795 -0.004386484 -0.01346647 0.01659095 -0.004959166 -0.01330798 0.016577 -0.005378305 -0.01349639 0.01579988 -0.004645884 -0.01330542 0.01586854 -0.005212903 -0.01324522 0.01589763 -0.005805492 -0.01368457 0.01593935 -0.005927562 -0.01428496 0.01599276 -0.00559163 -0.01489675 0.01603889 -0.004921317 -0.01509213 0.01609867 -0.004263043 -0.01475578 0.01613986 -0.00407201 -0.01404124 0.01619905 -0.004437148 -0.01339739 0.0162394 -0.005160748 -0.01323711 0.01629388 -0.005759537 -0.01359874 0.01635909 -0.005914092 -0.01440745 0.01643025 -0.005286812 -0.01506602 0.01647078 -0.004468679 -0.01493644 0.0164988 -0.004146933 -0.01452571 0.01655393 -0.004079639 -0.01396393 0.0165143 -0.00485897 -0.01341658 0.01648557 -0.004404485 -0.01368212 0.01642799 -0.004253149 -0.01432484 0.01636022 -0.004626452 -0.0148316 0.01631605 -0.00513333 -0.01490575 0.01627713 -0.005592584 -0.01465225 0.01622855 -0.005749404 -0.01400822 0.01616126 -0.00538212 -0.01349532 0.01611649 -0.004874289 -0.01341527 0.01607811 -0.004414618 -0.01366114 0.0160306 -0.004249095 -0.01430279 0.01597315 -0.004672944 -0.01485657 0.01590448 -0.005335748 -0.01484727 0.01585644 -0.005702912 -0.01444876 0.01581549 -0.005734562 -0.01396107 0.01571589 -0.004718363 -0.01345068 0.0157808 -0.005369722 -0.01349651 0.01580607 -0.004642724 -0.01330214 0.0157085 -0.004697501 -0.01345735 0.01566582 -0.00424683 -0.01399821 0.01558709 -0.004475235 -0.01472443 0.01553755 -0.005273759 -0.01488184 0.01545608 -0.005769014 -0.01420831 0.01532793 -0.004849791 -0.01340603 0.01526689 -0.004372 -0.01373851 0.01523095 -0.004242718 -0.01423478 0.01517564 -0.004463434 -0.0146979 0.01516622 -0.005070865 -0.01492077 0.01507246 -0.005665898 -0.01452255 0.01504588 -0.005669832 -0.01380205 0.01494729 -0.005074799 -0.01340621 0.01489645 -0.004459083 -0.013619 0.01485502 -0.004269361 -0.0143786 0.01476186 -0.004814147 -0.014898 0.0147261 -0.005415201 -0.01478582 0.01469588 -0.005734026 -0.01418298 0.01538163 -0.005475103 -0.01356482 0.01471459 -0.005951821 -0.01416867 0.01478374 -0.005598783 -0.01490747 0.01484155 -0.004858732 -0.01508671 0.01491868 -0.004178166 -0.01464188 0.01496821 -0.004165351 -0.01370525 0.01501625 -0.004771769 -0.01325285 0.01509344 -0.005571424 -0.01339954 0.01514285 -0.00594598 -0.01425802 0.01519089 -0.005562007 -0.01490998 0.01526814 -0.004767954 -0.01508438 0.01533389 -0.004069805 -0.01437544 0.01536428 -0.004228055 -0.01363652 0.0154038 -0.004671573 -0.01328068 0.01548975 -0.005485475 -0.01334428 0.01555967 -0.005948185 -0.01422095 0.01558226 -0.00559163 -0.01488298 0.01565688 -0.004934787 -0.01510018 0.01568216 -0.004268407 -0.01475167 0.01572203 -0.004068315 -0.01421898 0.01576709 -0.004204034 -0.01366758 0.01462489 -0.005004525 -0.01494288 0.01472115 -0.005021393 -0.01499342 0.01463085 -0.00575149 -0.0143091 0.01462495 -0.004999995 -0.01341104 0.01462769 -0.005902767 -0.01413923 0.01509648 -0.005344986 -0.01488393 0.01496857 -0.005574762 -0.01348435 0.01482474 -0.005768239 -0.01415961 0.01490855 -0.005171716 -0.01489889 0.01482492 -0.00574994 -0.01416105 0.01467764 -0.005786418 -0.0141611 0.01472598 -0.005934476 -0.01416218 0.01472687 -0.005719125 -0.01420432 0.01531779 -0.004921615 -0.01491594 0.0153703 -0.004465222 -0.01469641 0.01540195 -0.004245638 -0.01423579 0.01545816 -0.004371583 -0.01373946 0.01549679 -0.004848897 -0.01340621 0.0155425 -0.00551176 -0.01359665 0.01561629 -0.005752086 -0.01408827 0.01575708 -0.004320204 -0.01451039 0.01584339 -0.004289329 -0.01390123 0.01588761 -0.004676163 -0.01345342 0.01579886 -0.004641234 -0.0132994 0.01575267 -0.004203736 -0.01366871 0.01571148 -0.004070341 -0.01428258 0.0156753 -0.004315972 -0.01479542 0.01560163 -0.004936814 -0.0151003 0.01555949 -0.005741775 -0.01475882 0.01547735 -0.005894601 -0.01383155 0.01543807 -0.005300641 -0.01327461 0.01538294 -0.004548192 -0.01332354 0.01533389 -0.004092931 -0.01392835 0.01525664 -0.004235744 -0.01472872 0.01520889 -0.00509274 -0.01510846 0.01515924 -0.005746185 -0.01472675 0.01512569 -0.005932807 -0.01419126 0.01505362 -0.005672574 -0.01348161 0.01502054 -0.004959762 -0.01322877 0.01494753 -0.004272282 -0.01354217 0.01489287 -0.004098474 -0.01446384 0.01484471 -0.004616558 -0.01501524 0.01481109 -0.00518018 -0.01507669 0.01475685 -0.005725741 -0.01476091 0.01486992 -0.005358517 -0.01482385 0.01490604 -0.004639446 -0.01483154 0.01500558 -0.004243612 -0.01423519 0.01503455 -0.004464924 -0.0136289 0.01512175 -0.004988551 -0.01340407 0.01515394 -0.005454123 -0.01354908 0.01519376 -0.005761563 -0.01412403 0.01564294 -0.005649089 -0.01455348 0.01568502 -0.005042314 -0.0149306 0.01526612 -0.005487501 -0.01475024 0.01522433 -0.005785465 -0.01416355 0.01552498 -0.005001127 -0.01492947 0.01542484 -0.005842328 -0.01417273 0.01532053 -0.005032896 -0.01492083 0.01542574 -0.005837976 -0.01415431 0.01532489 -0.005006194 -0.01335519 0.01512438 -0.005011379 -0.01328504 0.01522529 -0.005784869 -0.01415944 0.01569807 -0.004641473 -0.01339155 0.01556128 -0.00455749 -0.01486575 0.0153439 -0.004789948 -0.01489943 0.01544743 -0.004218399 -0.01387107 0.01552456 -0.004998862 -0.01341098 0.0156241 -0.005780637 -0.01416188 0.01589816 -0.005368292 -0.014907 0.01582503 -0.005761742 -0.01416158 0.01570814 -0.005191385 -0.01489937 0.01582503 -0.005765378 -0.01416075 0.01572513 -0.005012392 -0.01331567 0.01552486 -0.00505495 -0.01318949 0.015625 -0.005761742 -0.01416051 0.01608324 -0.004433453 -0.01344209 0.01594811 -0.004724979 -0.01490378 0.01572531 -0.004999577 -0.01491266 0.01579093 -0.004315733 -0.01456582 0.01589566 -0.004652261 -0.0134319 0.01594746 -0.005276203 -0.01341199 0.01605099 -0.00577116 -0.0144912 0.0161249 -0.005001425 -0.01491099 0.01630496 -0.005245923 -0.01491123 0.01620811 -0.00580275 -0.01394182 0.01612687 -0.005013227 -0.01341068 0.01616448 -0.004463016 -0.01487815 0.0162999 -0.004716634 -0.0134375 0.01650369 -0.004740059 -0.01341515 0.01642405 -0.004212975 -0.01417338 0.01634037 -0.004830896 -0.01490426 0.01532185 -0.004992485 -0.01339805 0.01520192 -0.00421667 -0.01445674 0.01512539 -0.004997968 -0.01491111 0.01496154 -0.004487931 -0.0149278 0.01510226 -0.004750788 -0.01343291 0.0165587 -0.003253519 -0.01682078 0.01650464 -0.002801001 -0.01711463 0.01644879 -0.002604365 -0.01782631 0.01641738 -0.002920687 -0.01839828 0.01635646 -0.003530561 -0.01863616 0.01631081 -0.004209458 -0.01834768 0.01624172 -0.004472374 -0.01761406 0.01621729 -0.004152059 -0.01699697 0.01616537 -0.003588616 -0.01676106 0.01613682 -0.00303781 -0.01691073 0.01608753 -0.002666056 -0.01734507 0.01600575 -0.002716124 -0.01816242 0.01596742 -0.003434598 -0.01863312 0.01593255 -0.004066526 -0.01846337 0.01587384 -0.004446685 -0.01792997 0.01581907 -0.004309177 -0.01716232 0.01579838 -0.003889918 -0.01684212 0.01589769 -0.003824532 -0.01700001 0.01592642 -0.00419867 -0.01731437 0.01597344 -0.004212439 -0.01805233 0.01610511 -0.002854943 -0.0180571 0.01619833 -0.002860128 -0.01734644 0.01624667 -0.003248751 -0.01699608 0.01626527 -0.003899753 -0.01702225 0.01635962 -0.004294395 -0.01762318 0.01640868 -0.004163324 -0.01811939 0.01644456 -0.003723263 -0.01843738 0.01649975 -0.003140807 -0.01834923 0.01655215 -0.002814233 -0.01793682 0.01656812 -0.002810418 -0.01732438 0.01657074 -0.003439128 -0.01678389 0.0160467 -0.003549993 -0.01846897 0.01630133 -0.003863036 -0.0169537 0.01640552 -0.004270136 -0.01807796 0.0165556 -0.003403723 -0.01845258 0.01657915 -0.004334747 -0.01781505 0.01649028 -0.003700017 -0.01695591 0.01657801 -0.003592789 -0.01677167 0.01659029 -0.004110395 -0.01706457 0.01657938 -0.004284739 -0.0175563 0.01579612 -0.003894269 -0.01683461 0.01584321 -0.004305899 -0.01716554 0.0159173 -0.004454255 -0.01793318 0.01597034 -0.0038383 -0.01859444 0.01601374 -0.003102958 -0.018525 0.01605957 -0.002661645 -0.01804196 0.01609665 -0.00264132 -0.01742845 0.01615279 -0.003031492 -0.01690006 0.01618528 -0.003631532 -0.01677232 0.01622354 -0.004120111 -0.01696598 0.01625496 -0.004415571 -0.01739549 0.016303 -0.004436075 -0.01796239 0.01633411 -0.004108488 -0.01842993 0.0163843 -0.003573358 -0.01863354 0.01645648 -0.002816915 -0.01831543 0.01649117 -0.002610087 -0.01752001 0.01655381 -0.003024041 -0.01690638 0.0165289 -0.004021346 -0.01710939 0.01647806 -0.003537774 -0.01693886 0.01643955 -0.003071546 -0.01709389 0.01640027 -0.002777159 -0.01760309 0.01633661 -0.002984106 -0.01823139 0.01627963 -0.003491938 -0.01845473 0.01624417 -0.00396955 -0.01832455 0.01619225 -0.004294872 -0.0178017 0.01603966 -0.003088235 -0.01708036 0.01599276 -0.002774655 -0.01757991 0.01594525 -0.002971887 -0.01821255 0.01587986 -0.00350809 -0.01845878 0.01583927 -0.004071593 -0.01824855 0.01578003 -0.00429511 -0.01771122 0.0156992 -0.003823816 -0.01700168 0.01614362 -0.004091858 -0.01717215 0.01608055 -0.003581166 -0.01693803 0.01572525 -0.004130542 -0.01720851 0.01580673 -0.003890037 -0.016837 0.01570129 -0.003822863 -0.01700168 0.01568305 -0.00338006 -0.01694655 0.01561701 -0.002907574 -0.0172742 0.01558274 -0.002779245 -0.01776832 0.01552891 -0.002999901 -0.01823168 0.01549017 -0.003455877 -0.01845455 0.01544803 -0.004021286 -0.01828587 0.01538586 -0.004286944 -0.01780521 0.01523137 -0.002947926 -0.01721346 0.01517915 -0.00277841 -0.01769626 0.01514941 -0.002994358 -0.01823621 0.01508086 -0.003607332 -0.01845395 0.01503098 -0.004070341 -0.01823115 0.01499295 -0.004292726 -0.01777064 0.01495254 -0.004075646 -0.01715838 0.01488167 -0.003461658 -0.01693969 0.01482909 -0.003000259 -0.01716113 0.01479285 -0.002778112 -0.017623 0.01474368 -0.002909123 -0.01811856 0.01471066 -0.00338608 -0.0184468 0.01463216 -0.004056632 -0.01826918 0.0153504 -0.004204928 -0.01733702 0.01533955 -0.003655254 -0.0169475 0.01472878 -0.004198551 -0.01836812 0.01483327 -0.003365218 -0.01862132 0.01485353 -0.002714693 -0.01814323 0.01491105 -0.002629399 -0.01745909 0.01493972 -0.002988636 -0.01694291 0.01499795 -0.003590285 -0.01676124 0.01506668 -0.004299461 -0.01715034 0.01515412 -0.00439465 -0.0180689 0.01516801 -0.003786265 -0.01859676 0.01524245 -0.003042876 -0.01849538 0.01532804 -0.002598702 -0.01768612 0.01534205 -0.002955615 -0.01696336 0.01541352 -0.003680229 -0.0167672 0.01543617 -0.004271149 -0.01712417 0.015527 -0.004466354 -0.0178489 0.01554989 -0.003998816 -0.01850962 0.01562732 -0.003253221 -0.01859122 0.01564711 -0.00272262 -0.0181511 0.01575022 -0.002645969 -0.01740801 0.01577335 -0.003259658 -0.01680004 0.01466548 -0.003539502 -0.01851481 0.01463651 -0.003901541 -0.01838642 0.01462548 -0.003535687 -0.01694571 0.01487511 -0.003537893 -0.01694673 0.01506054 -0.003709077 -0.01845121 0.01496005 -0.004382848 -0.01749742 0.01462525 -0.004344344 -0.0174753 0.01462495 -0.004065811 -0.01822686 0.01482504 -0.004155993 -0.01838779 0.01482492 -0.004065811 -0.01822686 0.01469165 -0.004120171 -0.01828134 0.01472598 -0.004195451 -0.01835817 0.01472675 -0.004013359 -0.01823562 0.01526981 -0.003350615 -0.01843404 0.01531112 -0.0028041 -0.01791912 0.01540189 -0.002949237 -0.01721596 0.01545453 -0.00357145 -0.01693087 0.01552414 -0.004122376 -0.0172137 0.01556718 -0.004297196 -0.01773172 0.01566845 -0.00345689 -0.0184518 0.01572173 -0.003000199 -0.01823258 0.01575559 -0.002768754 -0.01769602 0.01581686 -0.003052949 -0.01710993 0.01588636 -0.00377506 -0.01696056 0.0157985 -0.003891348 -0.01682096 0.01573133 -0.003075659 -0.01686418 0.01568323 -0.00262624 -0.01747286 0.01560616 -0.002776801 -0.01827174 0.01557946 -0.003444015 -0.01862519 0.01552909 -0.004057347 -0.0184825 0.01549255 -0.004427194 -0.01797169 0.01544272 -0.004409372 -0.0173394 0.01538324 -0.003808379 -0.01678478 0.01533389 -0.003058612 -0.0168907 0.01525664 -0.002593696 -0.01755756 0.01520735 -0.002931535 -0.01843118 0.01515924 -0.003663182 -0.01862424 0.01512539 -0.004173576 -0.01837754 0.01505362 -0.004491508 -0.01769173 0.01502043 -0.004166245 -0.01700896 0.01494795 -0.003458559 -0.01674413 0.01489287 -0.002683937 -0.01727324 0.01484471 -0.002660334 -0.01802945 0.01481109 -0.003015458 -0.01847147 0.01475685 -0.003624498 -0.01863396 0.01487016 -0.003320217 -0.01841872 0.01490628 -0.002806425 -0.01791584 0.01500558 -0.002948224 -0.01721423 0.01502567 -0.003606796 -0.01694804 0.01513135 -0.004167795 -0.01727324 0.0151689 -0.004283905 -0.01784276 0.01561635 -0.004023075 -0.01828598 0.01522344 -0.003928244 -0.01834535 0.01517415 -0.00431627 -0.01769745 0.01546466 -0.003654599 -0.01844352 0.01537448 -0.004357278 -0.01770269 0.01525866 -0.003719508 -0.01843482 0.01537978 -0.004464328 -0.017645 0.01527494 -0.003536641 -0.01693028 0.01507478 -0.003544449 -0.01684588 0.01517504 -0.004316329 -0.01769495 0.01567423 -0.003534078 -0.0169425 0.01558947 -0.002752006 -0.01751536 0.0154891 -0.003383517 -0.01844078 0.01527994 -0.003520548 -0.01846623 0.01543575 -0.00305438 -0.01699709 0.01557433 -0.004312396 -0.01769822 0.01587545 -0.00354129 -0.01851099 0.0157746 -0.004357159 -0.01770669 0.01567047 -0.003568887 -0.01845592 0.01577502 -0.00429219 -0.0176962 0.0156753 -0.003550231 -0.01684212 0.01547414 -0.003566086 -0.01676756 0.01557528 -0.00431931 -0.01769506 0.01604127 -0.003073692 -0.01694005 0.01589769 -0.00330764 -0.01840984 0.0157029 -0.003189444 -0.01843374 0.01580458 -0.002801597 -0.01732891 0.0158748 -0.003534615 -0.01694655 0.0159747 -0.00429356 -0.01769697 0.01605814 -0.003672778 -0.0184527 0.01626014 -0.003761529 -0.01853996 0.01617556 -0.00431168 -0.01769834 0.01617515 -0.004322886 -0.01769328 0.01597487 -0.004322409 -0.01769345 0.01607429 -0.00356388 -0.01683712 0.01587378 -0.003545582 -0.01682525 0.016079 -0.003521025 -0.01847547 0.01623296 -0.002970278 -0.01698803 0.01646482 -0.003418266 -0.0169413 0.01637125 -0.002705991 -0.01774442 0.01627856 -0.003500461 -0.01844114 0.01524931 -0.003213167 -0.01694852 0.01511335 -0.003068029 -0.01840877 0.01491576 -0.002991735 -0.01841604 0.0150572 -0.00335443 -0.01696193 0.01640516 1.89678e-5 -0.0199247 0.01646548 6.07595e-4 -0.01962333 0.01652562 7.48695e-4 -0.01901245 0.01657718 4.22231e-4 -0.01850455 0.01655983 -4.98665e-4 -0.01839053 0.01650464 1.07886e-4 -0.01823019 0.0164572 7.20308e-4 -0.01856082 0.01642787 9.27918e-4 -0.01909244 0.01637166 7.79288e-4 -0.01968944 0.01633763 2.41455e-4 -0.02006185 0.016272 -4.08898e-4 -0.02000325 0.0161941 -9.25639e-4 -0.01932066 0.01615518 -6.69724e-4 -0.01850354 0.01612496 -7.5633e-5 -0.0182321 0.01606762 5.56111e-4 -0.01840257 0.01602268 9.30596e-4 -0.01903891 0.0159747 7.58268e-4 -0.01971447 0.01594233 2.91838e-4 -0.02004384 0.01585787 -4.03347e-4 -0.02001118 0.01582056 -9.25799e-4 -0.01933026 0.01579833 -8.54743e-4 -0.01880747 0.01605486 3.94512e-4 -0.01981234 0.01607918 7.64373e-4 -0.01923286 0.01616936 4.24331e-4 -0.01852166 0.01621472 -3.63557e-4 -0.01848661 0.0163089 -7.58502e-4 -0.01908791 0.01635962 -5.88486e-4 -0.01964581 0.01656025 -4.53309e-5 -0.01830655 0.01586115 -7.05865e-4 -0.01888525 0.0159502 -6.77435e-4 -0.01950252 0.01598107 -2.23471e-4 -0.01989358 0.01657217 -7.86856e-4 -0.01975971 0.01626586 -5.65004e-4 -0.01843357 0.0164048 -2.33404e-4 -0.01988285 0.01643234 -7.74869e-5 -0.01841288 0.01657807 -6.94516e-4 -0.01854753 0.01659125 -8.52845e-4 -0.01912003 0.01661187 -6.98438e-4 -0.01944631 0.01579636 -8.6301e-4 -0.01880526 0.0158686 -8.89292e-4 -0.01950263 0.01590847 -2.81537e-4 -0.02006113 0.01596599 4.58299e-4 -0.01998782 0.01601374 8.9164e-4 -0.019441 0.01605957 8.62164e-4 -0.01878732 0.01609665 4.42713e-4 -0.01833915 0.0161398 -1.198e-4 -0.018233 0.01619905 -7.63606e-4 -0.01859819 0.01623952 -9.23815e-4 -0.01932179 0.01630318 -5.27833e-4 -0.01994818 0.01633906 1.56081e-4 -0.0200811 0.01638233 6.65367e-4 -0.01981878 0.01642411 9.29633e-4 -0.01926612 0.01647078 7.75437e-4 -0.01862972 0.0164988 3.64657e-4 -0.01830798 0.01655423 -1.97041e-4 -0.01824086 0.01649898 -6.77541e-4 -0.01882129 0.01646119 -3.27654e-4 -0.01847374 0.01641291 2.18665e-4 -0.01842981 0.01636248 6.89174e-4 -0.01881837 0.01631498 6.93891e-4 -0.019481 0.01625484 2.74959e-4 -0.01986807 0.01621693 -2.14669e-4 -0.01989042 0.01616358 -6.8152e-4 -0.01951771 0.01611882 -7.01334e-4 -0.01885831 0.01602834 3.63564e-4 -0.01847916 0.01594525 7.63361e-4 -0.01912736 0.01588994 4.44593e-4 -0.01979285 0.01581567 -1.39652e-4 -0.01990342 0.01581752 -6.2364e-4 -0.01958471 0.01573127 -6.99971e-4 -0.01888602 0.01605558 -2.81338e-4 -0.01845604 0.01580184 -8.61252e-4 -0.01880294 0.01584893 -5.9941e-4 -0.0188086 0.01485496 2.17613e-4 -0.01843035 0.01475757 7.27239e-4 -0.01894414 0.01474374 5.87857e-4 -0.01962977 0.01462018 4.06479e-6 -0.01992297 0.01567965 1.82287e-4 -0.01842623 0.01556599 7.21887e-4 -0.01894319 0.01552689 6.26667e-4 -0.01958221 0.0154429 1.18569e-4 -0.01990985 0.0154106 -4.24805e-4 -0.01979076 0.01536118 -7.63843e-4 -0.01916128 0.01524662 3.26285e-4 -0.01846218 0.01516628 7.59745e-4 -0.01923185 0.01507246 3.61494e-4 -0.01982694 0.01504588 -3.58984e-4 -0.01983088 0.01494729 -7.54765e-4 -0.01923584 0.01489645 -5.42025e-4 -0.01862013 0.01528602 -4.24442e-4 -0.01853108 0.01471304 8.03629e-6 -0.0201137 0.01478439 7.46003e-4 -0.01975983 0.01484155 9.25674e-4 -0.01901978 0.01491868 4.80846e-4 -0.01833921 0.01496821 -4.55762e-4 -0.0183264 0.01501625 -9.08149e-4 -0.01893281 0.01509344 -7.61495e-4 -0.01973247 0.01514285 9.7032e-5 -0.02010703 0.01519089 7.48976e-4 -0.01972305 0.01526814 9.23362e-4 -0.018929 0.01533246 2.14458e-4 -0.01822996 0.01538556 -6.84559e-4 -0.01849931 0.01543575 -9.34756e-4 -0.01921337 0.01550501 -5.59261e-4 -0.01993727 0.01557743 4.35484e-4 -0.02001118 0.01560902 8.98378e-4 -0.01941347 0.01568323 8.14269e-4 -0.01866286 0.01571375 1.83914e-4 -0.01824611 0.01576298 -4.41263e-4 -0.01832622 0.01462721 -1.86418e-6 -0.01840639 0.01462519 -7.79746e-4 -0.01902455 0.01462781 -4.59528e-6 -0.01992261 0.01500123 -2.89701e-4 -0.01990962 0.01486659 -5.35056e-4 -0.01848304 0.01482492 0 -0.01991099 0.01467764 0 -0.01994746 0.01472663 1.18011e-6 -0.02009588 0.01477855 9.39206e-6 -0.01990288 0.0152266 1.17632e-4 -0.01990967 0.0152468 6.24232e-4 -0.01958435 0.01531118 6.74537e-4 -0.01880127 0.01540207 4.35428e-5 -0.01840227 0.0154674 -4.84437e-4 -0.01857084 0.01548069 -7.62891e-4 -0.01919519 0.01561981 1.84403e-4 -0.01989859 0.01565515 7.2873e-4 -0.01938003 0.01576316 6.29955e-4 -0.01873695 0.01580089 1.70088e-4 -0.01841044 0.01585376 -4.22182e-4 -0.01852786 0.01586997 -7.35214e-4 -0.01885867 0.0157364 -5.44721e-4 -0.01838225 0.01570057 2.47006e-4 -0.01825797 0.015652 8.0567e-4 -0.0186693 0.01561534 9.24714e-4 -0.01928979 0.01555669 5.96706e-4 -0.01990151 0.01547735 -3.29487e-4 -0.02005565 0.01543813 -8.8643e-4 -0.01946169 0.01538556 -8.38836e-4 -0.01870846 0.01533377 -2.32612e-4 -0.01825404 0.01525664 5.6768e-4 -0.01839679 0.01519095 9.41424e-4 -0.01931893 0.01516056 5.12456e-4 -0.01994103 0.01508742 -2.2869e-4 -0.02008855 0.01505559 -8.16376e-4 -0.01961314 0.01498401 -9.08486e-4 -0.01886278 0.014943 -3.32817e-4 -0.01828449 0.01490378 2.34236e-4 -0.01825976 0.0148316 8.4098e-4 -0.01871109 0.01479262 8.62939e-4 -0.01952475 0.01474833 4.88485e-4 -0.01994931 0.01483303 6.24023e-4 -0.01958179 0.01491981 6.74677e-4 -0.01880037 0.01500046 -9.68056e-6 -0.01839035 0.01506292 -6.29404e-4 -0.01873683 0.01513242 -7.47009e-4 -0.01930892 0.0155735 -3.93063e-4 -0.01980966 0.01516783 -4.25347e-4 -0.01979297 0.0151236 -9.07076e-4 -0.01917541 0.01542526 -3.72361e-6 -0.01995813 0.01532477 -8.25128e-4 -0.01917135 0.01522451 -3.61011e-6 -0.01991319 0.01532638 -8.72803e-4 -0.01915162 0.0152257 -2.48067e-6 -0.0183798 0.01502496 -1.99657e-7 -0.01840734 0.01511895 -8.80764e-4 -0.01910763 0.01561957 1.46069e-5 -0.01839184 0.01546061 4.09483e-4 -0.0198723 0.01525098 3.23265e-4 -0.01990795 0.01538729 4.60095e-4 -0.01844328 0.01552408 -7.80749e-4 -0.01916182 0.01578068 -4.58217e-4 -0.01967197 0.01572507 -7.61691e-4 -0.01916152 0.01561462 -1.01272e-4 -0.0199002 0.01572859 -9.32153e-4 -0.01912033 0.01562571 -2.09967e-6 -0.01838821 0.01542431 -1.89022e-6 -0.01838397 0.01552534 -8.48565e-4 -0.01915001 0.01602506 1.10093e-6 -0.01838278 0.01594519 7.69532e-4 -0.01890826 0.01582413 1.34089e-5 -0.02004081 0.01562488 1.78171e-6 -0.01993668 0.01571154 8.20071e-4 -0.0193392 0.01582592 5.34698e-6 -0.01833617 0.01592397 -7.76168e-4 -0.01916259 0.01619833 -3.35791e-4 -0.01990574 0.01612573 -7.7896e-4 -0.01916313 0.01601189 -1.39329e-4 -0.01990282 0.01612514 -7.867e-4 -0.01915806 0.01602411 -2.0851e-5 -0.01830959 0.01582443 -1.84694e-5 -0.01825034 0.01592499 -7.76625e-4 -0.01915919 0.01602488 0 -0.01991099 0.01607233 5.42584e-4 -0.01974725 0.01618832 4.65964e-4 -0.0184434 0.01638203 5.78426e-4 -0.01844769 0.01624834 2.77203e-4 -0.01990485 0.0152055 2.42426e-4 -0.01839506 0.01510125 7.82506e-4 -0.01946425 0.01502513 2.13355e-6 -0.01991111 0.01484423 2.34479e-4 -0.01991093 0.01494336 8.05374e-4 -0.01892149 0.01502448 2.60739e-6 -0.01841098 0.01462495 1.19483e-6 -0.01839959 0.01482492 4.15556e-7 -0.01840704 0.01475816 7.10792e-4 -0.01875239 0.0146377 2.61636e-4 -0.0199384 0.01462501 8.30896e-4 -0.0189377 0.01655983 0.002638041 -0.01750433 0.01650464 0.002953588 -0.01696211 0.01647514 0.003490209 -0.01676791 0.01642495 0.0040434 -0.01690936 0.01636505 0.004456341 -0.01751983 0.01633602 0.004342377 -0.01816236 0.01627194 0.003841876 -0.01858121 0.0161941 0.002993881 -0.01846396 0.01618427 0.002623617 -0.01787757 0.01613318 0.002682983 -0.01730996 0.01608318 0.003184914 -0.01682949 0.01602518 0.003921151 -0.01684242 0.01595985 0.004445791 -0.01746702 0.01592314 0.004305779 -0.0182299 0.01587533 0.003725945 -0.01861441 0.01582646 0.003040134 -0.01849198 0.01579511 0.002678811 -0.01805406 0.01600688 0.004077792 -0.01824003 0.01607072 0.004293859 -0.01762425 0.01611423 0.003963291 -0.01706254 0.0161845 0.003316998 -0.01696646 0.01621282 0.002802968 -0.01747435 0.01628899 0.003047347 -0.0182873 0.01638466 0.003754079 -0.01842677 0.01641303 0.004268109 -0.01791888 0.01650303 0.004077434 -0.01715582 0.0165739 0.003421306 -0.01692825 0.01656025 0.002899229 -0.01712441 0.01589757 0.002839088 -0.01798546 0.01590317 0.003275096 -0.01841604 0.01637494 0.003535926 -0.01845049 0.01644176 0.004246354 -0.01810497 0.01656198 0.003798007 -0.01691949 0.01657497 0.003536701 -0.018458 0.01657497 0.004366397 -0.01791989 0.01619821 0.003252744 -0.01695621 0.01630043 0.002761542 -0.01802027 0.01637506 0.003534674 -0.0184465 0.01654881 0.003205537 -0.01844292 0.01641523 0.003012776 -0.01698476 0.01657819 0.002605617 -0.01769942 0.01659321 0.002869606 -0.01824641 0.01658463 0.003297805 -0.01842159 0.01579898 0.002674996 -0.01805442 0.01587539 0.003115713 -0.01853686 0.01592111 0.003932714 -0.01854825 0.01595735 0.004407107 -0.01803797 0.01601713 0.004406034 -0.01734125 0.01606339 0.003880083 -0.01682484 0.01611149 0.003183364 -0.01682752 0.01614236 0.002750098 -0.01719945 0.0161916 0.002599954 -0.01775038 0.01624888 0.002926707 -0.01841211 0.01627993 0.003543019 -0.01862883 0.01633673 0.004157662 -0.01840269 0.01642084 0.004471361 -0.01760357 0.01645958 0.004006385 -0.01688325 0.01649039 0.003360331 -0.01678019 0.01655054 0.00279802 -0.01711398 0.01651102 0.002812981 -0.01795113 0.01645141 0.002848029 -0.01737034 0.01640826 0.003211498 -0.01700693 0.01638519 0.003921091 -0.01703709 0.01631832 0.004291832 -0.01780897 0.01621878 0.003768503 -0.01842772 0.01614809 0.003187239 -0.01836895 0.01612484 0.002801418 -0.01791369 0.01597124 0.00364989 -0.01694172 0.01592552 0.004137992 -0.01722717 0.01587659 0.00429362 -0.0177024 0.01584082 0.004130005 -0.01817548 0.01579529 0.00359404 -0.01845997 0.0157355 0.003069818 -0.01829534 0.01569843 0.002837538 -0.01798748 0.01607072 0.00300157 -0.01714706 0.01580679 0.00267595 -0.01805108 0.01570099 0.002840816 -0.01798391 0.01567453 0.002777636 -0.01763939 0.01561558 0.003849029 -0.01700294 0.01549923 0.0042997 -0.01769566 0.01543104 0.004020154 -0.01828265 0.01539683 0.003311932 -0.01842206 0.01531451 0.002792775 -0.01788258 0.01518476 0.003553569 -0.01693558 0.01515322 0.004156589 -0.01725178 0.01506465 0.004267811 -0.01790028 0.01505482 0.003796339 -0.01841127 0.01495254 0.002997338 -0.01823669 0.01488167 0.002778649 -0.01762276 0.01483684 0.003109097 -0.01706266 0.01477634 0.003854393 -0.01700466 0.01470226 0.004266202 -0.01748293 0.01465517 0.004239916 -0.01797628 0.01463639 0.004103899 -0.01826286 0.01564371 0.003056704 -0.01710087 0.01525425 0.002969443 -0.01718336 0.01479423 0.004460036 -0.01790022 0.01482474 0.004275023 -0.01712304 0.01488 0.003680169 -0.01676815 0.01497864 0.002859294 -0.01704812 0.01499271 0.00260812 -0.01781409 0.01506668 0.002989292 -0.01846051 0.01515179 0.003908276 -0.01855701 0.01521813 0.004473388 -0.01775723 0.01528817 0.004016935 -0.01688951 0.01535338 0.00303483 -0.01689797 0.01537472 0.002606153 -0.01758408 0.01544415 0.002816259 -0.01830667 0.01547104 0.003430962 -0.01862281 0.01551735 0.003986656 -0.01851493 0.01561713 0.004457831 -0.0178585 0.01566022 0.004152357 -0.01698803 0.01574343 0.003246009 -0.01680314 0.01577115 0.002637684 -0.01742041 0.01478105 0.003575682 -0.01679891 0.01465392 0.004336416 -0.0178653 0.01462656 0.003563642 -0.01677143 0.01462495 0.003535509 -0.01844656 0.01499378 0.003753483 -0.01842325 0.01517438 0.003536581 -0.01694297 0.01508748 0.004347145 -0.01753544 0.01462519 0.004086911 -0.01825129 0.01482456 0.004100084 -0.0182597 0.01494115 0.003958284 -0.01697432 0.01477229 0.00409156 -0.01825267 0.01462501 0.004065811 -0.01822692 0.01472783 0.004199385 -0.01835513 0.0148046 0.004070103 -0.01822715 0.0151692 0.003555774 -0.01845997 0.01520854 0.004164695 -0.01814138 0.01526916 0.00421369 -0.01734256 0.01536166 0.003678143 -0.01694506 0.01538383 0.003082931 -0.01708519 0.01546698 0.002775907 -0.01762181 0.015621 0.004294574 -0.01777195 0.01571005 0.003859043 -0.01698774 0.01579469 0.003057718 -0.01709854 0.01587259 0.00276947 -0.01767659 0.01589989 0.002842664 -0.01798355 0.01580226 0.002670705 -0.01805257 0.01575267 0.002624392 -0.01748162 0.0157147 0.002963483 -0.01695138 0.01564294 0.003695189 -0.01676487 0.01561534 0.004280388 -0.01713371 0.01555669 0.004481077 -0.01779824 0.01547628 0.00393486 -0.01856154 0.01543807 0.003121316 -0.01853597 0.01540499 0.002714693 -0.01814067 0.01535433 0.002608895 -0.01751977 0.01531785 0.002936601 -0.016981 0.01525479 0.003591239 -0.01675015 0.01522111 0.004213511 -0.01705574 0.01513987 0.004483401 -0.01776111 0.01507759 0.003965675 -0.01853394 0.01501864 0.003032565 -0.01850956 0.01496446 0.002583563 -0.01768505 0.01491451 0.002908289 -0.01700139 0.01488095 0.003425717 -0.01676982 0.01480239 0.004152178 -0.01697134 0.01475709 0.00447303 -0.01778554 0.01479357 0.004251003 -0.01750642 0.01494258 0.003684222 -0.01694625 0.01500433 0.003144979 -0.01704812 0.01504236 0.002789139 -0.01750874 0.01549804 0.002967476 -0.01820939 0.01554352 0.003717303 -0.01844668 0.01509624 0.002969443 -0.01820969 0.01507413 0.002754688 -0.01769745 0.01533919 0.003088951 -0.01837581 0.01527494 0.002773225 -0.01769709 0.01515895 0.003357172 -0.01842951 0.01527589 0.002673208 -0.01768457 0.01517581 0.003532946 -0.01691484 0.01497441 0.003521203 -0.01680916 0.01507508 0.002760052 -0.0176953 0.01553255 0.004155933 -0.0169444 0.015392 0.003751039 -0.01847457 0.0151816 0.003562271 -0.01847773 0.01534265 0.00390172 -0.01697605 0.015675 0.00276339 -0.01769578 0.01557481 0.003526508 -0.01686412 0.01537495 0.003535151 -0.01694017 0.01543408 0.002895534 -0.01722973 0.01547491 0.002779126 -0.01769691 0.01577484 0.003535509 -0.01844668 0.01567399 0.002661049 -0.0177173 0.01554208 0.003140985 -0.01839542 0.0159493 0.003855466 -0.01695257 0.01581895 0.004117667 -0.01837819 0.01559185 0.003703355 -0.01846075 0.01570498 0.00426799 -0.01732599 0.0157749 0.003536701 -0.01694655 0.01587492 0.002779185 -0.01769691 0.01617467 0.003532648 -0.01844668 0.01607561 0.002686977 -0.01771032 0.01594531 0.003205478 -0.0184139 0.01607495 0.002782344 -0.01769638 0.01597666 0.003480792 -0.01681602 0.0157749 0.003535151 -0.01694083 0.01586997 0.00267589 -0.0176633 0.01597493 0.003535509 -0.01844656 0.01603913 0.004239439 -0.01814484 0.0161547 0.003767967 -0.01695573 0.01635569 0.003774762 -0.01694041 0.01626205 0.004339456 -0.01786267 0.01617866 0.003567516 -0.01844733 0.01653701 0.004089355 -0.01440131 0.01647096 0.00421679 -0.01362752 0.01641368 0.004973948 -0.0132119 0.01636725 0.005692839 -0.01352316 0.01633107 0.005923569 -0.0140478 0.01627671 0.005805671 -0.01465058 0.01623815 0.005244255 -0.01506632 0.01618456 0.004548788 -0.01499187 0.01612681 0.004079163 -0.01436716 0.01607185 0.004239201 -0.01360368 0.01604026 0.004752218 -0.01326411 0.01599186 0.005323886 -0.01328027 0.01595211 0.005819201 -0.01370716 0.01589798 0.005913197 -0.01440083 0.0158357 0.005379319 -0.0150302 0.01579868 0.004648745 -0.01503014 0.01593178 0.005327999 -0.01484066 0.01599258 0.005746841 -0.01434504 0.01604807 0.005544841 -0.01361745 0.01612555 0.004912674 -0.01340371 0.01617109 0.004489958 -0.01359903 0.01620936 0.004245638 -0.01403331 0.01637679 0.005611836 -0.01461935 0.01642602 0.005756199 -0.01405251 0.01647007 0.005455613 -0.01355218 0.01652204 0.004891276 -0.01340728 0.0165733 0.004278063 -0.0138002 0.01654994 0.004178822 -0.01454377 0.01625168 0.004439473 -0.01468837 0.01631611 0.005075395 -0.01492154 0.01586979 0.004718303 -0.01485973 0.01632499 0.005000054 -0.01491153 0.01640498 0.005822956 -0.01442843 0.01653957 0.00501424 -0.01340728 0.01657485 0.00578767 -0.0142284 0.01653987 0.005135953 -0.01490527 0.01657819 0.004344463 -0.01482057 0.01659536 0.00491786 -0.01501941 0.0165888 0.005328297 -0.01484835 0.01580023 0.004645943 -0.01501637 0.01585376 0.005170345 -0.01508575 0.01590085 0.005783796 -0.01467478 0.01594901 0.0059219 -0.01399254 0.01601809 0.005480945 -0.01335245 0.01606667 0.004666805 -0.01328253 0.01611196 0.004136741 -0.01379567 0.01614212 0.004092931 -0.01436483 0.01619184 0.00437659 -0.01486051 0.01624917 0.005075395 -0.01509726 0.0163145 0.005781352 -0.01468515 0.01635432 0.005905032 -0.01391822 0.01638436 0.005589783 -0.01344239 0.01643264 0.005060613 -0.01322537 0.01650124 0.004331827 -0.01349771 0.01655137 0.004067063 -0.01427054 0.01651495 0.004566848 -0.01479232 0.01643693 0.004245102 -0.01425302 0.01636117 0.005197405 -0.01342076 0.01625615 0.00574243 -0.01397508 0.01619702 0.005632996 -0.01458692 0.01615279 0.005107343 -0.0149188 0.01609045 0.004580974 -0.01479244 0.01605433 0.004269659 -0.01438689 0.0159496 0.004837691 -0.01341682 0.01589947 0.005334734 -0.01348173 0.01586753 0.005707561 -0.01387315 0.01580601 0.005714297 -0.01441407 0.01577013 0.005406022 -0.01480722 0.0157082 0.004741191 -0.01489073 0.01640641 0.004424095 -0.01365756 0.01600724 0.004336357 -0.01377975 0.01580065 0.004639446 -0.0150215 0.01579564 0.004691898 -0.01482653 0.01563644 0.004236638 -0.01422137 0.0155251 0.005070209 -0.0134046 0.01550155 0.005625844 -0.01372241 0.01543051 0.005676388 -0.01451838 0.01533794 0.005140721 -0.01491272 0.01531004 0.004577577 -0.01479357 0.01524442 0.004264473 -0.01434338 0.01516777 0.005527734 -0.01362878 0.01504588 0.005669832 -0.01451998 0.01494729 0.005074799 -0.01491582 0.01489645 0.004459083 -0.01470303 0.01485502 0.004269361 -0.01394343 0.01476186 0.004814147 -0.01342403 0.0147261 0.005415141 -0.01353621 0.01469588 0.005734026 -0.01413911 0.01559388 0.004497945 -0.0135768 0.0152086 0.004298746 -0.01386982 0.01516801 0.004714131 -0.0134536 0.01471459 0.005951821 -0.01415336 0.01478374 0.005598783 -0.01341456 0.01484155 0.004858732 -0.01323533 0.01491868 0.004178166 -0.01368016 0.01496821 0.004165351 -0.01461678 0.01501625 0.004771769 -0.01506918 0.01509344 0.005571424 -0.01492249 0.01514285 0.00594598 -0.01406401 0.01522314 0.005403578 -0.01329797 0.01526147 0.004589915 -0.01331961 0.01529455 0.004181385 -0.01371294 0.01536607 0.004092931 -0.01446372 0.01540708 0.004671454 -0.0150392 0.0154463 0.005238652 -0.01506114 0.01551085 0.005802929 -0.01465958 0.01554703 0.005904376 -0.0139141 0.0156157 0.00543648 -0.01332271 0.01565212 0.004685521 -0.013278 0.01572525 0.004097461 -0.01384693 0.01576709 0.004204034 -0.01465445 0.01462489 0.005004525 -0.01337915 0.01472115 0.005021393 -0.01332861 0.01463085 0.00575149 -0.01401293 0.01462495 0.004999995 -0.01491099 0.01462769 0.005902767 -0.0141828 0.01509726 0.00533837 -0.01343035 0.01496851 0.005574285 -0.01484197 0.01482474 0.005768239 -0.01416242 0.01491194 0.005125463 -0.01342201 0.01475828 0.00582689 -0.0141611 0.01462501 0.00574994 -0.01416105 0.01470297 0.005932509 -0.0141552 0.01482021 0.00575608 -0.01415818 0.015181 0.005669355 -0.01452088 0.01523089 0.005741477 -0.01401662 0.01526129 0.005426824 -0.01352882 0.01533526 0.004828929 -0.01342213 0.01537263 0.004388153 -0.01370656 0.01542383 0.004243433 -0.01416194 0.01551818 0.004971146 -0.01491928 0.01555049 0.005539536 -0.0147022 0.01561129 0.005749046 -0.01401573 0.01566255 0.005229473 -0.01342999 0.01575374 0.004630804 -0.01349675 0.01579111 0.004281401 -0.01390463 0.01589989 0.004712998 -0.01485389 0.01579856 0.004641354 -0.01502251 0.01576185 0.004242479 -0.0147047 0.01571911 0.00406301 -0.0141654 0.0156731 0.00427246 -0.01357275 0.01563888 0.004746913 -0.013264 0.01556146 0.005434453 -0.0133295 0.01553153 0.005901396 -0.0139147 0.01545709 0.005796432 -0.01465755 0.0154289 0.005177319 -0.01507973 0.01535755 0.004443228 -0.01492035 0.01533329 0.004083395 -0.0143308 0.01524102 0.004244446 -0.01359772 0.01522839 0.004899978 -0.01323431 0.01518213 0.005455136 -0.01334494 0.01508247 0.005923092 -0.01400357 0.01503896 0.005613267 -0.01487231 0.01501756 0.004959404 -0.01509153 0.01497524 0.004426062 -0.01490044 0.01490712 0.004059672 -0.01424282 0.01482146 0.004446387 -0.01339852 0.0148077 0.005180358 -0.01324737 0.01476454 0.005678296 -0.01351696 0.01485675 0.005626976 -0.01373875 0.01488947 0.005149424 -0.0134105 0.01495587 0.004608213 -0.01351231 0.01499122 0.004282891 -0.01390498 0.01544713 0.004433333 -0.01467478 0.01582705 0.004361331 -0.01458644 0.01503378 0.004344046 -0.01455414 0.01507252 0.005034863 -0.01492279 0.01502496 0.004246711 -0.01416116 0.015325 0.004999637 -0.01491743 0.01522749 0.004146635 -0.01419883 0.01511174 0.004937827 -0.01492333 0.01522624 0.004126727 -0.01415121 0.01512569 0.004997491 -0.01337981 0.01492404 0.004985153 -0.01327455 0.01502519 0.004216372 -0.0141595 0.01551824 0.005025148 -0.01338279 0.01535838 0.005385398 -0.01487523 0.01514643 0.005260944 -0.01491153 0.01524889 0.005781769 -0.01385611 0.01532483 0.005002021 -0.01341098 0.01563113 0.004054427 -0.01411312 0.01552504 0.004998981 -0.01339495 0.01532417 0.004985868 -0.01326745 0.01542502 0.004222929 -0.01415914 0.01542413 0.004219174 -0.01416194 0.01562446 0.004196703 -0.01416474 0.01550823 0.004809916 -0.01489913 0.01571482 0.004882812 -0.01491403 0.0159108 0.005173623 -0.01339805 0.01583582 0.005776584 -0.01402777 0.01574486 0.005226671 -0.01490622 0.01553314 0.005017757 -0.014934 0.01565504 0.005731642 -0.01378899 0.01572489 0.005001127 -0.01341098 0.01582431 0.004221022 -0.01416301 0.01609891 0.00466746 -0.01490962 0.01602607 0.004223406 -0.01416277 0.01591187 0.00486046 -0.0149036 0.01602602 0.004124283 -0.01414787 0.0159257 0.004996895 -0.01337569 0.01572436 0.004999041 -0.01339471 0.01582306 0.004122734 -0.01414233 0.01593029 0.005022525 -0.01494097 0.01605916 0.005721747 -0.01373261 0.0161249 0.004999995 -0.01341104 0.0162881 0.005492329 -0.01342618 0.01615506 0.00536096 -0.01488792 0.0164265 0.004091024 -0.01412975 0.01612442 0.004989087 -0.01329141 0.01622468 0.004217386 -0.01415956 0.01632571 0.004998087 -0.01338446 0.01622426 0.004218578 -0.01416188 0.01630479 0.004763126 -0.01489371 0.01650482 0.00475037 -0.01490485 0.0164259 0.004228055 -0.014162 0.01653701 0.003061532 -0.01143932 0.01647096 0.002604484 -0.01080209 0.01641368 0.002846002 -0.009972751 0.01636725 0.00357443 -0.009684503 0.01633107 0.004108548 -0.009892344 0.01628696 0.004438519 -0.0103603 0.01622557 0.004335939 -0.01113611 0.01617258 0.003632605 -0.01156592 0.01613724 0.003038108 -0.01141178 0.01606827 0.002612948 -0.01085686 0.01602584 0.002789437 -0.01005285 0.01597636 0.003390491 -0.00969696 0.0159434 0.003953933 -0.009794473 0.01589232 0.004391908 -0.01022696 0.01585513 0.004426002 -0.01092737 0.0157966 0.003938198 -0.01148688 0.01589667 0.003825128 -0.01132303 0.0159446 0.004179358 -0.01104348 0.01597201 0.004283905 -0.01047772 0.01601481 0.003793656 -0.009897172 0.01610314 0.003101706 -0.009997308 0.01615566 0.002791762 -0.01046615 0.01632219 0.004145383 -0.01108187 0.01637679 0.004292249 -0.01051694 0.01642602 0.003993511 -0.01001399 0.01646995 0.003427088 -0.009872913 0.0165221 0.002925693 -0.0101692 0.0165733 0.002769887 -0.01088082 0.01654994 0.003225505 -0.01147681 0.01619607 0.002890944 -0.01103734 0.01623469 0.003516674 -0.01139062 0.01657462 0.003882646 -0.009925127 0.0162751 0.003535985 -0.01137757 0.01634627 0.004261553 -0.01097488 0.01644611 0.003887057 -0.009905219 0.0164749 0.003537476 -0.01137554 0.01655441 0.004303336 -0.01094895 0.01659637 0.004084169 -0.01129007 0.01657938 0.004284739 -0.01076573 0.01580023 0.003892958 -0.01148539 0.01585251 0.004331409 -0.0111202 0.0159415 0.004417955 -0.01030868 0.01596051 0.00387609 -0.009755551 0.01601701 0.003180205 -0.009754896 0.01606339 0.002663791 -0.0102809 0.01611149 0.002666473 -0.01097762 0.01614236 0.003038406 -0.01141089 0.0161916 0.003589332 -0.01156103 0.01624888 0.004251062 -0.01123428 0.0163145 0.004458606 -0.01044356 0.01634609 0.004040181 -0.009838163 0.01640617 0.00335741 -0.009703218 0.01643264 0.00283122 -0.01001852 0.01648193 0.0026021 -0.01054149 0.01652956 0.002801239 -0.01120877 0.01659458 0.003445327 -0.01155614 0.01652824 0.004021704 -0.0112127 0.01648211 0.00333476 -0.01136451 0.01640945 0.002872943 -0.01099437 0.01637631 0.002800881 -0.0104078 0.01625311 0.003816843 -0.009922146 0.0162177 0.004194855 -0.01024085 0.01616829 0.004285812 -0.01073282 0.0161345 0.004030823 -0.01120954 0.01609182 0.003308236 -0.01135581 0.01600587 0.002853453 -0.01095366 0.01597124 0.002780735 -0.0105111 0.0159046 0.003773868 -0.009894847 0.01580041 0.004284918 -0.01047563 0.01574647 0.004139304 -0.01109349 0.01569998 0.003822505 -0.01131838 0.01631355 0.003267347 -0.00990951 0.01592552 0.003066122 -0.01002299 0.01582545 0.00387597 -0.01148885 0.01572066 0.003823339 -0.01133239 0.01566606 0.003142356 -0.01128149 0.01559615 0.002781569 -0.01073491 0.01547718 0.003614246 -0.009867727 0.01543104 0.004121601 -0.01014083 0.01538127 0.004291415 -0.01062577 0.01534307 0.00412327 -0.01110833 0.01529353 0.003616511 -0.01138162 0.01525425 0.003022313 -0.01119154 0.01518565 0.002775132 -0.01055258 0.01507699 0.003614306 -0.009867548 0.01503098 0.004070341 -0.01009088 0.01499295 0.004292726 -0.01055145 0.01495254 0.004075646 -0.01116365 0.01488167 0.003461658 -0.01138234 0.01482909 0.003000259 -0.01116091 0.01479285 0.002778112 -0.01069903 0.01474368 0.002909123 -0.01020348 0.01471066 0.00338608 -0.009875237 0.01463216 0.004056632 -0.01005285 0.01556301 0.00299555 -0.01008653 0.01512897 0.003079235 -0.01001626 0.01472878 0.004198551 -0.009953916 0.01483327 0.003365218 -0.009700715 0.01485353 0.002714693 -0.01017886 0.01493 0.002647459 -0.01092523 0.01494866 0.003096997 -0.01144695 0.01499265 0.003653049 -0.01155292 0.01506668 0.004299461 -0.01117175 0.01509743 0.004451334 -0.01043796 0.01517266 0.004022061 -0.009823024 0.01519167 0.003341734 -0.009713768 0.01528167 0.002724826 -0.01014226 0.01535332 0.002736866 -0.01112616 0.01537561 0.003423035 -0.0115543 0.01545411 0.004141867 -0.0113402 0.01547199 0.004461228 -0.0107299 0.01551735 0.00435388 -0.01017433 0.01561075 0.003698229 -0.009699523 0.01562047 0.002973973 -0.009882271 0.01568895 0.002605676 -0.0104683 0.0157243 0.002793312 -0.01119577 0.01575911 0.003260791 -0.01151627 0.01466548 0.003539502 -0.009807229 0.01463651 0.003901541 -0.009935617 0.01462548 0.003535687 -0.01137632 0.01487511 0.003537893 -0.0113753 0.01507323 0.003539621 -0.009867191 0.01496005 0.004382848 -0.01082462 0.01462525 0.004344344 -0.01084679 0.01462495 0.004065811 -0.01009517 0.01482409 0.004156529 -0.009934782 0.01482492 0.004065811 -0.01009517 0.01482486 0.004065811 -0.01009517 0.01469165 0.004120171 -0.0100407 0.01472598 0.004195451 -0.00996387 0.01481819 0.004067301 -0.01008957 0.01503801 0.003753066 -0.01135349 0.01513594 0.004258871 -0.01084548 0.01517623 0.004196524 -0.01027131 0.01523143 0.003722369 -0.009892642 0.01528942 0.003110766 -0.009995579 0.01535439 0.002781808 -0.01051431 0.01549416 0.004205346 -0.01098823 0.01559269 0.004203021 -0.01026433 0.01563698 0.003648281 -0.009866535 0.01571273 0.003051757 -0.01003849 0.01575183 0.002775549 -0.01055222 0.01589995 0.003822863 -0.01132893 0.01579791 0.003891229 -0.01150077 0.01573324 0.003074944 -0.01145881 0.01565581 0.002580463 -0.01065939 0.01561284 0.002921938 -0.00991857 0.01555818 0.003637015 -0.009679019 0.01550859 0.004287242 -0.0100671 0.0154314 0.004457712 -0.01086205 0.01538366 0.003807902 -0.01153767 0.01530271 0.002892136 -0.01132911 0.01526188 0.0026021 -0.01056885 0.01519453 0.002980053 -0.009846508 0.01512211 0.003975152 -0.009777486 0.01509046 0.004435122 -0.01037746 0.01501625 0.004347264 -0.01112765 0.01496475 0.003524065 -0.0115776 0.01488417 0.002711415 -0.01110583 0.01484417 0.002660512 -0.010293 0.01481115 0.003015339 -0.009850621 0.01475775 0.003624379 -0.009687542 0.01487529 0.003659069 -0.009865224 0.01488971 0.003111422 -0.009995162 0.01496165 0.002777278 -0.01051533 0.01539587 0.002947568 -0.01110768 0.01546287 0.00353825 -0.01139378 0.01581102 0.002907514 -0.01104652 0.01583975 0.003285229 -0.01134449 0.0149905 0.002994537 -0.01116621 0.01497417 0.002754688 -0.01062637 0.01525187 0.003224313 -0.01136136 0.01517498 0.002773225 -0.01062601 0.01505476 0.003297269 -0.01135647 0.01517558 0.002679765 -0.01061391 0.01507574 0.003533005 -0.009844362 0.01487386 0.003518879 -0.009723007 0.01497519 0.002754986 -0.01062387 0.0154345 0.004076719 -0.009901881 0.01529645 0.00377047 -0.01136356 0.01507502 0.003535568 -0.01137572 0.01517319 0.004444062 -0.01065373 0.01527452 0.00353676 -0.009875476 0.01557534 0.002690255 -0.01061797 0.01547569 0.003533005 -0.009844303 0.01527363 0.003518939 -0.009723246 0.01537519 0.002751767 -0.01062399 0.01537495 0.002782225 -0.0106256 0.015675 0.003535151 -0.01138186 0.01557749 0.002682149 -0.01066327 0.0154618 0.003473401 -0.01138669 0.01587456 0.003535866 -0.009874224 0.0158044 0.004255354 -0.01026433 0.01569324 0.003735005 -0.01135975 0.01551902 0.004161357 -0.01135373 0.01566296 0.003676295 -0.009881198 0.01577472 0.00277853 -0.01062566 0.01604491 0.003127694 -0.01136726 0.01597493 0.002770662 -0.01062637 0.01585251 0.003300011 -0.01135963 0.01597505 0.002765476 -0.01062405 0.01587498 0.003523707 -0.009783267 0.015675 0.003480732 -0.009653985 0.01577502 0.002772927 -0.0106247 0.01597124 0.004429936 -0.01068633 0.01607429 0.003540813 -0.009875535 0.01623535 0.004094362 -0.009883284 0.01609718 0.003799617 -0.01136898 0.01587516 0.003535568 -0.01137602 0.01637697 0.002633213 -0.01060897 0.01607543 0.003520786 -0.009775936 0.01617479 0.002753257 -0.01062369 0.01627582 0.003534376 -0.00985229 0.01617461 0.002725064 -0.01063042 0.01626533 0.003433942 -0.01137185 0.01644891 0.003199994 -0.01137852 0.01637613 0.002762079 -0.01062715 -0.01464921 -0.003419697 -0.009882032 -0.01462501 -0.00353533 -0.01138037 -0.01462543 -0.002694725 -0.01088333 -0.01478123 -0.003533959 -0.01140111 -0.01473033 -0.002739667 -0.01086896 -0.01464688 -0.005135416 -0.0134052 -0.01462513 -0.004236996 -0.01387673 -0.01462596 -0.004970967 -0.01505947 -0.01481294 -0.004982054 -0.01505643 -0.01472985 -0.004271447 -0.01376104 -0.01462537 -0.003219723 -0.01697707 -0.01462501 -0.003534138 -0.01846086 -0.01462507 -0.002774596 -0.01802766 -0.01484364 -0.003535091 -0.0184527 -0.01479691 -0.002756953 -0.01802462 -0.01473027 -0.003303349 -0.01697015 -0.01464921 0.003419697 -0.018444 -0.01462501 0.00353533 -0.01694571 -0.01462543 0.002694725 -0.01744276 -0.01478123 0.003533959 -0.01692497 -0.01473033 0.002739667 -0.01745706 -0.01464688 0.005135416 -0.01492089 -0.01462513 0.004236996 -0.01444929 -0.0146262 0.004983901 -0.01328444 -0.01481276 0.004968941 -0.01325792 -0.01472985 0.004271447 -0.01456505 -0.01462537 0.003219723 -0.01134896 -0.01462501 0.003534138 -0.009865164 -0.01462501 0.002774596 -0.01029843 -0.01484364 0.003535091 -0.00987339 -0.01479691 0.002756953 -0.01030141 -0.01473027 0.003303349 -0.01135587 -0.018525 -0.003541827 -0.01416623 -0.01657497 -0.003528237 -0.01416516 -0.018525 0.001891314 -0.01744234 -0.018525 0.003541827 -0.01416623 -0.01657497 0.00357896 -0.01416939 -0.018525 -0.00239253 -0.0169242 -0.01657497 0.001736164 -0.01752704 -0.01657497 -0.002593755 -0.01675677 -0.018525 0.003517568 -0.0141617 -0.01657497 0.003817081 -0.01412886 -0.018525 3.47205e-4 -0.01049625 -0.01657497 0.001029312 -0.01065742 -0.018525 -0.003517568 -0.0141617 -0.01657497 -0.003711879 -0.01414287 -0.01657497 -0.001994252 -0.01120239 -0.018525 0.002995193 -0.01223808 -0.018525 -0.002834618 -0.01194077 -0.018525 0.003535091 -0.01441586 -0.018525 0.003079593 -0.01584464 -0.018525 0.002307415 -0.01682597 -0.018525 9.92704e-4 -0.01754385 -0.018525 -7.53368e-4 -0.01762622 -0.018525 -0.002506077 -0.01666915 -0.018525 -0.003380835 -0.01515573 -0.018525 -0.003499865 -0.01391273 -0.018525 -0.003110647 -0.01246446 -0.018525 -0.001698493 -0.01105237 -0.018525 2.52838e-4 -0.01062786 -0.018525 0.002123892 -0.01132577 -0.018525 0.00320512 -0.01269924 -0.018525 -2.00223e-4 -0.01645159 -0.018525 0.001138746 -0.01613545 -0.018525 0.002082049 -0.01513391 -0.018525 0.002219021 -0.01356846 -0.018525 0.001464009 -0.01241827 -0.018525 3.95497e-4 -0.01192003 -0.018525 -9.70886e-4 -0.01208096 -0.018525 -0.001972436 -0.01302421 -0.018525 -0.002254843 -0.01396572 -0.018525 -0.002140223 -0.01494199 -0.018525 -0.001464009 -0.01590776 -0.01462495 5.58765e-6 -0.01185065 -0.018525 1.53355e-6 -0.01189118 -0.01462495 7.46249e-6 -0.01649343 -0.018525 1.53397e-6 -0.0164349 -0.01462495 0.002171635 -0.01307469 -0.01462495 0.001817345 -0.01560777 -0.018525 0.002028346 -0.01549959 -0.018525 0.001819908 -0.01263594 -0.01462495 -5.59142e-6 -0.01647543 -0.018525 -1.5362e-6 -0.0164349 -0.01462495 -1.56664e-6 -0.01189118 -0.018525 -3.72691e-6 -0.01186817 -0.01462495 -0.001785755 -0.01566147 -0.01462495 -0.002106845 -0.0128653 -0.018525 -0.002214908 -0.01313018 -0.018525 -0.001655757 -0.01581877 -0.01462495 -0.003040969 -0.01124763 -0.01462495 -0.002772152 -0.01045328 -0.01462495 -0.003250956 -0.009907722 -0.01462495 -0.005137562 -0.01492661 -0.01462495 -0.004538536 -0.01477408 -0.01462495 -0.004247248 -0.01430374 -0.01462495 -0.004348933 -0.01375991 -0.01462495 -0.004893898 -0.01338928 -0.01462495 -0.003222703 -0.0184161 -0.01462495 -0.002782225 -0.01785868 -0.01462495 -0.002876698 -0.01731818 -0.01462495 -0.003288805 -0.01696997 -0.01462495 0.003257691 -0.01699072 -0.01462495 0.002838015 -0.01736265 -0.01462495 0.002880156 -0.01814538 -0.01462495 0.003570616 -0.01846837 -0.01462495 0.005137562 -0.01339942 -0.01462495 0.004538476 -0.01355195 -0.01462495 0.004247248 -0.01402235 -0.01462495 0.004348933 -0.01456612 -0.01462495 0.004893898 -0.01493674 -0.01462495 0.003150463 -0.009960532 -0.01462495 0.002782225 -0.01046735 -0.01462495 0.002912461 -0.01108014 -0.01462495 0.00353074 -0.01140755 -0.01462495 3.95498e-4 -0.01640599 -0.01462495 0.001298248 -0.01601713 -0.01462495 0.001972436 -0.01530182 -0.01462495 0.002277553 -0.01416301 -0.01462495 0.002051353 -0.01320642 -0.01462495 0.00131762 -0.01228117 -0.01462495 0 -0.0118854 -0.01462495 -0.001138746 -0.01219058 -0.01462495 -0.001972436 -0.01302421 -0.01462495 -0.002277553 -0.01416301 -0.01462495 -0.002051353 -0.01511961 -0.01462495 -0.001464009 -0.01590776 -0.01462495 -5.85826e-4 -0.01634937 -0.01462495 0.006487905 -0.01348114 -0.01462495 0.006428718 -0.01518124 -0.01462495 0.00595963 -0.01681643 -0.01462495 0.005058288 -0.01825922 -0.01462495 0.003564238 -0.01965159 -0.01462495 0.001023709 -0.02062678 -0.01462495 -0.001356303 -0.02054411 -0.01462495 -0.003564298 -0.01965153 -0.01462495 -0.005277693 -0.0179975 -0.01462495 -0.006076514 -0.01649558 -0.01462495 -0.006487905 -0.01484495 -0.01462495 -0.00632131 -0.01246923 -0.01462495 -0.005277693 -0.01032853 -0.01462495 -0.003834486 -0.008885264 -0.01462495 -0.002332568 -0.008086442 -0.01462495 -6.81908e-4 -0.007675111 -0.01462495 0.001693785 -0.007841706 -0.01462495 0.003834486 -0.008885264 -0.01462495 0.005058288 -0.01006686 -0.01462495 0.00595963 -0.01150959 -0.01462495 2.0469e-4 -0.009901285 -0.01462495 6.43667e-4 -0.009576678 -0.01462495 7.5753e-4 -0.009108841 -0.01462495 5.45901e-4 -0.008617103 -0.01462495 6.41805e-6 -0.008398473 -0.01462495 -5.06775e-4 -0.008590996 -0.01462495 -7.76561e-4 -0.009163022 -0.01462495 -4.4114e-4 -0.009802103 -0.01462495 0.003944516 -0.009939193 -0.01462495 0.004100322 -0.01114237 -0.01462495 0.004306077 -0.01060968 -0.01462495 0.005765795 -0.01415961 -0.01462495 0.005599915 -0.01370263 -0.01462495 0.005545854 -0.01470893 -0.01462495 0.004159748 -0.01816648 -0.01462495 0.004257023 -0.01739966 -0.01462495 0.003750026 -0.01696431 -0.01462495 4.95395e-5 -0.0199207 -0.01462495 5.06771e-4 -0.01973503 -0.01462495 7.86452e-4 -0.01906752 -0.01462495 2.87184e-4 -0.01844304 -0.01462495 -2.65412e-4 -0.01845145 -0.01462495 -6.77593e-4 -0.01879304 -0.01462495 -7.34138e-4 -0.0193786 -0.01462495 -4.13662e-4 -0.01980668 -0.01462495 -0.003945291 -0.01703673 -0.01462495 -0.004322469 -0.01771676 -0.01462495 -0.00395888 -0.01834565 -0.01462495 -0.005545854 -0.01361709 -0.01462495 -0.005765795 -0.01416641 -0.01462495 -0.005599915 -0.0146234 -0.01462495 -0.003827393 -0.009922802 -0.01462495 -0.004207611 -0.01026272 -0.01462495 -0.004257023 -0.01092636 -0.01462495 -0.003750026 -0.01136177 -0.01657497 -0.006517648 -0.01416403 -0.01462495 -0.006517648 -0.01416397 -0.01657497 2.39585e-4 -0.02094852 -0.01462495 -0.001705884 -0.02052956 -0.01657497 0.006715357 -0.01417791 -0.01462495 0.006517648 -0.01416397 -0.01657497 -0.005514562 -0.01802843 -0.01657497 0.004889726 -0.01856577 -0.01462495 0.005833148 -0.01725584 -0.01462495 0.002599835 -0.0202735 -0.01462495 -0.005544185 -0.01789748 -0.01657497 0.006528317 -0.01416146 -0.01462495 0.006557583 -0.01415979 -0.01462495 7.05787e-4 -0.007447898 -0.01657497 -0.006579458 -0.0141583 -0.01462495 -0.006517648 -0.01416206 -0.01462495 -0.005261778 -0.009902119 -0.01462495 0.005361616 -0.01026755 -0.01657497 0.005075395 -0.009593069 -0.01657497 -5.84394e-4 -0.007548153 -0.01657497 -0.005123436 -0.009869515 -0.01657497 -0.003487706 -0.01366156 -0.01657497 -0.003428637 -0.0149089 -0.01657497 -0.002964198 -0.01606804 -0.01657497 -0.002102732 -0.016972 -0.01657497 -7.53369e-4 -0.01762622 -0.01657497 9.92704e-4 -0.01754385 -0.01657497 0.002102732 -0.016972 -0.01657497 0.003110647 -0.01586157 -0.01657497 0.003535091 -0.01391017 -0.01657497 0.00283724 -0.01203906 -0.01657497 0.001238524 -0.01084232 -0.01657497 -7.53372e-4 -0.01069986 -0.01657497 -0.002102732 -0.01135402 -0.01657497 -0.002964198 -0.01225805 -0.01657503 0.006535351 -0.01382052 -0.01657503 0.006287038 -0.01584762 -0.01657503 0.005488514 -0.01772731 -0.01657474 0.003834486 -0.01944077 -0.01657503 0.002015888 -0.02036738 -0.01657503 3.40652e-4 -0.02066296 -0.01657491 -0.001356303 -0.02054411 -0.01657497 -0.002954959 -0.01996248 -0.01657491 -0.004627525 -0.01879054 -0.01657503 -0.005799412 -0.01711797 -0.01657515 -0.006463706 -0.01518678 -0.01657485 -0.006428718 -0.01314479 -0.01657509 -0.005831003 -0.01119196 -0.01657503 -0.004602432 -0.009560585 -0.01657503 -0.003261804 -0.008513391 -0.01657497 -0.001684606 -0.007875919 -0.01657491 0 -0.007639348 -0.01657503 0.001684606 -0.007875919 -0.01657497 0.003261804 -0.008513391 -0.01657468 0.005085885 -0.01004457 -0.01657497 0.006076514 -0.01183044 -0.01657497 -5.89039e-4 -0.009772002 -0.01657497 7.61788e-6 -0.01006424 -0.01657497 6.641e-4 -0.009827315 -0.01657497 8.71305e-4 -0.009233117 -0.01657468 7.30893e-4 -0.008750736 -0.01657474 3.0156e-4 -0.008434236 -0.01657497 -2.78192e-4 -0.00844562 -0.01657497 0.002929449 -0.01012015 -0.01657497 0.002688407 -0.01064145 -0.01657497 0.00290364 -0.0112701 -0.01657503 0.00346446 -0.01156067 -0.01657497 0.004026234 -0.01136517 -0.01657468 0.004340648 -0.0108878 -0.01657474 0.00417149 -0.0101453 -0.01657497 0.004391014 -0.013574 -0.01657497 0.004098773 -0.01417064 -0.01657497 0.004235088 -0.01468759 -0.01657497 0.004652798 -0.01500678 -0.01657468 0.00535202 -0.01493549 -0.01657474 0.005728721 -0.01446455 -0.01657497 0.005717396 -0.01388484 -0.01657497 0.003521502 -0.01685142 -0.01657497 0.002892911 -0.01706665 -0.01657497 0.002623736 -0.01752865 -0.01657497 0.002693414 -0.01804971 -0.01657474 0.00323826 -0.01849371 -0.0165748 0.003837585 -0.01842713 -0.01657503 0.004266083 -0.01796376 -0.01657497 5.89038e-4 -0.01855403 -0.01657497 -7.62376e-6 -0.01826179 -0.01657497 -5.24583e-4 -0.01839816 -0.01657497 -8.43738e-4 -0.01881587 -0.01657468 -7.72454e-4 -0.01951509 -0.01657474 -3.01561e-4 -0.01989179 -0.01657497 2.78193e-4 -0.01988041 -0.01657497 -0.002688407 -0.01768457 -0.01657497 -0.00290364 -0.01705592 -0.01657503 -0.003535389 -0.01675927 -0.01657497 -0.004102051 -0.01703292 -0.01657474 -0.004343867 -0.01747328 -0.0165748 -0.004264056 -0.01800066 -0.01657503 -0.0038203 -0.01841807 -0.01657497 -0.004391014 -0.01475208 -0.01657497 -0.004098773 -0.01415538 -0.01657497 -0.004235088 -0.01363843 -0.01657497 -0.004652798 -0.01331931 -0.01657468 -0.00535202 -0.0133906 -0.01657474 -0.005728721 -0.01386147 -0.01657497 -0.005717396 -0.01444119 -0.01657497 -0.003521502 -0.0114746 -0.01657497 -0.002892911 -0.01125937 -0.01657497 -0.002602338 -0.01069849 -0.01657497 -0.002797842 -0.01013678 -0.01657468 -0.003275215 -0.009822309 -0.0165748 -0.003837585 -0.00989896 -0.01657497 -0.004239499 -0.0103169 -0.01657503 -7.87712e-4 -0.009016871 -0.01657497 0.003466904 -0.009859681 -0.01657503 0.005146145 -0.01337534 -0.01657497 0.004152774 -0.01719522 -0.01657503 7.87709e-4 -0.01930922 -0.01657497 -0.00305885 -0.01833933 -0.01657503 -0.005146145 -0.01495075 -0.01657503 -0.004195868 -0.01108103 -0.01653778 8.5073e-4 -0.008890867 -0.01572388 -4.45118e-4 -0.009773194 -0.01570653 -7.63759e-4 -0.009223997 -0.01575034 -2.73571e-4 -0.008446395 -0.01584154 4.57029e-4 -0.008551478 -0.01587265 7.55512e-4 -0.009053766 -0.01590341 6.11243e-4 -0.009619772 -0.01593428 1.09256e-4 -0.009917974 -0.01596504 -4.56479e-4 -0.00977385 -0.01599645 -7.5482e-4 -0.009272098 -0.01602709 -6.10572e-4 -0.008706629 -0.01606214 -1.81961e-4 -0.008427023 -0.01607465 3.96081e-4 -0.008507013 -0.01612061 7.62675e-4 -0.009089827 -0.0161494 5.16182e-4 -0.009730219 -0.01618635 -1.82752e-4 -0.009906351 -0.01621758 -7.33044e-4 -0.009384155 -0.01626867 -5.66878e-4 -0.008648276 -0.01631402 7.25219e-5 -0.008401334 -0.0163542 5.34601e-4 -0.008628308 -0.01637285 7.55615e-4 -0.009053766 -0.01640468 6.11846e-4 -0.009620308 -0.01642769 3.69619e-5 -0.009929537 -0.01647174 -5.90603e-4 -0.009650945 -0.0165112 -7.56599e-4 -0.009163081 -0.0165255 -5.90412e-4 -0.008675992 -0.01654714 1.11158e-4 -0.008390307 -0.01649338 5.92744e-4 -0.008437693 -0.01647412 6.28704e-5 -0.008233308 -0.01643669 -5.26962e-4 -0.008385956 -0.0164116 -9.13202e-4 -0.008954644 -0.01638519 -8.30322e-4 -0.009598851 -0.01636826 -4.53112e-4 -0.009974896 -0.0163381 6.30674e-5 -0.01009756 -0.01632088 5.86589e-4 -0.009887218 -0.01628988 9.02185e-4 -0.009415864 -0.01626032 8.49595e-4 -0.008769869 -0.01623171 3.90644e-4 -0.008312463 -0.01620453 -2.55584e-4 -0.008261919 -0.01613724 -8.63769e-4 -0.008789479 -0.01611882 -7.92381e-4 -0.009669482 -0.01609885 -1.93198e-4 -0.0100798 -0.01606625 4.85898e-4 -0.009968101 -0.01603972 9.0149e-4 -0.009419679 -0.01601082 8.51513e-4 -0.008772432 -0.01598161 3.93067e-4 -0.008313417 -0.01593858 -3.30732e-4 -0.008283376 -0.01591211 -8.72695e-4 -0.008818745 -0.01588797 -8.71441e-4 -0.00950551 -0.01587307 -5.39197e-4 -0.009920358 -0.01584231 -3.81178e-5 -0.01009869 -0.01582473 5.07668e-4 -0.009944319 -0.01579433 8.69911e-4 -0.009511649 -0.01575952 8.75755e-4 -0.008823454 -0.01574236 4.77497e-4 -0.008363246 -0.01570445 -1.17104e-4 -0.008232116 -0.01568007 -7.19226e-4 -0.00856328 -0.01563441 -9.33929e-4 -0.009256601 -0.01560914 -5.55457e-4 -0.009917199 -0.01647931 -3.83807e-6 -0.009945869 -0.01649117 -6.81921e-4 -0.009564936 -0.01655066 -4.88947e-4 -0.008503377 -0.01657164 -8.50482e-4 -0.008992195 -0.0166288 3.33566e-4 -0.01002562 -0.01659983 -5.38552e-4 -0.009816706 -0.01660376 -7.51579e-4 -0.009208261 -0.01654934 -4.60913e-4 -0.009771347 -0.01650011 8.81994e-5 -0.009915411 -0.01647758 5.27154e-4 -0.009710967 -0.01642751 7.64094e-4 -0.009265422 -0.01653206 8.92334e-4 -0.008879423 -0.01656216 8.65823e-4 -0.009520053 -0.01656877 8.10906e-4 -0.008910596 -0.01656419 8.62712e-4 -0.009448707 -0.01656538 7.11021e-4 -0.009752571 -0.01651644 8.92346e-4 -0.008885204 -0.01653975 8.83732e-4 -0.008858025 -0.01642662 7.18014e-4 -0.008929193 -0.01564335 -5.81986e-4 -0.008664846 -0.01555883 -7.25482e-4 -0.009398818 -0.01552283 -4.46695e-4 -0.009774506 -0.0156275 -5.60568e-4 -0.009923398 -0.01570683 -9.38877e-4 -0.009174585 -0.01571416 -5.75666e-4 -0.008422315 -0.01573556 8.43808e-5 -0.008228778 -0.01576399 6.7115e-4 -0.008507847 -0.0157817 9.11861e-4 -0.008983016 -0.01581168 8.69131e-4 -0.009511768 -0.01582908 5.0734e-4 -0.009944438 -0.01586019 -3.83395e-5 -0.01009881 -0.01588934 -6.36463e-4 -0.009849369 -0.01591658 -9.3034e-4 -0.00927174 -0.01594299 -7.78952e-4 -0.008640825 -0.01597088 -2.53087e-4 -0.008259773 -0.01601296 4.69573e-4 -0.008345901 -0.01603376 9.07981e-4 -0.008927941 -0.01605534 8.70383e-4 -0.009495437 -0.01608812 4.85872e-4 -0.009969472 -0.0161159 -1.93829e-4 -0.01008045 -0.01615804 -7.94022e-4 -0.009669721 -0.01617103 -9.2282e-4 -0.009034097 -0.01620787 -6.5279e-4 -0.008487939 -0.01623249 -1.73275e-5 -0.008226215 -0.01624852 4.93262e-4 -0.008374989 -0.01627731 8.50883e-4 -0.008769333 -0.01630574 9.02444e-4 -0.009416282 -0.01632571 5.85906e-4 -0.00988686 -0.01635217 6.31576e-5 -0.01009988 -0.01637214 -4.53132e-4 -0.009974598 -0.01640015 -8.30974e-4 -0.009598553 -0.01642912 -9.14102e-4 -0.008954167 -0.01646441 -5.26926e-4 -0.008385181 -0.01653313 3.02441e-4 -0.008274257 -0.01640981 4.48507e-4 -0.008546471 -0.01638466 -2.03984e-4 -0.008426129 -0.01635009 -7.20923e-4 -0.008904695 -0.0163002 -6.71955e-4 -0.009519696 -0.01629638 -1.32803e-4 -0.009918212 -0.01623493 2.76514e-4 -0.009860217 -0.01623445 2.86876e-4 -0.009855985 -0.01623564 6.0337e-4 -0.009630739 -0.01618742 7.43444e-4 -0.008991599 -0.01615405 4.51093e-4 -0.008549869 -0.01613736 -6.76663e-5 -0.00840044 -0.01609784 -6.11256e-4 -0.008706152 -0.01606971 -7.51001e-4 -0.009308874 -0.01602834 -4.5449e-4 -0.009770452 -0.01600706 5.95731e-5 -0.009927928 -0.01597386 4.79816e-4 -0.009745478 -0.0159772 7.63546e-4 -0.009205043 -0.01590931 4.77333e-4 -0.008567631 -0.01590061 -1.57568e-4 -0.008414745 -0.01583838 -6.72089e-4 -0.008805811 -0.01583051 -7.08267e-4 -0.009454965 -0.01577931 -1.12721e-4 -0.009920716 -0.0157302 5.14457e-4 -0.009726703 -0.0156992 7.62238e-4 -0.00919795 -0.01566582 6.0687e-4 -0.008709013 -0.01564562 1.62234e-4 -0.008416712 -0.01571857 9.6097e-6 -0.009994924 -0.01568448 7.36451e-4 -0.009471416 -0.01562905 5.76682e-4 -0.008630573 -0.01560705 1.52548e-6 -0.008389532 -0.01493966 -7.2452e-5 -0.009925067 -0.01497596 -6.10387e-4 -0.009619534 -0.01501184 -7.57232e-4 -0.009054481 -0.01502609 -3.6401e-4 -0.008486747 -0.01508504 3.63447e-4 -0.008486688 -0.01511585 7.51235e-4 -0.009016454 -0.01514738 5.46791e-4 -0.009709298 -0.01519656 -1.08884e-4 -0.00991857 -0.01521921 -6.78868e-4 -0.009529411 -0.01526433 -6.71684e-4 -0.008801162 -0.01530832 -2.54902e-4 -0.008449196 -0.01533162 2.94011e-4 -0.008453428 -0.01535457 7.43063e-4 -0.008979439 -0.01540213 5.91263e-4 -0.009650409 -0.01543945 1.08257e-4 -0.009912729 -0.01546221 -4.28009e-4 -0.00979942 -0.01549869 -7.56151e-4 -0.0092718 -0.01552754 -6.10952e-4 -0.008706748 -0.01555693 -3.71048e-5 -0.008394122 -0.01559716 5.91955e-4 -0.008676111 -0.01563465 7.5535e-4 -0.009276211 -0.01566708 5.08581e-4 -0.009725451 -0.01568269 -2.93286e-5 -0.009931504 -0.01572483 -4.40795e-4 -0.009769737 -0.01562523 -5.46087e-4 -0.009916186 -0.01480144 6.46503e-6 -0.008405089 -0.01484841 5.91207e-4 -0.008674383 -0.01488578 7.56562e-4 -0.0092718 -0.014916 4.84298e-4 -0.009749412 -0.0156002 -9.49429e-5 -0.01009339 -0.01557689 4.62975e-4 -0.009977042 -0.0155493 8.69896e-4 -0.009520113 -0.01551461 8.81572e-4 -0.008829534 -0.01548987 4.17003e-4 -0.008320033 -0.01546865 -1.106e-4 -0.008239686 -0.01544362 -6.02195e-4 -0.008441388 -0.0154196 -8.99513e-4 -0.008922219 -0.01539468 -8.81143e-4 -0.009489655 -0.01536369 -4.57467e-4 -0.009982049 -0.01533275 2.25803e-4 -0.01007813 -0.01528096 8.78957e-4 -0.009530663 -0.01525706 8.10995e-4 -0.008683979 -0.01523518 3.03765e-4 -0.008277535 -0.01520812 -2.65482e-4 -0.008267164 -0.01519066 -7.06343e-4 -0.008553087 -0.01515966 -9.33754e-4 -0.009071946 -0.01513713 -7.90117e-4 -0.009665191 -0.01510858 -3.14286e-4 -0.01004844 -0.01508301 2.96984e-4 -0.01005029 -0.01506376 7.32432e-4 -0.00974214 -0.01500904 9.40977e-4 -0.009086906 -0.01498967 5.099e-4 -0.008363783 -0.0149312 -3.77907e-4 -0.008292138 -0.01489996 -9.38618e-4 -0.009026765 -0.01486515 -6.46406e-4 -0.009860157 -0.0148456 4.33534e-5 -0.01009845 -0.01481992 5.79359e-4 -0.009898304 -0.01478368 9.36302e-4 -0.009307384 -0.01475626 7.53205e-4 -0.008602082 -0.0146991 6.15564e-5 -0.00822395 -0.0148245 1.73395e-5 -0.008300006 -0.01491266 7.86799e-4 -0.009164035 -0.0149644 2.26087e-4 -0.009906589 -0.01487451 1.92831e-5 -0.008294403 -0.01495987 -1.06292e-5 -0.009989976 -0.01501393 -7.91202e-4 -0.009137868 -0.01508194 -9.92713e-6 -0.008318841 -0.01508665 -6.84673e-4 -0.008689403 -0.01503229 -5.63277e-4 -0.009710371 -0.01522177 5.80149e-4 -0.009835243 -0.01512122 7.80743e-4 -0.008825242 -0.01518607 2.64338e-4 -0.009896695 -0.0151174 2.93647e-5 -0.008261144 -0.01523995 -1.35076e-5 -0.01002103 -0.01524031 -6.99206e-4 -0.009597003 -0.01530802 -7.61165e-4 -0.008918762 -0.01535004 -2.60744e-6 -0.008377432 -0.01535075 5.50828e-4 -0.008445024 -0.01545184 3.01617e-4 -0.009905934 -0.01544213 8.26551e-4 -0.009257376 -0.01538193 1.23728e-4 -0.008414864 -0.01561564 1.80757e-6 -0.00841552 -0.01556092 -8.94057e-4 -0.009167075 -0.01546835 -2.2695e-4 -0.00990206 -0.01553398 -7.1984e-4 -0.008729457 -0.01564013 -5.45816e-4 -0.00992459 -0.01558339 -3.92573e-4 -0.009805142 -0.01472544 8.26859e-7 -0.008233129 -0.01475465 5.07355e-4 -0.008374631 -0.01477473 8.65162e-4 -0.008815944 -0.01481157 9.02578e-4 -0.009424328 -0.01483529 4.81126e-4 -0.009968459 -0.0148651 -1.57899e-4 -0.01008689 -0.01488173 -6.31905e-4 -0.009844601 -0.01491111 -9.08577e-4 -0.009391546 -0.01492995 -8.69399e-4 -0.008829474 -0.01496183 -5.18399e-4 -0.008384108 -0.01497638 -8.74162e-6 -0.008233785 -0.01501315 5.39091e-4 -0.008394539 -0.01505273 9.3349e-4 -0.009047091 -0.01511269 6.22013e-4 -0.009868919 -0.0151304 -2.36943e-4 -0.0100733 -0.01515102 -8.12001e-4 -0.009629964 -0.01518517 -9.14772e-4 -0.008950054 -0.01522439 -4.56031e-4 -0.008339583 -0.01526039 3.44095e-4 -0.008287727 -0.01532018 9.18504e-4 -0.008958876 -0.01532316 7.36066e-4 -0.009742021 -0.01534932 1.83719e-4 -0.01008242 -0.01537829 -4.56885e-4 -0.009981036 -0.0154072 -8.7809e-4 -0.009488403 -0.01542651 -8.98972e-4 -0.008921921 -0.01545369 -6.00799e-4 -0.00844258 -0.01547145 -1.10595e-4 -0.008239746 -0.01551771 4.8795e-4 -0.008359074 -0.01554387 9.22271e-4 -0.008986592 -0.01556879 7.92958e-4 -0.009661972 -0.01561141 2.00107e-4 -0.01008236 -0.01549297 3.25183e-4 -0.009853601 -0.01546555 7.31067e-4 -0.009387493 -0.01543635 6.15113e-4 -0.008707284 -0.01538628 3.48567e-5 -0.008400559 -0.01535624 -5.14088e-4 -0.008599817 -0.01533132 -7.66312e-4 -0.009200334 -0.0152868 -4.56237e-4 -0.009773552 -0.01525807 1.45845e-4 -0.009913325 -0.01521617 6.072e-4 -0.009617388 -0.01519459 7.62821e-4 -0.009128391 -0.0151636 5.14899e-4 -0.00859934 -0.01514148 -1.11792e-4 -0.008404552 -0.01509648 -6.76278e-4 -0.008804023 -0.01505619 -7.35299e-4 -0.009349942 -0.01503962 -4.22736e-4 -0.009800255 -0.01501786 2.91884e-4 -0.009871482 -0.0149548 7.13384e-4 -0.00942111 -0.01493549 7.17925e-4 -0.008909225 -0.01492065 2.27863e-4 -0.008434474 -0.01485663 -4.8555e-4 -0.00857526 -0.01483231 -7.668e-4 -0.009162843 -0.01478654 -4.85849e-4 -0.009750664 -0.01475375 -1.84493e-6 -0.009920299 -0.01473277 4.43197e-4 -0.009784936 -0.0147019 7.55496e-4 -0.009286582 -0.01466965 6.42854e-4 -0.008754432 -0.01464658 7.1566e-5 -0.008388161 -0.0146259 1.28691e-5 -0.01002901 -0.01475089 1.40411e-5 -0.0100125 -0.01465427 8.05416e-4 -0.008907914 -0.0146439 4.11427e-4 -0.008514165 -0.01462543 -1.61626e-7 -0.009913682 -0.01462525 -1.25217e-7 -0.00841248 -0.01485294 -4.51673e-4 -0.008423507 -0.01476979 -3.85204e-4 -0.009875416 -0.01462644 -9.01657e-4 -0.009167134 -0.0148248 0 -0.008413076 -0.0146777 0 -0.008376717 -0.01574188 6.08076e-7 -0.00990051 -0.01584428 -3.13336e-4 -0.008436381 -0.0157895 -6.79258e-4 -0.009610176 -0.01574534 -7.79555e-4 -0.009541511 -0.0160005 4.70786e-6 -0.009966015 -0.01583641 9.7501e-6 -0.008351147 -0.01588356 7.77542e-4 -0.009083092 -0.01595008 2.68662e-5 -0.01004505 -0.01593095 8.70543e-4 -0.008995711 -0.01597481 -2.5937e-6 -0.009947896 -0.01601314 -6.98345e-4 -0.009511709 -0.01605892 -3.13137e-4 -0.008423209 -0.01609939 -5.51638e-4 -0.008444964 -0.01611012 9.9115e-6 -0.008336067 -0.01613676 8.66442e-4 -0.009142577 -0.016227 2.49137e-6 -0.009938716 -0.01623451 2.84808e-4 -0.00985682 -0.01623451 2.85229e-4 -0.009856641 -0.01621681 5.73973e-4 -0.009677112 -0.01618069 7.70688e-4 -0.009028315 -0.01619946 -1.74223e-5 -0.01002627 -0.0162853 -7.84401e-4 -0.009111583 -0.01634174 -2.05952e-4 -0.008416414 -0.0162515 -4.6728e-5 -0.01008045 -0.01646095 2.87413e-4 -0.009889364 -0.01634472 1.11857e-4 -0.008417785 -0.01640325 7.5163e-4 -0.009060442 -0.01656943 0.004261434 -0.01032698 -0.01653778 0.004329502 -0.01103663 -0.01578712 0.003638088 -0.009872019 -0.01582276 0.004070043 -0.01009291 -0.01584154 0.004291117 -0.01051825 -0.01587265 0.004146993 -0.01108449 -0.01590335 0.003644764 -0.01138263 -0.01593428 0.003078877 -0.01123857 -0.01596504 0.002780795 -0.01073664 -0.01599645 0.002924621 -0.01017087 -0.0160247 0.003462493 -0.009866178 -0.01606547 0.003989279 -0.01002013 -0.01608473 0.004286885 -0.01048111 -0.01612061 0.004126548 -0.01111501 -0.0161494 0.003499448 -0.01139354 -0.01619625 0.002924442 -0.01108473 -0.01622974 0.002779066 -0.01062756 -0.01624655 0.002924561 -0.01017093 -0.01626867 0.003498613 -0.009862661 -0.01631402 0.004125356 -0.01014018 -0.0163542 0.004291594 -0.01062744 -0.01637285 0.004147052 -0.01108455 -0.0164048 0.003646254 -0.01138317 -0.01641696 0.002994537 -0.0111705 -0.01647472 0.002784967 -0.01047557 -0.01655489 0.00385034 -0.009931981 -0.01650345 0.003207743 -0.009934484 -0.01649338 0.004467487 -0.01053375 -0.01647412 0.004237353 -0.01001453 -0.01643663 0.003712356 -0.009705424 -0.0164119 0.003036916 -0.009834289 -0.01638627 0.002639591 -0.01034837 -0.01636844 0.002640902 -0.01088118 -0.01633745 0.002919495 -0.01133257 -0.01632058 0.003438234 -0.01155418 -0.01628988 0.003994643 -0.01144421 -0.01626032 0.00441426 -0.0109502 -0.01623171 0.004413187 -0.0103023 -0.01620453 0.003991961 -0.009809613 -0.0161783 0.003351032 -0.009707927 -0.01613599 0.002746343 -0.01011288 -0.01611483 0.002620279 -0.01083004 -0.0160607 0.003075778 -0.01145005 -0.01604664 0.003841459 -0.01151293 -0.01600259 0.004385232 -0.01103007 -0.01598161 0.0044142 -0.01030468 -0.01593858 0.003923654 -0.009771585 -0.01591217 0.003161847 -0.009766936 -0.01588797 0.002677083 -0.01025348 -0.01587307 0.00261873 -0.0107817 -0.01584237 0.002846956 -0.01126211 -0.01582473 0.003342032 -0.01153892 -0.01579439 0.003904104 -0.01148915 -0.01575952 0.004394888 -0.01100665 -0.01574236 0.004438698 -0.01039963 -0.01570618 0.004111528 -0.009885609 -0.0156812 0.003451049 -0.009694218 -0.01564025 0.002806067 -0.01003128 -0.01561003 0.002609729 -0.01075685 -0.01571857 0.002784788 -0.01074367 -0.01571744 0.002959072 -0.01012241 -0.01654499 0.003536999 -0.009848415 -0.01656222 0.003760278 -0.009893178 -0.01657265 0.00398606 -0.010019 -0.01652348 0.002722918 -0.01062399 -0.01651161 0.002975106 -0.01007354 -0.01657724 0.003394663 -0.009887635 -0.01650911 0.002773821 -0.0106284 -0.01644796 0.00301814 -0.01121205 -0.016465 0.003515779 -0.01150512 -0.01657688 0.003382921 -0.01154339 -0.01658535 0.002908349 -0.01126623 -0.01658874 0.002696573 -0.01064234 -0.01660454 0.002982378 -0.01012551 -0.01656597 0.002772033 -0.01058554 -0.01642847 0.004030823 -0.01120746 -0.01653218 0.004366934 -0.01105791 -0.01650685 0.002995371 -0.0111618 -0.01648765 0.003532946 -0.01139289 -0.01656192 0.003895282 -0.01149231 -0.01656877 0.004287421 -0.01102238 -0.01656419 0.003943502 -0.01143956 -0.01656538 0.003621399 -0.01154714 -0.01651644 0.00436294 -0.01106202 -0.0165404 0.004375696 -0.01103657 -0.01646113 0.004222929 -0.01096153 -0.01560372 0.002952933 -0.01012927 -0.01552414 0.002785444 -0.01074302 -0.01562905 0.002602398 -0.01076877 -0.01570314 0.002862095 -0.009970068 -0.01571154 0.003652334 -0.009695172 -0.01573532 0.00425589 -0.01002645 -0.01576399 0.004473328 -0.01063877 -0.0157817 0.004307568 -0.01114499 -0.01581174 0.003903448 -0.01148861 -0.01582908 0.003341674 -0.0115388 -0.01586043 0.002846777 -0.01126199 -0.01588928 0.002600073 -0.01066279 -0.01591658 0.002800822 -0.01004648 -0.01594293 0.003353953 -0.009707391 -0.01601159 0.004135906 -0.009902119 -0.01602905 0.004472494 -0.01071923 -0.01604866 0.004124522 -0.0113576 -0.01608306 0.003468215 -0.01156556 -0.01610094 0.002910614 -0.0113188 -0.01613157 0.002621173 -0.0108295 -0.01617419 0.002747893 -0.010113 -0.01619434 0.003351628 -0.009708642 -0.01622009 0.003993332 -0.009808421 -0.01625114 0.004413843 -0.01030242 -0.01627737 0.004415571 -0.01095074 -0.01630532 0.003994584 -0.01144498 -0.01632499 0.003437995 -0.011554 -0.01635539 0.002918779 -0.01133298 -0.01639086 0.002601444 -0.01072239 -0.01640677 0.00274676 -0.01013147 -0.01644259 0.003216683 -0.009743452 -0.01646912 0.003904223 -0.009766399 -0.01651173 0.004412055 -0.01028609 -0.01639461 0.004227221 -0.01031404 -0.01637381 0.003823101 -0.009918034 -0.01634049 0.003176093 -0.009952366 -0.0162993 0.002836644 -0.01033806 -0.01628035 0.002794861 -0.01081508 -0.01625877 0.003207445 -0.01132053 -0.01621615 0.003933489 -0.01127952 -0.01616853 0.004276156 -0.01080304 -0.0161429 0.004203498 -0.01025831 -0.01611584 0.00391674 -0.009976506 -0.01610362 0.003454744 -0.009867131 -0.01606971 0.002901315 -0.0101996 -0.01602834 0.002784609 -0.01073563 -0.01600742 0.003020703 -0.01119124 -0.0159763 0.00357002 -0.01139003 -0.01595485 0.004150331 -0.01108455 -0.01590967 0.004267156 -0.01040327 -0.01586884 0.003923177 -0.009975433 -0.01585215 0.003383696 -0.009877979 -0.01582807 0.002826809 -0.0103327 -0.01572996 0.00350064 -0.01138997 -0.0156992 0.004049777 -0.01119118 -0.01566582 0.004285693 -0.01073557 -0.01564717 0.00417006 -0.01019996 -0.01560944 0.00363785 -0.009870767 -0.01577937 0.002920091 -0.01108348 -0.01571267 0.003543019 -0.01137566 -0.01567262 0.004282474 -0.01095092 -0.01562184 0.004043817 -0.01002931 -0.01555502 0.003697693 -0.009876549 -0.01562285 0.004317581 -0.01098257 -0.01493966 0.002945423 -0.01111513 -0.01497596 0.002781093 -0.01051872 -0.01501184 0.003076791 -0.0100153 -0.0150423 0.003535449 -0.009871006 -0.01505744 0.004022538 -0.0100367 -0.01509535 0.004285037 -0.01051914 -0.01511585 0.004170358 -0.01105505 -0.01514726 0.003535926 -0.01140034 -0.01519662 0.002924263 -0.01108485 -0.01521921 0.002796411 -0.01040655 -0.01526439 0.003316342 -0.009896695 -0.01530832 0.003859996 -0.009942471 -0.01533162 0.004245102 -0.01033365 -0.01535457 0.004190742 -0.0110231 -0.01540577 0.003644704 -0.01138406 -0.01543921 0.003076612 -0.01124042 -0.0154637 0.002781689 -0.01073688 -0.01549869 0.002923905 -0.01016974 -0.0155279 0.003426015 -0.009872674 -0.01555126 0.004049956 -0.01005923 -0.01560199 0.00429368 -0.01058876 -0.01562482 0.004170358 -0.01104885 -0.01565057 0.003758728 -0.01135516 -0.01567816 0.003220558 -0.0113244 -0.01570481 0.00278896 -0.01080638 -0.01562339 0.002617776 -0.01077359 -0.01475334 0.00409615 -0.0101425 -0.0148468 0.004228234 -0.01097583 -0.01489448 0.003554999 -0.0113914 -0.01471769 0.004205822 -0.009965777 -0.01559871 0.002811372 -0.01121789 -0.01556944 0.003366172 -0.01155561 -0.01554816 0.003968656 -0.01145404 -0.01551461 0.00439465 -0.01101505 -0.01548737 0.004425168 -0.0103271 -0.01546877 0.004110336 -0.009896397 -0.01544362 0.003619968 -0.009691417 -0.0154196 0.003069758 -0.009821176 -0.01539468 0.002681493 -0.01023542 -0.01536375 0.002632856 -0.01088315 -0.01533275 0.003048062 -0.01143425 -0.01528096 0.00389707 -0.011509 -0.01525706 0.004447698 -0.01086223 -0.01523518 0.004376411 -0.01021617 -0.01520812 0.003981232 -0.009806334 -0.01519066 0.003467321 -0.009696722 -0.01515966 0.002939641 -0.009902834 -0.01513713 0.00262171 -0.01042389 -0.01510858 0.002687215 -0.01103132 -0.01508301 0.003118097 -0.01146489 -0.01506376 0.003643929 -0.01155489 -0.01500904 0.004254698 -0.01123905 -0.01498967 0.004461228 -0.01042288 -0.0149312 0.003884077 -0.009744465 -0.01489996 0.002968132 -0.009867429 -0.01486515 0.00258547 -0.01066333 -0.0148456 0.002904713 -0.01131957 -0.01481997 0.00342524 -0.0115571 -0.01479399 0.004024863 -0.01143097 -0.01474225 0.004480063 -0.01076406 -0.01462495 0.003535509 -0.009877502 -0.01462513 0.004097104 -0.01006001 -0.01482504 0.004067242 -0.01009559 -0.01486402 0.004338383 -0.01078093 -0.01495701 0.003544628 -0.01143485 -0.01490706 0.004340946 -0.01064193 -0.0148428 0.003546297 -0.009760856 -0.01482474 0.004065811 -0.0100972 -0.01469171 0.00412023 -0.01004302 -0.0156337 0.002607345 -0.01078057 -0.01551657 0.00276637 -0.01076716 -0.01462483 0.004067003 -0.01009631 -0.01473045 0.004206717 -0.009965181 -0.01477622 0.00447613 -0.01068198 -0.01479732 0.004152774 -0.0113337 -0.01483404 0.003504872 -0.01156598 -0.01485008 0.002938628 -0.01134258 -0.01488888 0.002619087 -0.01082497 -0.01491117 0.002731442 -0.01014667 -0.01492995 0.003156602 -0.00977689 -0.01495856 0.003720045 -0.009708225 -0.01498717 0.00427258 -0.01004844 -0.0150159 0.004471838 -0.01066565 -0.01504313 0.004223227 -0.01126492 -0.01510781 0.003476262 -0.01156944 -0.01512825 0.002723217 -0.01110434 -0.01516306 0.00265026 -0.01030468 -0.01519209 0.00318247 -0.009757161 -0.01521682 0.003870248 -0.009752154 -0.01525491 0.00440073 -0.01025056 -0.01526999 0.004427313 -0.01089942 -0.01530432 0.004075825 -0.01139807 -0.01533257 0.003405988 -0.01155537 -0.01536118 0.002834558 -0.01124864 -0.01537644 0.002615928 -0.01076406 -0.0154072 0.002684473 -0.01023668 -0.01542651 0.003070294 -0.009821355 -0.01545363 0.003620088 -0.009693205 -0.01547151 0.004110157 -0.009896457 -0.01551759 0.004449069 -0.01040405 -0.01554387 0.004312396 -0.01115489 -0.01556855 0.00374341 -0.01154118 -0.01560944 0.003026306 -0.01142007 -0.01551103 0.002880454 -0.01099276 -0.01551103 0.002880454 -0.0109927 -0.01550316 0.00297898 -0.01113843 -0.0154848 0.003373205 -0.01137065 -0.01545792 0.003925204 -0.01128345 -0.01543635 0.004292726 -0.01074016 -0.01538646 0.00409919 -0.01011312 -0.01535606 0.003570258 -0.009865641 -0.01533132 0.002967298 -0.01011198 -0.0152868 0.002781093 -0.01073664 -0.01527255 0.003174662 -0.01130247 -0.01520949 0.003945708 -0.01127219 -0.01517081 0.004288375 -0.01075458 -0.01514029 0.004160404 -0.01019102 -0.01510763 0.003766179 -0.009907245 -0.01508963 0.00328809 -0.009905278 -0.01506578 0.002833127 -0.0103228 -0.0150218 0.002809345 -0.01083719 -0.01500451 0.003056108 -0.01122045 -0.01497799 0.003671288 -0.01137977 -0.01494055 0.004197716 -0.01100879 -0.01490175 0.004283428 -0.01049154 -0.01487588 0.004006505 -0.01002681 -0.01484805 0.003549396 -0.009869277 -0.01483231 0.002993702 -0.01008498 -0.01478642 0.002776443 -0.01069986 -0.01475489 0.00304985 -0.01121556 -0.01472049 0.003594398 -0.01138526 -0.01469463 0.004022777 -0.01120877 -0.0146715 0.00426346 -0.01083993 -0.01464748 0.004252195 -0.01037263 -0.01462537 0.003539681 -0.01140546 -0.01471841 0.003536522 -0.01138544 -0.01463693 0.00426501 -0.0103386 -0.0146538 0.004258334 -0.01101183 -0.01493018 0.00352478 -0.01144117 -0.01498144 0.002749681 -0.01062834 -0.01503401 0.003340721 -0.009882867 -0.01506954 0.003011405 -0.009911715 -0.01500385 0.002930343 -0.01113408 -0.01506 0.003701508 -0.009881973 -0.01510673 0.00432229 -0.01063531 -0.01516157 0.003721237 -0.01137763 -0.01518851 0.004086911 -0.01120257 -0.01513397 0.00422126 -0.01018947 -0.01518601 0.003524959 -0.01145195 -0.01525825 0.002726793 -0.01040345 -0.01531875 0.003532886 -0.009842157 -0.01526623 0.002792358 -0.01092112 -0.01530885 0.003545999 -0.009807944 -0.01537334 0.004319787 -0.01098561 -0.01545733 0.003703057 -0.01137226 -0.0153957 0.004336118 -0.01039916 -0.0155797 0.003260195 -0.009889483 -0.0155301 0.002740561 -0.01066017 -0.01544612 0.002955019 -0.01132833 -0.01552993 0.003269672 -0.009888291 -0.01551103 0.002880454 -0.01099276 -0.01551103 0.002880454 -0.0109927 -0.01548069 0.00330913 -0.01137214 -0.01583802 0.003497421 -0.009876847 -0.01577419 0.002661168 -0.01061517 -0.01576262 0.002956867 -0.01008474 -0.01575618 0.002790033 -0.01062744 -0.01571542 0.003508627 -0.01150465 -0.01570063 0.002985775 -0.01118028 -0.01582551 0.003836393 -0.009892284 -0.0158807 0.004204869 -0.01110643 -0.01596015 0.003534436 -0.01137626 -0.01591664 0.004385113 -0.01085388 -0.01594537 0.003271281 -0.01136821 -0.01600384 0.002835571 -0.01017743 -0.01608186 0.003364205 -0.009883821 -0.01602208 0.002733945 -0.01081562 -0.01605606 0.003594696 -0.009878098 -0.01611763 0.004402935 -0.01086938 -0.01620376 0.003796458 -0.01136869 -0.01613718 0.004266142 -0.01023918 -0.01618051 0.003366827 -0.01137208 -0.01624876 0.002752423 -0.01027101 -0.01632976 0.003347754 -0.009899914 -0.01626509 0.002750873 -0.01098144 -0.0163033 0.003644287 -0.009878754 -0.01637232 0.004341006 -0.01095634 -0.01644355 0.003987252 -0.01136285 -0.01637482 0.004088044 -0.01006203 -0.01656806 0.005582869 -0.01473921 -0.01657497 0.005259275 -0.01496022 -0.01576477 0.005138218 -0.0134139 -0.01578468 0.005633294 -0.01373618 -0.01582705 0.005752682 -0.01423519 -0.01583909 0.005516648 -0.0147314 -0.01588672 0.004891157 -0.01492017 -0.01591074 0.004366219 -0.0145905 -0.01595562 0.00425595 -0.01398009 -0.01597529 0.00463742 -0.01349157 -0.01601827 0.005182206 -0.01342755 -0.01603728 0.005634188 -0.01373457 -0.01605236 0.005704402 -0.0144549 -0.01612436 0.005183279 -0.01490718 -0.01614993 0.004711329 -0.01486021 -0.01616156 0.004329085 -0.01452511 -0.01620507 0.004264652 -0.01398169 -0.01622951 0.004541814 -0.01355123 -0.01625686 0.005108833 -0.01340883 -0.01629215 0.005534648 -0.013628 -0.01631122 0.00575608 -0.01405417 -0.0163412 0.005611419 -0.01461976 -0.01637369 0.005217969 -0.01488614 -0.01639503 0.00470525 -0.01487278 -0.01640319 0.004240393 -0.01427769 -0.01651364 0.005146324 -0.01341712 -0.01653927 0.005610764 -0.0137062 -0.01657575 0.005762934 -0.01423496 -0.01652407 0.005308449 -0.01505523 -0.01645189 0.00589466 -0.0144658 -0.01645672 0.005847811 -0.01378053 -0.01643151 0.005507826 -0.01337206 -0.01638066 0.004707872 -0.01325428 -0.01636165 0.004126489 -0.01381433 -0.01630842 0.004152357 -0.01458179 -0.01629173 0.004746437 -0.01506614 -0.01626116 0.005433022 -0.01500034 -0.01623684 0.00586605 -0.01451635 -0.01620525 0.005895018 -0.013866 -0.01617586 0.005450069 -0.01333981 -0.01614511 0.004765033 -0.01324993 -0.01612561 0.00426054 -0.01359319 -0.01609694 0.004060685 -0.0141291 -0.01607149 0.004242777 -0.0147134 -0.01604729 0.004704535 -0.01505142 -0.01599931 0.005431234 -0.01500701 -0.01597702 0.005920886 -0.01436799 -0.01595246 0.00582695 -0.01372474 -0.01592177 0.005346179 -0.01328486 -0.01589149 0.00465703 -0.01328951 -0.01587271 0.004242718 -0.01362401 -0.01584744 0.004061341 -0.01412469 -0.01580029 0.004338502 -0.01484298 -0.01577085 0.005143046 -0.01509904 -0.01574683 0.005762398 -0.014714 -0.01572537 0.005928933 -0.0142067 -0.01570093 0.005811631 -0.01368832 -0.0156477 0.005151748 -0.01322174 -0.0155853 0.004282653 -0.01356667 -0.01572388 0.004391074 -0.01372039 -0.01573956 0.00465548 -0.01348787 -0.01647043 0.004543542 -0.01354295 -0.01652288 0.005003988 -0.01332956 -0.01656156 0.005654931 -0.01363474 -0.01652687 0.00528568 -0.01504462 -0.01661521 0.004122912 -0.01403361 -0.01661443 0.004572749 -0.01348465 -0.0166428 0.004847824 -0.01344186 -0.01651817 0.004248499 -0.01430225 -0.0164206 0.004703581 -0.01490747 -0.01655119 0.004815697 -0.01507914 -0.01658326 0.004297018 -0.01477712 -0.01651442 0.005249977 -0.01502519 -0.01655662 0.004764497 -0.01504135 -0.01656818 0.004442155 -0.01489591 -0.0165733 0.004308938 -0.01477259 -0.01653844 0.005295574 -0.01505327 -0.01642936 0.005239367 -0.0148825 -0.01552361 0.004385769 -0.01371008 -0.01563054 0.00424087 -0.01360374 -0.0157026 0.004988551 -0.01322168 -0.01571208 0.005741655 -0.01358664 -0.01573532 0.005934357 -0.01424741 -0.01576399 0.005655109 -0.01483416 -0.0157817 0.005180001 -0.0150749 -0.01581174 0.004651188 -0.01503211 -0.01582908 0.004218518 -0.01467037 -0.01586043 0.004064321 -0.01412469 -0.01588934 0.004313588 -0.01352655 -0.0159164 0.004891276 -0.01323258 -0.01594299 0.005522131 -0.0133841 -0.01601153 0.005937457 -0.01407468 -0.01602905 0.005597651 -0.01489043 -0.01604849 0.004900157 -0.01509588 -0.01608318 0.00428909 -0.01477873 -0.01610094 0.004069268 -0.01420998 -0.01613157 0.004210591 -0.01365935 -0.01614898 0.004647493 -0.01330041 -0.01617938 0.005211055 -0.01325011 -0.01619946 0.00569719 -0.01354521 -0.01623481 0.005937933 -0.01410526 -0.0162484 0.005788028 -0.0146563 -0.01628041 0.00539273 -0.01501238 -0.01630818 0.004747092 -0.01506412 -0.01632481 0.004275739 -0.01474928 -0.01635539 0.004064977 -0.01422578 -0.01637214 0.004188358 -0.0137099 -0.01641356 0.004635572 -0.01329332 -0.01644229 0.005399882 -0.01331233 -0.016469 0.005869626 -0.01381474 -0.01651114 0.00586158 -0.01454144 -0.01643157 0.005712151 -0.01444369 -0.01636511 0.005614101 -0.0137065 -0.0163322 0.005020558 -0.01339763 -0.01628673 0.004491209 -0.01360064 -0.0162664 0.004245698 -0.01404899 -0.01623868 0.004409134 -0.01464837 -0.01619935 0.004965126 -0.01492512 -0.01616692 0.00551474 -0.01472705 -0.01614451 0.005765914 -0.01412576 -0.01609778 0.005456805 -0.01355177 -0.01606965 0.004854023 -0.01341211 -0.01602834 0.004392564 -0.01370853 -0.01600736 0.004237294 -0.01419764 -0.01597648 0.004485189 -0.01472651 -0.01595467 0.005111575 -0.01492106 -0.01590967 0.005675852 -0.01452183 -0.01586878 0.005735158 -0.01397609 -0.01585227 0.005422532 -0.01352584 -0.01583075 0.004708051 -0.01345485 -0.01577937 0.00424236 -0.0140503 -0.01573014 0.004436314 -0.01467746 -0.01569902 0.004965007 -0.0149253 -0.01567739 0.005567073 -0.0146777 -0.01562958 0.005754947 -0.01405405 -0.01559597 0.005534887 -0.01362872 -0.01560288 0.004968583 -0.01339524 -0.01564478 0.005004107 -0.01496863 -0.01566183 0.005466222 -0.01478409 -0.01562142 0.005783498 -0.01409375 -0.01556187 0.005014419 -0.01330912 -0.01551228 0.005022883 -0.01328521 -0.01558309 0.005790174 -0.01432937 -0.01488333 0.004893422 -0.01491838 -0.01491421 0.004389286 -0.01462 -0.01494514 0.004245221 -0.01405435 -0.014979 0.004465401 -0.01362842 -0.01499462 0.0049268 -0.01340097 -0.01502424 0.005567073 -0.01364696 -0.01507163 0.005755543 -0.01427185 -0.01510477 0.005534887 -0.01469784 -0.01512128 0.00510919 -0.01491767 -0.01514422 0.004484951 -0.01473015 -0.01518923 0.004238128 -0.01409047 -0.0152269 0.004543006 -0.01355218 -0.01526045 0.004999995 -0.01340693 -0.0152769 0.005487501 -0.01357191 -0.01530587 0.005766212 -0.01419907 -0.01534241 0.005396366 -0.01481777 -0.01537388 0.004638016 -0.01483774 -0.01543396 0.004245162 -0.01427209 -0.01546424 0.004389584 -0.01370674 -0.01549673 0.004893839 -0.01340734 -0.01552861 0.005444288 -0.01354205 -0.01555019 0.005766749 -0.01416265 -0.01559644 0.005427718 -0.01479554 -0.01564252 0.004885852 -0.01490962 -0.01565825 0.004455983 -0.01470351 -0.0156905 0.004236519 -0.0141611 -0.01572561 0.004387915 -0.01372009 -0.01561981 0.004233121 -0.01361382 -0.01481008 0.005764842 -0.01417899 -0.01484864 0.005484461 -0.01475 -0.01470816 0.005936086 -0.01416909 -0.01554775 0.004100799 -0.01444315 -0.01553732 0.004680871 -0.01504641 -0.01551258 0.005368471 -0.01502472 -0.01548552 0.005840659 -0.01457887 -0.01546818 0.005923032 -0.01405245 -0.01543939 0.005719602 -0.01356232 -0.01541954 0.005240976 -0.01326358 -0.01538801 0.004674494 -0.01328563 -0.01536083 0.004182159 -0.0137068 -0.01534581 0.004072368 -0.01422727 -0.01530855 0.004276037 -0.01476103 -0.01529222 0.004799246 -0.01507258 -0.01526385 0.005366325 -0.01502585 -0.01522052 0.005876421 -0.01450669 -0.01519924 0.005855441 -0.01378041 -0.01516366 0.005365192 -0.01329821 -0.01514768 0.004757046 -0.01326388 -0.01512074 0.004275619 -0.01356697 -0.01507776 0.004063189 -0.01426416 -0.01505607 0.00441873 -0.01489865 -0.01501381 0.005116641 -0.01509755 -0.01498633 0.005769371 -0.01470214 -0.01497209 0.005929052 -0.01415413 -0.01494401 0.0057801 -0.0136432 -0.0149241 0.005333662 -0.01329344 -0.01489305 0.004770874 -0.01325505 -0.01487833 0.00431776 -0.01353085 -0.01484829 0.004075765 -0.01400554 -0.01481878 0.004195988 -0.0146436 -0.01478481 0.004739522 -0.01506549 -0.01471751 0.005562782 -0.01491528 -0.01462566 0.005020618 -0.01327145 -0.01462495 0.005766808 -0.01416206 -0.01481246 0.005000233 -0.01340842 -0.0148651 0.005796015 -0.01414531 -0.01487898 0.005206704 -0.0149154 -0.01491808 0.005399405 -0.01490473 -0.01475816 0.005826711 -0.01416283 -0.01462513 0.00574994 -0.01416301 -0.0156368 0.004232347 -0.01362633 -0.0155285 0.004389464 -0.01372033 -0.01462763 0.005755484 -0.01416516 -0.01472246 0.005931556 -0.01416409 -0.01474606 0.005825817 -0.0145958 -0.01477837 0.005388617 -0.0150218 -0.01479661 0.004819393 -0.01507526 -0.0148369 0.004252374 -0.01475107 -0.01485913 0.00407195 -0.01404529 -0.01489233 0.004366517 -0.01346588 -0.01491892 0.005054414 -0.01321965 -0.01496893 0.005765974 -0.01360565 -0.01498675 0.005919337 -0.01435625 -0.01501965 0.005541443 -0.01493483 -0.01506567 0.004740655 -0.01507562 -0.01508772 0.004155576 -0.01457285 -0.01511859 0.004098355 -0.01388609 -0.01514214 0.004498481 -0.0133723 -0.01517498 0.005133092 -0.01322942 -0.0152347 0.005829572 -0.01370406 -0.01523554 0.005902588 -0.01438766 -0.01526075 0.005639433 -0.01485246 -0.01529455 0.004997849 -0.01510608 -0.01531875 0.004389941 -0.01487267 -0.01534581 0.004078507 -0.01434707 -0.01537412 0.004165649 -0.01374346 -0.01540374 0.004633724 -0.01329469 -0.01545006 0.005481541 -0.01333713 -0.01546919 0.005916714 -0.01397186 -0.01549959 0.005840957 -0.01457959 -0.01552265 0.005369961 -0.01502871 -0.01555556 0.004719138 -0.01505863 -0.01558601 0.004179716 -0.01462894 -0.01560199 0.004074156 -0.01411199 -0.01550436 0.004239439 -0.01413798 -0.01547849 0.004367589 -0.0145784 -0.01545697 0.004757404 -0.01488864 -0.01542532 0.005371689 -0.01482671 -0.01541388 0.005766034 -0.01425176 -0.01536715 0.00543332 -0.0135371 -0.01530712 0.004819691 -0.01342701 -0.01528549 0.004364073 -0.01373457 -0.01527267 0.004295289 -0.01445484 -0.01521891 0.004924476 -0.0149284 -0.01516628 0.005562603 -0.01467657 -0.01513391 0.005761444 -0.01401221 -0.01509946 0.005258262 -0.0134418 -0.01506507 0.00451374 -0.01356816 -0.01500493 0.004235029 -0.01424026 -0.01497113 0.004546701 -0.01477831 -0.01493889 0.005038261 -0.01492059 -0.01491928 0.005513727 -0.0147261 -0.01488685 0.0057621 -0.01419818 -0.01485842 0.005517303 -0.01359325 -0.01481413 0.004999935 -0.01340675 -0.01479476 0.004542171 -0.01355129 -0.0147773 0.004230737 -0.0141623 -0.01471889 0.004514932 -0.01475077 -0.01469445 0.005035996 -0.01492583 -0.014674 0.005584955 -0.01464951 -0.01463907 0.005010366 -0.01499605 -0.0146448 0.005669474 -0.01465582 -0.01489925 0.004831314 -0.01490777 -0.01495909 0.004198968 -0.01397657 -0.01503586 0.00470674 -0.01341968 -0.01497542 0.004331707 -0.01464289 -0.01504182 0.005009889 -0.01333081 -0.01507622 0.005860269 -0.01419132 -0.01517009 0.005010664 -0.01498764 -0.0151239 0.005791187 -0.01413547 -0.0151717 0.00499767 -0.01494574 -0.01517784 0.004300475 -0.01459664 -0.01524639 0.004686951 -0.0134232 -0.01529896 0.0047338 -0.01341527 -0.01524084 0.004198312 -0.01435106 -0.01543784 0.005048155 -0.01506447 -0.01529759 0.00500071 -0.01340091 -0.01530867 0.005791604 -0.01380789 -0.01538783 0.005018889 -0.01502549 -0.01535689 0.005736112 -0.01379173 -0.01540875 0.004998087 -0.01493048 -0.01554715 0.004767119 -0.01342254 -0.01547521 0.00423628 -0.01438343 -0.01547282 0.004296123 -0.01371061 -0.01579737 0.004757404 -0.01342499 -0.01573431 0.004252612 -0.01447635 -0.01565903 0.004997313 -0.01493334 -0.0157116 0.004146754 -0.01390135 -0.01577234 0.005010604 -0.01333588 -0.01585274 0.005797386 -0.01429361 -0.01590991 0.005010962 -0.01500236 -0.01584851 0.005624234 -0.0136649 -0.01591235 0.004997432 -0.01494759 -0.01593941 0.004204869 -0.01437693 -0.01602411 0.004720926 -0.01343315 -0.01599085 0.004198551 -0.01435124 -0.01605248 0.005013465 -0.01330506 -0.01605278 0.005699157 -0.01372903 -0.01612055 0.005761027 -0.01440745 -0.01616251 0.005002558 -0.0149486 -0.01616334 0.004448056 -0.01487934 -0.0162248 0.004376709 -0.01371353 -0.01629 0.004996776 -0.0133754 -0.01625466 0.004173457 -0.01406872 -0.01619446 0.004875898 -0.01491099 -0.01629316 0.005205214 -0.01342862 -0.01634103 0.005784392 -0.014481 -0.01641935 0.005218386 -0.01490753 -0.01636534 0.005777716 -0.01396632 -0.01648736 0.004131376 -0.01414924 -0.01650971 0.004651844 -0.01341974 -0.01642525 0.004986226 -0.01502734 -0.01641875 0.004456996 -0.01471489 -0.01648014 0.004234373 -0.01416391 -0.0165677 0.003834962 -0.01842403 -0.01656901 0.003153741 -0.01847863 -0.01570093 0.003420948 -0.01695048 -0.01573264 0.004048585 -0.01713424 -0.0157836 0.004297673 -0.017771 -0.0158233 0.004070222 -0.01823335 -0.01583981 0.003644704 -0.01845306 -0.01587563 0.003077268 -0.0183112 -0.01590067 0.002773582 -0.01777178 -0.0159378 0.002993404 -0.01715636 -0.01597368 0.003607809 -0.01693481 -0.01601141 0.00407046 -0.01716339 -0.01602721 0.004298329 -0.01762521 -0.01606464 0.004100739 -0.01821243 -0.01608622 0.003424108 -0.01846742 -0.0161426 0.002887248 -0.01809018 -0.0161665 0.002779245 -0.0175901 -0.01619374 0.003079533 -0.01708847 -0.01623123 0.00353527 -0.01694124 -0.01624637 0.00399208 -0.01708781 -0.01627659 0.004297912 -0.01762515 -0.0163176 0.004079461 -0.01824283 -0.01633846 0.003426492 -0.01845616 -0.01638901 0.002928316 -0.01815211 -0.01641505 0.00276941 -0.0176261 -0.01644676 0.003106892 -0.01706218 -0.01648348 0.003635406 -0.0169481 -0.01650309 0.00413084 -0.01720947 -0.01653897 0.004273533 -0.01792484 -0.01651221 0.003345727 -0.01860868 -0.01647233 0.003954052 -0.01854461 -0.01645499 0.00441128 -0.01802968 -0.01642554 0.004431426 -0.01741814 -0.01640337 0.004099369 -0.01695728 -0.01638168 0.003610968 -0.01676589 -0.01635044 0.002982556 -0.01693385 -0.01632457 0.002626478 -0.01747804 -0.01628845 0.002710521 -0.01816308 -0.01626276 0.003290295 -0.01860541 -0.01620548 0.004091322 -0.01846957 -0.01619005 0.004472434 -0.01775449 -0.01616185 0.004284024 -0.01713228 -0.01613104 0.00369811 -0.01676946 -0.01610738 0.003058671 -0.01689273 -0.01607453 0.002643227 -0.01739329 -0.01603937 0.002694368 -0.01812064 -0.01602411 0.003099918 -0.01851958 -0.01598286 0.003742218 -0.01862627 -0.01596033 0.004355192 -0.01815879 -0.01593101 0.004456877 -0.01751619 -0.01590371 0.004117846 -0.01696115 -0.01587539 0.003540456 -0.0167647 -0.01584649 0.002927839 -0.01697772 -0.01582551 0.002623677 -0.01750463 -0.0157743 0.002740859 -0.01822566 -0.01575207 0.003483414 -0.01864075 -0.01570892 0.004233539 -0.01834404 -0.01568931 0.004471004 -0.01765412 -0.01566386 0.004269778 -0.01711779 -0.01564234 0.003833353 -0.01681476 -0.01562696 0.003391683 -0.01677858 -0.01650017 0.003543734 -0.01686632 -0.01656925 0.004190683 -0.01808714 -0.01654291 0.004301488 -0.01748406 -0.01657718 0.002619743 -0.01754611 -0.01658672 0.002897858 -0.01707142 -0.0165891 0.003520131 -0.01685971 -0.01658529 0.003968417 -0.01706975 -0.01658511 0.004119038 -0.01722472 -0.01654702 0.003336191 -0.01696234 -0.01649576 0.00286442 -0.01734542 -0.01648908 0.002837002 -0.01801902 -0.0164256 0.003195226 -0.01836651 -0.01653087 0.003099918 -0.01852792 -0.01656299 0.002671241 -0.01805824 -0.01651442 0.00310266 -0.018485 -0.01655662 0.002747893 -0.01815307 -0.01656818 0.002622783 -0.01782232 -0.0165733 0.002615869 -0.01764094 -0.01654112 0.003126621 -0.01853835 -0.01642507 0.003195047 -0.01836675 -0.01562964 0.003394246 -0.01676577 -0.01570051 0.004193782 -0.01702386 -0.01571208 0.004467487 -0.01781541 -0.01573532 0.004136502 -0.01841896 -0.01576489 0.003524303 -0.01863586 -0.01577991 0.003017365 -0.01847141 -0.01580977 0.002673387 -0.01806718 -0.01582849 0.002623856 -0.01750469 -0.01586002 0.002901017 -0.01700949 -0.01588612 0.003499865 -0.0167613 -0.01591658 0.004116475 -0.01696383 -0.01593184 0.004417181 -0.017403 -0.01596903 0.004433214 -0.01797425 -0.01598525 0.00406903 -0.01846224 -0.01602703 0.003443658 -0.0186367 -0.01604896 0.002805531 -0.01828742 -0.01608103 0.002596199 -0.01763105 -0.01612031 0.00295484 -0.0169546 -0.01615834 0.003738701 -0.016779 -0.01617938 0.004330277 -0.01720225 -0.01619946 0.004465341 -0.01775473 -0.01623481 0.004239559 -0.01832097 -0.0162484 0.003743946 -0.01860463 -0.01628041 0.003212571 -0.01857686 -0.01630812 0.002719521 -0.01815694 -0.01632481 0.002608835 -0.01760101 -0.01635539 0.002830028 -0.01708179 -0.0163722 0.00328201 -0.01680427 -0.01640027 0.003815174 -0.01680308 -0.01642912 0.004329562 -0.01719987 -0.01646441 0.004458129 -0.01787596 -0.01652711 0.003951728 -0.01854407 -0.01639896 0.004173398 -0.01812517 -0.01633799 0.004270374 -0.0175116 -0.01631897 0.003958821 -0.01706039 -0.01630741 0.003209233 -0.01700466 -0.01623868 0.002774536 -0.01762396 -0.01619952 0.002972066 -0.01821273 -0.01616674 0.00350064 -0.01846146 -0.01614457 0.004103422 -0.0182138 -0.01609784 0.004290759 -0.01758939 -0.01608389 0.003896415 -0.01702266 -0.01601892 0.003210127 -0.01701569 -0.01600068 0.00301373 -0.01715975 -0.01600015 0.003006875 -0.01716655 -0.01600348 0.002813398 -0.01745152 -0.01595383 0.002868711 -0.01806879 -0.01593762 0.003350615 -0.01844173 -0.01590758 0.004076778 -0.0182417 -0.01585221 0.004284858 -0.01754677 -0.01582324 0.003861188 -0.01700556 -0.01576864 0.003168344 -0.01703071 -0.01575255 0.002786397 -0.01754796 -0.01571291 0.002992749 -0.01823806 -0.01566356 0.003627955 -0.01845669 -0.01562958 0.004146397 -0.01815539 -0.01560229 0.004285633 -0.01755285 -0.01556074 0.003989517 -0.01709175 -0.01552981 0.003439903 -0.01692831 -0.0164178 0.003547906 -0.01846343 -0.01564919 0.003580033 -0.01844668 -0.01559793 0.004363179 -0.01778936 -0.01553708 0.003651916 -0.01694595 -0.01549983 0.003935098 -0.01693576 -0.01556766 0.004210948 -0.01817011 -0.01485276 0.003545522 -0.0184552 -0.01487225 0.003078579 -0.01830983 -0.01489979 0.002774059 -0.01777148 -0.01494044 0.002928256 -0.01724475 -0.01495963 0.00338906 -0.01694726 -0.01499462 0.004022598 -0.01710796 -0.01502424 0.004301428 -0.01773464 -0.01507359 0.00407052 -0.01823347 -0.01509052 0.003644764 -0.01845353 -0.01512128 0.003079056 -0.01830935 -0.01515263 0.002780735 -0.0178076 -0.01518321 0.002924978 -0.01724219 -0.01521831 0.003353536 -0.01696258 -0.01523071 0.003931522 -0.01704263 -0.0152769 0.00429821 -0.01762539 -0.01530587 0.004051804 -0.01826584 -0.01535493 0.003535568 -0.01845508 -0.01537233 0.003078639 -0.01830989 -0.01540291 0.002780616 -0.01780772 -0.01543396 0.00292468 -0.01724195 -0.01545381 0.003512263 -0.01693087 -0.01550495 0.004115343 -0.01719003 -0.01554024 0.004289686 -0.01767635 -0.01556175 0.004153192 -0.01814413 -0.01557797 0.00356698 -0.01847392 -0.01563137 0.003087282 -0.01830428 -0.01565021 0.002816021 -0.01794886 -0.01567852 0.002834022 -0.01740056 -0.01570379 0.00334841 -0.01694381 -0.01562213 0.003381252 -0.01676666 -0.01481008 0.004065036 -0.0182507 -0.01470816 0.004193127 -0.01836478 -0.01557636 0.002740979 -0.01718884 -0.01555299 0.002620637 -0.01790732 -0.01551789 0.003007829 -0.0184769 -0.01550012 0.003598034 -0.01862829 -0.01546519 0.00416243 -0.018399 -0.01543933 0.004469096 -0.01778262 -0.01539272 0.004228174 -0.01705431 -0.01538091 0.00360161 -0.01676958 -0.01533591 0.002976059 -0.01694232 -0.01531463 0.002608001 -0.01756948 -0.01527971 0.002767324 -0.01823788 -0.01526504 0.00326395 -0.01859021 -0.01522052 0.00391227 -0.01856136 -0.01518577 0.004440963 -0.01795774 -0.01515883 0.004333317 -0.01720148 -0.01513254 0.003779292 -0.01679378 -0.01508957 0.003058731 -0.0168876 -0.01507776 0.002655148 -0.0173946 -0.01504141 0.002647578 -0.0180037 -0.01502925 0.002996087 -0.01845592 -0.01499849 0.003497719 -0.01863437 -0.0149703 0.004114389 -0.0184347 -0.01494407 0.004454731 -0.01788264 -0.0149241 0.004386365 -0.01731967 -0.01489305 0.004015505 -0.01689451 -0.01487833 0.003500163 -0.01676917 -0.01484829 0.002993285 -0.01693367 -0.01481878 0.002627193 -0.01746988 -0.01478332 0.002713859 -0.01815181 -0.01472121 0.003401458 -0.01863062 -0.01462495 0.003535509 -0.01694858 -0.01486659 0.004065454 -0.01822513 -0.0148915 0.003533363 -0.01844602 -0.01462537 0.004265546 -0.01726698 -0.01462501 0.004078447 -0.01824009 -0.01480311 0.003990828 -0.01696813 -0.01482474 0.004065811 -0.01822888 -0.01469171 0.004119932 -0.0182833 -0.01562786 0.003381907 -0.0167669 -0.01553958 0.003389477 -0.01693969 -0.01462763 0.004068195 -0.01823431 -0.01472246 0.004193484 -0.01835805 -0.01474606 0.003813445 -0.01858854 -0.01477837 0.003203034 -0.01858067 -0.01479661 0.002762794 -0.01821595 -0.0148369 0.002591013 -0.01758575 -0.01485913 0.002962529 -0.01695913 -0.01489233 0.00358057 -0.01675766 -0.01491236 0.004178583 -0.01701676 -0.01495307 0.004479169 -0.01764118 -0.01497405 0.004256844 -0.01829451 -0.01500546 0.003698647 -0.01862764 -0.01504105 0.002953052 -0.01844614 -0.01506036 0.002633452 -0.01792401 -0.01508772 0.002648651 -0.01739132 -0.01511859 0.003093779 -0.01686519 -0.01514214 0.003740012 -0.01678484 -0.01517498 0.004289805 -0.01713258 -0.0152347 0.004446685 -0.01796066 -0.01523554 0.004014909 -0.01849567 -0.01526075 0.003500163 -0.01863825 -0.01529812 0.00283581 -0.01833748 -0.0153343 0.002598047 -0.01756691 -0.01534903 0.002862989 -0.01705968 -0.01539313 0.003397405 -0.01676052 -0.01541274 0.004132807 -0.01697379 -0.01544505 0.004471421 -0.01757818 -0.01547127 0.004299521 -0.01824736 -0.01549899 0.003796517 -0.01859688 -0.01553505 0.003108799 -0.01854383 -0.01555287 0.002673625 -0.01805847 -0.01558643 0.002626299 -0.01744806 -0.01560193 0.002916932 -0.01700782 -0.01553207 0.002826511 -0.01741814 -0.0154531 0.002920866 -0.01815509 -0.01544433 0.00356245 -0.01847064 -0.01538282 0.004243373 -0.01799851 -0.01533854 0.004181087 -0.01729196 -0.01531165 0.003529667 -0.01691406 -0.01525157 0.002883672 -0.01730412 -0.01521724 0.002785444 -0.01780647 -0.0151931 0.00301969 -0.0182628 -0.01516604 0.003570258 -0.01845973 -0.01513391 0.00418055 -0.01813036 -0.01509904 0.004228234 -0.01737105 -0.01506459 0.003612399 -0.01693379 -0.01500499 0.002939999 -0.01721227 -0.01497107 0.00277996 -0.01781314 -0.01493918 0.003027081 -0.01826119 -0.01491892 0.00350058 -0.01846015 -0.01488685 0.004049479 -0.01826232 -0.01485842 0.00430423 -0.01766151 -0.01481413 0.004070281 -0.01716363 -0.0147947 0.003644585 -0.01694226 -0.0147773 0.002992093 -0.01715409 -0.01471889 0.00277692 -0.01777118 -0.01469439 0.003021597 -0.01826345 -0.01467418 0.003605186 -0.0184561 -0.01465499 0.003536999 -0.01847767 -0.0146377 0.003760278 -0.01843291 -0.01462727 0.003986179 -0.01830697 -0.01487517 0.003160238 -0.01843822 -0.01495677 0.003024876 -0.0169897 -0.01500958 0.003099739 -0.01699411 -0.01492917 0.003070116 -0.01842528 -0.01499921 0.003917276 -0.01693177 -0.01506817 0.004204869 -0.0181775 -0.01514613 0.003667652 -0.01844429 -0.01510226 0.004291653 -0.01786154 -0.01504725 0.003832936 -0.01694941 -0.01513147 0.003488183 -0.01844763 -0.01515817 0.002740323 -0.01791238 -0.01524543 0.003307223 -0.01695382 -0.01520961 0.002733945 -0.01788675 -0.01524227 0.003681719 -0.01695257 -0.01531028 0.004339575 -0.01804137 -0.01539665 0.003669261 -0.01844418 -0.01532936 0.00433743 -0.01738023 -0.01551675 0.003295958 -0.01697337 -0.01537191 0.003389596 -0.01844352 -0.01543551 0.002733647 -0.0173673 -0.01545363 0.00275439 -0.01803374 -0.0157541 0.003526687 -0.01687467 -0.01573657 0.002811789 -0.01735061 -0.01568806 0.002973675 -0.0182445 -0.0156477 0.003535628 -0.01844644 -0.01563459 0.003018438 -0.01829457 -0.01567846 0.002777218 -0.01750648 -0.01573956 0.003535628 -0.01694649 -0.01577162 0.004233658 -0.01726394 -0.0158264 0.004077136 -0.01827585 -0.01589459 0.003703474 -0.01844179 -0.01582562 0.004310727 -0.01730203 -0.0159012 0.003327667 -0.01844209 -0.01591986 0.002675294 -0.01767736 -0.01600944 0.003337621 -0.01695656 -0.01597005 0.002752959 -0.0176776 -0.01600646 0.003583788 -0.01694762 -0.01602733 0.004268527 -0.01738083 -0.01606851 0.00415796 -0.01814913 -0.01612979 0.003798365 -0.01844 -0.01607877 0.004278659 -0.01740497 -0.0161215 0.003370285 -0.01844352 -0.01618587 0.002751231 -0.01734036 -0.01626873 0.003358542 -0.01696282 -0.01620441 0.002743065 -0.01801097 -0.01623749 0.003651678 -0.01694422 -0.01628726 0.004348099 -0.01756513 -0.01635909 0.003691852 -0.01844674 -0.01636582 0.004235088 -0.01813292 -0.01629793 0.003846764 -0.01695537 -0.01636731 0.003378093 -0.01844328 -0.0164299 0.002811312 -0.0180093 -0.01648646 0.00330168 -0.01695692 -0.01656621 -5.76975e-4 -0.01974385 -0.01655572 -8.16014e-4 -0.01942348 -0.01572507 4.4482e-4 -0.01855158 -0.01574182 7.01254e-4 -0.01887392 -0.01576709 7.26459e-4 -0.0193988 -0.01578545 2.21704e-4 -0.01990491 -0.01583981 -4.56311e-4 -0.01977378 -0.01587563 -7.57251e-4 -0.0192722 -0.01590067 -5.90508e-4 -0.01867604 -0.01593226 3.65758e-5 -0.01839613 -0.01598078 6.12335e-4 -0.01870429 -0.01601141 7.56706e-4 -0.01916289 -0.01602721 5.91268e-4 -0.01965057 -0.01606452 3.63558e-5 -0.01992601 -0.01609134 -5.68607e-4 -0.01968157 -0.01613515 -7.5618e-4 -0.01905411 -0.0161665 -4.58066e-4 -0.01855152 -0.01619374 1.08975e-4 -0.01840925 -0.01623123 5.35323e-4 -0.01862734 -0.01624631 7.54702e-4 -0.01905405 -0.01627659 5.91011e-4 -0.01965022 -0.0163176 -2.28475e-7 -0.01993256 -0.01633846 -6.12762e-4 -0.01962167 -0.01637071 -7.08235e-4 -0.01887089 -0.01643002 -1.4572e-4 -0.01841068 -0.0164653 4.56318e-4 -0.01855188 -0.01649886 7.64622e-4 -0.01909047 -0.01653403 6.07486e-4 -0.01961642 -0.01655572 1.28901e-4 -0.01992017 -0.01651221 -7.7775e-4 -0.01967239 -0.01648491 -3.76548e-4 -0.02002263 -0.0164259 4.27031e-4 -0.02000933 -0.01641893 9.17468e-4 -0.01937222 -0.01639151 8.46771e-4 -0.01876389 -0.01635736 3.87061e-4 -0.01830416 -0.01632463 -3.81956e-4 -0.0182954 -0.01628851 -9.11821e-4 -0.01890814 -0.01626276 -8.14658e-4 -0.01963084 -0.01620543 -1.52196e-4 -0.02010124 -0.01619005 6.22962e-4 -0.01986509 -0.01616185 9.29715e-4 -0.01929193 -0.01613104 7.71965e-4 -0.01862102 -0.01610738 2.32627e-4 -0.01825606 -0.01607453 -4.15093e-4 -0.01831626 -0.01603931 -8.93221e-4 -0.01886671 -0.01599133 -7.85e-4 -0.01970297 -0.01597303 -8.10232e-5 -0.02009826 -0.01592224 6.84977e-4 -0.01982641 -0.01590377 9.33235e-4 -0.01905339 -0.01587539 6.63806e-4 -0.01850622 -0.01584649 8.00202e-5 -0.01822364 -0.01582551 -5.07631e-4 -0.01838117 -0.0157743 -9.34613e-4 -0.01897382 -0.01574194 -6.5168e-4 -0.01985639 -0.01571196 1.17172e-4 -0.02009844 -0.01569372 6.32057e-4 -0.0198453 -0.01566368 9.24115e-4 -0.01935273 -0.01564246 8.35619e-4 -0.0187487 -0.01562321 5.47569e-4 -0.01841259 -0.01647931 3.83444e-6 -0.01838022 -0.01649117 6.81919e-4 -0.01876115 -0.01655066 4.88978e-4 -0.01982259 -0.01657164 8.50479e-4 -0.01933383 -0.0166288 -3.33566e-4 -0.01830041 -0.01659983 5.38547e-4 -0.01850938 -0.01660376 7.51577e-4 -0.01911777 -0.01654934 4.60911e-4 -0.01855468 -0.01650011 -8.81961e-5 -0.01841068 -0.01647758 -5.27159e-4 -0.01861506 -0.01642709 -7.64327e-4 -0.01906073 -0.01653289 -8.91861e-4 -0.01944655 -0.01656216 -8.65827e-4 -0.01880598 -0.01653391 -8.48291e-4 -0.01942539 -0.0165531 -8.87435e-4 -0.01893073 -0.01656776 -7.19401e-4 -0.01858592 -0.01657372 -6.09705e-4 -0.01847314 -0.01653975 -8.83738e-4 -0.019468 -0.01642668 -7.18017e-4 -0.01939684 -0.01552283 4.46691e-4 -0.01855152 -0.0156275 5.60564e-4 -0.01840269 -0.01570683 9.38872e-4 -0.01915144 -0.01571416 5.7566e-4 -0.01990371 -0.01573556 -8.4381e-5 -0.02009725 -0.01576399 -6.71152e-4 -0.01981818 -0.0157817 -9.11865e-4 -0.01934301 -0.01581168 -8.69134e-4 -0.01881426 -0.01582908 -5.07342e-4 -0.01838159 -0.01586019 3.83435e-5 -0.01822721 -0.01588934 6.36464e-4 -0.01847666 -0.01591658 9.30336e-4 -0.01905435 -0.01594299 7.78944e-4 -0.0196852 -0.01596051 3.63578e-4 -0.02001869 -0.01599562 -2.0501e-4 -0.0200805 -0.01602041 -7.73881e-4 -0.01969337 -0.0160489 -9.32615e-4 -0.01906323 -0.01608085 -6.16454e-4 -0.01845103 -0.016101 -4.69326e-5 -0.01823234 -0.01613163 5.03666e-4 -0.01837366 -0.01617419 9.20758e-4 -0.01896989 -0.01619297 7.80309e-4 -0.0196833 -0.01622182 2.55303e-4 -0.02006489 -0.0162509 -3.91264e-4 -0.02001404 -0.01627731 -8.50885e-4 -0.01955676 -0.01630574 -9.02447e-4 -0.01890975 -0.01632571 -5.85902e-4 -0.01843923 -0.01635217 -6.31581e-5 -0.0182262 -0.01637214 4.53134e-4 -0.01835143 -0.01640015 8.30969e-4 -0.01872754 -0.01642912 9.14099e-4 -0.01937186 -0.01646441 5.26923e-4 -0.01994085 -0.01653313 -3.02444e-4 -0.02005177 -0.01640981 -4.48511e-4 -0.01977956 -0.01638466 2.03974e-4 -0.01989996 -0.01635009 7.2092e-4 -0.01942133 -0.0163002 6.71957e-4 -0.01880639 -0.01629638 1.328e-4 -0.01840788 -0.01623505 -2.76408e-4 -0.01846581 -0.01623451 -2.85214e-4 -0.01846939 -0.01613736 6.76659e-5 -0.01992559 -0.01609784 6.11252e-4 -0.01961988 -0.01606971 7.50997e-4 -0.01901715 -0.01602834 4.54487e-4 -0.01855564 -0.01600706 -5.95769e-5 -0.0183981 -0.01597386 -4.79818e-4 -0.01858055 -0.0159772 -7.6355e-4 -0.01912105 -0.01590937 -4.77341e-4 -0.0197584 -0.01590061 1.57562e-4 -0.01991128 -0.01583838 6.72084e-4 -0.01952022 -0.01583051 7.0826e-4 -0.01887106 -0.01577931 1.12714e-4 -0.01840537 -0.0157302 -5.14457e-4 -0.01859933 -0.0156992 -7.62242e-4 -0.01912808 -0.01566582 -6.06872e-4 -0.01961708 -0.01564562 -1.62235e-4 -0.01990932 -0.01564335 5.81981e-4 -0.01966124 -0.01555883 7.25478e-4 -0.01892721 -0.01623558 -6.03464e-4 -0.01869535 -0.01618742 -7.43448e-4 -0.01933443 -0.01615405 -4.51097e-4 -0.01977616 -0.01560044 3.97171e-4 -0.01989752 -0.01553738 6.33126e-4 -0.01869904 -0.01546376 1.13563e-4 -0.01841866 -0.01552832 8.02648e-4 -0.01949661 -0.01509535 -4.53402e-4 -0.0197696 -0.01511591 -7.51238e-4 -0.01930958 -0.01514738 -5.46793e-4 -0.01861673 -0.01519656 1.08885e-4 -0.01840746 -0.01521921 6.78867e-4 -0.01879662 -0.01526439 6.71682e-4 -0.01952487 -0.01530832 2.54899e-4 -0.01987683 -0.01533162 -2.94012e-4 -0.0198726 -0.01535457 -7.4307e-4 -0.01934659 -0.01540213 -5.91269e-4 -0.01867562 -0.01543945 -1.08262e-4 -0.0184133 -0.01546221 4.28004e-4 -0.01852661 -0.01549875 7.56147e-4 -0.01905429 -0.01552754 6.10949e-4 -0.01961934 -0.01556122 2.18048e-4 -0.01988613 -0.0155785 -2.93437e-4 -0.01987075 -0.0156151 -6.86261e-4 -0.01948463 -0.01563858 -7.34454e-4 -0.01893866 -0.01567429 -3.25658e-4 -0.01847118 -0.01569747 4.06122e-4 -0.01850199 -0.01562523 5.46083e-4 -0.01840984 -0.01480144 -6.46897e-6 -0.01992094 -0.01484841 -5.91213e-4 -0.01965165 -0.01488578 -7.56565e-4 -0.01905423 -0.014916 -4.84299e-4 -0.01857662 -0.01493966 7.24434e-5 -0.01840096 -0.01497596 6.10386e-4 -0.0187065 -0.01501184 7.57229e-4 -0.01927155 -0.0150423 5.34937e-4 -0.0196979 -0.01505744 7.33701e-5 -0.01992517 -0.0156002 9.49413e-5 -0.0182327 -0.01557689 -4.62983e-4 -0.01834905 -0.0155493 -8.699e-4 -0.01880592 -0.01551461 -8.81576e-4 -0.0194965 -0.01548987 -4.17009e-4 -0.020006 -0.01546871 1.10602e-4 -0.0200864 -0.01544362 6.02191e-4 -0.01988464 -0.0154196 8.9951e-4 -0.01940387 -0.01539468 8.81139e-4 -0.01883637 -0.01536375 4.57465e-4 -0.01834398 -0.01533275 -2.25809e-4 -0.0182479 -0.01528096 -8.78962e-4 -0.01879537 -0.01525706 -8.11e-4 -0.01964211 -0.01523518 -3.03768e-4 -0.02004849 -0.01520812 2.65477e-4 -0.02005887 -0.01519066 7.0634e-4 -0.01977294 -0.01515966 9.3375e-4 -0.01925408 -0.01513713 7.90111e-4 -0.0186609 -0.01510858 3.14282e-4 -0.01827758 -0.01508301 -2.96986e-4 -0.01827579 -0.01506376 -7.32435e-4 -0.01858389 -0.01500904 -9.40977e-4 -0.01923912 -0.01498967 -5.09902e-4 -0.01996225 -0.0149312 3.779e-4 -0.02003389 -0.01489996 9.38613e-4 -0.01929926 -0.01486515 6.46403e-4 -0.01846593 -0.0148456 -4.33565e-5 -0.01822757 -0.01481992 -5.79365e-4 -0.01842778 -0.01478368 -9.36307e-4 -0.0190187 -0.01475626 -7.5321e-4 -0.01972395 -0.0146991 -6.15615e-5 -0.02010208 -0.01495987 1.06262e-5 -0.01833605 -0.01501393 7.91198e-4 -0.01918822 -0.01508194 9.92129e-6 -0.02000719 -0.01508671 6.84671e-4 -0.01963663 -0.01503229 5.63274e-4 -0.01861572 -0.01510238 -2.22924e-6 -0.01994442 -0.01510936 -5.89034e-4 -0.01966434 -0.01516354 -7.86629e-4 -0.0193063 -0.01521158 -2.79285e-4 -0.0184338 -0.01523995 1.35025e-5 -0.018305 -0.01524031 6.99203e-4 -0.01872903 -0.01530802 7.61156e-4 -0.01940727 -0.01535004 2.6045e-6 -0.0199486 -0.01545 0 -0.018413 -0.01550006 0 -0.01841306 -0.01535075 -5.50832e-4 -0.01988101 -0.01541227 -6.23268e-4 -0.01871353 -0.015464 -4.6182e-4 -0.01850003 -0.01542657 -7.44185e-4 -0.01937496 -0.01538199 -1.23715e-4 -0.01991117 -0.01545029 0 -0.018413 -0.01545 0 -0.018413 -0.01564061 5.45654e-4 -0.01840168 -0.01556426 3.98914e-4 -0.01851111 -0.01474022 -4.05761e-4 -0.01851344 -0.01470249 -7.55086e-4 -0.01903945 -0.01466977 -6.42735e-4 -0.01957166 -0.01464122 -7.18563e-5 -0.01994085 -0.01472228 -1.08297e-6 -0.02009469 -0.01474648 -4.3268e-4 -0.01998865 -0.01476955 -8.16539e-4 -0.01962149 -0.01480978 -9.18668e-4 -0.01893973 -0.0148313 -4.82233e-4 -0.01835548 -0.01485913 1.17702e-4 -0.01823502 -0.01489233 6.97158e-4 -0.01852959 -0.01491892 9.43343e-4 -0.01921743 -0.01496893 5.57345e-4 -0.01992905 -0.01498675 -1.93258e-4 -0.02008235 -0.01501965 -7.71794e-4 -0.01970446 -0.01506567 -9.12578e-4 -0.01890373 -0.01508772 -4.09852e-4 -0.01831865 -0.01511859 2.76933e-4 -0.01826143 -0.01514214 7.9072e-4 -0.01866155 -0.01517498 9.33596e-4 -0.01929616 -0.01521021 5.57805e-4 -0.019921 -0.01526075 -2.70506e-4 -0.02007508 -0.01527458 -8.65241e-4 -0.01952999 -0.01529622 -9.11513e-4 -0.01896178 -0.0153343 -5.69806e-4 -0.0184071 -0.01534903 -2.37779e-5 -0.01823574 -0.01539278 5.65788e-4 -0.01840192 -0.01541417 9.33961e-4 -0.01907235 -0.01543742 7.87723e-4 -0.01966953 -0.01547795 2.31774e-4 -0.02007949 -0.01549869 -4.50746e-4 -0.01998293 -0.01554095 -9.14869e-4 -0.01942121 -0.01556026 -8.13351e-4 -0.01869869 -0.01560384 -2.42326e-4 -0.01824373 -0.01549404 -3.24757e-4 -0.01847302 -0.01545929 -7.19044e-4 -0.01890313 -0.01542764 -7.23965e-4 -0.01938277 -0.01541179 -4.26811e-4 -0.01979869 -0.01537418 7.2773e-5 -0.01991504 -0.01535195 5.1594e-4 -0.01972794 -0.01532232 7.50014e-4 -0.01927107 -0.01529967 6.36077e-4 -0.01873397 -0.01526588 1.09413e-4 -0.01840823 -0.01524239 -5.149e-4 -0.01859521 -0.01519948 -7.61138e-4 -0.01927161 -0.01515603 -4.2451e-4 -0.01979279 -0.01512473 3.45462e-5 -0.01992177 -0.01510411 5.11477e-4 -0.01973056 -0.01507294 7.4951e-4 -0.01927685 -0.01506495 5.94932e-4 -0.01867681 -0.01500475 -7.72241e-5 -0.01839786 -0.01497113 -6.15298e-4 -0.01870977 -0.01493912 -7.57355e-4 -0.01920139 -0.01491922 -5.63086e-4 -0.01967674 -0.01488661 -3.52088e-5 -0.01992517 -0.01485848 5.69781e-4 -0.01968044 -0.01481419 7.56407e-4 -0.01916289 -0.0147947 6.12054e-4 -0.01870536 -0.01476377 1.80032e-4 -0.01842689 -0.01462537 1.753e-7 -0.01841205 -0.01462525 1.54751e-7 -0.01991385 -0.01485627 3.83797e-4 -0.01990503 -0.01477402 5.03765e-4 -0.01845079 -0.01462632 9.01478e-4 -0.01916027 -0.0148248 0 -0.01991301 -0.01469177 -2.11657e-7 -0.01998978 -0.0148245 -1.7343e-5 -0.02002602 -0.01491266 -7.86802e-4 -0.01916205 -0.01496446 -2.25753e-4 -0.01841843 -0.01487451 -1.92867e-5 -0.02003163 -0.0146259 -1.2872e-5 -0.01829707 -0.01475089 -1.40451e-5 -0.01831352 -0.01465427 -8.05422e-4 -0.01941817 -0.0146439 -4.11413e-4 -0.01981192 -0.01571655 1.40736e-5 -0.01833987 -0.01577866 7.58153e-4 -0.01948034 -0.01585459 2.99684e-4 -0.01989966 -0.0157895 6.79251e-4 -0.01871585 -0.0160005 -4.7108e-6 -0.01836001 -0.01583641 -9.75409e-6 -0.01997488 -0.01588356 -7.77547e-4 -0.01924294 -0.01595008 -2.68685e-5 -0.01828098 -0.01593095 -8.7053e-4 -0.01933038 -0.0159673 1.05093e-5 -0.01833856 -0.01602154 8.012e-4 -0.01935076 -0.01610761 1.04651e-5 -0.01998585 -0.01605337 8.01642e-4 -0.01897501 -0.01611012 -9.91326e-6 -0.01999002 -0.01611381 -6.38079e-4 -0.01959615 -0.01619452 -2.84544e-4 -0.01842123 -0.01623564 -2.65275e-4 -0.01846122 -0.01619064 -8.01051e-4 -0.01894062 -0.01623451 -2.85229e-4 -0.01846939 -0.01619946 1.7419e-5 -0.01829975 -0.0162853 7.84397e-4 -0.01921445 -0.01634162 2.06691e-4 -0.01990765 -0.01625156 4.67246e-5 -0.01824557 -0.01648318 -3.18513e-4 -0.01843822 -0.0163483 -2.11962e-4 -0.01990222 -0.01642042 -6.22851e-4 -0.01848196 -0.0164265 -7.63738e-4 -0.01937597 -0.01571857 -9.61207e-6 -0.01833111 -0.01568448 -7.36454e-4 -0.01885461 -0.01562905 -5.76691e-4 -0.01969552 -0.01560705 -1.52922e-6 -0.0199365 -0.01657038 -0.004341185 -0.01776224 -0.01653236 -0.004327416 -0.01728534 -0.01581662 -0.004168927 -0.01812613 -0.01585805 -0.004285752 -0.01759004 -0.0158773 -0.004023134 -0.01710832 -0.01591575 -0.003426671 -0.01694273 -0.01594847 -0.003000676 -0.01716363 -0.01596504 -0.002780795 -0.01758944 -0.01599645 -0.002924621 -0.01815515 -0.0160247 -0.003462493 -0.01845991 -0.01605427 -0.00410211 -0.0182141 -0.01610159 -0.004290342 -0.01758974 -0.01613181 -0.003991842 -0.01708829 -0.01616448 -0.003426671 -0.01694351 -0.01619869 -0.003000557 -0.01716357 -0.01621598 -0.002780258 -0.01758933 -0.01624655 -0.002924561 -0.01815515 -0.01626867 -0.003498613 -0.01846337 -0.01631402 -0.004125356 -0.01818585 -0.01635229 -0.004290759 -0.0175898 -0.01638549 -0.004070162 -0.01716387 -0.0164048 -0.003646254 -0.01694285 -0.01641696 -0.002994537 -0.01715552 -0.01647442 -0.002785205 -0.01785045 -0.01649636 -0.003241837 -0.01840752 -0.01655167 -0.003977596 -0.01832365 -0.01649338 -0.004467487 -0.01779228 -0.01647412 -0.004237353 -0.0183115 -0.01643663 -0.003712356 -0.01862061 -0.01641196 -0.003036916 -0.01849174 -0.01638597 -0.00263977 -0.01797759 -0.01636844 -0.002640902 -0.01744484 -0.01633745 -0.002919495 -0.01699346 -0.01632058 -0.003438293 -0.01677185 -0.01628988 -0.003994643 -0.01688182 -0.01626032 -0.00441426 -0.01737582 -0.01623171 -0.004413187 -0.01802372 -0.01620453 -0.003991961 -0.01851642 -0.0161373 -0.003188848 -0.01857346 -0.01611882 -0.002617061 -0.0179007 -0.01609885 -0.002750635 -0.01718693 -0.01606625 -0.003309845 -0.01678574 -0.01603972 -0.003991484 -0.01687961 -0.01601082 -0.004413783 -0.0173726 -0.01598161 -0.0044142 -0.01802134 -0.01593858 -0.003923654 -0.01855444 -0.01591217 -0.003161847 -0.01855909 -0.01588797 -0.002677142 -0.01807254 -0.01587307 -0.00261873 -0.01754432 -0.01584237 -0.002846956 -0.01706391 -0.01582473 -0.003342032 -0.01678711 -0.01579439 -0.003904104 -0.01683694 -0.01575952 -0.004394888 -0.01731944 -0.01574236 -0.004438698 -0.01792645 -0.01570618 -0.004111528 -0.01844042 -0.0156812 -0.003451049 -0.01863181 -0.01563823 -0.00280714 -0.01829415 -0.01560872 -0.002610504 -0.0175693 -0.01564592 -0.002791106 -0.01761478 -0.01576071 -0.003044664 -0.01827853 -0.01577943 -0.003597736 -0.01846104 -0.01654499 -0.003536999 -0.01847767 -0.01656222 -0.003760278 -0.01843291 -0.01657265 -0.00398606 -0.01830703 -0.01644062 -0.003078937 -0.01697289 -0.0165199 -0.003051757 -0.01841014 -0.0165733 -0.003109455 -0.01840031 -0.01649224 -0.003043115 -0.0169745 -0.01657688 -0.003382921 -0.01678264 -0.01658535 -0.002908349 -0.0170598 -0.01658099 -0.002697765 -0.017618 -0.01659148 -0.002858757 -0.0180788 -0.01659828 -0.003017365 -0.01822954 -0.01652294 -0.00282365 -0.01743185 -0.01649576 -0.003141045 -0.01704847 -0.01642304 -0.003818273 -0.01693427 -0.01653224 -0.004366934 -0.01726818 -0.01656192 -0.003895282 -0.01683372 -0.01651442 -0.004321932 -0.01726573 -0.01655662 -0.003990054 -0.01691097 -0.01656818 -0.003659307 -0.01678586 -0.0165733 -0.003477931 -0.01677888 -0.0165404 -0.004375696 -0.01728951 -0.01646113 -0.004222929 -0.0173645 -0.01552414 -0.002785444 -0.01758301 -0.01562905 -0.002602398 -0.01755726 -0.01570314 -0.002862095 -0.01835596 -0.01571154 -0.003652334 -0.01863092 -0.01573532 -0.00425589 -0.01829957 -0.01576405 -0.004473328 -0.01768726 -0.0157817 -0.004307568 -0.01718103 -0.01581174 -0.003903448 -0.01683741 -0.01582908 -0.003341674 -0.01678723 -0.01586043 -0.002846777 -0.01706403 -0.01588934 -0.002600133 -0.0176633 -0.01591658 -0.002800822 -0.01827955 -0.01594293 -0.003353893 -0.01861864 -0.01601159 -0.004135906 -0.01842391 -0.01602905 -0.004472494 -0.01760685 -0.01604866 -0.004124522 -0.01696842 -0.01608306 -0.003468215 -0.01676046 -0.01610094 -0.002910614 -0.01700723 -0.01613157 -0.002621173 -0.01749652 -0.01617419 -0.002747893 -0.01821309 -0.01619434 -0.003351628 -0.01861739 -0.01622009 -0.003993332 -0.01851761 -0.01625114 -0.004413843 -0.01802361 -0.01627737 -0.004415571 -0.01737529 -0.01630532 -0.003994643 -0.0168811 -0.01632499 -0.003437995 -0.01677203 -0.01635539 -0.002918779 -0.01699304 -0.01639086 -0.002601444 -0.01760363 -0.01640677 -0.00274676 -0.01819455 -0.01644259 -0.003216683 -0.01858264 -0.01646912 -0.003904223 -0.01855969 -0.01651173 -0.004412055 -0.01803994 -0.01639461 -0.004227221 -0.01801204 -0.01637381 -0.003823101 -0.018408 -0.01634055 -0.003176093 -0.01837366 -0.0162993 -0.002836644 -0.01798796 -0.01628035 -0.002794861 -0.01751101 -0.01625877 -0.003207445 -0.0170055 -0.01621621 -0.003933489 -0.01704651 -0.01616853 -0.004276156 -0.01752299 -0.0161429 -0.004203498 -0.01806771 -0.01611584 -0.00391674 -0.01834952 -0.01610368 -0.003454744 -0.0184589 -0.01606971 -0.002901315 -0.01812642 -0.01602834 -0.002784609 -0.01759046 -0.01600742 -0.003020703 -0.01713478 -0.0159763 -0.00357002 -0.016936 -0.01595485 -0.004150331 -0.01724153 -0.01590967 -0.004267156 -0.01792275 -0.01586884 -0.003923177 -0.01835066 -0.01585215 -0.003383696 -0.01844805 -0.01583051 -0.00282824 -0.01799291 -0.01577937 -0.00292015 -0.01724255 -0.01572996 -0.00350064 -0.01693606 -0.0156992 -0.004049777 -0.01713484 -0.01567673 -0.004300832 -0.01773566 -0.01560586 -0.003368735 -0.01844531 -0.01555907 -0.002863466 -0.01805859 -0.01562958 -0.003992319 -0.01830941 -0.01558125 -0.003370821 -0.01844221 -0.01553022 -0.002740681 -0.01766598 -0.01544344 -0.003374218 -0.01695442 -0.01549625 -0.002717435 -0.01802134 -0.01551103 -0.002880394 -0.0173335 -0.01551103 -0.002880454 -0.01733338 -0.0155003 -0.002998709 -0.01716327 -0.01505571 -0.004102766 -0.0182147 -0.01510477 -0.004291951 -0.01769864 -0.01512128 -0.004146337 -0.01724207 -0.01514416 -0.003572344 -0.01693344 -0.01518923 -0.002945542 -0.01721113 -0.01522696 -0.002780437 -0.0178073 -0.01526045 -0.003000855 -0.01823323 -0.01527684 -0.003462255 -0.01846122 -0.01530587 -0.004102826 -0.01821488 -0.01533496 -0.004269182 -0.01747858 -0.01538497 -0.003718972 -0.01695597 -0.01542496 -0.003020763 -0.01713168 -0.0154702 -0.00277388 -0.01777106 -0.01550507 -0.003107666 -0.01833248 -0.01554548 -0.003643214 -0.01844871 -0.01556754 -0.00409919 -0.01821333 -0.01559019 -0.004294216 -0.01758641 -0.0156784 -0.003220438 -0.01700145 -0.01569753 -0.002786874 -0.01752394 -0.01559633 -0.002600252 -0.01752686 -0.01494514 -0.002924978 -0.01724171 -0.014979 -0.002779483 -0.01769858 -0.01499801 -0.002923905 -0.01815563 -0.01502633 -0.003462314 -0.01846086 -0.0155797 -0.003099858 -0.01686835 -0.01555222 -0.003744006 -0.01678413 -0.01551634 -0.004313051 -0.01717132 -0.01549965 -0.004464924 -0.01776117 -0.01546454 -0.004235684 -0.01832526 -0.01544046 -0.003619551 -0.01863282 -0.01541984 -0.003069937 -0.01850515 -0.01538801 -0.00268501 -0.01808881 -0.01536083 -0.002634644 -0.01744288 -0.01534581 -0.002925038 -0.01699721 -0.01530855 -0.003446459 -0.01676386 -0.01529222 -0.004036724 -0.01691347 -0.01526385 -0.004404664 -0.01734751 -0.01522052 -0.004398286 -0.01807528 -0.01518577 -0.003794729 -0.01860398 -0.01515889 -0.003038465 -0.01849639 -0.01513254 -0.00263077 -0.01794236 -0.01508951 -0.002724587 -0.01722174 -0.01507782 -0.003231525 -0.01681822 -0.01504141 -0.003840625 -0.01681059 -0.01502925 -0.004292905 -0.01715916 -0.01498466 -0.004475533 -0.01774156 -0.01495736 -0.004132807 -0.01842296 -0.01490736 -0.003353714 -0.01862233 -0.01489305 -0.002731442 -0.01817858 -0.01487833 -0.002606093 -0.01766318 -0.01484829 -0.002770662 -0.01715636 -0.01481926 -0.003306865 -0.01678991 -0.0147829 -0.003988862 -0.01687717 -0.01471686 -0.004464864 -0.01756447 -0.01470828 -0.004201769 -0.0183562 -0.01477342 -0.004105389 -0.01819175 -0.01483273 -0.004220664 -0.01735401 -0.01489067 -0.003517031 -0.01693278 -0.01562815 -0.003862679 -0.01700568 -0.01493728 -0.003535866 -0.01695722 -0.01498317 -0.002885401 -0.01728904 -0.01502931 -0.002894937 -0.01810115 -0.0150811 -0.003501951 -0.01844787 -0.01506 -0.003701508 -0.01844406 -0.01510673 -0.00432229 -0.01769077 -0.01516151 -0.003721833 -0.01694869 -0.01518851 -0.004086911 -0.0171234 -0.01513397 -0.00422126 -0.01813656 -0.01518601 -0.003525018 -0.01687413 -0.01525825 -0.002726793 -0.01792258 -0.01531875 -0.003532886 -0.01848393 -0.01526623 -0.002792358 -0.01740491 -0.01530885 -0.003545999 -0.01851814 -0.01536512 -0.004336714 -0.01751124 -0.01544529 -0.003691554 -0.01695322 -0.0153957 -0.004336118 -0.01792687 -0.01563376 -0.002607345 -0.01754546 -0.01554024 -0.002780675 -0.01756179 -0.01473045 -0.004206717 -0.01836091 -0.01477622 -0.00447613 -0.01764404 -0.01479732 -0.004152774 -0.01699233 -0.01483404 -0.003504872 -0.01676011 -0.01485013 -0.002938628 -0.0169835 -0.01488888 -0.002619087 -0.01750111 -0.01491117 -0.002731442 -0.01817935 -0.01492995 -0.003156602 -0.0185492 -0.01495856 -0.003720045 -0.0186178 -0.01498717 -0.00427258 -0.01827764 -0.0150159 -0.004471838 -0.01766037 -0.01504313 -0.004223227 -0.01706111 -0.01510781 -0.003476321 -0.01675659 -0.01512825 -0.002723217 -0.01722168 -0.01516306 -0.00265026 -0.01802134 -0.01519209 -0.00318247 -0.01856887 -0.01521682 -0.003870248 -0.01857388 -0.01525491 -0.00440073 -0.01807546 -0.01526999 -0.004427313 -0.0174266 -0.01530432 -0.004075825 -0.01692795 -0.01533257 -0.003405988 -0.01677066 -0.01535624 -0.002863943 -0.01704925 -0.01539117 -0.002597808 -0.01764112 -0.01544082 -0.002894461 -0.01838922 -0.01545363 -0.003620088 -0.01863288 -0.01547151 -0.004110157 -0.01842963 -0.01551759 -0.004449069 -0.01792204 -0.01554387 -0.004312396 -0.01717114 -0.01556855 -0.00374341 -0.0167849 -0.01560944 -0.003026306 -0.01690596 -0.01551103 -0.002880454 -0.01733338 -0.01551103 -0.002880454 -0.01733338 -0.01550316 -0.00297898 -0.01718759 -0.0154848 -0.003373205 -0.01695537 -0.01545792 -0.003925204 -0.01704257 -0.01543635 -0.004292726 -0.01758587 -0.01538646 -0.00409919 -0.01821297 -0.01535612 -0.003570258 -0.01846039 -0.01533132 -0.002967298 -0.01821404 -0.0152868 -0.002781093 -0.01758944 -0.01527255 -0.003174662 -0.01702356 -0.01520955 -0.003945767 -0.01705384 -0.01517081 -0.004288375 -0.0175715 -0.01514029 -0.004160463 -0.01813501 -0.01514029 -0.003536641 -0.01847189 -0.01507544 -0.002847015 -0.01803499 -0.0150218 -0.002809405 -0.01748889 -0.01500451 -0.003056168 -0.01710557 -0.01497799 -0.003671288 -0.01694631 -0.01494055 -0.004197716 -0.01731729 -0.01490175 -0.004283428 -0.01783454 -0.01487588 -0.004006505 -0.01829928 -0.01484805 -0.003549396 -0.01845675 -0.01483231 -0.002993702 -0.01824104 -0.01478642 -0.002776443 -0.01762616 -0.01475489 -0.00304985 -0.01711046 -0.01473253 -0.003748834 -0.01696532 -0.01467955 -0.004215359 -0.01735728 -0.01465374 -0.004286408 -0.0177921 -0.01462674 -0.004089176 -0.01822859 -0.01462548 -0.003540635 -0.0169081 -0.01471805 -0.003540933 -0.01691961 -0.01464682 -0.004334926 -0.01743465 -0.01463669 -0.004225432 -0.01803451 -0.01495701 -0.003544628 -0.01689118 -0.01490706 -0.004340946 -0.0176841 -0.0148428 -0.003546297 -0.01856517 -0.01462495 -0.003535509 -0.01844859 -0.01462513 -0.004097104 -0.01826602 -0.01482504 -0.004067242 -0.01823049 -0.01486402 -0.004338383 -0.01754516 -0.01477217 -0.004091441 -0.01825463 -0.01462513 -0.004065811 -0.01822888 -0.01578265 -0.003206133 -0.01844489 -0.01579713 -0.002735018 -0.01804059 -0.01572722 -0.003371059 -0.01695197 -0.015693 -0.003041803 -0.01697772 -0.01582551 -0.003836393 -0.01843374 -0.01589202 -0.004101157 -0.01700472 -0.0159685 -0.003532946 -0.01695048 -0.01591664 -0.004385113 -0.01747214 -0.01594442 -0.003306329 -0.01695597 -0.01600193 -0.002806425 -0.0181185 -0.01608192 -0.003363966 -0.01844274 -0.01602208 -0.002733945 -0.01751041 -0.01605755 -0.003749489 -0.01845228 -0.01610916 -0.004318654 -0.01764178 -0.01617527 -0.003688573 -0.01695048 -0.01618921 -0.004066467 -0.01713001 -0.01613414 -0.004248201 -0.01814258 -0.01620215 -0.0033288 -0.01695346 -0.0162611 -0.002743244 -0.0176903 -0.01627773 -0.00321567 -0.01843202 -0.01632905 -0.003250122 -0.01842987 -0.0163033 -0.003645956 -0.01844787 -0.01637232 -0.004341006 -0.01736968 -0.01644349 -0.003986954 -0.01696413 -0.01637482 -0.004088044 -0.01826405 -0.01562696 -0.004293262 -0.01769804 -0.01569771 -0.003931522 -0.01695787 -0.01564085 -0.004022657 -0.01709616 -0.01565629 -0.004285573 -0.01769858 -0.01565629 -0.004285573 -0.01769858 -0.01556867 -0.003535985 -0.01845782 -0.01559984 -0.004118263 -0.01825129 -0.01656806 -0.005582869 -0.01358681 -0.01657497 -0.005259275 -0.0133658 -0.01576477 -0.005138218 -0.01491218 -0.01578468 -0.005633294 -0.0145899 -0.01582604 -0.005746245 -0.01401811 -0.01585453 -0.005457937 -0.01355105 -0.01588672 -0.004891157 -0.01340585 -0.01591074 -0.004366219 -0.01373553 -0.01593792 -0.004299759 -0.01449429 -0.01598888 -0.004999995 -0.01493459 -0.01603728 -0.005634188 -0.01459145 -0.01605236 -0.005704402 -0.01387113 -0.01612436 -0.005183279 -0.01341885 -0.01614993 -0.004711329 -0.01346588 -0.01616156 -0.004329085 -0.01380097 -0.01620507 -0.004264652 -0.01434433 -0.01622271 -0.004601716 -0.01482021 -0.01624846 -0.005361199 -0.01483768 -0.01631122 -0.00575608 -0.01427185 -0.0163412 -0.005611419 -0.01370626 -0.01637369 -0.005218029 -0.01343989 -0.01639169 -0.004706442 -0.01345497 -0.01642978 -0.004295349 -0.01387292 -0.01644307 -0.004307806 -0.01448959 -0.01647424 -0.004958033 -0.01493304 -0.01653927 -0.005610764 -0.01461988 -0.01657575 -0.005762934 -0.01409107 -0.01652413 -0.005308449 -0.01327085 -0.01645189 -0.00589466 -0.01386022 -0.01645672 -0.005847811 -0.0145455 -0.01643151 -0.005507826 -0.01495397 -0.01638066 -0.004707872 -0.01507174 -0.01636862 -0.004188001 -0.01461637 -0.01634287 -0.004062592 -0.01410025 -0.01632279 -0.004274845 -0.01357573 -0.01629173 -0.004746437 -0.01325988 -0.01625007 -0.005510449 -0.01336175 -0.01619821 -0.005950093 -0.01418018 -0.01617348 -0.005524158 -0.01495009 -0.01614511 -0.004765033 -0.0150761 -0.01612561 -0.00426054 -0.01473283 -0.01609694 -0.004060685 -0.01419699 -0.01607149 -0.004242777 -0.01361262 -0.01604729 -0.004704535 -0.01327461 -0.01599931 -0.005431234 -0.01331901 -0.01597702 -0.005920886 -0.01395803 -0.01595246 -0.005827009 -0.01460134 -0.01592177 -0.005346179 -0.01504117 -0.01589149 -0.00465703 -0.01503652 -0.01587271 -0.004242718 -0.01470202 -0.01584744 -0.004061341 -0.0142014 -0.01580029 -0.004338502 -0.01348304 -0.01575964 -0.005226314 -0.01323509 -0.01573783 -0.005845665 -0.01375496 -0.01571851 -0.005922615 -0.0142793 -0.01569116 -0.005715429 -0.0147714 -0.01566708 -0.005188465 -0.01507973 -0.01564127 -0.004621922 -0.01501792 -0.01562714 -0.004247725 -0.01471191 -0.01572388 -0.004391074 -0.0146057 -0.01573956 -0.00465548 -0.01483821 -0.01652288 -0.005003988 -0.01499646 -0.01656156 -0.005654871 -0.01469129 -0.01653808 -0.005269467 -0.01325249 -0.01659184 -0.0041067 -0.01422232 -0.01659351 -0.004516482 -0.0147978 -0.01663517 -0.004847109 -0.01489073 -0.01651769 -0.004248321 -0.0140236 -0.01642102 -0.004705429 -0.0134173 -0.01658278 -0.004397869 -0.01343083 -0.01651442 -0.005249977 -0.01330083 -0.01655662 -0.004764497 -0.01328468 -0.01656818 -0.004442155 -0.01343011 -0.0165733 -0.004308938 -0.01355344 -0.01653844 -0.005295574 -0.01327282 -0.01642936 -0.005239367 -0.01344358 -0.01552361 -0.004385769 -0.01461595 -0.01563054 -0.00424087 -0.01472234 -0.0157026 -0.004988551 -0.01510435 -0.01571208 -0.005741655 -0.01473939 -0.01573532 -0.005934357 -0.01407861 -0.01576399 -0.005655169 -0.01349186 -0.0157817 -0.005180001 -0.01325118 -0.01581174 -0.004651188 -0.01329392 -0.01582908 -0.004218578 -0.01365566 -0.01586043 -0.004064321 -0.01420134 -0.01588934 -0.004313588 -0.01479947 -0.0159164 -0.004891276 -0.01509344 -0.01594299 -0.005522131 -0.01494193 -0.01601153 -0.005937457 -0.01425135 -0.01602905 -0.005597651 -0.01343566 -0.01604849 -0.004900157 -0.01323014 -0.01608318 -0.00428909 -0.0135473 -0.01610094 -0.004069268 -0.01411604 -0.01613157 -0.004210591 -0.01466667 -0.01614898 -0.004647493 -0.01502561 -0.01617938 -0.005211055 -0.01507592 -0.01619946 -0.00569719 -0.01478081 -0.01623481 -0.005937933 -0.01422077 -0.0162484 -0.005788028 -0.01366972 -0.01628041 -0.00539273 -0.01331365 -0.01630818 -0.004747092 -0.01326197 -0.01632481 -0.004275798 -0.01357674 -0.01635539 -0.004064977 -0.01410025 -0.01637214 -0.004188358 -0.01461619 -0.01640021 -0.004564464 -0.01499396 -0.0164296 -0.005208969 -0.01507681 -0.01646369 -0.005778253 -0.0146901 -0.01652866 -0.005891382 -0.01385998 -0.01640486 -0.005588293 -0.01368731 -0.01638495 -0.005758941 -0.01411485 -0.01636177 -0.005571305 -0.01467174 -0.0163244 -0.004985392 -0.01492726 -0.01628839 -0.004552066 -0.01476937 -0.01627737 -0.004268527 -0.01438772 -0.01624703 -0.004383862 -0.0137068 -0.01619935 -0.004965126 -0.01340091 -0.01616692 -0.00551474 -0.01359897 -0.01614451 -0.005765914 -0.01420027 -0.01609778 -0.005456805 -0.01477426 -0.01606965 -0.004854023 -0.01491391 -0.01602834 -0.004392564 -0.0146175 -0.01600736 -0.004237294 -0.01412844 -0.01597648 -0.004485189 -0.01359951 -0.01595467 -0.005111575 -0.01340496 -0.01590967 -0.005675852 -0.01380419 -0.01586878 -0.005735158 -0.01434993 -0.01585227 -0.005422532 -0.01480025 -0.01583075 -0.004708051 -0.01487123 -0.01577937 -0.00424236 -0.01427572 -0.01573014 -0.004436314 -0.01364856 -0.01569902 -0.004965007 -0.01340073 -0.01567739 -0.005567073 -0.01364833 -0.01562964 -0.005754947 -0.01427197 -0.01559597 -0.005534887 -0.01469731 -0.01560288 -0.004968583 -0.01493078 -0.01540875 -0.004998087 -0.0133956 -0.01554721 -0.004767417 -0.01490384 -0.01547521 -0.00423628 -0.01394259 -0.01547282 -0.004296123 -0.01461547 -0.0150181 -0.005398213 -0.0148217 -0.01505744 -0.005762159 -0.01423639 -0.01509535 -0.005606532 -0.0137096 -0.01511585 -0.005146622 -0.01341181 -0.01514738 -0.004453718 -0.0136162 -0.01519662 -0.004244387 -0.01427179 -0.01521921 -0.004633605 -0.01484191 -0.01526439 -0.005361735 -0.01483476 -0.01530832 -0.00571382 -0.01441794 -0.01533162 -0.005709528 -0.01386904 -0.01535457 -0.005183577 -0.01341998 -0.01540505 -0.004608333 -0.01351445 -0.01543182 -0.004248321 -0.01397752 -0.0154637 -0.004389584 -0.01461875 -0.01549845 -0.004894316 -0.01491975 -0.01552808 -0.005444109 -0.01478362 -0.01554757 -0.00576508 -0.01416325 -0.01560515 -0.005428731 -0.01352632 -0.0156418 -0.004886269 -0.01341676 -0.01565486 -0.004458069 -0.01362693 -0.01569378 -0.004234611 -0.01416528 -0.01572734 -0.004387021 -0.01460641 -0.01562565 -0.004246592 -0.01470923 -0.01480138 -0.005757868 -0.01415657 -0.01484841 -0.005488574 -0.01357179 -0.01488572 -0.004891097 -0.01340651 -0.014916 -0.004413604 -0.01367872 -0.01493966 -0.004237949 -0.01423543 -0.01496022 -0.004637122 -0.01483756 -0.01557105 -0.004055738 -0.0140435 -0.01555496 -0.00450015 -0.01336747 -0.0155223 -0.005178153 -0.01323705 -0.01550072 -0.00570172 -0.01354938 -0.01547056 -0.005941748 -0.01411044 -0.01544237 -0.005721151 -0.0147646 -0.01542085 -0.005241274 -0.01506316 -0.01539468 -0.004673302 -0.01504415 -0.01536375 -0.004180967 -0.01462048 -0.01533275 -0.004084825 -0.01393723 -0.01528096 -0.004632294 -0.01328408 -0.01525706 -0.005479037 -0.01335203 -0.01523518 -0.005885422 -0.01385927 -0.01518744 -0.005848169 -0.01458638 -0.0151717 -0.005289077 -0.01505351 -0.01514691 -0.004716813 -0.01505517 -0.01510435 -0.004152059 -0.01459324 -0.01508301 -0.00411272 -0.01386606 -0.01506376 -0.004420816 -0.01343059 -0.01500904 -0.00507605 -0.01322203 -0.01498967 -0.005799233 -0.01365309 -0.0149312 -0.005870819 -0.01454091 -0.01489996 -0.005136191 -0.01510161 -0.01486515 -0.004302859 -0.01480942 -0.0148456 -0.004064559 -0.01411968 -0.01481992 -0.004264712 -0.01358366 -0.01478368 -0.004855632 -0.01322674 -0.01475626 -0.005560874 -0.01340979 -0.0146991 -0.005939006 -0.01410144 -0.01489925 -0.004831373 -0.01341831 -0.01495909 -0.004198968 -0.01434946 -0.01503586 -0.00470668 -0.01490634 -0.01497542 -0.004331707 -0.01368314 -0.01518112 -0.005011439 -0.01332485 -0.01503574 -0.005015313 -0.01502019 -0.01509225 -0.005782783 -0.01380902 -0.0151239 -0.005791187 -0.01419055 -0.0151717 -0.00499767 -0.01338028 -0.01517784 -0.004300475 -0.01372939 -0.01524639 -0.004686951 -0.01490283 -0.01529896 -0.0047338 -0.01491081 -0.01524084 -0.004198312 -0.01397502 -0.0154379 -0.005048155 -0.01326149 -0.01529759 -0.00500071 -0.01492512 -0.01530867 -0.005791604 -0.0145182 -0.01538783 -0.005018889 -0.01330053 -0.01535689 -0.005736112 -0.01453429 -0.0156368 -0.004232347 -0.01469969 -0.0155285 -0.004389464 -0.01460576 -0.01472246 -0.005931556 -0.01416194 -0.01474606 -0.005825817 -0.01373028 -0.01477837 -0.005388617 -0.01330423 -0.01479661 -0.004819393 -0.01325076 -0.0148369 -0.004252374 -0.01357495 -0.01485913 -0.00407195 -0.01428073 -0.01489233 -0.004366517 -0.01486021 -0.01491892 -0.005054414 -0.01510637 -0.01496893 -0.005765974 -0.01472038 -0.01498675 -0.005919337 -0.01396977 -0.01501965 -0.005541443 -0.01339125 -0.01506567 -0.004740655 -0.01325047 -0.01508772 -0.004155576 -0.01375317 -0.01511859 -0.004098355 -0.01443994 -0.01514214 -0.004498481 -0.01495373 -0.01517504 -0.005133152 -0.0150966 -0.0152347 -0.005829572 -0.01462203 -0.01523554 -0.005902588 -0.01393836 -0.01526075 -0.005639433 -0.01347357 -0.01528853 -0.005037844 -0.01322335 -0.01531851 -0.004419147 -0.01342487 -0.01534581 -0.004078507 -0.01397895 -0.01537412 -0.004165649 -0.01458257 -0.01540374 -0.004633724 -0.01503133 -0.01545006 -0.005481541 -0.01498889 -0.01546919 -0.005916714 -0.01435416 -0.01549959 -0.005841016 -0.0137465 -0.01552265 -0.005369961 -0.01329737 -0.01555556 -0.004719138 -0.01326745 -0.01558601 -0.004179716 -0.01369708 -0.01560199 -0.004074156 -0.01421403 -0.01550436 -0.004239439 -0.01418805 -0.01547849 -0.004367589 -0.01374763 -0.01545697 -0.004757404 -0.01343739 -0.01542532 -0.00537163 -0.01349937 -0.01541388 -0.005766034 -0.01407432 -0.01536715 -0.00543332 -0.01478898 -0.01530712 -0.004819691 -0.01489901 -0.01528549 -0.004364073 -0.01459151 -0.01527267 -0.004295289 -0.01387125 -0.01521891 -0.004924476 -0.01339769 -0.01516628 -0.005562603 -0.01364946 -0.01513391 -0.005761444 -0.01431381 -0.01509946 -0.005258262 -0.01488423 -0.01506507 -0.00451374 -0.01475793 -0.01500493 -0.004235029 -0.01408576 -0.01497113 -0.004546701 -0.01354777 -0.01493889 -0.005038261 -0.01340544 -0.01491928 -0.005513727 -0.01359993 -0.01488685 -0.0057621 -0.01412785 -0.01485842 -0.005517303 -0.01473277 -0.01481413 -0.004999935 -0.01491934 -0.01479476 -0.004542171 -0.01477479 -0.01476496 -0.004244625 -0.01427239 -0.01473742 -0.004430651 -0.01364535 -0.01469445 -0.005035996 -0.01340025 -0.014674 -0.005584955 -0.01367652 -0.01462763 -0.005755484 -0.01416087 -0.01463907 -0.005010366 -0.01332998 -0.0146448 -0.005669474 -0.01367026 -0.01462566 -0.005020678 -0.01505458 -0.01462501 -0.005766808 -0.01416403 -0.01481246 -0.005000233 -0.01491767 -0.01482409 -0.005848467 -0.01416277 -0.01491403 -0.005128622 -0.01341766 -0.01486235 -0.005818903 -0.01443237 -0.01477217 -0.00578624 -0.01416307 -0.01462513 -0.00575 -0.01416301 -0.01580518 -0.004936516 -0.01490777 -0.01574391 -0.004149854 -0.01404267 -0.01566916 -0.004999876 -0.01341003 -0.0156759 -0.004340708 -0.01369851 -0.01573026 -0.004419982 -0.01471179 -0.01577234 -0.005010604 -0.01499015 -0.01585274 -0.005797386 -0.01403242 -0.01590991 -0.005010962 -0.01332366 -0.01584851 -0.005624234 -0.01466113 -0.0160343 -0.004420578 -0.01483654 -0.01593375 -0.004219233 -0.01382523 -0.01599854 -0.004735529 -0.01489692 -0.01592987 -0.00497061 -0.01326107 -0.0160374 -0.005000412 -0.01492035 -0.01605278 -0.005699157 -0.01459705 -0.0161252 -0.005618631 -0.01370739 -0.01616251 -0.005002558 -0.01337742 -0.01610416 -0.005712926 -0.01457411 -0.01616334 -0.004448056 -0.01344668 -0.0162248 -0.004376709 -0.01461249 -0.01629 -0.004996776 -0.01495063 -0.01625466 -0.004173457 -0.01425731 -0.01619446 -0.004875898 -0.01341503 -0.01629316 -0.005205214 -0.0148974 -0.01634103 -0.005784392 -0.01384502 -0.01641935 -0.005218386 -0.01341849 -0.01636534 -0.005777716 -0.01435977 -0.01641041 -0.004511654 -0.01343977 -0.01650077 -0.004672646 -0.01490694 -0.01652622 -0.004358291 -0.01466405 -0.01645624 -0.004601299 -0.01343071 -0.01565897 -0.005003273 -0.01337456 -0.01561611 -0.005883574 -0.01434689 -0.01553326 -0.005000114 -0.01491558 -0.0155512 -0.005671203 -0.01461881 -0.01559698 -0.005657434 -0.01375836 -0.01656943 -0.003836035 -0.009901523 -0.0165432 -0.003177881 -0.009858727 -0.01566171 -0.003493547 -0.01137483 -0.01575803 -0.004146218 -0.01108443 -0.01577162 -0.004268646 -0.01040768 -0.01582437 -0.003719329 -0.009883761 -0.01587265 -0.00307852 -0.01001602 -0.01590341 -0.002780318 -0.01051825 -0.01593428 -0.002924442 -0.01108413 -0.01596504 -0.003426253 -0.01138216 -0.01599645 -0.00399208 -0.01123839 -0.01602709 -0.004289984 -0.01073652 -0.01606005 -0.004146933 -0.01017051 -0.01609385 -0.003717541 -0.009891271 -0.01610606 -0.003139376 -0.00997138 -0.01615476 -0.002779483 -0.01051819 -0.01617711 -0.002967596 -0.01114308 -0.0162208 -0.003608047 -0.01138949 -0.01626074 -0.004070222 -0.01116234 -0.01627767 -0.004290282 -0.01073652 -0.01630532 -0.004125118 -0.01014095 -0.01634573 -0.003607928 -0.009870529 -0.01637285 -0.00307846 -0.0100159 -0.01640468 -0.002779543 -0.01051819 -0.01643544 -0.002923905 -0.01108455 -0.01646703 -0.00340861 -0.011379 -0.01649731 -0.003886044 -0.01130056 -0.01651996 -0.004200518 -0.0109921 -0.01653075 -0.004269063 -0.01040321 -0.01649779 -0.003161728 -0.009760856 -0.01647722 -0.003950536 -0.009788334 -0.01645207 -0.004397869 -0.01025873 -0.0164178 -0.004419863 -0.0109471 -0.01640057 -0.004031479 -0.01141673 -0.01636403 -0.003440022 -0.01156204 -0.0163381 -0.002830088 -0.01124376 -0.01632088 -0.002608656 -0.01072478 -0.01628988 -0.002718806 -0.01016831 -0.01626032 -0.003212749 -0.009748697 -0.01623171 -0.003860712 -0.009749829 -0.01620453 -0.004353404 -0.01017105 -0.0161373 -0.004410386 -0.0109741 -0.01611882 -0.003737688 -0.01154589 -0.01609885 -0.003023862 -0.01141238 -0.01606625 -0.002622663 -0.01085317 -0.01603972 -0.0027166 -0.01017153 -0.01601088 -0.00320959 -0.009749174 -0.01598161 -0.003858327 -0.009748816 -0.01593852 -0.004391372 -0.01023936 -0.01591211 -0.004396021 -0.01100116 -0.01588797 -0.003909528 -0.01148587 -0.01587301 -0.003381252 -0.01154422 -0.01584237 -0.002900838 -0.01131606 -0.01582473 -0.002624034 -0.01082098 -0.01579433 -0.002673864 -0.01025885 -0.01575952 -0.003156363 -0.009768128 -0.01574236 -0.003763377 -0.009724318 -0.01570618 -0.004277408 -0.01005142 -0.01568305 -0.004469871 -0.01071232 -0.01564097 -0.004132151 -0.01135712 -0.01560896 -0.00339502 -0.0115534 -0.01650017 -0.003543734 -0.0114597 -0.01656925 -0.004190683 -0.01023888 -0.01654291 -0.004301488 -0.01084196 -0.01658672 -0.002897858 -0.0112546 -0.0165891 -0.003520131 -0.01146632 -0.01658529 -0.003968417 -0.01125627 -0.01658511 -0.004119038 -0.0111013 -0.01654702 -0.003336191 -0.01136368 -0.01649576 -0.00286442 -0.0109806 -0.01648908 -0.002837002 -0.01030707 -0.0164256 -0.003195226 -0.009959518 -0.01652508 -0.003112614 -0.009800732 -0.0165522 -0.002757847 -0.01011031 -0.01658463 -0.00260502 -0.01069015 -0.01656877 -0.003140628 -0.009875595 -0.01656419 -0.002723455 -0.01021945 -0.01656538 -0.002615869 -0.01054161 -0.01651644 -0.003100931 -0.009800076 -0.01653116 -0.003123998 -0.009782373 -0.01642918 -0.003192603 -0.00995171 -0.01554179 -0.00349152 -0.01140844 -0.01562446 -0.003394246 -0.0115633 -0.01565068 -0.003987669 -0.01144403 -0.01568049 -0.00438106 -0.01103597 -0.01570308 -0.004454553 -0.01047152 -0.01573371 -0.004170298 -0.009929776 -0.01575928 -0.003524422 -0.009686827 -0.01579219 -0.002883493 -0.009944915 -0.01582044 -0.002597093 -0.01057434 -0.01584118 -0.002748608 -0.01112931 -0.01587414 -0.003221094 -0.01151639 -0.01590067 -0.003911197 -0.01148915 -0.01595503 -0.004431068 -0.01092773 -0.0159676 -0.004355132 -0.0101673 -0.01599448 -0.003859639 -0.009744286 -0.01602363 -0.0032081 -0.009746015 -0.01605021 -0.002738058 -0.01013755 -0.01607108 -0.002602815 -0.01065331 -0.0161007 -0.002808153 -0.01122987 -0.01614314 -0.003536939 -0.01157957 -0.01617217 -0.004263103 -0.01122838 -0.01619756 -0.004471123 -0.01061242 -0.01622784 -0.004242658 -0.01000225 -0.01625812 -0.003626465 -0.009693503 -0.01628577 -0.002997636 -0.00985825 -0.01631671 -0.002613127 -0.0104317 -0.0163424 -0.002714753 -0.01107668 -0.01638472 -0.003276109 -0.01154196 -0.01640397 -0.003998816 -0.01144129 -0.01643157 -0.004405558 -0.01098418 -0.01646625 -0.004417002 -0.0102936 -0.01650297 -0.003879547 -0.009746313 -0.01640266 -0.003636419 -0.009874463 -0.0163899 -0.00415188 -0.01016998 -0.01635318 -0.004248142 -0.01092201 -0.01629775 -0.003759264 -0.01135611 -0.01627337 -0.003176331 -0.01130574 -0.01624435 -0.002775728 -0.01074087 -0.0161966 -0.002971172 -0.01011186 -0.01617413 -0.003572642 -0.009860694 -0.01615381 -0.004227757 -0.01029717 -0.01608675 -0.004168927 -0.01105451 -0.01604336 -0.003713726 -0.01136511 -0.01601588 -0.003209829 -0.01131212 -0.01600068 -0.003013372 -0.01116591 -0.01600015 -0.003006875 -0.01115947 -0.01600509 -0.002814412 -0.01087355 -0.0159552 -0.002869427 -0.01025766 -0.01593691 -0.003350496 -0.009884059 -0.01589095 -0.00401932 -0.01003217 -0.01585346 -0.004285395 -0.01051396 -0.01585602 -0.004105567 -0.01114213 -0.01578289 -0.003436803 -0.01138597 -0.01575434 -0.002912998 -0.01107591 -0.0157324 -0.002821028 -0.01034635 -0.01567053 -0.003333985 -0.009887039 -0.01564425 -0.003929853 -0.009974598 -0.01561766 -0.004285514 -0.01048094 -0.01557779 -0.004147052 -0.01108413 -0.01551675 -0.003295958 -0.01135265 -0.01537191 -0.003389596 -0.009882092 -0.01543551 -0.002733647 -0.01095879 -0.01545363 -0.00275439 -0.01029235 -0.01497113 -0.003608167 -0.01138961 -0.01501184 -0.004147887 -0.01108592 -0.01504355 -0.004294037 -0.01055479 -0.01506549 -0.003996551 -0.0100103 -0.01508724 -0.003243982 -0.009920418 -0.01515001 -0.002782404 -0.01048147 -0.0151754 -0.00296837 -0.01114243 -0.01522237 -0.003608226 -0.01139044 -0.01525807 -0.004146277 -0.01108437 -0.01529079 -0.004291117 -0.0106275 -0.01531648 -0.004149913 -0.01016819 -0.01533728 -0.003608763 -0.009866118 -0.01536893 -0.002967953 -0.01011115 -0.01541876 -0.002778172 -0.01062744 -0.01543474 -0.002924263 -0.01108425 -0.01546531 -0.00341767 -0.01138007 -0.01549297 -0.00408107 -0.0111761 -0.0155397 -0.004288852 -0.01065057 -0.01563185 -0.003087103 -0.01002156 -0.01565253 -0.002814829 -0.01037633 -0.01568061 -0.00283277 -0.01092571 -0.0157026 -0.003348708 -0.01138144 -0.01562815 -0.003380179 -0.0115627 -0.01482033 -0.004068434 -0.01009351 -0.0148338 -0.003642082 -0.009876489 -0.01486361 -0.002990663 -0.01008141 -0.01491683 -0.002779066 -0.01073634 -0.01494705 -0.003051221 -0.01121371 -0.01556354 -0.004153788 -0.01018112 -0.01557469 -0.003567457 -0.009854376 -0.01557284 -0.00271511 -0.011105 -0.01555502 -0.002632439 -0.01038056 -0.01553058 -0.002944886 -0.009901285 -0.01550585 -0.003472983 -0.009694099 -0.01548278 -0.003984987 -0.009811639 -0.01545894 -0.004382252 -0.01021772 -0.01543265 -0.004450619 -0.01082676 -0.01539653 -0.004101157 -0.0113793 -0.01537626 -0.003477394 -0.01156181 -0.01534372 -0.002879977 -0.01130545 -0.01531982 -0.00260359 -0.01071667 -0.01529538 -0.002725422 -0.01015847 -0.01525974 -0.003259718 -0.009720444 -0.01523232 -0.003985762 -0.009802222 -0.01520222 -0.004412591 -0.01029241 -0.01518064 -0.004437565 -0.01086151 -0.01514971 -0.004109919 -0.01137483 -0.0151267 -0.003487586 -0.0115621 -0.01510524 -0.002992689 -0.01138591 -0.01507389 -0.002631068 -0.0108959 -0.01505339 -0.002666652 -0.01028609 -0.01502555 -0.003023445 -0.009838998 -0.01499116 -0.003699302 -0.009699463 -0.01496356 -0.004284322 -0.01006186 -0.01493382 -0.004473805 -0.01072603 -0.01491135 -0.004204452 -0.01127827 -0.01488244 -0.003701806 -0.01155155 -0.01485121 -0.003024041 -0.01141995 -0.01482599 -0.002623021 -0.01085728 -0.01479393 -0.002694904 -0.01021003 -0.01476395 -0.003203511 -0.009744226 -0.01474219 -0.003813982 -0.009737432 -0.01472705 -0.00419265 -0.009967684 -0.01487165 -0.003370881 -0.009883284 -0.0149278 -0.002734422 -0.01081401 -0.01500272 -0.003216028 -0.01134592 -0.01494592 -0.002850711 -0.01018649 -0.01499921 -0.003917276 -0.01139426 -0.01506817 -0.004204869 -0.01014852 -0.01514619 -0.003667771 -0.009881079 -0.01510226 -0.004291653 -0.01046448 -0.01504725 -0.003832936 -0.01137667 -0.01513147 -0.003488183 -0.009878396 -0.01516944 -0.002836644 -0.01027977 -0.01521509 -0.003222346 -0.01136726 -0.01525545 -0.002983272 -0.01134508 -0.01539671 -0.003669321 -0.009881138 -0.01528435 -0.003683507 -0.01138204 -0.01527029 -0.004226088 -0.01108777 -0.01532697 -0.004069387 -0.01003921 -0.01534348 -0.004334926 -0.01063597 -0.01562803 -0.003371357 -0.01155483 -0.01555764 -0.003390491 -0.01138687 -0.01473778 -0.004196703 -0.009931325 -0.01477825 -0.003318846 -0.009707212 -0.01481074 -0.002686977 -0.01020765 -0.01486229 -0.00269401 -0.011056 -0.0148797 -0.003336369 -0.01154905 -0.01490533 -0.004017591 -0.01143473 -0.01493197 -0.004405379 -0.01096981 -0.01495593 -0.004443764 -0.01040321 -0.01498883 -0.004084825 -0.009861767 -0.0150122 -0.003457129 -0.009695112 -0.01503741 -0.002929329 -0.009914636 -0.01507121 -0.002605438 -0.01047825 -0.01510113 -0.002775847 -0.01118594 -0.01512479 -0.003323018 -0.0115391 -0.01515311 -0.003931462 -0.01147955 -0.01518696 -0.004408597 -0.01098173 -0.0152114 -0.004413843 -0.01029169 -0.01523977 -0.004017293 -0.009826362 -0.01526445 -0.003419935 -0.009694337 -0.01528578 -0.002902746 -0.009940862 -0.01532638 -0.002596855 -0.01051545 -0.01534694 -0.00278002 -0.01117944 -0.01537394 -0.003279268 -0.01153141 -0.01541435 -0.004002749 -0.01144886 -0.01545828 -0.004487395 -0.01070827 -0.01548469 -0.004163205 -0.009924352 -0.01550525 -0.003598451 -0.00969702 -0.0155366 -0.003005743 -0.009846925 -0.01556396 -0.002619266 -0.01041871 -0.01560264 -0.002739071 -0.0111382 -0.01549214 -0.002878308 -0.01100498 -0.01547318 -0.002781689 -0.0104956 -0.01544028 -0.003149211 -0.009967803 -0.01539534 -0.003756105 -0.009898781 -0.01538145 -0.004244267 -0.01032757 -0.01533389 -0.004182934 -0.01103627 -0.01531624 -0.003562092 -0.01140123 -0.01525318 -0.00300157 -0.01116198 -0.01523023 -0.002777934 -0.01073718 -0.01520174 -0.002887487 -0.01023519 -0.01517713 -0.003315448 -0.009891629 -0.01514756 -0.003961622 -0.00999242 -0.01511085 -0.004297912 -0.01054972 -0.01507323 -0.004146099 -0.01107656 -0.015051 -0.003757596 -0.01135456 -0.01502203 -0.003210663 -0.01131951 -0.01499265 -0.002802073 -0.01085191 -0.01496118 -0.002917587 -0.01016932 -0.01491427 -0.003500282 -0.009863138 -0.01489788 -0.004129886 -0.01013857 -0.01484316 -0.004287481 -0.01069986 -0.014822 -0.004078209 -0.01117128 -0.01479017 -0.003499925 -0.01138913 -0.0147596 -0.002944886 -0.01111507 -0.01472032 -0.002779126 -0.01062762 -0.01470565 -0.002966046 -0.01010948 -0.01466077 -0.003535389 -0.009865701 -0.01463198 -0.004064738 -0.01007306 -0.01465499 -0.003536999 -0.009848356 -0.0146377 -0.003760278 -0.009893119 -0.01462727 -0.003986179 -0.01001906 -0.01486611 -0.004137575 -0.0100494 -0.01488292 -0.003613054 -0.009879887 -0.01477605 -0.003542542 -0.01138252 -0.01462537 -0.004265546 -0.0110591 -0.01462501 -0.004078447 -0.01008594 -0.01477217 -0.00409156 -0.01007157 -0.01462513 -0.004065871 -0.01009714 -0.0157541 -0.003526687 -0.01145136 -0.01573657 -0.002811789 -0.01097542 -0.01568806 -0.002973675 -0.01008152 -0.0156477 -0.003535628 -0.009879589 -0.01563459 -0.003018438 -0.01003146 -0.01567846 -0.002777218 -0.01081955 -0.01573956 -0.003535628 -0.01137959 -0.01577162 -0.004233658 -0.01106208 -0.0158264 -0.004077136 -0.01005023 -0.01589453 -0.003703236 -0.009884774 -0.01582562 -0.004310727 -0.01102399 -0.0159012 -0.003327548 -0.009884059 -0.01591986 -0.002675354 -0.01064866 -0.0160095 -0.003337562 -0.01136952 -0.01597005 -0.002752959 -0.01064842 -0.01600486 -0.003693282 -0.01137638 -0.01605278 -0.004336774 -0.01043993 -0.01612985 -0.003798246 -0.00988537 -0.01607877 -0.004278659 -0.01092106 -0.0161215 -0.003370285 -0.009882509 -0.01618587 -0.002751231 -0.01098567 -0.0162692 -0.003360688 -0.01136618 -0.01620441 -0.002743065 -0.01031506 -0.01625061 -0.003937423 -0.01137387 -0.01631814 -0.00420475 -0.01014846 -0.01639628 -0.003668069 -0.00988084 -0.01635229 -0.004291594 -0.01046413 -0.01629799 -0.003847837 -0.01137012 -0.01636731 -0.003378093 -0.009882807 -0.0164299 -0.002811312 -0.01031672 -0.01648652 -0.003301858 -0.01136922 -0.01564884 -0.003600597 -0.00987786 -0.01558285 -0.004401624 -0.01062142 -0.01557588 -0.004075825 -0.01006549 -0.01556742 -0.004195213 -0.01110863 -0.0155062 -0.003535032 -0.01136881 -0.01551544 -0.004125654 -0.01113909 -0.01554363 -0.004285752 -0.0106275</float_array>
          <technique_common>
            <accessor source="#转换实体1_003-mesh-positions-array" count="6478" stride="3">
              <param name="X" type="float"/>
              <param name="Y" type="float"/>
              <param name="Z" type="float"/>
            </accessor>
          </technique_common>
        </source>
        <source id="转换实体1_003-mesh-normals">
          <float_array id="转换实体1_003-mesh-normals-array" count="18114">0.02608287 -0.6430137 -0.7654104 -0.02258092 -0.9862774 -0.1635448 -0.005903363 -0.6147897 -0.788669 0.02093678 -0.9981948 -0.05629312 -0.01386016 -0.7886218 0.6147224 0.007330834 -0.6444242 -0.7646331 -0.03741514 -0.9859024 -0.1630848 -0.04282075 -0.5993831 -0.7993161 0.01826405 -0.9986516 -0.04859405 -0.0137794 -0.7886535 0.6146835 0.02608335 -0.6430138 -0.7654103 -0.0225811 -0.9862773 -0.1635456 -0.005903363 -0.6147895 -0.7886692 0.02093708 -0.9981948 -0.05629289 -0.01386052 -0.7886222 0.614722 -0.1827924 -0.7437117 0.6430242 0.03073036 -0.8896905 0.455529 0.09032189 -0.3980495 0.9129068 -0.05802655 -0.9382506 -0.3410556 0.1289327 -0.7941418 -0.5938982 -0.253569 -0.3854181 -0.887218 0.01942223 -0.9929101 -0.1172711 0.01806384 -0.7612594 0.6481959 0.004177927 -0.7536374 0.6572773 0.1061845 -0.9943428 -0.002688467 -0.1028429 -0.5389376 -0.8360441 0.01801002 -0.6425539 -0.766029 -0.1358656 -0.7114992 0.689427 0.0313934 -0.9736097 0.2260504 0.05411237 -0.5531648 0.8313126 -0.05554103 -0.9460664 -0.3191764 0.1379006 -0.6576489 -0.7405954 -0.03986036 -0.4808964 -0.875871 -0.08332967 -0.9963398 -0.01906126 -0.6171574 -0.7743629 -0.139567 0.347614 -0.9327558 -0.09555804 -0.7240812 -0.6897017 -0.004247188 0.7797476 -0.6190159 0.09387862 0.8825138 -0.4686504 -0.03919404 -0.70949 -0.6955034 -0.1135743 -0.2164558 -0.9754775 0.03988343 -0.8313128 -0.5531645 0.05411189 0.2546063 -0.9654 -0.05637824 0.7277259 -0.6767585 0.1114135 0.8396949 -0.5417101 -0.038248 0.1274859 -0.9914921 -0.02628403 -0.6267001 -0.7786935 -0.0297228 0.1197321 -0.9898133 -0.07703167 -0.6440924 -0.7649365 -0.004160702 0.8303829 -0.5558942 0.03802543 0.801581 -0.5978181 -0.009033501 -0.8824164 0.4704673 -0.001376867 -0.8833637 0.4686802 -0.002766728 -0.8849018 0.4657505 -0.005040228 -0.5 0.8660255 -1.61688e-6 -0.5 0.8660254 -1.36524e-7 -0.5 0.8660255 -1.34335e-6 0.2077114 0.9772179 0.04360479 0.2425288 0.9701135 0.007720589 0.2429889 0.9700021 0.007241964 0.8660255 0.4999999 0 0.8660254 0.5000001 0 0.8660254 0.5 0 0.7195837 -0.6944057 0 0.7138561 -0.7002822 0.003786981 0.9481396 -0.3177968 0.006050825 0.9605565 -0.2769048 0.02559542 0.9851989 0.1696701 0.02440023 0.5 -0.8660254 0 0.5000001 -0.8660254 0 -0.691363 -0.7191091 0.0699948 -0.3516694 -0.9278243 -0.1243817 -0.287449 -0.9572236 -0.03310859 -0.09423106 -0.9868267 -0.1315057 -0.8660254 -0.5 0 -0.8660254 -0.5000001 0 -0.8660255 -0.5 0 -0.9972445 0.05854374 0.04556447 -0.7471734 -0.6635126 0.03851038 -0.9933668 0.06287842 0.09627509 -0.7267768 -0.6868608 0.004211664 -0.6739199 -0.7380467 0.03345406 -0.6681302 -0.7429056 0.04114943 -0.9993713 -0.01974362 0.02945041 -0.9928805 -0.1156444 -0.02854299 -0.6830344 0.7235531 0.09967398 -0.7417402 0.6705183 0.01506042 -0.6739198 -0.7380468 0.033454 -0.6681308 -0.7429052 0.04114943 -0.9993712 -0.01974391 0.02945035 -0.9928804 -0.1156451 -0.02854305 -0.6830348 0.7235528 0.09967398 -0.7417404 0.6705181 0.01506036 0.4564884 0.8887179 0.04241424 0.4936125 0.8695361 -0.01593106 0.4815497 0.8764119 0.003461539 0 1 0 0.4552993 0.8862417 0.08531248 0.5142276 0.8576201 -0.007611632 0.4950094 0.8685601 0.02385824 0.8660256 0.4999999 0 0.8660256 0.4999999 0 0.9612327 0.275345 -0.01472437 0.9670705 0.2545087 3.65827e-4 0.9649939 0.2622209 -0.005204558 0.9702054 -0.2422584 -0.003520965 0.9708233 -0.2397901 -0.001749992 0.9691272 -0.2464748 -0.006549894 0.8660258 -0.4999995 0 0.8660252 -0.5000004 0 0.8660258 -0.4999993 0 0.8660251 -0.5000006 0 0.5382263 -0.8402209 0.06588959 0.4904791 -0.8713288 -0.01471191 0.5071824 -0.8617472 0.01256418 -0.5019086 -0.8641015 -0.03763693 -0.5959391 -0.7947281 0.115169 -0.7667517 -0.6266331 0.1393662 -1 0 0 -0.3512411 -0.9361651 -0.01499235 -0.709276 -0.7047556 0.01572239 -0.3454807 -0.938054 -0.02642065 -0.6888551 -0.7241828 0.03222036 -0.9318226 -0.3629007 0.003155708 -0.9357247 -0.3522611 -0.01820927 0.9513741 -0.306756 0.02807283 0.8190106 -0.5732961 -0.02352458 0.962539 -0.2698069 -0.02688837 0.6830813 -0.7297077 -0.03044223 0.4182563 -0.9081201 -0.01948237 0.3860188 -0.9212526 0.04778498 1 0 0 0.2448463 -0.9695399 0.006542086 0.3786723 -0.925528 0.00229901 0.8145293 -0.5777122 0.0528258 0.8087003 -0.5872389 0.03397667 -0.4010345 -0.9138318 0.06389623 -0.3717119 -0.9283164 0.007691025 -0.8660258 -0.4999993 0 -0.8660248 -0.5000011 -5.06616e-7 -0.8660247 -0.5000013 -5.42094e-7 -0.8660259 -0.4999992 0 -0.8991246 -0.4376857 0.002512812 -0.8930241 -0.4500088 -3.58786e-6 -0.8983399 -0.4392958 0.002185046 -0.892217 -0.4516069 -3.31226e-4 -0.8660261 -0.4999991 0 -0.8660256 -0.4999997 0 -0.8660256 -0.4999997 0 -0.8660252 -0.5000004 0 -0.8660251 -0.5000006 5.08243e-7 -0.8660243 -0.500002 1.18031e-6 -0.8660305 -0.4999912 -7.23666e-7 -0.8660259 -0.4999991 1.11757e-6 -0.866041 -0.499973 -1.70873e-6 -0.866024 -0.5000024 3.97112e-6 -0.8660247 -0.5000011 9.98667e-7 -0.8660256 -0.4999997 0 -0.8660251 -0.5000006 0 -0.8660243 -0.500002 0 -0.7025852 -0.4244943 0.5711205 -0.707043 -0.4223614 0.567187 -0.7240435 -0.4139406 0.5517375 -0.08600145 -0.05805438 0.9946022 -0.1120002 -0.06744688 0.9914166 -0.04196035 -0.04209631 0.9982321 -1.70076e-6 -2.01764e-6 1 -7.59571e-7 -7.90612e-7 1 -4.25228e-7 -2.61322e-6 1 0 -6.32771e-7 1 0 -4.13374e-6 1 0 5.35401e-7 1 0 5.354e-7 1 0 5.354e-7 1 0 5.354e-7 1 0.005543947 -0.4191028 0.9079219 -0.01203161 -0.4088754 0.912511 -0.004446446 -0.4133114 0.910579 0 -0.7071064 0.7071073 0 -0.7071062 0.7071074 0 -0.7071068 0.7071068 0.005860686 -0.9414039 0.3372308 -0.0292772 -0.9332472 0.3580401 -0.01411688 -0.9369664 0.3491343 0 -1 0 0.005860328 -0.9040175 -0.4274556 -0.02926534 -0.9129664 -0.4069838 -0.01410788 -0.9092974 -0.415908 0 -0.7071068 -0.7071069 0 -0.7071065 -0.7071071 0 -0.7071077 -0.7071059 0.00586009 -0.3369808 -0.9414934 -0.0292651 -0.3577836 -0.9333459 -0.01410782 -0.3488791 -0.9370616 0 0 -1 0 0 -1 -1.99988e-7 0 -1 1.25874e-7 0 -1 0 0 -1 -0.09635037 -0.06307512 -0.993347 -0.07616269 -0.05578482 -0.9955338 -0.04194819 -0.04339915 -0.9981768 -0.6713602 -0.4099611 -0.61742 -0.6703763 -0.3997076 -0.6251637 -0.6653947 -0.3585107 -0.6547672 -0.8660248 -0.5000011 0 -0.8660261 -0.4999989 0 -0.8660256 -0.4999998 0 -0.8660268 -0.4999975 0 -0.8660247 -0.5000014 7.85812e-7 -0.8660249 -0.500001 -1.66686e-7 -0.8660244 -0.5000018 0 -0.8660236 -0.5000035 -2.77982e-6 -0.866025 -0.5000008 8.14599e-7 -0.8660242 -0.5000022 7.59407e-7 -0.8660255 -0.5 0 -0.8660255 -0.4999999 0 -0.9642906 -0.2648413 0.001718282 -0.9699142 -0.2430452 -0.01398414 -0.9664505 -0.2568209 -0.004076361 -0.743757 0.667281 -0.03951859 -0.7381968 0.6741751 -0.02352583 -0.748725 0.6606413 -0.05444216 -0.7329118 0.680265 -0.008936285 -0.1330212 0.990756 -0.02660465 -0.07477992 0.9971904 -0.00438106 -0.06790071 0.9976906 -0.00176239 0 1 0 0 1 0 0 1 0 0.07790756 0.9633127 -0.2568251 -0.0143454 0.9570639 -0.2895221 0.05167806 0.962476 -0.2664006 0.04133486 0.2373636 -0.9705411 0.1156508 0.2807376 -0.9527914 -0.03448736 -0.4491735 -0.8927788 -0.04193282 -0.8997909 -0.4343017 0.03264993 -0.9284162 -0.3701044 0 -1 1.3772e-7 0 -1 0 1.5522e-7 -1 1.91834e-7 0.03738176 -0.3139585 -0.9487006 -0.02068465 -0.5638248 -0.8256354 -0.02688187 -0.271139 -0.9621648 -0.05205446 -0.7524945 -0.6565382 -0.03732359 -0.9177888 -0.3953108 0.04993873 -0.9351601 -0.3506879 0.01917701 0.9486853 -0.31564 -0.01650166 0.802958 -0.5958071 -0.02679884 0.9576074 -0.2868275 1.54481e-4 0.6923375 -0.7215738 0.09641933 0.3756235 -0.9217431 0.0287171 0.4094527 -0.9118793 0 1 -1.3772e-7 0 1 0 1.5522e-7 1 -1.91834e-7 0.06621563 0.7038778 -0.7072281 -0.03666019 0.4794806 -0.8767865 -0.01690703 0.9275874 -0.3732234 4.02538e-4 0.9215483 -0.3882638 -0.04635602 -0.2659457 -0.9628728 0.0314542 -0.6348519 -0.7719934 -0.1436222 -0.427937 -0.8923243 0.06319612 -0.9605068 -0.2709852 -0.05372607 -0.9487993 -0.3112773 -0.02055722 -0.9536209 -0.3003075 0 -1 2.84992e-7 0 -1 -8.84537e-7 0 -1 -8.12613e-7 0 -1 1.62178e-7 0 -1 -8.41073e-7 0.788235 -0.6075864 0.09759354 0.5915213 -0.8017068 0.08584219 0.5086154 -0.8592216 -0.05521345 0.8355228 -0.5305095 0.143044 0.9723873 -0.2062766 -0.1091456 1 0 -1.2891e-7 1 0 0 1 0 -1.5522e-7 -0.9604606 -0.2777084 0.01983809 -0.6907947 -0.7228883 0.01533597 -0.9575464 -0.2882794 0 -0.05037891 -0.9913457 0.1212258 0.4391046 -0.8984353 -0.001118242 -0.7997702 -0.5996871 -0.02726143 0.8227674 -0.5597023 0.09892994 0.9364306 -0.3396067 0.08811944 0.9679073 -0.243067 -0.06382769 -1 0 -1.2891e-7 -1 0 0 -1 0 -1.5522e-7 -0.6083653 -0.7877477 0.09667134 -0.8032448 -0.5898168 0.08315086 -0.8609935 -0.5050346 -0.06025338 -0.5306541 -0.8353984 0.1432332 -0.2065107 -0.9723593 -0.1089535 0 -1 -4.42374e-7 0 -1 -1.12143e-6 0 -1 0 0 -1 2.14283e-7 -0.1046829 -0.9595231 -0.2614516 0.0137344 -0.9526303 -0.3038204 -0.07097578 -0.9591081 -0.2739968 0.04733586 -0.9479176 -0.3149785 0.03484332 -0.520673 -0.8530449 -0.002616405 -0.4892489 -0.8721403 -0.00282073 -0.4890738 -0.8722379 -0.06381589 0.6491892 -0.7579453 0.05115664 0.7027659 -0.7095796 0.003717005 0.6821806 -0.7311744 0 1 0 0 1 -1.3772e-7 -1.5522e-7 1 -1.91834e-7 0.05231243 -0.4689358 -0.8816817 0.08563375 -0.5768723 -0.8123333 -0.02046197 -0.8689792 -0.4944255 0.02046197 0.8689791 -0.4944256 0.02597683 0.8699153 -0.4925168 -0.05231213 0.4689356 -0.8816818 -0.08563351 0.5768719 -0.8123335 0 -1 -1.3772e-7 0 -1 0 -1.5522e-7 -1 -1.91834e-7 0.07140105 -0.7384836 -0.6704804 0.01504731 -0.7156885 -0.6982576 -0.02392148 -0.6980747 -0.7156252 -0.008063793 0.4745584 -0.8801872 0.02382797 0.4464864 -0.8944731 -0.008061349 0.4745562 -0.8801883 -0.0659042 0.9592924 -0.2746179 0.04249221 0.9490565 -0.312228 0.01169615 0.9532536 -0.301945 0.004080712 0.9974321 -0.07150268 0.01103466 0.9975314 -0.06934916 0.01319086 0.9975515 -0.06868064 0.2076284 0.9455175 -0.2507733 0.07957416 0.9889249 -0.1252827 0.04788833 0.985467 -0.1629774 0.1724895 0.9816501 -0.08130568 0.08683818 0.9420208 -0.3241234 0.002681076 0.988935 -0.1483256 0.3320593 0.9339849 -0.1319428 0.1578901 0.9872197 0.02163642 0.37922 0.9198611 -0.1002392 0.4092523 0.9030918 0.1301456 0.4071281 0.9071856 0.106118 0.3748695 0.9187285 -0.1241406 0.5450235 0.8384208 0 0.5450235 0.8384209 0 0.6493196 0.758301 0.05799669 0.6414631 0.7669263 -0.01869148 0.6424764 0.7662323 -0.01058644 0.7161105 0.6731325 0.1846038 0.8036226 0.5939415 0.0377385 0.8251432 0.5490659 0.1329117 0.7294262 0.6794987 0.07886111 0.8092951 0.5874018 7.52836e-4 0.7808056 0.5791568 0.2343505 0.8728742 0.4675691 0.1395348 0.8733019 0.4671395 0.1382914 0.8604792 0.4961565 0.1157779 0.8603732 0.4964626 0.1152523 0.8605964 0.4958164 0.1163613 0.6321576 0.3367428 -0.6978404 0.6323416 0.3388743 -0.6966408 0.6323476 0.3389438 -0.6966016 0.007708609 0.0140618 -0.9998714 0.007708609 0.0140618 -0.9998715 0.007708609 0.0140618 -0.9998715 0 0 -1 -6.85639e-7 0 -1 -4.57192e-7 0 -1 0.3445832 0.06119918 -0.9367589 0.3908107 -0.01646471 -0.9203239 0.3712627 0.01704007 -0.9283716 0.7071067 0 -0.7071069 0.7071067 0 -0.707107 0.707107 0 -0.7071067 0.9090994 0.07320368 -0.4100971 0.9301269 -0.002215862 -0.3672316 0.9219746 0.03028559 -0.3860646 0.932555 0.07510817 0.3531289 0.9168263 -0.001915156 0.3992819 0.9245387 0.0312702 0.3798032 0.7071068 0 0.7071069 0.7071065 0 0.7071071 0.7071075 0 0.7071061 0.4187295 0.06119894 0.9060466 0.374422 -0.01646423 0.9271123 0.3939344 0.01704025 0.9189807 -9.58669e-7 0 1 0 0 1 -2.95318e-7 0 1 -1.25399e-6 0 1 1.25291e-6 3.952e-7 1 -6.52934e-6 -1.71569e-6 1 4.3886e-6 1.24574e-6 1 -1.35552e-5 -3.62141e-6 1 0.5885269 0.3272337 0.7392931 0.6142655 0.3152202 0.7234046 0.5887532 0.3271308 0.7391583 0.5626839 0.3386769 0.7541121 0.8660262 0.4999988 2.42531e-6 0.8660249 0.500001 -6.09575e-7 0.8660255 0.5000001 6.09554e-7 0.8660242 0.5000023 -2.42534e-6 0.8660264 0.4999985 1.99004e-6 0.866025 0.5000007 9.70953e-7 0.8660249 0.5000009 1.36785e-6 0.8660257 0.4999996 7.53712e-7 0.866025 0.5000008 7.15707e-7 0.8660271 0.4999971 1.76906e-6 0.8660246 0.5000014 0 -0.9695405 -0.2448731 0.005335509 -0.972147 -0.2341927 0.009166717 -0.9618375 -0.2735756 -0.005023777 -0.9587456 -0.2841277 -0.00885576 -0.1274862 0.991492 -0.02628397 0.6266995 0.778694 -0.02972263 -0.1197325 0.9898133 -0.07703137 0.6440919 0.764937 -0.004160344 -0.8303828 0.5558943 0.03802478 -0.8015807 0.5978182 -0.00903362 0.08332967 0.9963398 -0.01906126 0.6171574 0.7743629 -0.139567 -0.347614 0.9327558 -0.09555804 0.7240812 0.6897017 -0.004247188 -0.7797476 0.6190159 0.09387862 -0.8825138 0.4686504 -0.03919404 0.70949 0.6955034 -0.1135743 0.2164558 0.9754775 0.03988343 0.8313128 0.5531645 0.05411189 -0.2546063 0.9654 -0.05637824 -0.7277259 0.6767585 0.1114135 -0.8396949 0.5417101 -0.038248 0.1827924 0.7437117 0.6430242 -0.03073036 0.8896905 0.455529 -0.09032189 0.3980495 0.9129068 0.05802655 0.9382506 -0.3410556 -0.1289327 0.7941418 -0.5938982 0.253569 0.3854181 -0.887218 -0.01942223 0.9929101 -0.1172711 -0.01806384 0.7612594 0.6481959 -0.004177927 0.7536374 0.6572773 -0.1061845 0.9943428 -0.002688467 0.1028429 0.5389376 -0.8360441 -0.01801002 0.6425539 -0.766029 0.1358656 0.7114992 0.689427 -0.0313934 0.9736097 0.2260504 -0.05411237 0.5531648 0.8313126 0.05554103 0.9460664 -0.3191764 -0.1379006 0.6576489 -0.7405954 0.03986036 0.4808964 -0.875871 0.002160429 0.9983502 0.05737853 0.00418502 0.7550764 -0.6556236 -0.06343948 0.7132297 -0.6980537 0.0963155 0.9936071 0.05889242 -0.007330834 0.6444242 -0.7646331 0.03741514 0.9859024 -0.1630848 0.04282075 0.5993831 -0.7993161 -0.01826405 0.9986516 -0.04859405 0.0137794 0.7886535 0.6146835 -0.02608335 0.6430138 -0.7654103 0.0225811 0.9862773 -0.1635456 0.005903363 0.6147895 -0.7886692 -0.02093708 0.9981948 -0.05629289 0.01386052 0.7886222 0.614722 0.9763397 0.2120763 0.04224437 0.9646622 -0.2586266 -0.05039179 0.695503 0.7094904 -0.113574 0.5531647 0.8313128 0.05411195 0.67118 -0.7315605 0.1197362 0.5412574 -0.84052 -0.0238046 0.6739198 0.7380468 0.033454 0.6681308 0.7429052 0.04114943 0.9993712 0.01974391 0.02945035 0.9928804 0.1156451 -0.02854305 0.6830348 -0.7235528 0.09967398 0.7417404 -0.6705181 0.01506036 0.7064561 0.6964543 0.1259815 0.7637736 0.6443687 0.03793448 0.9885451 -0.150598 0.009946823 0.9622039 0.2690615 0.04206973 0.7096912 -0.6993471 -0.08515948 0.5501288 -0.8287744 0.102427 0.8660247 0.5000014 6.52385e-7 0.8660236 0.5000033 1.36525e-7 0.8660234 0.5000038 0 0.3404071 -0.5855396 -0.7357081 0.3629732 -0.6364289 -0.6805943 0.3619093 -0.6340034 -0.6834189 -2.2684e-7 0 -1 -4.06801e-6 0 -1 -1.62947e-6 0 -1 2.6013e-7 0 -1 -7.08561e-7 0 -1 2.49324e-7 0 -1 -1.45378e-6 0 -1 3.3351e-6 0 -1 -1.18004e-6 0 -1 -5.32076e-7 0 -1 -1.12836e-6 0 -1 -2.66587e-7 0 -1 4.51103e-7 0 -1 2.55341e-6 0 -1 0 0 -1 3.77315e-7 0 -1 2.43284e-6 0 -1 -7.13379e-7 0 -1 -9.47008e-7 0 -1 -1.48806e-7 0 -1 7.99022e-7 0 -1 7.81006e-7 0 -1 3.71443e-6 0 -1 1.0428e-6 0 -1 1.15016e-6 0 -1 -2.62791e-6 0 -1 -1.59727e-7 0 -1 2.19934e-6 0 -1 2.84173e-6 0 -1 -3.82137e-7 0 -1 2.99549e-6 0 -1 -4.54169e-7 0 -1 -2.5681e-6 0 -1 -2.12282e-6 0 -1 0 0 -1 1.84359e-7 0 -1 4.44139e-6 0 -1 9.87326e-7 0 -1 0 0 -1 5.79314e-7 0 -1 0.2787058 -0.9603766 9.65449e-5 0.2429113 -0.9700485 -4.09884e-4 0.2432261 -0.9699695 -4.05453e-4 0 -1 0 0 -1 0 0 -1 0 0 -1 -1.66898e-7 0 -1 -3.96124e-7 0 -1 -3.71847e-6 0 -1 4.40549e-6 0 -1 4.09842e-7 0.8655989 -0.5007362 0.001364409 0.837141 -0.5469871 -1.08094e-4 0.8376357 -0.5462293 -8.35488e-5 0.8660856 -0.499894 0.001390755 1 -8.28164e-7 0 1 -2.4447e-7 0 1 1.99634e-6 0 1 1.3613e-7 0 1 2.28784e-7 0 1 6.79628e-7 0 1 5.22566e-7 0 1 -6.46675e-7 0 0.3709983 -0.6367534 0.6759479 0.3342006 -0.5861253 0.7380835 0.3357228 -0.5882384 0.7357077 0.4999044 -0.8660806 -1.07254e-5 0.4993653 -0.8663916 1.91061e-5 0.4994897 -0.8663198 1.45824e-5 0.500027 -0.8660099 -6.85856e-7 0.499902 -0.866082 -6.46148e-5 0.5000914 -0.8659726 -6.67769e-5 0.5003514 -0.8658226 1.61852e-5 0.5004415 -0.8657704 2.28917e-5 0.500005 -0.8660225 1.30708e-7 0.5000027 -0.8660238 0 0.4999958 -0.8660278 5.30037e-4 0.4998195 -0.8661296 -1.41691e-4 0.4998413 -0.866117 -7.17728e-6 0.5001601 -0.8659331 -1.42704e-4 0.5001387 -0.8659453 1.38717e-5 0.6748145 -0.001026272 0.7379868 0.9163614 -7.19217e-4 0.4003515 0.8929249 0.006009042 0.4501656 0.615054 0.001141071 0.7884842 0.3007288 -0.003350436 0.9537038 0.3163373 -0.001674771 0.9486453 1 8.69836e-7 0 1 -1.20579e-7 0 1 0 0 1 -4.78542e-7 0 1 -6.97217e-7 0 1 -4.08225e-7 0 1 -2.92873e-6 0 1 6.84849e-7 0 1 1.8053e-7 0 1 3.88084e-7 0 1 1.23027e-6 0 1 5.55364e-7 0 1 0 0 1 2.4482e-6 0 1 1.78251e-6 0 1 8.32637e-7 0 1 4.05957e-7 0 1 -1.37295e-7 0 1 0 0 1 2.92873e-6 0 1 -1.04655e-6 0 1 -6.41312e-7 0 1 1.82357e-7 0 1 0 0 1 -8.38605e-7 0 1 4.43574e-7 0 1 -4.64149e-7 0 1 0 0 1 0 0 1 1.62993e-7 0 1 1.20662e-6 0 1 -1.23027e-6 0 1 -2.57231e-6 0 1 5.72842e-7 0 1 7.55207e-7 0 -0.2930318 -0.008209168 0.9560675 -0.6371887 0.03361272 0.7699745 -0.664318 -0.0134055 0.7473298 -1 -1.46788e-7 0 -1 0 0 -1 1.36984e-6 0 -1 -5.01258e-7 0 -1 3.85721e-7 0 -1 -2.61665e-6 0 -1 -3.61129e-7 0 -1 -8.12066e-7 0 -1 0 0 -1 -2.33686e-7 0 -1 1.02709e-6 0 -1 0 0 -1 2.9331e-7 0 -1 0 0 -1 6.22052e-7 0 -1 -9.14721e-7 0 -1 -1.02709e-6 0 -1 3.69008e-7 0 -1 -2.82877e-7 0 -1 1.4965e-6 0 -1 0 0 -1 2.42889e-7 0 -1 0 0 -1 -9.09964e-7 0 -1 1.64393e-6 0 -1 4.81477e-6 0 -1 4.39684e-7 0 -1 -1.99682e-6 0 -1 -1.98739e-7 0 -1 0 0 -1 7.36738e-7 0 -1 2.2221e-7 0 -1 -2.16694e-7 0 -1 -1.37798e-7 0 0 0 1 0 0 1 0 0 1 0 0 1 0 0 1 0 0 1 0 0 1 0 0 1 0 0 1 0 0 1 0 0 1 0 0 1 0 0 1 0 0 1 0 0 1 0 0 1 0 0 1 0 0 1 0 0 1 0 0 1 0 0 1 0 0 1 0 0 1 0 0 1 -0.4824235 0.8286038 0.2840484 -0.3903303 0.6594383 0.6424822 -0.4519734 0.7990541 0.3965259 -0.3285519 0.5803288 0.7451659 -0.2265148 0.3685495 0.9015889 -0.1492993 0.2644103 0.9527838 5.69793e-7 0 1 -2.44977e-6 0 1 -1.82806e-6 0 1 -4.88743e-6 0 1 8.0184e-7 0 1 -1.75556e-6 0 1 3.47695e-6 0 1 -1.5637e-6 0 1 -1.06266e-6 0 1 -2.35947e-6 0 1 -2.2336e-6 0 1 -5.7918e-6 0 1 -1.37614e-6 0 1 -5.4927e-7 0 1 1.26899e-6 0 1 -3.49631e-7 0 1 -3.42887e-7 0 1 -2.584e-6 0 1 7.0707e-7 0 1 0 0 1 4.18362e-6 0 1 1.3317e-6 0 1 -2.30992e-7 0 1 -2.71071e-6 0 1 0 0 1 -6.20698e-7 0 1 2.94653e-6 0 1 2.26245e-7 0 1 -2.6906e-6 0 1 -6.4138e-7 0 1 1.04084e-5 0 1 6.92036e-7 0 1 1.05761e-6 0 1 2.73895e-6 0 1 2.33856e-6 0 1 -2.01521e-7 0 1 -2.98207e-7 0 1 -1.31278e-7 0 1 3.33224e-6 0 1 -2.34914e-6 0 1 5.75555e-7 0 1 9.5669e-7 0 1 -8.20103e-7 0 1 1.24201e-6 0 1 -5.99721e-7 0 1 -1.44828e-6 0 1 -0.2709713 0.9625862 -0.001526057 -0.2145625 0.9767099 8.96608e-4 -0.2694546 0.963012 -0.001460492 -0.2130276 0.9770458 9.62058e-4 0 1 0 0 1 1.61959e-7 0 1 0 0 1 2.47898e-6 0 1 2.91113e-7 0 1 0 0 1 0 0 1 2.73228e-7 0 1 2.937e-6 -0.8390566 0.5440431 -0.001068949 -0.872502 0.4885919 0.004278242 -0.8707472 0.4917149 0.003982722 -1 8.28164e-7 0 -1 -2.23565e-6 0 -1 -2.24513e-7 0 -1 -1.3613e-7 0 -1 -2.05315e-6 0 -1 3.85739e-7 0 -1 7.90427e-7 0 -1 -1.04513e-6 0 -0.3592951 0.6184265 -0.6988961 -0.1924149 0.3396011 -0.9206778 -0.1748926 0.298227 -0.9383354 -0.3521581 0.6140832 -0.706319 -0.4744684 0.8183465 -0.3243285 -0.4708898 0.8152059 -0.3371978 -0.500038 0.8660036 2.5134e-5 -0.499954 0.866052 -3.87145e-6 -0.5000197 0.8660141 6.82096e-7 -0.499942 0.8660589 -9.31346e-6 -0.4999985 0.8660263 2.61278e-7 -0.4999749 0.8660399 2.15097e-5 -0.5000985 0.8659686 -9.60052e-6 -0.5000791 0.8659797 -4.78616e-6 -0.5000081 0.8660207 1.72638e-7 -0.500004 0.8660232 2.61416e-7 -0.5000064 0.8660217 4.95161e-4 -0.5001563 0.8659352 4.2287e-6 -0.5001814 0.8659207 -1.47488e-4 -0.4998558 0.8661087 -1.34777e-4 -0.4998754 0.8660974 1.42589e-5 -0.6776756 -0.00118798 -0.7353601 -0.7282776 0.004045426 -0.6852703 -0.7259368 0.003795027 -0.687751 -1 -1.32871e-7 0 -1 2.77339e-7 0 -1 -2.41158e-7 0 -1 -2.74227e-7 0 -1 2.95469e-7 0 -1 -1.17822e-6 0 -1 2.21539e-6 0 -1 1.44169e-6 0 -1 0 0 -1 4.53538e-6 0 -1 -1.83854e-7 0 -1 -1.2657e-7 0 -1 5.51191e-7 0 -1 3.08762e-7 0 -1 3.394e-7 0 -1 1.33075e-6 0 -1 0 0 -1 4.23804e-6 0 -1 -1.43816e-6 0 -1 -3.08762e-7 0 -1 0 0 -1 -1.33342e-6 0 -1 -1.34704e-6 0 -1 8.5178e-7 0 -1 -3.26822e-7 0 -1 -1.35828e-7 0 -1 -2.74898e-7 0 -1 1.99758e-7 0 -1 -3.394e-7 0 -1 -2.86323e-6 0 -1 2.07335e-7 0 0.6639383 -0.002561807 -0.747783 0.6752063 -0.001446902 -0.7376275 0.6757886 -0.001388847 -0.7370942 1 2.01082e-7 0 1 -1.12137e-6 0 1 7.07345e-7 0 1 -7.14899e-7 0 1 0 0 1 4.34543e-7 0 1 -2.61665e-6 0 1 -5.48457e-7 0 1 1.08993e-6 0 1 0 0 1 4.57116e-7 0 1 -6.45672e-7 0 1 -3.27278e-7 0 1 -1.33008e-7 0 1 0 0 1 1.303e-6 0 1 1.8719e-6 0 1 -1.88509e-7 0 1 -6.93996e-7 0 1 1.32645e-7 0 1 2.44719e-7 0 1 5.48455e-7 0 1 -3.03121e-7 0 1 4.8333e-7 0 1 2.66813e-7 0 1 0 0 1 9.07466e-7 0 1 4.43741e-7 0 1 4.44422e-7 0 1 8.66776e-7 0 1 1.10005e-5 0 1 -1.21581e-7 0 1 -7.81625e-7 0 1 3.09652e-7 0 1 4.89611e-7 0 1 1.99682e-6 0 1 -7.98883e-7 0 1 2.85303e-7 0 1 0 0 1 1.92173e-6 0 1 -6.43196e-7 0 0 0 -1 0 0 -1 0 0 -1 0 0 -1 0 0 -1 -2.47252e-7 0 -1 0 0 -1 0 0 -1 0 0 -1 0 0 -1 0 0 -1 0 0 -1 0 0 -1 -1.22284e-7 0 -1 -3.7063e-7 0 -1 0 0 -1 0 0 -1 0 0 -1 0 0 -1 0 0 -1 0 0 -1 0 0 -1 0 0 -1 2.13382e-7 0 -1 7.43879e-7 0 -1 0 0 -1 0 0 -1 0 0 -1 0 0 -1 0 0 -1 0 0 -1 0 0 -1 0 0 -1 0 0 -1 0 0 -1 0 0 -1 2.47252e-7 0 -1 0 0 -1 0 0 -1 0 0 -1 0 0 -1 0 0 -1 0 0 -1 0 0 -1 0 0 -1 -0.9722232 0.2236034 -0.06916397 -0.9840418 0.1382713 -0.1119955 -0.07648342 0.9052721 0.4178907 0.2936896 0.84109 0.4542181 -0.460676 0.5765831 -0.6747811 -0.460676 0.5765831 -0.6747811 -0.918639 0.3553599 -0.1726896 0.6965193 0.6040524 0.3872748 -0.8106778 0.5712057 -0.1285523 0.2264367 0.5340582 0.8145601 -0.179778 0.4290623 0.8852036 -0.2849711 0.9231171 -0.2581595 0.6786234 0.4549255 -0.5766395 0.5303784 0.5713557 -0.6262999 0.3377314 0.8334568 0.4373642 -0.0573256 0.6151976 0.7862861 -0.2830731 0.5369092 0.7947315 0.9324354 -0.3381116 0.1274547 -0.3966165 -0.4702291 0.7884036 -0.709524 -0.283524 0.6451278 0.9605875 -0.2761061 0.03220844 -0.9722231 -0.2236039 0.06916403 -0.9840417 -0.1382716 0.1119957 -0.07648676 -0.9052721 -0.4178902 0.2936873 -0.8410907 -0.4542182 -0.4606169 -0.5766092 0.6747992 -0.4606169 -0.5766093 0.6747992 -0.9186394 -0.3553594 0.1726888 0.6965193 -0.6040522 -0.387275 -0.8106781 -0.5712056 0.1285514 0.226437 -0.5340577 -0.8145604 -0.1797778 -0.4290615 -0.8852041 -0.1985285 -0.9790215 -0.04586386 0.7517859 -0.4811327 0.4509204 0.6563234 -0.5744608 0.4891158 0.02826005 -0.8293547 -0.5580073 0.05937266 -0.5797982 -0.812594 0.01201343 -0.5936263 -0.8046513 0.9324379 0.3381081 -0.1274466 -0.3966721 0.4702295 -0.7883752 -0.7095676 0.2835122 -0.645085 0.9605891 0.2761009 -0.03220427 0.7026761 0.258762 0.6627885 0.6937599 0.2272953 0.683399 0.7066738 0.1121962 0.6985873 0.7904053 0.3878436 0.4741697 0.691849 0.7115711 0.1225215 0.8542644 0.4893071 0.1755304 0.5867088 0.6674885 0.4585106 -1 -9.47081e-7 9.41149e-7 -1 -4.56978e-7 0 -1 -1.12773e-6 6.5562e-7 -1 5.76724e-7 1.70056e-7 -1 0 -3.17339e-7 -1 0 -1.09121e-6 -1 1.34957e-6 0 -1 1.24471e-6 0 -1 4.28231e-7 0 -1 4.20182e-7 0 -1 -5.88178e-7 0 -1 1.32126e-6 0 -1 0 1.3311e-7 -1 0 -2.49045e-7 -1 3.3964e-7 -2.72947e-7 -1 8.54113e-7 -2.12184e-7 -1 1.67479e-7 0 -1 -1.22936e-7 0 -1 5.81609e-7 -3.21833e-7 -1 4.73141e-7 -3.73545e-7 -1 0 -6.22943e-7 -1 5.83903e-7 -8.67234e-7 -1 -1.55412e-7 -2.18568e-7 -1 2.77471e-6 0 -1 1.40927e-7 -1.87132e-7 -1 0 -2.14723e-6 -1 -2.53898e-7 -6.04153e-7 -1 2.62781e-7 0 -1 1.60568e-6 -1.59304e-6 -1 3.21139e-6 0 -1 6.42277e-6 0 -1 -4.69353e-7 0 -1 -1.56383e-7 -1.44721e-7 -1 -4.99277e-7 -4.7545e-7 -1 1.40634e-6 -1.80769e-7 -1 1.67746e-7 0 -1 0 -4.81701e-7 -1 -4.22852e-7 0 -1 -1.06429e-6 2.31135e-7 -1 -5.57393e-7 0 -1 -6.24862e-7 0 -1 1.86915e-6 -1.82431e-7 -1 3.7005e-7 0 -1 4.06001e-7 0 -1 1.36607e-7 4.66132e-7 -1 -6.38089e-7 1.19532e-7 -1 3.18748e-7 -4.12959e-7 -1 8.02653e-7 -1.25006e-6 -1 8.73374e-7 0 -1 -3.21138e-6 0 -1 -1.88727e-7 0 -1 0 -1.28321e-7 -1 -2.86656e-7 -7.33061e-7 -1 -1.60568e-6 0 -1 4.16584e-7 -5.53699e-7 -1 1.84998e-6 -6.09295e-7 -1 0 -4.54478e-7 -1 1.70366e-6 -7.18008e-7 -1 4.95651e-7 -9.02742e-7 -1 0 -3.48757e-7 -1 0 0 -1 0 -3.67706e-7 -1 0 -1.2286e-7 -1 1.26198e-7 0 -1 0 -2.28621e-7 -1 -6.00535e-7 0 -1 3.21176e-6 0 -1 3.90868e-7 0 -1 -3.52391e-7 0 -1 2.40854e-6 0 -1 -3.21138e-6 0 -1 -4.71606e-7 0 -1 8.61987e-7 0 -1 1.6057e-6 0 -1 -1.6006e-7 -2.80764e-7 -1 3.21136e-6 0 -1 6.89595e-7 -2.15797e-7 -1 -9.52914e-7 -2.76644e-7 -1 0 -1.08308e-6 -1 5.14006e-7 1.48404e-7 -1 7.49987e-7 0 -1 4.09424e-7 0 -1 -7.54513e-7 0 -1 -4.07112e-7 -3.56427e-7 -1 -1.34015e-6 -1.7094e-6 -1 2.57648e-6 -3.41434e-7 -1 -1.30546e-7 -4.85976e-7 -1 4.21208e-7 -4.48606e-7 -1 0 -3.85974e-7 -1 -1.97351e-6 2.98495e-7 -1 -4.81711e-6 1.57736e-6 -1 -2.30822e-6 2.52388e-7 -1 -6.35919e-7 0 -1 -9.63413e-6 1.15942e-6 -1 7.25282e-7 -7.61725e-7 -1 -3.21099e-6 -1.48053e-6 -1 6.42275e-6 -6.68651e-7 -1 -1.24823e-6 -3.06879e-7 -1 -1.60567e-6 2.0958e-6 -1 -1.07882e-6 4.54928e-7 -1 7.84851e-7 -3.54778e-7 -1 -6.42277e-6 1.89615e-6 -1 9.83938e-7 -4.22757e-7 -1 0 -2.80841e-7 -1 3.71498e-7 -1.92639e-7 -1 -2.20565e-6 0 -1 0 -1.41479e-7 -1 0 2.7806e-7 -1 8.22807e-7 -3.03247e-7 -1 3.09919e-7 4.90142e-7 -1 -1.19373e-6 0 -1 -2.01857e-6 -1.6141e-6 -1 1.59543e-6 2.24661e-7 -1 -3.5828e-7 4.03783e-7 -0.04445719 0.6049335 -0.7950341 -0.04551881 0.7203105 -0.6921567 0.02311998 0.9820013 -0.1874542 0.04565382 0.8888413 0.4559353 0.04618269 0.9966987 -0.0667752 0.06113004 0.2292208 0.971453 0.02764242 0.3610065 0.9321536 -0.009309113 0.1782438 0.9839423 -0.01729917 -0.2689393 0.9630018 -0.02058768 -0.5456328 0.8377716 0.05162149 -0.2331365 0.9710729 0.01600962 -0.7053051 0.7087231 -0.007478237 -0.9996842 0.02399289 -0.03847223 -0.9913021 0.1258569 0.03026854 -0.7399857 -0.6719412 -0.01546841 -0.2858751 -0.9581421 0.01101988 -0.5839079 -0.8117452 1 -1.73125e-6 -2.84776e-5 1 8.7344e-6 -5.65408e-5 1 -5.91937e-5 -8.44226e-5 1 -1.2778e-5 -5.12635e-5 1 1.24103e-5 9.70479e-6 1 2.17722e-5 -3.33123e-5 1 1.92434e-5 -1.29224e-6 1 1.03141e-4 2.62389e-5 1 7.04306e-5 8.89106e-5 1 -1.58604e-5 -8.1857e-6 1 1.29098e-5 1.23306e-5 1 -9.23823e-5 1.43536e-5 1 -2.27259e-5 -7.89496e-6 1 2.35571e-4 1.29937e-4 1 -2.22752e-4 -1.02506e-4 1 9.79734e-6 7.57203e-5 1 1.74912e-6 3.36524e-6 1 1.53914e-5 -2.8936e-5 1 -2.51435e-6 -1.11789e-5 1 4.50151e-5 -3.81604e-4 1 -7.29609e-5 -4.23018e-5 1 2.25136e-6 -9.7627e-6 1 -1.79484e-4 -9.28554e-5 0.9999988 2.63596e-4 0.001519858 1 -1.70794e-4 2.21498e-4 0.9999995 -0.001105785 1.47922e-4 1 -5.55249e-5 1.48425e-4 1 1.08637e-5 -1.67649e-6 1 6.05561e-6 3.38161e-6 1 -3.31145e-5 -2.66836e-5 1 -6.52677e-5 1.43847e-4 1 -2.83304e-5 4.08281e-5 1 -2.87414e-4 -1.0154e-4 1 4.51959e-7 -7.31391e-7 1 -2.40806e-6 2.5138e-7 1 -1.11603e-5 1.75846e-6 1 -5.22237e-6 -4.18748e-5 1 -1.64712e-6 -4.78867e-6 1 1.36374e-4 6.31236e-5 1 -9.87283e-6 -4.35422e-5 1 6.46606e-7 2.15986e-6 1 7.61484e-5 1.46135e-4 1 3.26617e-4 3.71573e-4 1 3.79842e-5 -1.0566e-4 1 -2.2608e-5 4.55621e-5 0.9999988 -7.81891e-4 0.001392483 1 1.66062e-4 -6.94951e-5 1 -1.37446e-6 -5.22666e-6 1 9.57987e-6 3.69689e-7 0.9999999 3.39258e-4 -5.25124e-4 1 4.15824e-6 9.92795e-6 1 -1.40399e-4 4.48061e-4 1 -9.21502e-5 8.02121e-5 1 -8.39525e-5 2.96631e-6 1 -2.74696e-5 1.07626e-4 1 -4.13047e-5 -4.32688e-5 1 -3.85615e-5 -5.31319e-5 1 5.53769e-6 -2.27572e-6 1 1.52136e-4 -1.52443e-4 1 7.89875e-5 -1.08471e-4 1 -3.24829e-4 5.79629e-5 1 -1.02523e-4 -1.987e-5 1 -1.2128e-4 -3.32448e-4 1 -6.37158e-5 4.94166e-5 1 5.4809e-5 -6.48037e-5 1 4.04921e-5 -1.7206e-5 1 3.7973e-5 9.11168e-6 1 3.72947e-4 3.43015e-5 1 -3.96435e-6 5.15548e-6 1 5.42194e-6 2.52273e-6 1 -3.46975e-6 4.88754e-6 1 4.00677e-6 5.00672e-6 1 1.00981e-4 -1.77867e-4 1 -8.13634e-5 -4.53704e-5 1 -2.77283e-4 -1.03583e-4 1 -1.43561e-5 6.12695e-6 1 2.38587e-5 -2.55338e-6 1 3.78608e-6 -1.89509e-4 1 -2.24721e-6 -5.09842e-5 1 1.79318e-4 -8.86872e-5 0.9999992 0.001044571 7.68509e-4 1 -6.17783e-5 -3.91585e-5 1 3.58643e-5 1.46235e-4 1 3.91307e-4 -1.17007e-4 1 1.98535e-4 2.13406e-4 1 -3.86564e-5 2.41716e-5 1 1.26413e-5 -4.67544e-6 1 1.24281e-5 5.52237e-6 1 8.69134e-6 -7.58481e-6 1 -1.43334e-5 -8.67124e-6 1 -2.14789e-5 2.48665e-5 1 -7.91501e-5 -2.23918e-5 1 3.18244e-5 5.41532e-5 1 -1.42794e-5 -4.87846e-5 1 7.92006e-6 -4.90031e-5 1 1.44727e-6 3.67991e-5 1 -1.84719e-5 3.19626e-5 1 5.24456e-5 2.48901e-5 1 1.0218e-5 -1.37679e-6 0.008769214 0.6483358 -0.7613041 -0.0600447 0.4589087 -0.8864521 -0.02438908 0.8703414 -0.4918444 -0.06245136 0.9965681 0.05433118 -0.05272603 0.7896916 0.6112341 0.009336352 0.6135647 0.7895893 0.03110694 0.2727606 0.961579 -0.03853428 0.3237685 0.9453513 0.6251309 0.688962 -0.3668007 0.7868966 0.5996254 -0.1457511 0.7320276 0.6666622 -0.1403469 0.8595353 0.3654705 -0.3572541 0.7211563 0.1080439 -0.6842954 0.7579342 0.1797012 -0.6270912 0.5899069 0.4059649 -0.6979988 1 -1.70527e-7 0 1 -5.72522e-7 0 1 3.23952e-7 0 1 0 1.28941e-7 1 -4.15661e-7 0 1 1.40882e-7 -2.02038e-7 1 2.28448e-7 0 1 1.95061e-7 0 1 0 -3.33194e-7 1 -1.11231e-6 -5.54259e-7 1 -8.26603e-7 -7.19924e-7 1 -1.34112e-6 -3.05261e-7 1 -1.58379e-6 -2.85624e-7 1 -5.52005e-7 -4.90261e-7 1 3.52447e-7 5.17069e-7 1 -6.61723e-7 6.59176e-7 1 1.85216e-7 8.77844e-7 1 -4.96e-7 8.50948e-7 1 6.07379e-7 1.05116e-6 1 0 9.01928e-7 1 2.85954e-7 5.85649e-7 1 -2.52549e-7 0 1 0 -2.09796e-7 1 0 9.99194e-7 0.7178629 -0.164387 -0.6764982 0.7126268 -0.08212798 -0.6967195 0.6971254 -0.2522014 -0.6711264 0.7460976 -0.3658552 -0.5563167 0.660262 -0.5228211 -0.5391774 0.6445976 -0.7253478 -0.2415874 0.7435023 -0.5695745 -0.3504132 0.7034314 -0.07881873 -0.7063795 0.7089483 -0.7025112 0.0622133 0.726028 -0.6402376 0.2509567 0.715717 -0.6980735 -0.02104258 0.5930535 -0.6593498 0.4621098 0.6549946 -0.3062973 0.6907706 0.7486492 -0.4065603 0.5236728 0.7520148 -0.1774224 0.634819 -0.03453522 -0.6375681 0.7696196 0.02729964 -0.6586724 0.7519345 0.008206903 -0.3183042 0.9479531 -0.02332288 -0.9759051 0.2169455 -0.08717447 -0.4334681 -0.8969427 -0.138791 -0.6673924 -0.7316587 -0.02186393 -0.9731873 -0.2289726 0.1252768 0.5996034 -0.7904314 3.15607e-4 0.9203438 -0.3911103 -0.116323 0.9718029 0.2051051 -0.0415765 0.6760388 0.7356922 0.203489 0.5662307 0.7987335 -0.1253786 -0.5635582 0.8165062 0.01922571 -0.8805591 0.4735463 0.0685026 -0.4473215 0.891746 0.1934896 -0.9649611 -0.1772347 0.08076053 -0.710605 -0.6989409 -1 -9.05037e-7 -2.13321e-6 -1 -1.11388e-6 0 -1 3.58807e-7 -5.97228e-7 -1 8.66252e-7 -2.57695e-6 -1 1.29096e-6 0 -1 6.93438e-7 -7.41072e-7 -1 2.24001e-6 -3.65112e-6 -1 4.78096e-6 -1.50045e-6 -1 1.42577e-5 -3.78612e-6 -1 -7.1288e-6 -3.8655e-6 -1 -7.28406e-7 -3.61461e-7 -1 1.45915e-6 -9.74138e-7 -1 -1.92339e-6 -1.17437e-6 -1 -3.56439e-6 0 -1 6.19873e-6 -2.99498e-6 -1 3.56441e-6 0 -1 8.997e-7 6.67751e-7 -1 1.06932e-5 1.49076e-6 -1 0 -9.53894e-7 -1 -3.73636e-7 8.8684e-7 -1 -4.00998e-6 1.69371e-6 -1 7.98722e-7 0 -1 -3.73716e-7 1.20651e-6 -1 1.68211e-6 1.45037e-6 -1 -3.56443e-6 3.21819e-6 -1 1.7822e-6 2.53558e-6 -1 1.13421e-6 1.60274e-6 -1 -3.64455e-7 0 -1 0 3.69855e-6 -1 0 1.65661e-6 -1 0 3.94807e-6 -1 4.40849e-6 -2.63802e-6 -1 7.12885e-6 -5.55307e-6 -1 -3.03022e-7 0 -1 -1.35386e-7 -3.10133e-7 -1 -1.79418e-7 0 -1 1.49484e-6 -1.339e-6 -1 1.6817e-6 -1.05499e-6 -1 0 -3.48585e-6 -1 7.12881e-6 -2.89975e-6 -1 -2.4649e-7 -7.04703e-7 -1 8.91104e-7 -2.13146e-6 -1 -3.56441e-6 -1.22923e-6 -1 1.13196e-6 0 -1 0 -2.49773e-7 -1 -1.01506e-6 0 -1 -2.05567e-6 1.60274e-6 -1 6.59675e-7 8.86841e-7 -1 -2.42954e-6 1.45036e-6 -1 7.47414e-7 1.2065e-6 -1 0 3.94806e-6 -1 -3.56443e-6 3.69855e-6 -1 7.47419e-7 5.11448e-7 -1 0 7.45379e-7 -1 3.56438e-6 3.21814e-6 -1 3.5644e-6 1.69369e-6 -1 0 2.5356e-6 0 -0.9631626 -0.2689198 0 -0.9631626 -0.2689198 -1.24709e-7 -0.9631626 -0.2689199 -1.40623e-7 -0.9631626 -0.2689199 8.36439e-5 0.7147508 -0.6993793 1.06699e-5 0.7144668 -0.6996695 9.43174e-5 0.7147923 -0.6993368 0 0.7144252 -0.6997119 -2.72483e-7 -0.866025 -0.5000007 -3.07253e-7 -0.866025 -0.5000008 0 -0.8660256 -0.5 0 -0.8660256 -0.4999998 -4.21187e-6 0.8659221 -0.500179 -3.6849e-5 0.8660131 -0.5000214 -4.16245e-5 0.8660264 -0.4999984 5.62326e-7 0.8659088 -0.500202 -4.86402e-7 -0.7144729 -0.6996632 4.2882e-7 -0.7144739 -0.6996621 5.62685e-7 -0.7144741 -0.699662 -6.20225e-7 -0.7144727 -0.6996634 0 0.9631626 -0.2689197 2.49419e-7 0.9631627 -0.2689193 2.81246e-7 0.9631628 -0.2689192 0 0.9631626 -0.2689198 0 -0.5180287 -0.8553633 0 -0.5180287 -0.8553633 1.61043e-7 0.9997807 -0.02094292 1.63648e-7 0.9997807 -0.02094298 1.43229e-7 0.9997808 -0.02094244 1.40623e-7 0.9997808 -0.02094238 1.4917e-7 -0.2890321 -0.9573194 1.68205e-7 -0.2890321 -0.9573194 0 -0.2890318 -0.9573195 0 -0.2890317 -0.9573196 2.81247e-7 0.9735789 0.2283508 2.5318e-7 0.9735789 0.2283508 0 0.9735791 0.2283506 0 0.9735791 0.2283506 0 -0.0418775 -0.9991227 0 -0.04187732 -0.9991228 4.98838e-7 -0.04187601 -0.9991228 5.62493e-7 -0.04187583 -0.9991229 0 0.8862039 0.4632955 0 0.8862039 0.4632956 1.61906e-7 0.8862035 0.4632964 1.82566e-7 0.8862034 0.4632965 1.74514e-7 0.2079121 -0.9781476 1.25005e-7 0.2079121 -0.9781475 5.12984e-7 0.2079118 -0.9781476 5.62492e-7 0.2079117 -0.9781476 0 0.7431445 0.6691311 0 0.7431445 0.6691311 0 0.7431446 0.6691309 0 0.7431446 0.6691309 5.62492e-7 0.4446362 -0.8957113 4.98838e-7 0.4446361 -0.8957113 0 0.444636 -0.8957114 0 0.444636 -0.8957114 -1.94787e-5 0.5534039 0.8329131 -2.19647e-5 0.5533924 0.8329208 -2.48567e-6 0.5534825 0.8328609 0 0.5534939 0.8328533 0 0.6534204 -0.7569953 4.98919e-7 0.6534192 -0.7569963 5.62584e-7 0.6534191 -0.7569965 0 0.6534206 -0.7569952 -1.12498e-6 0.3288666 0.9443764 -1.27309e-7 0.328868 0.944376 -9.97675e-7 0.3288668 0.9443764 0 0.3288682 0.9443758 0 0.8211488 -0.5707142 0 0.8211488 -0.5707142 4.98838e-7 0.8211492 -0.5707136 5.62492e-7 0.8211492 -0.5707136 0 0.0836808 0.9964927 -9.97675e-7 0.08367908 0.9964928 -1.27309e-7 0.08368057 0.9964927 -1.12498e-6 0.0836789 0.9964929 5.62493e-7 0.937282 -0.3485724 5.30666e-7 0.937282 -0.3485724 3.13074e-7 0.9372819 -0.3485723 2.81246e-7 0.9372819 -0.3485723 -1.12499e-6 -0.1667672 0.9859963 -1.12498e-6 -0.1667671 0.9859964 -1.12499e-6 -0.1667672 0.9859964 -1.12498e-6 -0.166767 0.9859964 1.40623e-7 0.9945219 -0.1045292 1.56537e-7 0.9945219 -0.1045291 2.65332e-7 0.994522 -0.104528 2.81246e-7 0.994522 -0.1045279 0 -0.4067352 0.9135461 -9.97675e-7 -0.4067372 0.9135453 -1.27309e-7 -0.4067355 0.913546 -1.12498e-6 -0.4067375 0.9135451 1.40623e-7 0.9892723 0.1460837 1.40623e-7 0.9892723 0.1460837 1.40623e-7 0.9892723 0.1460837 1.40624e-7 0.9892723 0.1460837 -1.70931e-7 -0.6211489 0.7836927 -1.92743e-7 -0.621149 0.7836925 0 -0.6211484 0.7836931 0 -0.6211483 0.7836931 2.81246e-7 0.9218628 0.3875164 2.49419e-7 0.9218629 0.3875164 0 0.9218631 0.3875159 0 0.9218631 0.3875158 -3.04637e-7 -0.7965299 0.6045992 -2.71733e-7 -0.7965298 0.6045993 -5.29588e-7 -0.7965305 0.6045984 -5.62492e-7 -0.7965307 0.6045983 5.43827e-7 0.7965309 0.604598 7.56777e-7 0.796531 0.6045978 -9.12036e-7 0.7965297 0.6045995 -1.12499e-6 0.7965295 0.6045998 0 -0.9218629 0.3875164 0 -0.9218628 0.3875165 0 -0.9218633 0.3875153 0 -0.9218634 0.3875152 0 0.6211484 0.783693 0 0.6211484 0.783693 0 0.6211486 0.7836928 0 0.6211487 0.7836928 -1.40623e-7 -0.9892724 0.1460829 -1.40623e-7 -0.9892724 0.1460829 -1.40623e-7 -0.9892723 0.1460834 -1.40623e-7 -0.9892723 0.1460835 5.4765e-7 0.4067353 0.9135461 6.17533e-7 0.4067354 0.9135461 0 0.406735 0.9135463 0 0.4067348 0.9135463 -1.40623e-7 -0.9945219 -0.1045288 -1.40517e-7 -0.9945219 -0.1045289 -1.39788e-7 -0.9945219 -0.1045292 -1.39681e-7 -0.9945219 -0.1045292 -1.15548e-6 0.166767 0.9859963 -1.15937e-6 0.166767 0.9859964 -1.12888e-6 0.1667671 0.9859964 -1.12499e-6 0.1667671 0.9859964 2.05678e-7 -0.9372819 -0.3485725 2.71603e-7 -0.937282 -0.3485722 2.81246e-7 -0.937282 -0.3485721 1.96035e-7 -0.9372819 -0.3485725 -7.54983e-7 -0.08367896 0.9964928 -9.94877e-7 -0.08367896 0.9964929 8.85091e-7 -0.08367902 0.9964929 1.12499e-6 -0.08367902 0.9964929 -5.62492e-7 -0.8211497 -0.5707131 -4.98837e-7 -0.8211496 -0.5707132 0 -0.8211491 -0.5707137 0 -0.8211491 -0.5707138 5.62492e-7 -0.3288685 0.9443757 4.35183e-7 -0.3288682 0.9443759 -4.35184e-7 -0.3288657 0.9443768 -5.62493e-7 -0.3288652 0.944377 3.58646e-6 -0.6533181 -0.7570836 5.60003e-7 -0.6533048 -0.7570952 2.42781e-5 -0.6534096 -0.7570046 2.7304e-5 -0.653423 -0.7569931 -2.51788e-7 -0.553392 0.832921 -2.1214e-7 -0.5533921 0.8329209 -5.2284e-7 -0.553391 0.8329217 -5.62493e-7 -0.5533908 0.8329219 0 -0.4446362 -0.8957114 0 -0.4446344 -0.8957122 0 -0.4446342 -0.8957123 0 -0.4446365 -0.8957111 0 -0.7431457 0.6691297 0 -0.7431455 0.6691299 0 -0.7431455 0.6691299 0 -0.7431457 0.6691297 0 -0.2079119 -0.9781476 0 -0.2079117 -0.9781477 0 -0.2079105 -0.9781479 0 -0.2079104 -0.978148 -2.49419e-7 -0.8862041 0.4632953 0 -0.8862037 0.4632959 0 -0.8862038 0.4632958 -2.81247e-7 -0.8862041 0.4632952 0 0.04187756 -0.9991228 0 0.04187756 -0.9991228 0 0.04187744 -0.9991228 0 0.04187744 -0.9991228 -3.74129e-7 -0.9735788 0.2283514 0 -0.9735791 0.2283501 0 -0.9735791 0.2283502 -4.2187e-7 -0.9735788 0.2283516 0 0.2890319 -0.9573195 0 0.2890321 -0.9573195 0 0.2890332 -0.9573192 0 0.2890334 -0.9573191 -1.93357e-7 -0.9997807 -0.02094328 -1.89378e-7 -0.9997807 -0.02094316 -1.6218e-7 -0.9997807 -0.02094256 -1.58201e-7 -0.9997808 -0.02094244 0 0.518029 -0.8553631 -1.29618e-7 0.5180292 -0.855363 0 0.5180281 -0.8553637 0 0.5180279 -0.8553638 -0.7983325 -0.4876392 -0.3533742 -0.9261233 -0.3761699 -0.02814167 -0.9294938 -0.3655729 0.04896813 -0.8846547 -0.2645578 -0.3839213 -0.8474618 -0.07000458 -0.5262206 -0.8730233 0.2859101 -0.395077 -0.8838978 0.09570723 -0.4577826 -0.7859405 -0.3638535 0.4999084 -0.8320237 -0.09583055 0.5464 -0.7328196 0.1097205 0.6715183 -0.881856 0.4705832 -0.02969408 -0.8966979 0.3432859 -0.2794418 -0.8423449 0.3748265 0.3872469 -0.836335 0.4417645 0.324635 -0.9253912 -0.3753666 0.0524519 -0.8921757 0.4502362 0.03619295 -0.8391894 0.2514976 -0.4821932 -0.9040697 0.005431771 -0.4273506 -0.8779193 -0.2067502 -0.4318705 -0.8345646 0.5073269 -0.2147588 -0.8609517 0.3709643 -0.3480629 -0.9001322 -0.3609266 0.2439141 -0.8863672 -0.4629055 -0.008487701 -0.8953995 -0.4319584 -0.108035 -0.8699216 0.4916763 -0.03860968 -0.8503251 0.5025282 0.1562458 -0.8840624 0.3820873 0.2691529 -0.7780112 0.30965 0.5466403 -0.9214642 0.01181226 0.388284 -0.8911729 0.08755671 0.4451346 -0.8865073 -0.3042632 -0.34861 -0.6718726 -0.6439443 0.3659547 0.3561151 -0.5035807 0.7871395 0.09364193 -0.5817275 0.8079755 0.8182328 -0.530293 -0.222001 0.9075106 -0.3317331 -0.2576388 0.833772 0.2888358 -0.4705299 0.8817599 0.119477 -0.4563164 0.8655167 0.4250676 -0.2649502 0.9132583 -0.3293063 -0.239826 0.8814191 -0.4623773 -0.09647589 0.9356386 -0.309966 -0.1688244 0.9110441 -0.1906858 -0.3655649 0.8823988 -0.1073493 -0.4580925 0.8385127 0.5270072 -0.1384196 0.8923657 0.438334 0.1074556 0.8024811 0.1163656 0.5852208 0.8836546 0.2417654 0.4008792 0.8575448 -0.1286475 0.498063 0.8770722 -0.4203111 0.2325573 0.8192491 -0.3093136 0.4828622 0.8187304 0.4836731 0.3094204 0.8538403 -0.5089784 -0.1090778 0.8913872 -0.4358268 -0.1244335 0.8504059 -0.5144805 0.1100888 0.8110938 -0.4726847 -0.3445231 0.8733553 -0.2168068 -0.4361715 0.8282449 -0.08672171 -0.5536152 0.8964722 0.3665499 -0.2489558 0.8660482 0.2608738 -0.4265038 0.8704553 0.130833 -0.4745422 0.9046187 0.4247666 0.03519356 0.8712014 0.3527259 0.3414567 0.8643802 0.4354298 0.2514913 0.8694407 -0.4067881 0.2803502 0.8470775 -0.2866058 0.4475679 0.8669015 -0.159133 0.4723965 0.8747075 0.4642455 -0.139151 0.8768608 0.1416401 0.4594054 0.8692842 0.06035292 0.4906147 0.960635 -0.222736 -0.1660399 0.8252544 -0.545422 0.1465271 0.948791 -0.2913458 -0.1221209 0.7892853 -0.3631718 0.4951114 0.7461625 -0.07073718 0.6619953 0.8793847 -0.4250425 0.2145262 0.9126185 0.2892475 -0.2889006 0.8359123 0.5432366 -0.07838779 0.8548594 0.4721662 -0.2151154 0.6113309 0.3747743 0.697007 0.7892835 0.4683085 0.3971382 0.7148422 0.6803113 0.1617939 0.8544297 0.06395787 -0.5156156 0.8273917 0.4674828 -0.3112602 0.822658 0.3543973 -0.4445632 0.6238112 0.7712168 -0.1268244 0.7915179 0.5818656 0.1869012 0.8693326 -0.4650728 -0.1672371 0.8474747 -0.5301866 -0.02624541 0.8730212 -0.2536687 -0.4165169 0.8747723 -0.2947885 -0.384543 0.8956376 0.1544898 0.4170927 0.7657643 0.5090879 0.3929817 0.8679046 0.2302252 -0.4401571 0.770151 -0.04469561 0.6362938 0.8308249 0.2181918 -0.5119789 0.8582274 0.07234287 -0.5081461 0.8882867 0.003951847 0.4592725 0.9280022 -0.1537579 0.3393678 0.8824967 0.1911126 -0.4297392 0.822166 -0.02080762 -0.5688676 0.7942592 -0.2831288 -0.5375785 0.9124022 -0.3651867 0.1848265 0.9129161 -0.3195174 0.2539544 0.860315 -0.5044496 -0.07340979 0.8080607 -0.5547659 -0.1981736 0.8834996 0.3848966 0.266989 0.9136689 0.005083739 0.4064275 0.847167 0.2701326 0.4575332 0.8718218 -0.355472 0.3369964 0.9261989 -0.1599617 0.3414204 0.9483724 -0.220865 0.2276146 0.8139547 0.5612478 -0.1499285 0.7508156 0.5177248 -0.4101671 0.7468473 0.6608997 0.07369381 0.7163296 -0.5216879 -0.463372 0.8368719 -0.3822654 0.3918144 0.197726 0.711955 0.6738135 -0.69749 0.7156122 -0.03750884 -0.8249192 0.49575 -0.2715521 0.04110258 0.4510067 0.8915737 -0.03516167 0.4396275 0.8974917 -0.4262801 -0.9045822 -0.004065632 0.7524808 -0.4085495 0.5165849 0.4712244 -0.7081973 0.5257416 0.4831666 -0.6617289 -0.5732932 0.2671866 -0.7887912 -0.5535521 -0.9811853 0.1054381 -0.1617351 -0.8229966 0.5004937 0.2686686 -0.9491907 0.3070824 -0.06882947 -0.9461591 -0.1793324 0.2694864 -0.9309437 -0.05977684 0.3602369 -0.7743911 0.1326599 0.6186434 -0.8592503 0.3206315 0.3986035 -0.9605652 0.1002486 -0.2593548 -0.9393247 0.1471496 -0.3098648 -0.9870934 0.01795089 -0.1591368 -0.9883792 0.09394103 -0.1195054 -0.9114977 -0.2187296 -0.3483235 -0.941271 -0.3267366 -0.08516037 -0.9180091 -0.198678 -0.3432006 -0.8665978 0.2011694 -0.4566607 -0.9158676 0.37229 -0.1502894 -0.9154223 0.3870111 -0.1105645 -0.8676959 0.3644486 0.3380548 -0.9580868 -0.2196666 0.1838926 -0.9418058 -0.3357135 -0.01726984 -0.8681457 0.2481259 -0.4298332 -0.8726924 0.4110273 0.2635615 -0.838413 0.1320973 0.5287856 -0.8475701 0.03615009 0.5294508 -0.9047527 -0.1177784 -0.4093299 -0.920028 -0.3689067 -0.1321233 -0.886393 -0.2163538 -0.4092658 -0.7823686 -0.3276495 0.5296654 -0.9196752 -0.3251283 0.2202022 -0.8616341 -0.507486 -0.00669521 -0.8750349 0.4531128 -0.1703026 -0.8929814 0.4142374 0.1760447 -0.9029663 0.3569197 0.2392914 -0.8342392 0.1263667 0.5367275 -0.8490677 0.1118767 -0.5163021 -0.9019259 0.2102144 -0.3772791 -0.8353475 -0.2862654 0.4693044 -0.8901429 -0.04167896 0.4537716 -0.8983373 0.4346489 -0.06380206 -0.8156205 -0.3131566 0.4865144 -0.420351 0.741028 0.5236245 0.1227399 0.859177 0.4967393 0.02105849 0.8574701 0.5141028 -0.4819099 0.7087199 0.5152466 0.1290708 0.6947492 -0.7075764 0.1631333 0.697547 -0.6977219 -0.09027296 0.6564502 -0.7489486 -0.1241346 0.6474278 -0.7519494 0.5548409 -0.7983537 0.234058 0.6218103 -0.7504262 0.2240815 -0.4263226 -0.7460381 -0.511543 0.7943488 -0.6069281 -0.02546644 -0.7719393 -0.3928679 -0.4997646 0.2667189 0.7029982 0.6592835 0.2192211 0.7079607 0.6713671 -0.06259369 0.7027974 0.7086309 -0.0985189 0.6980128 0.7092758 -0.3604487 0.6150196 -0.7013043 -0.4529467 0.5673379 -0.687726 0.2141682 0.7462468 -0.630276 0.3080189 0.7424384 -0.594903 0.7267398 -0.6606216 -0.1882247 -0.7364079 -0.660838 0.1449018 -0.8271879 -0.5356301 0.1698843 0.8099762 -0.550073 -0.2033678 0.4234449 0.7738904 0.4709437 0.1013714 0.822622 0.5594792 0.489411 0.7507889 0.4436137 0.02930998 0.8208441 0.5703998 -0.06125891 0.7579158 -0.6494698 -0.03757256 0.7627297 -0.6456252 -0.2239255 0.7121672 -0.6653385 -0.2522245 0.701868 -0.6661562 -0.1731572 -0.8226213 -0.5415818 0.00873214 -0.7550408 0.6556198 0.8613579 -0.5057511 -0.04773318 -0.4716874 -0.5830861 0.6614541 -0.560481 -0.6550446 -0.5067325 0.1974881 0.6845754 -0.7016801 0.1314584 0.6964738 -0.7054381 -0.3095924 0.6942911 -0.6497019 -0.3748027 0.6812281 -0.6288492 0.367982 0.779862 0.5063642 0.1105176 0.8118802 0.5732682 0.4211553 0.765308 0.4867565 0.0556299 0.8112275 0.5820784 -0.8457329 -0.3804426 -0.374165 -0.9171828 -0.1727622 -0.359067 -0.8808631 -0.3518795 -0.3166403 -0.9403674 -0.0231654 -0.3393711 -0.8359506 0.3062682 -0.4553971 -0.8675733 0.4948647 -0.04925233 -0.8177178 0.3825691 0.4300915 -0.8676902 0.4929121 0.06443148 -0.8667632 0.3927533 -0.307354 -0.8097282 0.3272482 0.487082 -0.836304 -0.05260491 0.5457367 -0.8643223 -0.1372997 0.4838346 -0.92312 -0.3376789 0.1839088 -0.9467382 -0.239528 -0.2152048 -0.9289861 -0.2710309 0.252046 -0.9279966 -0.3723657 0.01288878 -0.805964 -0.3676954 -0.4639204 -0.8019483 -0.5015819 -0.3244917 -0.6676239 -0.1445158 -0.7303379 -0.8471792 0.2936704 -0.4427698 -0.8620145 0.08234286 -0.5001508 -0.8352304 0.5446758 -0.07562202 -0.8342002 0.4618892 0.3012785 -0.8488283 0.5244944 0.06630557 -0.8845443 0.3652883 -0.2900789 -0.8899272 0.3010454 0.3426388 -0.8650432 -0.01808595 0.5013714 -0.8850221 -0.2215872 0.4094327 -0.7361406 -0.5245875 0.4276739 -0.8629291 0.07495051 0.499736 -0.6462172 -0.6291862 0.4318891 -0.1967251 0.7121762 -0.6738726 0.03541731 0.43979 -0.8974021 -0.04071664 0.4511575 -0.891515 0.6967453 0.7163628 0.037018 0.8244151 0.4966434 0.2714499 0.7051567 -0.667108 0.240252 0.5194642 -0.8153538 0.2556468 -0.7187819 -0.6885545 -0.09615254 0.6138687 -0.3348487 -0.7148718 0.3255569 -0.5492411 -0.7696408 0.8536546 0.07251679 -0.5157667 0.8513271 -0.1787343 -0.4932507 0.8648936 0.2044429 -0.4584345 0.8493207 -0.2669161 -0.4554232 0.8392035 -0.3751405 -0.3937097 0.8704375 0.4095597 0.2731291 0.8216887 0.5582883 0.1146383 0.8413363 0.5096212 -0.1801096 0.8373827 0.4521307 -0.3071939 0.8988014 0.07762235 0.4314289 0.8977408 0.1579899 0.4112188 0.904998 -0.3900563 0.1698087 0.8889792 -0.297326 0.3483005 0.9073116 -0.1775431 0.3811354 0.8534182 -0.5050407 -0.1288851 0.8601071 -0.5095798 0.02333056 0.8484101 -0.3683491 -0.3801571 0.7966131 -0.4851311 -0.3606322 0.8561893 -0.2461467 -0.4542594 0.9039402 0.4099004 -0.1219588 0.8618489 0.3864041 -0.3284941 0.8880228 0.1795403 -0.4232974 0.7720803 -0.0641734 -0.6322768 0.8944154 0.3954164 0.2089666 0.8973135 0.4117097 0.159134 0.8743693 0.2207465 0.4321451 0.8764389 -0.1398164 0.460767 0.8552844 0.1147323 0.5052971 0.8463995 -0.4493748 0.2857803 0.8293964 -0.3149603 0.4614126 0.8309538 -0.530611 0.1672357 0.8700868 -0.4892356 -0.05997997 0.9381693 -0.1849012 -0.2926599 0.8187433 -0.5128894 -0.2580776 0.9530513 -0.1107155 -0.2818427 0.8312897 -0.2733721 0.4839681 0.9511421 -0.07635319 0.2991639 0.9045948 -0.3456448 0.2494757 0.8793724 -0.4522863 -0.1487994 0.8188288 -0.5660293 0.09555357 0.8607795 0.5077474 0.03537184 0.8680742 0.4917987 0.06768614 0.8817417 0.465938 -0.073713 0.925548 0.2737739 0.261551 0.9078626 0.184058 0.3767071 0.8844042 0.2877658 -0.3674507 0.8239237 0.5654609 -0.03746932 0.8804389 0.2123242 -0.4239646 0.880306 0.3154053 0.3543743 0.8289919 0.5539078 -0.07719242 0.8809263 -0.1320801 -0.4544491 0.8599031 -0.315128 -0.4015732 0.8421183 0.2326507 0.4865289 0.7693553 -0.08945161 0.6325274 0.7288378 -0.4053728 0.5517866 0.8812281 -0.427251 0.2022221 0.9070568 -0.4182175 -0.04839479 0.9123588 -0.3891515 -0.1271325 0.8611941 -0.3063138 -0.4056065 0.7938674 0.1605666 -0.5865092 0.8182472 -0.2458513 -0.5196429 0.9206882 -0.2727332 0.2791951 0.8729973 -0.1797052 0.4534113 0.8802438 0.03790235 0.4730056 0.907504 -0.4097852 0.09226471 0.8939445 -0.4467582 0.03564614 0.8298428 -0.5502582 -0.09261119 0.8285793 0.4872179 0.2758174 0.8227595 0.5505809 0.1411643 0.8662405 0.4735357 -0.1593471 0.7942468 0.3328567 0.5083094 0.8392318 0.4255388 -0.3385362 0.783288 -0.06256705 0.6185026 0.7975418 0.1178952 -0.5916315 0.8245334 -0.5587273 -0.08926725 -0.03886914 0.8156614 0.5772225 -0.03886914 0.8156614 0.5772225 -0.03886914 0.8156614 0.5772225 0.04795509 0.6461297 0.7617197 -0.01451438 0.6425801 0.766081 -0.007565915 0.6431002 0.7657448 0.05505764 0.6463727 0.7610329 0.1113541 0.4494733 -0.8863263 0.2127405 0.3871374 -0.8971434 -0.05082494 0.474265 -0.8789138 -0.3481789 0.5782534 -0.7378309 -0.0944705 0.8882192 -0.449602 0.1429899 0.9235995 -0.3556935 -0.9793872 0.1407129 -0.1449163 -0.7864486 0.6029362 0.1340398 -0.9263823 0.3384795 -0.1650686 -0.9883933 0.1037591 -0.1109631 -0.904485 0.2248626 0.3624137 -0.7589686 -0.3451759 0.5521054 -0.9383531 0.07152396 0.338198 -0.9124618 0.3217366 0.2527825 -0.5088209 -0.8563962 0.08767455 -0.783667 -0.4958151 0.3742103 -0.8036008 -0.573198 -0.1602187 -0.7470211 -0.496526 -0.442065 -0.8454064 -0.2218158 -0.4858867 -0.7661073 0.02023148 -0.6423944 -0.8204374 0.5176063 0.2428297 -0.8594707 0.5111787 -0.002549231 -0.7917425 0.4458918 0.4175218 -0.7802205 0.3792384 -0.4974275 -0.7784676 0.2540578 -0.5739711 -0.8773322 0.4474806 -0.173348 -0.8508178 -0.2393606 0.4677773 -0.8467383 -0.07348632 0.5269098 -0.7670075 -0.4995985 0.4026178 -0.8087447 -0.5835636 -0.07338744 -0.8527075 -0.5047274 0.1346859 -0.7956436 -0.4080406 -0.4477213 -0.8013373 -0.484915 -0.3503085 -0.9111116 0.1488559 0.3843405 -0.739954 -0.1368269 -0.6585944 -0.8856658 0.2880508 -0.3641744 -0.8128563 0.03839993 -0.581197 -0.9015039 0.3985528 0.1686609 -0.9278477 0.09209066 0.361411 -0.933158 0.2719954 0.2350206 -0.9543928 0.2958579 -0.04003226 -0.8702993 -0.4764078 0.1249595 -0.9553298 -0.2416961 0.170082 -0.8246702 -0.5475283 0.1418867 -0.9719077 -0.09281176 0.2162902 -0.8916941 0.3351156 -0.3042684 -0.9172018 0.04767382 0.3955604 -0.9638032 -0.2386918 0.1187838 -0.8616188 -0.2519741 0.440593 0.6422497 -0.7360947 -0.2137289 -0.7254148 -0.5586989 0.4020311 0.6897332 -0.6448856 -0.3292276 0.6726503 -0.662299 -0.3300026 -0.6489511 0.5540371 -0.5214456 -0.8323314 0.2744528 -0.4815602 0.7220351 0.6832525 0.1087731 0.2530212 0.8317226 0.494184 0.06905418 0.8476719 0.5260077 -0.2559592 0.9025959 0.3461294 -0.3008052 0.6556283 -0.6925806 0.7833028 0.6209452 -0.02939277 -0.5976424 0.4614121 -0.6556847 -0.5209144 0.7825511 0.3409726 -0.6530394 -0.6916325 0.3085193 0.4681969 -0.3988292 0.7884967 0.08606946 -0.5921096 0.801248 0.4312114 -0.8623695 -0.2652844 0.589675 -0.7543582 -0.2884913 0.2255355 0.7836256 0.578848 0.2625564 0.7686828 0.5832588 0.02698618 0.840788 0.5406915 -0.01549696 0.8481836 0.5294757 0.02514946 0.6497467 -0.7597347 0.02984625 0.6493458 -0.7599074 0.02928721 0.6493943 -0.7598878 0.024612 0.6497916 -0.7597138 0.4552043 -0.8412096 0.2918141 -0.4639859 -0.8363174 -0.2920452 -0.2576538 -0.5419617 0.7999325 -0.4220701 -0.4585114 0.782064 0.2741792 -0.5385154 -0.7967603 0.4432133 -0.4514155 -0.7744585 -0.8911351 -0.09302848 -0.444099 -0.8392243 0.1804404 -0.5129756 -0.871688 0.01904022 -0.4896914 -0.8620851 0.187238 0.4709049 -0.8943753 0.3275326 0.3046562 -0.8632833 0.4791704 0.1585488 -0.857289 0.4514397 -0.2475033 -0.8760023 0.4822194 0.00919497 -0.853111 0.3950834 -0.3407502 -0.9222212 -0.009685039 0.3865414 -0.8910701 -0.2184776 0.3978211 -0.9317778 -0.2690895 0.2436825 -0.9074448 -0.4172604 -0.04937285 -0.8716552 -0.1560029 -0.4646294 -0.9072182 -0.2874042 -0.307171 -0.8932196 -0.09120976 -0.4402722 -0.8950114 -0.4445637 -0.03630089 -0.792946 0.3539271 -0.495956 -0.8897991 0.05369001 -0.4531835 -0.8518585 0.5141128 -0.100126 -0.8733572 0.4028995 -0.2737136 -0.8614544 0.3627905 0.3553581 -0.9000884 -0.03529596 0.4342755 -0.8594774 0.3061995 0.4093174 -0.896604 0.4392303 0.05637413 -0.8354542 -0.4879589 0.2528095 -0.9311035 -0.2020756 0.303664 -0.8967052 -0.4361824 0.07526439 -0.9214544 -0.3883069 0.01182293 -0.8908383 0.02288645 0.4537438 -0.3637762 0.9278762 -0.08193069 0.01011615 0.5040375 -0.8636226 0.05371743 0.4984548 -0.8652499 -0.01035428 0.8504761 -0.5259118 -0.5685067 0.6808199 0.4618273 0.8809826 0.1727799 -0.4404735 0.870269 0.06575447 -0.4881682 0.8540796 0.04841536 -0.5178841 0.8275197 0.475171 0.2990382 0.8659016 0.4816745 0.1349231 0.8655955 0.2648255 0.4249848 0.8861103 0.4144006 -0.2075594 0.8252805 0.3380769 -0.4523453 0.8515862 0.5189341 -0.07421851 0.8385756 0.1383322 0.52693 0.8924927 -0.1074771 0.4380703 0.8368314 -0.542531 0.07330375 0.9016547 -0.3789355 0.2083908 0.892288 -0.4302145 -0.1368848 0.8534246 -0.2417914 -0.4617394 0.8216511 -0.4314067 -0.3725292 0.8241057 -0.3090825 0.4746766 0.804195 -0.06673854 -0.5906069 0.8612354 0.1474967 -0.4863315 0.8122473 0.3536084 -0.4639133 0.880382 0.429435 -0.2012786 0.7778878 0.6257761 -0.05740207 0.868691 0.454185 0.1977175 0.6546826 0.5275396 0.5413804 0.8189916 0.110207 0.5631228 0.854255 -0.334324 0.3980902 0.8372482 -0.249975 0.4863415 0.8850268 -0.2502608 -0.3925523 0.882685 -0.3508614 -0.3126719 0.9055359 -0.3915603 -0.1633564 0.7976315 -0.03526866 0.6021131 0.8826711 -0.4699484 0.006350994 0.89653 -0.4269506 0.1180972 0.8483162 0.08206504 -0.5230917 0.806647 -0.07630634 -0.5860871 0.873236 0.1752798 -0.4546821 0.9841166 0.1094746 0.139749 0.9861246 0.09368538 0.1370451 0.961086 0.1210184 0.248331 0.9026504 -0.1270705 0.411188 0.8924005 -0.2172676 0.3954949 0.9189692 -0.3714388 0.132397 0.8613724 -0.507938 0.006050169 0.9483265 0.09753835 0.3019323 0.8615731 -0.2917981 -0.4153862 0.9255079 -0.3200334 -0.2025189 0.8991889 -0.03773748 -0.4359303 0.8132829 0.1618694 -0.5589 0.9145855 0.3143559 -0.2543891 0.9307533 0.358689 0.07099753 0.8154392 0.5438594 -0.1981816 0.9272584 0.1272426 0.3521382 0.8596897 0.4122979 0.3015694 0.8640071 0.01252967 0.5033237 0.8881499 -0.1801031 0.4227916 0.586205 -0.59705 0.5476268 0.8347995 -0.5456006 0.07368725 0.8831625 -0.3587363 -0.3022124 0.8673161 -0.3819045 -0.3192366 0.8840716 -0.08417654 -0.4597083 0.8420543 -0.5356039 -0.06382179 0.7528967 0.5617184 -0.3429563 0.8397405 0.04876726 -0.5407936 0.8421025 0.3535765 -0.4072436 0.9201774 -0.2795432 -0.2740973 0.8532832 -0.2869056 -0.4354229 0.8777282 -0.2722805 -0.3942797 0.8565249 0.5050371 0.1063151 0.8820123 0.0895394 0.4626415 0.8886521 0.4477895 0.09890425 0.971658 0.1359561 0.1933827 0.9163423 -0.1126511 0.3842222 0.882548 -0.3259257 0.338942 0.9117987 -0.3725888 0.1726296 0.9023635 -0.4029902 -0.1527715 0.9480028 -0.3178772 -0.01565271 0.4566439 0.5776716 0.6765884 0.4566439 0.5776716 0.6765884 0.663567 0.4708829 -0.5813332 0.3188816 0.7494778 -0.5801703 -0.1541948 0.9132148 -0.3771776 -0.6852643 0.7282834 -0.004023671 0.3269265 0.7574074 0.5652019 0.5336069 0.6276104 0.5668942 -0.911638 -0.341431 0.2287818 -0.9475184 -0.1181801 0.2970563 -0.8294613 -0.5579036 0.02715772 -0.907419 -0.374063 -0.191488 -0.922861 -0.3205465 -0.2134891 -0.8737168 -0.08095198 -0.4796518 -0.9964573 0.0641303 -0.05440688 -0.9657816 0.2581736 0.02474433 -0.9985383 -0.006334364 -0.05367714 -0.9188737 0.2619767 0.2950243 -0.946769 0.1043015 0.3045486 -0.9489501 -0.06504571 0.3086469 -0.8625578 -0.1110315 -0.4936255 -0.8791914 0.3025702 -0.3680677 -0.8520938 0.2354063 -0.4674613 -0.9075449 0.4019342 -0.1217015 -0.8501309 0.357471 0.3866419 -0.9085183 0.3843154 0.1640015 -0.8289226 -0.09298694 0.5515804 -0.8845673 0.1146533 0.4521011 -0.920408 0.387144 -0.05448579 -0.790431 -0.31364 0.5261642 -0.8292268 -0.4017333 0.3885785 -0.7787771 -0.6058112 0.1627854 -0.8667877 -0.4974182 -0.03541839 -0.8118403 -0.5054981 -0.2922105 -0.8337794 -0.1213713 -0.5385916 -0.881963 -0.2897791 -0.3717116 -0.8105624 0.358623 -0.4630099 -0.9130224 0.06937336 -0.401967 -0.8534207 0.4526504 -0.2584199 -0.7549839 0.6550534 -0.03007572 -0.8802834 0.4482818 0.1553854 -0.8946275 0.3755208 0.242128 -0.8701621 0.1393833 0.4726419 -0.9265787 -0.2914611 0.2377024 -0.9489997 -0.1322044 0.2862198 -0.8613586 -0.5001019 -0.089217 -0.8472121 -0.4008925 -0.3485928 -0.8740898 -0.4400004 -0.2058321 -0.9191498 -0.3706471 0.1333581 -0.8899181 0.02900516 0.4551973 -0.8270448 -0.4110354 -0.3834671 0.1884968 0.6795443 0.7090053 -0.04226231 0.675175 0.736446 0.2241002 0.6768759 0.7011548 -0.07318407 0.6718019 0.7371068 0.1562747 0.7422565 -0.6516391 -0.2069612 0.6721465 -0.7109051 -0.26579 0.6509095 -0.7111067 0.2133857 0.7438562 -0.6333598 0.4803262 -0.8119313 0.3317446 -0.7253471 -0.687091 -0.04216092 0.6726121 -0.6735084 0.3065608 0.4411382 -0.5460088 -0.7122301 0.7047137 -0.3073775 -0.6394511 0.516238 0.6546838 0.5521662 0.582111 0.601601 0.5470129 0.04140478 0.8676658 0.4954209 -0.08375579 0.8846008 0.4587664 -0.4483192 0.6497752 -0.6138421 -0.510816 0.6109843 -0.6047854 -0.05091458 0.7985206 -0.5998105 0.01407819 0.8091198 -0.5874752 0.4991704 -0.429584 0.7525201 0.1580986 -0.5918589 0.7903847 -0.6842745 -0.6593787 0.3114293 0.5697251 -0.7887485 -0.2308445 0.7279559 -0.6360374 -0.2560014 0.5023228 0.8327221 -0.2329072 -0.4760221 0.8173164 0.3246489 -0.4186186 0.532782 -0.7354603 -0.5917037 0.4071763 -0.6957689 0.3185541 0.4932952 0.8094339 0.5088626 0.3740127 0.7753537 -0.7975908 -0.4125168 0.4400895 0.7432785 -0.6543769 -0.1390253 -0.6102489 -0.6486047 0.4548718 0.2012493 -0.8238511 -0.5298756 -0.03252047 -0.8222473 -0.5682006 -0.5778191 -0.5442856 0.6081763 -0.8019909 -0.23967 0.5471462 0.6630315 -0.7462107 -0.05965614 -0.5007821 -0.7464838 -0.4381544 -0.6486381 -0.6470859 -0.400685 -0.8967641 0.4139022 0.1565224 -0.9013572 0.07491731 0.4265472 -0.9407837 0.250608 0.2283022 -0.8601334 0.4442121 -0.2506914 -0.9092018 0.4163246 -0.005103588 -0.8609036 0.3876774 -0.3294712 -0.8623033 0.2809709 -0.4212939 -0.8662235 -0.4974995 -0.04638236 -0.8754916 -0.397877 0.2742419 -0.8685826 -0.4746003 -0.1425444 -0.8710594 -0.2130222 -0.4425802 -0.8712127 -0.3314481 -0.3621196 -0.8605062 0.2817358 -0.4244455 -0.9010527 -0.03734338 0.432099 -0.8685353 -0.380381 0.317737 -0.8221754 0.5347785 -0.1950377 -0.8442595 0.5144414 -0.1502535 -0.9156305 0.132541 -0.3795442 -0.8068737 0.2381526 0.5405907 -0.8495534 -0.1698497 0.4994098 -0.8644635 0.06306308 0.4987244 -0.8046266 0.5529295 0.2164372 -0.8652087 -0.2806003 0.4155448 -0.9161857 -0.02551203 -0.3999412 -0.8457986 0.4245351 0.3231017 -0.8318623 -0.495401 0.2501658 -0.7520017 -0.6380051 -0.1656594 -0.8497325 -0.5157755 0.1092256 -0.9214419 -0.2829562 -0.2662342 -0.8888772 -0.3826651 -0.2519226 -0.9643807 0.1623519 -0.2088348 -0.5576249 0.6390422 -0.5297919 0.2296965 0.9727586 -0.03131133 -0.4472597 0.7158258 -0.536239 -0.4800621 0.7242345 0.4949999 -0.7288897 0.3741677 0.5733397 0.8308178 0.5073567 0.2287598 0.7877296 0.6156319 0.02189564 0.8209874 0.5280884 -0.2170313 0.835085 0.4687583 -0.2879214 0.8506495 0.3564315 -0.3864612 0.85672 0.1175295 0.5022127 0.6685751 0.5069556 0.544062 0.8788148 -0.2800681 0.3863244 0.9012468 -0.4239523 0.08954703 0.8526006 -0.4267631 0.3015718 0.855187 0.1163136 -0.5051005 0.8636242 0.070284 -0.4992127 0.8599995 -0.2146595 -0.4629496 0.8794886 -0.4090337 -0.2432929 0.8642176 -0.4881736 -0.1217154 0.8877728 0.3279234 -0.3229951 0.7927798 -0.09337896 0.6023127 0.8713668 0.3230328 -0.3692827 0.8465238 -0.3077753 -0.4343639 0.8915482 0.3806143 -0.245509 0.9109348 0.4077401 -0.0628159 0.8714611 0.4758285 0.1189244 0.8757356 0.423949 0.2309856 0.8752161 0.2564206 0.4101774 0.8734536 0.2206367 0.4340488 0.8400758 -0.06716567 0.5382949 0.8644852 0.1061344 -0.4913258 0.8666562 0.04941838 -0.4964524 0.8538465 -0.2254263 -0.4691794 0.8379412 -0.4665403 0.2831868 0.8188545 -0.1679275 0.5488877 0.8373038 -0.422724 0.3467375 0.8523885 -0.3039714 -0.4254823 0.8875005 -0.435122 -0.1516966 0.8897978 -0.4516355 -0.06546235 0.84661 0.4179711 -0.3294718 0.8443135 0.3769595 -0.3808364 0.8504574 0.4895762 -0.1924511 0.8543754 0.01233851 -0.5195101 0.8633702 -0.2219974 -0.4531105 0.8629237 0.1561779 -0.4805947 0.8487758 -0.3579452 -0.3891723 0.8488652 -0.4874435 -0.2045157 0.7803102 0.08839815 0.6191138 0.7755632 0.09250128 0.6244559 0.8138231 -0.1691642 0.5559457 0.8313784 -0.5509076 -0.07287526 0.8531037 -0.4819728 0.1997908 0.8391073 -0.434132 0.3277629 0.8246205 -0.08888137 0.5586602 0.8418025 0.08910274 0.5323808 0.8418684 -0.3504171 0.4104455 0.7552273 -0.6532225 -0.05415141 0.712187 -0.6061211 0.3541286 0.8428127 0.4901371 -0.2223342 0.8331618 0.3913607 -0.3907406 0.6920952 0.4732797 0.5449867 0.7573772 0.5778236 0.3041378 0.8155961 -0.1720898 0.5524385 0.6287435 0.7771677 0.02630639 0.7704601 -0.6369587 -0.02598071 0.8047462 -0.4685279 -0.3645067 0.9010474 -0.1657047 -0.4008187 0.7888385 0.5860161 0.185254 0.8688958 0.1769102 0.4623018 0.8245108 0.3875062 0.4123361 0.9243407 0.1175183 -0.3630204 0.9252393 0.1117615 -0.3625491 0.8302909 0.5334176 -0.1615014 0.8940734 0.3715736 -0.2501322 0.846894 0.09297919 -0.52357 0.8623921 -0.01905393 -0.5058825 0.8504917 -0.1228266 -0.5114467 0.6717271 -0.5469685 -0.499608 0.759149 -0.5933492 -0.2676368 0.8139634 -0.2432556 0.5275324 0.787458 -0.07437133 0.6118651 0.8528652 -0.4931907 0.1714169 0.8020292 -0.4293978 0.4151709 0.7332096 -0.679535 -0.02522003 0.7944704 0.586864 0.1562292 0.8557584 0.09849673 -0.5079135 0.08414471 0.9329665 -0.3499903 0.002641081 0.54644 -0.8374942 -0.02202463 0.9702224 -0.2412124 0.001333594 0.5460788 -0.8377328 0.433618 0.8820807 0.1841446 -0.4335556 0.855305 0.2836955 -0.8416084 0.4789191 0.2496638 -0.9464398 -0.1421945 0.2898836 -0.9185523 -0.02361613 0.3945933 -0.9471834 -0.2945946 0.1267191 -0.9656781 0.1653027 0.2003521 -0.9964603 0.08380311 0.00663799 -0.836233 -0.4059955 -0.368622 -0.9115666 -0.4033526 -0.07970583 -0.9985277 0.03328084 -0.04283595 -0.9485799 -0.2653154 0.1726382 -0.9369692 -0.01068472 -0.3492488 -0.9375036 -0.1136955 -0.3288774 -0.9075384 0.1745843 -0.3819612 -0.85843 0.5060359 0.08381986 -0.8756828 0.4756841 -0.08309245 -0.8410248 0.4342073 -0.3227095 -0.8534621 -0.08073508 0.5148634 -0.9064635 0.1180289 0.4054542 -0.8946902 0.2740156 0.3527674 -0.9022546 0.3623221 0.2337934 -0.7820409 -0.5681048 0.2562599 -0.9335768 -0.1911519 0.3031424 -0.9074109 -0.4190692 0.03141278 -0.861212 -0.09253579 -0.4997513 -0.804052 0.381513 -0.4560136 -0.8953837 0.06367784 -0.4407191 -0.8625882 0.5031084 -0.05313795 -0.8770188 0.4107632 -0.2492225 -0.8154066 -0.505345 -0.2823802 -0.9057707 -0.2710719 -0.3257293 -0.8850772 0.3566042 0.2991186 -0.8973292 0.4338272 0.08120596 -0.8394908 -0.4043757 0.362954 -0.8276993 -0.3257926 0.4569171 -0.815351 -0.5691908 0.1059464 -0.8925432 0.03131681 0.4498735 -0.8863967 0.297387 0.3547703 -0.8273565 -0.1074411 -0.5513055 -0.9004547 -0.272203 -0.3392446 -0.7656031 -0.5591608 -0.3181056 -0.8769401 0.02103817 0.480139 -0.9257888 -0.3729209 -0.06200903 -0.8037019 -0.09727334 -0.5870274 0.1218883 0.7578626 0.6409271 -0.1594808 0.7317264 0.6626782 0.1713376 0.7561302 0.6315938 -0.199637 0.7229717 0.6614054 0.4839901 0.6598157 -0.5748015 -0.2173531 0.5980611 -0.7714146 -0.3429662 0.5486426 -0.7624734 0.5826148 0.6344553 -0.5079631 -0.41321 -0.727865 -0.5472385 0.6208125 -0.6961165 0.3605741 0.7709329 -0.6338843 -0.06207627 0.4421763 -0.7624703 0.4723552 -0.7628815 -0.4338142 -0.4793924 0.1736775 0.6904113 0.7022595 0.1071597 0.6923643 0.7135465 0.1838295 0.6898325 0.7002414 0.09883892 0.6923866 0.7147249 -0.2881112 0.7277411 -0.6224025 -0.2713159 0.7304242 -0.626792 -0.1258126 0.7440621 -0.6561576 -0.1047946 0.7446618 -0.6591638 -0.7186635 -0.6953092 0.008245646 -0.5194894 -0.79017 0.3252108 -0.5928242 -0.7477549 0.2990351 0.4510576 -0.5786801 -0.6794678 0.735345 -0.2567278 -0.6271831 0.5206238 0.6897471 0.5031896 0.4730086 0.7072444 0.525422 0.1403222 0.7661756 0.6271242 0.07366567 0.7666127 0.6378703 0.005170464 0.7482616 -0.6633837 0.02878743 0.7466101 -0.6646388 0.02617621 0.7468134 -0.6645184 0.002413332 0.7484269 -0.6632129 0.7978038 -0.6018167 0.03641009 -0.5649245 -0.7413285 -0.3623431 0.3005648 -0.6942837 0.653935 -0.06224316 -0.6539302 0.7539902 -0.8296993 -0.462081 -0.3131777 0.5308323 -0.835031 -0.1447079 -0.3471134 -0.9173166 -0.1950453 -0.2727638 -0.9416983 -0.1969882 0.5931836 -0.793815 -0.1341311 -0.8916712 0.4526793 -0.001980721 -0.9277856 0.361105 -0.0939002 -0.7520682 0.5758259 0.3206525 -0.8790464 -0.02862024 0.4758763 -0.833281 0.1983396 0.5160468 -0.8713862 -0.2120871 0.4423859 -0.8286716 0.3279705 0.4535844 -0.8994049 -0.4167841 0.1317649 -0.9155671 -0.3030127 0.2644246 -0.9428684 -0.04978168 -0.3294254 -0.8940555 -0.2976016 -0.3348104 -0.8982343 0.1460686 -0.414535 -0.9295166 -0.3687694 0.002824783 -0.9333299 0.348302 -0.08706957 -0.8676725 -0.3656498 -0.3368156 -0.9067433 0.2650309 -0.3279867 -0.727479 0.6600537 -0.1873593 -0.6696768 0.616594 0.4139382 -0.8630768 0.09264737 0.4965028 -0.8658955 0.2914721 0.406533 -0.7921039 0.6084277 0.04885965 -0.8854893 -0.3215834 0.3353994 -0.90516 -0.05423796 0.4215966 -0.8801552 -0.4730964 -0.03881669 -0.774073 -0.3770954 -0.5085372 -0.873197 -0.4214107 -0.2448267 -0.867565 -0.1375325 -0.4779289 -0.7314203 0.07253056 -0.6780588 -0.6461228 0.1395218 -0.7503727 -0.8795087 -0.3586391 0.312798 -0.8890157 -0.4518047 0.07432097 -0.9093679 0.3216198 -0.2638389 0.8767942 0.464383 0.124822 -0.8314635 0.4838844 -0.2729914 0.9338961 0.3185291 0.1624111 0.9245164 0.3697704 0.09240835 0.9116389 0.403279 0.07925099 0.9461214 0.2644174 0.1869162 0.8926757 -0.3241832 0.3131063 0.8991276 0.08534049 0.4292864 0.9108029 -0.2358387 0.3388485 0.9155969 0.2642719 0.303056 0.9165289 -0.3933379 0.07252818 0.9277413 -0.2888947 -0.2362964 0.8719626 -0.481903 -0.08631795 0.9249192 -0.1256697 -0.3587919 0.9180872 -0.1298081 -0.3745207 0.8985719 0.1029885 -0.4265699 0.8814573 0.4146344 -0.2260783 0.8336881 0.2876079 -0.4714296 0.8414721 -0.04801511 0.5381629 0.8531931 0.5109747 -0.1047219 0.8930498 0.4327094 0.1233886 0.8103541 0.472839 0.3460484 0.8726377 0.2171784 0.4374209 0.8279671 0.08654081 0.554059 0.8911122 -0.3717348 0.2602546 0.8648081 -0.260741 0.4290933 0.8704442 -0.1308356 0.4745618 0.900721 -0.4329254 -0.03574019 0.8726991 -0.3491023 -0.3413562 0.8621715 -0.4411607 -0.2490738 0.8694503 0.4067669 -0.2803515 0.8470759 0.2865957 -0.4475775 0.8668905 0.1591432 -0.4724133 0.8663328 -0.4766393 0.1492736 0.8774489 -0.141929 -0.4581917 0.8695518 -0.06102949 -0.4900562 0.9606503 0.2226681 0.1660421 0.8252753 0.5453895 -0.1465297 0.9488105 0.2912811 0.1221238 0.9739272 -0.2069866 0.09285688 0.875597 -0.3359986 0.3470373 0.9747688 -0.2109352 0.07302081 0.8763228 -0.4136379 -0.2469052 0.8979527 -0.4244061 -0.1164492 0.9125145 -0.1344479 -0.3863176 0.8582855 -0.003807187 -0.5131585 0.925444 0.2026264 -0.3201501 0.8615311 0.415452 -0.2918286 0.8992333 0.4358443 -0.03767627 0.8134037 0.5587265 0.1618619 0.8357362 -0.3772719 0.3990125 0.9146121 0.2543636 0.3142992 0.9307473 -0.07101052 0.3587018 0.8154511 0.1981723 0.5438449 0.9272888 -0.3520827 0.1271739 0.8818174 -0.4714577 -0.01121908 0.8597176 -0.3015483 0.4122552 0.939922 -0.2804803 -0.1946212 0.8714761 -0.2531436 -0.4200569 0.9245237 -0.00294137 -0.3811135 0.8665283 0.2557791 -0.4286094 0.9207699 0.3374577 -0.1957171 0.9236311 0.3782758 0.06175023 0.9228028 0.3660972 0.1200333 0.8857249 0.2164352 0.410667 0.7153301 -0.05877178 0.6963108 0.8875627 -0.2827159 0.3637366 0.8974443 0.2038257 0.3912147 0.9366966 -0.3496011 0.01945751 0.8837923 -0.428249 -0.1884519 0.8944067 -0.3886019 0.2214164 0.9283719 -0.2292976 -0.2924862 0.9820766 0.02933454 -0.1861858 0.9871162 0.007403254 -0.1598343 0.989966 0.09230375 0.1069929 0.9596093 -0.1676126 0.2259557 0.9775101 -0.07260245 0.197997 -0.4219483 0.9066195 9.1216e-4 0.7490767 0.4109529 -0.519617 0.468626 0.7077224 -0.5286952 0.4850155 0.6613016 0.5722241 0.2710059 0.7886932 0.5518323 -0.9568315 -0.1967327 0.2139384 -0.9009792 -0.4204128 -0.1071896 -0.9211374 -0.3783304 -0.0915001 -0.9750015 -0.1917066 0.1123424 -0.9680122 -0.05732583 0.2442669 -0.9665877 -0.04336524 0.2526416 -0.9637869 -0.05131077 0.261691 -0.9015519 -0.07272619 -0.4265151 -0.8415935 0.3719434 -0.3916358 -0.8125917 0.5824716 0.020536 -0.8811519 0.4173259 -0.2222846 -0.9249874 0.09278273 -0.3684965 -0.8736398 0.1887506 0.4484716 -0.8236497 0.3757069 0.4247887 -0.8212048 -0.0340175 0.5696188 -0.883639 0.4325576 0.1790986 -0.9196553 -0.1714314 0.3533349 -0.8962035 -0.3447216 0.2792608 -0.7198694 -0.6553857 -0.2285996 -0.9403301 -0.3236363 0.1050661 -0.9345055 -0.2207639 -0.2792183 -0.9090695 -0.3182272 -0.2689313 -0.8128483 -0.1594761 -0.5602188 -0.9112731 0.4094903 -0.04357999 -0.9201273 0.3250279 -0.218455 -0.810438 0.3194863 -0.4910386 -0.8706095 0.0328229 -0.4908787 -0.9736601 0.2218397 0.05266189 -0.860557 -0.4614524 -0.2156461 -0.883153 -0.4453096 -0.1474453 -0.9446739 -0.2778693 0.1742988 -0.8535214 -0.1287671 -0.5048966 -0.8742709 0.2453412 0.4188773 -0.6719886 0.6098741 0.4201012 -0.73936 -0.0736494 0.6692702 -0.8376827 0.1968016 -0.5094673 -0.8508355 0.3601903 -0.3825467 -0.8405606 0.1997315 -0.5035526 -0.9388348 -0.1603149 0.3047761 -0.9683433 -0.2352305 0.08353358 -0.8615282 -0.1930947 -0.4695569 -0.2316332 0.6800643 0.6955996 -0.2906094 0.6801682 0.6729915 0.1173992 0.6276381 0.7696024 0.1730802 0.6113186 0.772226 -0.153477 0.6415075 -0.751607 0.1129035 0.6258158 -0.771756 0.07912832 0.6303481 -0.7722695 -0.1827226 0.6404049 -0.7459853 -0.8375585 -0.5458363 -0.0236324 0.3723186 -0.9266517 0.05191946 0.1905722 -0.9806637 0.04450923 -0.8849241 -0.4648358 -0.02893108 0.05287587 0.8318374 0.552495 -0.08236998 0.8605669 0.502633 0.4113291 0.6626721 0.6258387 0.4696009 0.6202348 0.6283184 0.02921283 0.6262484 -0.7790762 -0.01602369 0.6173496 -0.7865257 0.3185643 0.6501885 -0.6897621 0.364314 0.6483424 -0.6685264 -0.5785549 -0.7402681 0.342458 0.4074442 -0.5663027 0.716443 0.1724176 -0.6326473 0.7550031 0.4847481 -0.753764 -0.4436882 -0.0130527 -0.5979534 -0.8014246 -0.1992267 -0.5671806 -0.7991338 0.6055424 0.566335 0.5590914 0.1236084 0.8330307 0.539241 0.5493442 0.6141042 0.5666544 0.01329451 0.8580697 0.5133611 0.01642793 0.7658898 -0.6427621 0.04231607 0.7695012 -0.6372421 -0.1607028 0.7265027 -0.6681082 -0.1901747 0.7174178 -0.670183 -0.5387191 -0.7180002 0.4407466 0.3460964 -0.2986742 0.889388 -0.0541529 -0.5362032 0.8423501 0.360663 -0.9307466 -0.06027513 0.4981864 -0.861856 -0.09494608 -0.5111468 -0.8225242 -0.2493653 -0.3162564 -0.5058321 0.8025683 0.4823942 -0.8189924 0.3107207 -0.5028933 -0.3920315 0.770331 0.5832309 -0.3930978 -0.7108557 0.4059725 -0.5161458 -0.7541751 0.1977272 -0.7119483 -0.6738203 -0.6974927 -0.7156097 0.03750771 -0.8249207 -0.4957463 0.2715538 0.04108732 -0.4509983 -0.8915786 -0.03517913 -0.4396187 -0.8974953 -0.8457388 0.3804255 0.3741691 -0.9171853 0.1727545 0.3590644 -0.8808669 0.3518691 0.3166414 -0.9417654 0.02800267 0.3351027 -0.8652895 -0.2710191 0.4216903 -0.8127778 -0.5810624 0.04193711 -0.8164428 -0.4279016 -0.3877131 -0.8314845 -0.5459541 -0.102799 -0.8705667 -0.3813742 0.3109138 -0.8590502 -0.2684865 -0.4358301 -0.8538019 0.0774728 -0.5148013 -0.8685048 0.1540294 -0.4711416 -0.9302728 0.3224387 -0.175002 -0.9467391 0.2395304 0.2151982 -0.9289766 0.2710555 -0.2520544 -0.9603811 0.2786622 -0.00396794 -0.8867346 0.3419553 0.3110761 -0.8379148 -0.0831651 0.5394279 -0.861426 0.3188586 0.395316 -0.9127956 -0.3759101 0.1596748 -0.8510897 -0.4464344 -0.276302 -0.9291416 -0.3696758 0.005989015 -0.8513391 -0.1029965 0.514406 -0.8899233 -0.3010527 -0.3426423 -0.8650528 0.018085 -0.5013548 -0.8850078 0.2215875 -0.4094634 -0.7361004 0.5246039 -0.4277231 -0.8629449 -0.07495349 -0.4997082 -0.6461674 0.6292035 -0.4319382 -0.9516645 -0.1868438 0.2437708 -0.1967126 -0.7121795 0.6738728 0.03541326 -0.4398022 0.8973962 -0.04071867 -0.4511684 0.8915095 0.6967494 -0.7163589 -0.03701877 0.8244169 -0.4966389 -0.2714527 0.519084 0.8156619 -0.255436 -0.7207438 0.6865448 0.09583705 0.7056596 0.6666765 -0.239973 0.6170203 0.3334254 0.712821 0.3289827 0.5480303 0.769047 0.8031673 0.3185048 0.5034651 0.8211013 0.3876284 0.4189715 0.8179454 0.1547712 0.554086 0.8398358 -0.4714653 -0.2690657 0.7984542 -0.5985404 -0.0649656 0.8588293 -0.4978216 0.1207723 0.8523961 -0.1450589 -0.5023733 0.7886726 -0.4169808 -0.4517992 0.8306869 0.02030122 -0.5563697 0.9233928 0.2190089 -0.3152474 0.9573973 0.2838771 -0.05295485 0.9332278 0.2931204 -0.2077648 0.9326966 0.3546563 0.06554412 0.8398103 0.1848218 0.5104505 0.8669859 0.4425553 0.2290863 0.867352 0.2996844 0.3973537 0.815444 -0.4634745 0.3467603 0.8646494 -0.264462 0.4271314 0.7334873 -0.05982309 0.6770655 0.8484165 0.3683298 0.3801615 0.9298597 -0.3254268 0.1716349 0.8717591 -0.240082 0.4270792 0.8912228 -0.07515174 0.4472967 0.9203037 -0.3598276 -0.1535099 0.8608216 -0.5062624 0.05181139 0.9207684 -0.1667774 -0.3526628 0.9264736 -0.1769599 -0.3321628 0.9072191 0.1009746 -0.4083598 0.8463939 0.4493805 -0.2857876 0.842204 0.2933837 -0.4523478 0.8832195 0.4642999 0.06594771 0.9306368 0.2102354 0.2995268 0.818255 0.5074794 0.2700433 0.8341562 0.5269109 -0.1629376 0.9469937 0.1377987 0.2901973 0.7594805 0.3529475 -0.5464589 0.9053483 0.05718743 -0.420802 0.8124785 0.476135 -0.3364139 0.8793722 0.4522867 0.1487998 0.8024247 0.5891836 -0.09474843 0.8205552 -0.5713977 -0.01392579 0.8181547 -0.5607769 0.1270917 0.7882965 -0.5743003 0.2208346 0.8958442 -0.2938962 -0.3332989 0.7577613 -0.6185778 -0.2077487 0.876797 -0.1503421 -0.4567543 0.8844088 -0.2844381 0.3700219 0.7965021 -0.603151 -0.04234665 0.8702527 -0.2173173 0.4420786 0.8242734 -0.2340596 -0.5155479 0.5798245 -0.6848225 -0.4413862 0.8809133 0.1320902 0.4544712 0.8598881 0.3151448 0.4015923 0.5563764 -0.7126057 0.4273625 0.5258253 0.0299611 -0.8500649 0.823446 0.3315864 -0.4604205 0.8961535 -0.2633123 0.3571771 0.9212656 0.08839857 0.3787551 0.9468206 -0.05637007 0.3167858 0.9118465 0.4105281 0.00163418 0.7874152 0.5153031 -0.33829 0.9222368 0.2269688 0.3129929 0.8362681 0.5033094 0.2175667 0.7953711 -0.604904 0.03841984 0.8150393 -0.4667183 0.3433437 0.831154 0.5397229 0.1337248 0.8276653 0.5607827 0.02220475 0.8579374 0.4954544 -0.1358984 0.7243728 0.4789785 -0.4958465 0.8869765 0.1587942 -0.4336556 0.9253888 -0.1872523 -0.3295335 0.7561818 -0.6364352 -0.1521165 0.8317259 -0.07266837 -0.5504101 0.8588756 0.4880451 0.155386 -0.03892171 -0.8156543 -0.577229 -0.03892171 -0.8156543 -0.5772289 0.1363964 -0.330739 0.9338136 -0.1458336 -0.4584399 0.8766786 0.09962761 -0.3668195 0.9249421 -0.2577133 -0.6151223 0.7451231 -0.5271202 -0.6279044 -0.5726085 0.6199517 -0.7635834 -0.1805557 -0.7401461 -0.4467235 -0.502615 -0.9814401 -0.1917594 0.001923084 -0.9403273 -0.3273665 0.09282183 -0.8946253 -0.4364014 0.09591424 -0.845246 -0.2217041 -0.4862164 -0.8712854 0.189553 -0.4526936 -0.8887466 -0.03472775 -0.4570815 -0.9529694 -0.2817029 -0.1117717 -0.9946332 -0.07777082 0.06823915 -0.8765678 0.2948744 -0.3803658 -0.8483695 0.4786354 -0.2262246 -0.7940024 0.5358532 0.2870919 -0.9004787 0.4331563 -0.03890848 -0.6580819 0.04536193 0.7515787 -0.8726709 0.311461 0.3760821 -0.8712438 -0.4793365 -0.1056926 -0.9111883 -0.3961774 0.1130459 -0.6630873 -0.5952388 0.4538788 -0.8547381 -0.1838654 0.4854034 -0.9134447 -0.3486241 -0.2099523 -0.8550981 -0.1729708 -0.4887623 -0.8629855 -0.06205725 -0.5014029 -0.8754506 0.456534 -0.1586283 -0.8423092 0.5386859 -0.01824152 -0.9028531 0.3530933 0.2453191 -0.9142996 0.1417587 -0.379422 -0.9150233 0.1893537 -0.3561989 -0.9309296 0.359763 0.06277751 -0.9401099 0.1758815 0.2919921 -0.8962188 -0.01529896 0.4433483 -0.9394769 -0.1212571 0.3204373 -0.8754008 0.4819667 0.03716963 -0.8487034 0.5284932 0.01994168 -0.8436937 0.5291451 -0.09047943 -0.9434581 -0.3083463 0.121694 -0.9518061 -0.2757583 0.1342479 -0.8900784 -0.251335 -0.3802517 -0.9720771 -0.2316312 -0.03759008 -0.935628 -0.08320307 -0.3430417 -0.9139465 0.1450424 -0.3790313 -0.9068177 0.1616296 -0.389304 -0.8769531 0.4258208 -0.222778 0.08212614 0.8808972 0.4661282 -0.08445221 0.9065055 0.4136614 0.5883463 0.6102204 0.5305468 0.6544766 0.5448745 0.5241873 -0.4038618 0.5836393 -0.7044579 0.2553048 0.7369205 -0.6259135 -0.3115932 0.6266247 -0.7143187 0.3473027 0.7304987 -0.5880073 0.780734 -0.6217765 0.06203681 0.7970951 -0.6017358 0.05053204 0.6807169 -0.7220193 0.1237449 0.6606092 -0.7385389 0.134744 0.3393722 0.4138361 -0.8447285 0.08479487 0.4853526 -0.8701969 -0.6472303 0.4850629 -0.5880537 -0.7307456 0.4568546 -0.5072425 0.4914858 0.7531082 0.4373443 0.25166 0.8124153 0.5259742 -0.6331008 0.5684199 0.5254352 -0.7228701 0.4898784 0.4873173 -0.643401 -0.7503238 -0.151821 0.8510614 -0.4989774 0.1634505 0.7309771 -0.6599912 0.1734476 0.2909927 -0.541542 -0.788705 0.5793575 -0.3310266 -0.7448264 0.3890163 0.7745436 0.4987472 0.1879555 0.8069711 0.5598844 -0.596612 0.5892936 0.5447819 -0.677516 0.5265535 0.5135304 -0.3280462 0.7051661 -0.6285911 0.5364094 0.5771037 -0.6158053 0.4287504 0.6274026 -0.6500301 -0.4458835 0.6763107 -0.5863376 -0.3165901 -0.723326 0.6136532 0.06600934 -0.3981952 0.9149226 -0.068259 -0.4213196 0.9043399 0.4605515 -0.8790102 -0.1234241 0.1670511 -0.8429421 -0.5114123 0.0687744 -0.8476815 -0.5260287 -0.9211735 0.07399195 0.3820531 -0.9011718 -0.1477229 0.4075136 -0.8962202 -0.1099779 0.4297608 -0.9313333 0.0836898 0.3544212 -0.8896906 -0.4195193 0.1801508 -0.8785234 -0.4294827 0.2091444 -0.9224063 -0.3749142 -0.0927689 -0.8803173 -0.3683116 -0.2989785 -0.8364421 0.3030552 -0.4566423 -0.8602023 0.07769578 -0.5039995 -0.8672421 -0.04668241 -0.4956935 -0.905915 -0.2245922 -0.3589935 -0.7723209 0.6135652 -0.1644944 -0.8449012 0.4022656 -0.3525965 -0.8876848 0.4582488 0.04498779 -0.8254386 0.4722363 0.3092637 -0.9055277 0.2583718 0.336547 -0.8748695 0.05918323 0.4807294 -0.8870094 -0.06708264 0.4568526 -0.8580948 -0.3504552 0.375306 -0.8800786 -0.4748279 -5.92227e-4 -0.8601993 -0.4035871 0.3117285 -0.8591784 -0.3063409 -0.4098388 -0.8933424 -0.3750463 -0.2475479 -0.8741659 -0.06259733 -0.4815763 -0.8605409 0.08351486 -0.5024884 -0.8488264 0.3530984 -0.3934658 -0.8692882 -0.4937468 0.02350372 -0.8108606 0.5187458 -0.2709388 -0.9788748 0.2043977 -0.0050776 -0.9873083 0.1585109 0.009837687 0.1782919 -0.5371785 0.8244097 -0.4335035 -0.8139605 0.386708 0.2955815 -0.5048511 0.8110222 0.2109747 -0.9161097 -0.3409296 0.5365821 -0.625653 -0.5662491 0.7853229 -0.3754798 0.4922225 0.8754936 -0.1670235 0.4534472 0.8445379 -0.4762583 0.2448137 0.8139278 -0.5725978 0.09825116 0.8597953 -0.4825291 -0.1670859 0.8182126 -0.2334642 -0.5253788 0.8097248 -0.4766933 -0.3422125 0.8395626 -0.03845649 0.5419002 0.8054345 -0.003809034 0.5926727 0.8562363 0.4533088 -0.2477307 0.8557054 0.2582198 -0.4484316 0.877323 0.4663288 -0.1133219 0.8143739 0.1106137 -0.5697016 0.878637 0.4547679 0.1455448 0.8727952 0.4423598 0.2062678 0.8474268 0.2954665 0.4410981 0.8097734 -0.1570717 -0.5653278 0.824109 0.2074723 0.5270671 0.8477482 -0.1301052 0.5141942 0.8479117 -0.2023581 0.4899969 0.9517665 -0.1175611 -0.2834079 0.8865195 -0.4443612 -0.1289435 0.8688232 -0.4676166 -0.1627296 0.9561392 0.1147751 -0.2694895 0.9439985 6.46759e-4 -0.3299493 0.8350417 -0.4929933 0.2442606 0.8878581 0.3543962 -0.2934476 0.8579589 0.4986093 0.1236744 0.869969 0.4083586 -0.2764004 0.9370136 0.233505 0.2597714 0.9631799 -0.04970455 0.2642233 0.8907321 0.1799253 0.4174006 0.8329482 -0.4914305 0.2543494 0.8393977 0.5259392 0.137111 0.9715354 -0.07780963 0.2237514 0.984117 -0.1094754 -0.1397458 0.9861252 -0.09368431 -0.1370415 0.961084 -0.1210259 -0.2483353 0.8923938 0.2172678 -0.3955099 0.902647 0.1270648 -0.4111973 0.8613505 0.5079749 -0.006059467 0.9189576 0.3714603 -0.1324171 0.9255022 0.3200444 0.2025277 0.9483217 -0.09754514 -0.3019455 0.8991879 0.03773641 0.4359326 0.8615673 0.2918017 0.415396 0.8132856 -0.1618689 0.5588962 0.9145843 -0.3143572 0.2543922 0.9801686 -0.1537716 -0.1249958 0.8395505 -0.5144404 0.1746597 0.973324 -0.04603165 -0.2247703 0.9690538 -0.1358975 -0.2060741 0.8604648 0.5009753 -0.09286653 0.8986501 0.1636876 -0.4069821 0.8838201 0.4370372 -0.1669151 0.8872694 0.2478221 -0.3890208 0.8688566 -0.1604126 0.4683546 0.8525914 -0.24193 0.4632039 0.8957516 -0.4112146 0.1689135 0.8554871 0.4537509 0.2495034 0.84406 0.3075358 0.4393002 0.8956801 0.1025908 0.4327036 0.906418 -0.4102643 0.1004485 0.9456183 -0.2935769 -0.1400673 0.8920139 -0.1646115 -0.4209684 0.8729882 -0.3437418 -0.3460249 0.8848455 0.4556727 -0.09700942 0.7933599 0.4641079 -0.393934 0.8849781 0.2286285 -0.4056388 0.8555698 0.4901701 0.1665335 0.8046498 -0.004135191 -0.5937355 0.7965489 0.5916512 0.1243333 0.9622272 0.1269579 0.240833 0.9982699 -0.04509496 0.03773283 0.9942849 -0.02126747 0.1046193 0.4566361 -0.5776662 -0.6765984 0.4566361 -0.5776662 -0.6765984 0.4566361 -0.5776661 -0.6765984 0.3218888 -0.7491015 0.5789945 -0.1537297 -0.9137958 0.375958 0.6673237 -0.4687895 0.578719 -0.6839122 -0.7295624 0.001751422 0.4246198 -0.7028051 -0.5707567 0.6155957 -0.557793 -0.5566946 -0.7648459 0.2061585 -0.6103356 -0.7839981 0.3126807 -0.5362628 -0.8893177 -0.1040368 -0.4452981 -0.8344243 -0.5067875 -0.2165701 -0.8137296 -0.5692934 -0.1172569 -0.8296459 -0.5497862 -0.09707188 -0.6222714 0.6998459 -0.3507052 -0.8763747 -0.3875572 -0.2859491 -0.8693619 0.492371 -0.04219895 -0.8405789 0.4980277 0.2130626 -0.9465836 0.2350346 0.2207676 -0.9518239 0.01118719 0.3064412 -0.7735407 -0.6246572 -0.1069504 -0.8591561 -0.3953532 -0.3248797 -0.7570071 -0.6523053 -0.03792494 -0.6405732 -0.6882918 0.3404709 -0.8953122 -0.2141687 0.3905739 -0.8057463 0.4258122 -0.4116515 -0.7977139 0.4330006 -0.4197179 -0.8414717 0.1238515 -0.5259147 -0.8788513 -0.02988529 -0.4761589 -0.8966224 -0.1137974 -0.4279235 -0.9577019 0.07911747 0.2766724 -0.892319 -0.2993155 -0.3379009 -0.8071076 0.5756179 -0.1313065 -0.8407282 0.4539524 0.2951329 -0.8620812 0.5055649 0.03493183 -0.8227749 -0.3407794 0.4548746 -0.8685861 -0.05115216 0.4928911 -0.8138291 0.136551 0.5648328 -0.8598421 0.344492 0.3768246 -0.8952519 -0.4455603 3.54108e-4 -0.8750389 -0.3902425 0.2863876 -0.8445162 0.4237805 0.327418 -0.8698425 0.3872613 0.3056186 -0.9202116 0.363503 0.1451765 -0.8762089 0.331098 -0.3501888 -0.8623535 0.1906176 -0.4690538 -0.8571555 0.4650086 -0.221476 -0.8887994 -0.006213843 -0.4582543 -0.8803392 -0.2051985 -0.4276642 -0.9212668 0.3861432 -0.04648566 -0.9049372 -0.2944416 -0.3072343 -0.9023884 -0.4250254 -0.07105398 -0.9243625 0.3447961 0.1633085 -0.136875 0.6580358 0.7404419 0.4346351 0.6419866 0.6316214 0.3561465 0.658876 0.6626027 -0.2070927 0.6440665 0.7364041 -0.3132148 0.6223496 -0.7173406 -0.4045684 0.5798244 -0.7071974 0.2552299 0.7333837 -0.6300842 0.3483532 0.7269915 -0.5917208 -0.875729 -0.4812391 -0.03882938 0.4232438 -0.8281051 0.3675685 0.0859192 -0.9253841 0.3691645 -0.3351464 -0.5825427 -0.7404869 0.1822752 -0.4740071 -0.8614484 -0.4889387 0.4925017 -0.7199869 0.5020014 0.66618 -0.5515423 -0.3431839 0.5668342 -0.7489485 0.6194748 0.6297162 -0.4687307 -0.1797373 0.7409526 0.6470578 0.09516155 0.7715102 0.6290599 0.05433934 0.7707158 0.6348578 -0.2124415 0.7333094 0.645853 -0.1289983 -0.9017332 -0.4125978 0.6315461 -0.6852185 0.3628018 0.3881974 -0.9132164 0.1238501 0.6294291 -0.6863079 0.364418 0.2858785 -0.4584891 -0.8414638 0.4157601 -0.3862814 -0.8233652 0.6032161 0.5670195 0.5609095 0.1026009 0.8366478 0.5380462 0.5451922 0.6158463 0.5687696 -0.01099598 0.8599737 0.5102199 -0.01476055 0.6602818 -0.7508729 0.07833862 0.6521321 -0.7540469 0.06709432 0.6534234 -0.7540135 -0.02559006 0.6608555 -0.7500768 0.696065 -0.6668686 0.2660448 -0.5079126 -0.8584253 -0.07162988 0.7905114 -0.5628639 0.2414044 0.3907705 -0.5726456 -0.7206771 0.6789043 -0.246321 -0.6916755 -0.2558326 0.6122552 -0.7481265 -0.3664667 0.5660209 -0.7384597 0.4030177 0.693246 -0.5974837 0.5022736 0.6742624 -0.5413795 -0.03824657 0.8193468 0.5720212 0.06674581 0.7992426 0.5972907 -0.02054476 0.8166453 0.5767742 0.08420193 0.7949458 0.6008089 -0.9269691 -0.1780354 -0.3301995 -0.9195895 -0.3687241 -0.1356386 -0.8672496 -0.4970229 -0.02909362 -0.8396438 0.230916 -0.4916056 -0.9231091 -0.02964538 -0.3833939 -0.8042304 -0.4414215 0.3979454 -0.8716196 -0.4495868 0.1953234 -0.8599901 -0.2692419 0.4335042 -0.8914617 -0.2002061 0.4064646 -0.9326751 -0.2468787 -0.2629987 -0.8624564 0.504467 0.04101186 -0.7551048 0.6301082 -0.1810533 -0.8418923 0.4767802 0.252781 -0.9289035 0.0663895 0.3643224 -0.9323645 0.2407969 0.2696541 -0.8704636 0.3531163 -0.3429316 -0.9444809 -0.009324371 0.3284342 -0.8392473 -0.2956885 0.456325 -0.8763651 -0.3444584 0.3366493 -0.8440992 -0.5342137 0.04595917 -0.8721911 -0.4838766 -0.0717377 -0.8827475 -0.3258616 -0.3384836 -0.869566 -0.3580584 -0.3400723 -0.8935309 -0.09004366 -0.4398806 -0.8594174 0.07313132 -0.5060175 -0.8603923 0.4144715 -0.2965442 -0.8740224 0.2963771 -0.3850265 -0.8108194 0.5584341 0.1752806 -0.8487908 0.52796 -0.02850633 -0.9788687 0.1481544 0.1409477 -0.9873043 0.1051598 0.1190453 -0.006293118 -0.4858801 0.8740029 0.1457643 -0.958908 0.2434102 0.1193025 -0.8799377 0.459866 -0.005333781 -0.4861498 0.8738593 -0.05147439 -0.9257685 -0.3745706 -0.09005004 -0.9218248 -0.3770012 0.8651605 -0.4378972 0.2444249 0.8497605 -0.385864 0.3591879 0.8581738 -0.4894362 0.1548871 0.8986974 0.1896529 -0.3954424 0.9342657 -0.05800062 -0.3518291 0.9452956 -0.08961766 -0.3136638 0.8524963 0.5022372 -0.1449414 0.8122564 0.415238 -0.4096549 0.9238631 -0.1138771 0.3653887 0.9089546 0.05735635 0.4129308 0.9577084 0.1267998 0.2582954 0.8579174 0.432738 0.2769762 0.8556661 -0.377074 0.3544728 0.8372704 -0.4553219 -0.3027548 0.788888 -0.5943793 -0.1561063 0.8098163 0.5866633 0.004869759 0.8219426 0.4141415 0.3910206 0.83957 -0.4648848 0.2810775 0.8439261 -0.3477229 0.4085068 0.8465663 -0.2387794 -0.4757204 0.7675291 -0.5163931 -0.3797861 0.8173455 -0.5506172 -0.1696088 0.7243155 -0.6835665 0.09002262 0.8568633 0.1465383 -0.4942792 0.8261459 -0.0987125 -0.5547422 0.8611591 0.2571786 -0.4384795 0.9141798 0.3463995 -0.210435 0.857012 0.3278536 0.3975456 0.841911 0.4580975 0.2851889 0.8782196 0.4753474 0.05268174 0.8760575 -0.0623542 0.4781581 0.8382595 0.1039035 0.5352805 0.8355408 -0.3654237 0.4102891 0.8790567 0.4686632 -0.08725911 0.8247051 -0.3740126 0.4242359 0.7902823 -0.5633189 0.2410931 0.8171638 0.5201444 0.2483811 0.869951 0.1733341 0.4616716 0.7965713 0.4191011 0.4356933 0.8708402 -0.02160137 0.4910916 0.8886197 -0.1790885 0.422235 0.8138226 0.1691626 -0.5559469 0.846431 0.4939302 -0.1989667 0.8391053 0.434131 -0.3277691 0.7802969 -0.08839988 -0.6191303 0.7755481 -0.09250229 -0.6244745 0.7764323 0.6257176 0.07503712 0.8004564 -0.04271626 -0.5978671 0.8193876 -0.2362008 -0.5223154 0.868554 0.1842874 -0.4600566 0.7732586 0.4386724 -0.4578622 0.8180211 0.5387012 -0.2016003 0.8652712 -0.454743 0.2109846 0.8474835 -0.3934478 0.3563295 0.8565281 -0.5146788 -0.03828084 0.8527392 -0.4924731 -0.1740864 0.7777781 -0.4322002 -0.4563599 0.8371128 0.4456289 0.317265 0.5498293 0.8348333 0.0272246 0.8155983 0.1720811 -0.5524379 0.8568022 -0.3988671 -0.3267952 0.8053411 -0.02026844 -0.5924653 0.7918149 -0.3499132 -0.5005895 0.8714311 -0.4831783 -0.08453869 0.8630661 -0.5048605 0.01525682 0.8754156 0.01329576 0.4831882 0.7821803 0.3483253 0.5165885 0.8263834 -0.3945476 0.4017745 0.8149219 -0.1838254 0.5496459 0.8095182 -0.4977883 0.311267 0.9089784 0.2913014 0.2981643 0.8141319 0.5599096 0.1539177 0.8911298 0.4524533 -0.03426116 0.900345 0.1718717 0.3997988 0.9166843 0.009477317 0.3995 0.8428864 -0.114326 0.5258063 0.8661113 -0.1008976 0.489562 0.9480967 0.2022598 -0.2453643 0.9091995 0.3438187 -0.2348299 0.755711 0.09571057 -0.6478739 0.08414316 -0.9329634 0.3499988 0.002642333 -0.5464392 0.8374947 -0.06686025 -0.9696623 0.2351275 0.001336574 -0.5460791 0.8377326 0.4357743 -0.8812943 -0.1828148 -0.4989683 -0.8186033 -0.2844631 -0.8921787 -0.3860216 -0.2345305 -0.8281489 -0.1342146 -0.544202 -0.8601979 -0.3134909 -0.4022226 -0.8892301 -0.3095428 -0.3368284 -0.8923326 0.4212126 0.1622417 -0.8088242 0.5836641 -0.07169228 -0.8369523 0.368086 0.4049982 -0.8308107 -0.08230376 -0.550436 -0.9043006 0.1736297 -0.3899915 -0.9070771 0.1658819 -0.3869036 -0.8775736 0.4101205 -0.248326 -0.8695455 -0.455284 0.1913299 -0.898797 -0.3915792 -0.197053 -0.9200341 -0.390872 -0.02750533 -0.903471 -0.2597909 -0.3409528 -0.8222337 -0.08992725 -0.5620007 -0.889245 0.1543401 -0.4306071 -0.8782269 0.1942231 -0.4370298 -0.8600053 0.4866449 -0.1535179 -0.9551444 0.08852708 0.2825991 -0.8986337 -0.1351581 0.4173605 -0.9095656 -0.2682413 0.3173909 -0.8793077 0.472033 -0.0632686 -0.8677289 -0.4794375 -0.1310966 -0.9137093 -0.3662738 0.1760084 -0.8588512 -0.3666337 0.3577073 -0.9100797 -0.08749246 0.4050927 -0.7696546 0.1415049 0.6225819 -0.8175589 0.5363143 0.2096773 -0.8746244 0.3760145 0.3060151 -0.8675742 0.2774333 -0.4127296 -0.906904 -0.1319805 -0.4001331 -0.9007971 -0.1908808 -0.3900374 -0.8174968 0.5284634 -0.228966 -0.8526586 0.5188875 -0.06106823 -0.673792 0.6525492 0.3466756 -0.864085 0.308541 0.3976931 -0.8428525 0.1452441 0.5181736 -0.899872 -0.3744015 -0.2237276 -0.8660961 0.2914821 -0.4060983 -0.8347789 0.09187698 0.5428655 -0.8390713 0.09405618 0.5358291 0.245725 0.7720376 0.5861546 -0.02049273 0.8459779 0.5328242 -0.07960885 0.8533603 0.5152074 0.292729 0.7517326 0.5909382 -0.3605627 0.6149583 -0.7012994 -0.4531098 0.567241 -0.6876985 0.2144023 0.7462269 -0.6302199 0.3083031 0.7423945 -0.5948107 0.5536026 -0.5539869 0.6217899 0.2888334 -0.6689505 0.6848946 -0.7917885 -0.587259 0.1679224 0.6985482 -0.5165542 -0.4951791 0.8583109 -0.2754607 -0.4329248 -0.3646204 0.6186537 -0.6959307 -0.4496892 0.5746069 -0.6838177 0.1622173 0.7506149 -0.6405177 0.2491095 0.7509686 -0.6115478 -0.133577 0.6580322 0.7410472 0.4345409 0.6415253 0.6321547 0.3565034 0.658302 0.662981 -0.2033768 0.6443234 0.7372146 -0.8912467 -0.3678847 0.2652174 0.7683851 -0.5590119 -0.311593 -0.782186 -0.5689253 0.2539863 0.05687814 -0.5605773 -0.8261464 -0.2897461 -0.4779412 -0.8292282 0.5398418 0.7227242 0.4315562 0.1355727 0.8139386 0.5649107 0.6237643 0.6794685 0.386317 0.03405076 0.813038 0.5812141 -0.4553971 0.6434397 -0.6153039 -0.5207539 0.6022028 -0.6051176 -0.03662496 0.7988851 -0.6003676 0.03214162 0.8091782 -0.5866836 0.6059818 -0.5255582 0.5971388 0.3504393 -0.654974 0.6694784 -0.7705 -0.612061 0.1780767 0.7459534 -0.4906319 -0.4503708 0.879202 -0.2613515 -0.3983709 0.3552414 0.7010273 -0.6183561 -0.2281952 0.6239387 -0.7474138 -0.3225121 0.5872035 -0.7424137 0.4497863 0.6876763 -0.5699067 -0.006156682 0.8452311 0.5343655 -0.1659004 0.8589193 0.4844945 0.5926492 0.5638161 0.5752203 0.6594626 0.5014057 0.5600906 0.3752498 -0.9078074 0.1872788 0.2595663 -0.785135 -0.5623063 0.4066883 -0.9005292 0.1537916 -0.1179008 -0.5054745 0.8547485 -0.08438313 -0.5118159 0.8549409 0.3030332 -0.9521404 0.03999662 -0.6431648 -0.3435837 -0.6843167 -0.3416792 -0.770129 -0.5386619 0.05893802 -0.8482253 0.526346 0.09635382 -0.8484061 0.5205029 -0.051943 -0.9428501 0.329144 -0.09001165 -0.9362445 0.3396236 0.5087797 -0.7535791 -0.4162474 0.5515589 -0.7258509 -0.4110028 0.02625912 -0.4849004 0.8741751 0.03486651 -0.4833194 0.8747496 0.4066653 0.9005343 -0.1538223 0.37523 0.9078174 -0.1872702 0.259591 0.7851271 0.562306 -0.1178659 0.505477 -0.8547519 -0.08435547 0.5118173 -0.8549429 0.2859869 0.9575684 -0.03569835 -0.6431706 0.3435796 0.6843133 -0.3448855 0.7672729 0.5406906 -0.1426958 0.8331433 -0.5343316 -0.0936774 0.8416492 -0.5318377 -0.05193865 0.9428471 -0.3291531 -0.09000688 0.9362496 -0.339611 0.5088269 0.7535546 0.416234 0.5516034 0.7258257 0.4109876 0.02623963 0.4849021 -0.8741747 0.03484606 0.4833214 -0.8747492 -0.0111019 -0.5871221 -0.8094223 0.0124275 -0.6641113 -0.7475306 -0.02030426 -0.9338587 -0.3570653 0.01489567 0.4206742 -0.9070895 -0.01189899 0.4899059 -0.8716942 0.003004729 0.8880625 -0.4597132 -0.01773816 0.8929224 -0.4498613 0.06352216 0.8896442 0.4522149 -0.1508867 0.9540012 0.2590656 0.08455675 0.7980711 0.596601 -0.03318959 0.06707584 0.9971957 0.07486158 0.3409989 0.9370782 -5.78289e-4 -0.7740092 0.6331742 0.02113169 -0.5481053 0.8361424 -0.09759253 -0.9512628 0.2925322 0.02690494 -0.9202435 0.3904204 -1 -8.51804e-7 0 -1 -8.33714e-7 0 -1 -1.78566e-6 0 -1 9.38264e-7 0 -1 6.97164e-7 0 -1 3.63012e-7 0 -1 1.31556e-6 0 -1 3.9596e-7 0 -1 0 -4.32706e-7 -1 1.13389e-6 -6.69756e-7 -1 1.88267e-6 5.57339e-7 -1 2.53511e-6 2.27259e-7 -1 2.47861e-6 1.04738e-6 -1 1.10092e-6 2.93478e-7 -1 3.57817e-7 8.14311e-7 -1 2.92887e-7 6.82728e-7 -1 3.5848e-7 1.18619e-6 -1 2.00647e-7 2.51429e-7 -1 3.57278e-7 1.62162e-6 -1 7.16076e-7 -3.61548e-7 0.03589177 -0.7944438 -0.6062763 -0.02752631 -0.8986298 -0.4378434 -0.03472191 -0.4589054 -0.8878065 0.02634704 -0.8519052 0.523033 -0.02661359 -0.7995959 0.5999485 0.005485236 -0.432753 0.9014958 0.01372879 0.7550963 0.6554703 -0.01967459 0.807919 0.5889652 -0.01391708 0.3978975 0.9173244 0.02708613 0.9149286 -0.4027061 -0.01247745 0.86646 -0.4990906 0.0279051 0.4700143 -0.8822177 -0.005583107 0.4199211 -0.9075435 1 4.13785e-7 2.42474e-7 1 0 3.98213e-7 1 0 5.40183e-7 1 -1.37837e-6 5.03644e-7 1 7.98365e-7 0 1 6.98353e-7 0 1 0 0 1 -5.24931e-7 5.65657e-7 1 3.17263e-7 0 1 -4.17998e-7 -4.41884e-7 1 -1.56747e-6 -1.55216e-7 1 -1.36519e-6 0 1 0 -2.33985e-7 1 -1.34056e-6 -3.67336e-7 1 0 -1.53388e-7 1 0 2.83103e-7 1 0 0 1 -1.59392e-6 0 1 -1.93214e-6 -2.72178e-7 1 0 -1.55311e-7 1 1.88446e-7 -2.95522e-7 1 1.81511e-7 0 1 1.09668e-6 0 1 8.42649e-7 0 1 -4.35288e-7 -8.13762e-7 1 -1.89064e-6 -2.88314e-7 1 -1.72796e-6 -4.57389e-7 1 -1.67878e-7 -1.96544e-7 1 -4.68841e-7 -4.37215e-7 1 3.50061e-7 0 1 -1.446e-6 -3.39144e-7 1 3.19527e-7 0 1 0 0 1 -1.20826e-6 0 1 -1.07769e-6 0 1 -5.88026e-7 -1.82748e-7 1 2.35986e-7 -3.52035e-7 1 4.51503e-7 0 1 -7.05391e-7 -1.80906e-7 1 -1.0044e-6 -3.51283e-7 1 0 -3.52738e-7 1 2.12433e-7 0 1 -5.55981e-7 -1.84949e-7 1 -4.30245e-7 -4.63053e-7 1 -9.50224e-7 -1.55311e-7 1 2.19973e-7 -2.72495e-7 1 -5.17402e-7 0 1 8.01894e-7 -2.10733e-7 1 6.92351e-7 0 1 0 -5.92803e-7 1 1.45413e-6 -4.64151e-7 1 0 -6.98954e-7 1 -4.39918e-7 -3.97817e-7 1 -3.29761e-7 -4.43711e-7 1 0 -7.15621e-7 1 -1.36321e-7 -1.80005e-7 1 -6.6694e-7 -3.26575e-7 1 3.04909e-7 -2.02597e-7 1 -1.75565e-7 -2.74344e-7 1 -4.8712e-7 -4.08001e-7 1 -2.68291e-7 -3.23277e-7 1 1.28331e-7 0 1 8.54368e-7 -1.47046e-7 1 1.36691e-6 0 1 2.22901e-7 -2.24541e-7 1 -5.09057e-7 -2.28297e-7 1 -5.01594e-7 -2.27716e-7 1 -8.95477e-7 -1.67716e-7 1 6.46397e-7 0 1 3.65029e-7 0 1 2.97116e-7 0 1 -3.2463e-7 -2.43334e-7 1 0 0 1 2.74528e-7 -2.93047e-7 1 -1.71597e-6 0 1 -5.35844e-7 0 1 -2.00969e-7 0 1 1.8612e-7 0 1 -1.99034e-6 0 1 0 -2.01242e-7 1 -4.76301e-7 -1.34507e-7 1 4.66855e-7 -8.8935e-7 1 1.74684e-6 3.3267e-7 1 -2.89161e-7 0 1 1.3689e-7 0 1 -1.30933e-6 0 1 -8.64885e-7 8.90446e-7 1 1.46051e-6 2.05088e-6 1 5.54773e-7 1.93099e-6 -0.01588082 -0.8000984 -0.5996586 6.46977e-4 -0.9678409 -0.2515624 1.17006e-6 -0.9679204 -0.2512571 0.02161854 0.0163989 -0.9996319 -0.08390283 -0.3448183 -0.9349121 -0.0176723 0.7294527 -0.683803 -0.05087649 0.4229448 -0.9047261 -0.03806543 0.8846367 -0.4647248 0.06157898 0.7206216 0.6905886 -0.05728328 0.1335572 0.9893842 0.0671398 0.8337988 0.5479707 0.02451288 -0.1644229 0.9860853 -0.04186081 -0.7465261 0.6640381 -0.00283432 -0.7630718 0.6463076 0.006460428 -0.9560799 0.2930355 -1 -1.36679e-5 -2.41977e-5 -1 -9.03198e-6 7.63497e-5 -1 1.2921e-6 -3.26444e-4 -1 -1.28118e-5 -1.73226e-5 -1 1.18602e-4 -3.83052e-5 -1 9.72139e-5 6.60318e-5 -1 -1.17191e-4 1.96424e-4 -1 1.1927e-4 -2.77409e-4 -1 -9.72168e-7 7.1184e-6 -1 4.99372e-6 1.18278e-5 -1 -1.0405e-4 2.43789e-4 -1 -2.49346e-4 3.9797e-5 -1 -1.17399e-4 1.17623e-4 -0.9999998 7.33519e-4 -1.55532e-4 -1 2.02576e-5 1.34784e-5 -1 1.7379e-6 3.68885e-6 -1 1.1909e-4 8.56073e-5 -1 5.95493e-5 3.41827e-5 -1 9.5174e-5 -4.89224e-5 -1 1.37955e-5 -1.88443e-4 -1 -7.74755e-5 3.15626e-4 -1 1.52772e-5 1.57308e-5 -1 2.37786e-5 9.16845e-6 -1 1.18975e-6 5.69966e-7 -1 -1.44e-7 8.48879e-7 -1 6.24032e-7 -7.76923e-7 -1 1.33304e-5 1.35211e-6 -1 2.16226e-5 1.27023e-5 -1 1.20929e-5 -9.26826e-6 -1 -1.46366e-5 2.14547e-5 -1 6.32087e-5 8.49299e-6 -1 -7.20533e-6 6.18747e-6 -1 -8.55596e-6 1.49872e-5 -1 1.14359e-4 -2.02928e-5 -1 2.07465e-5 2.9466e-5 -1 -2.08467e-6 1.22066e-5 -1 1.71057e-4 -4.13453e-5 -1 -2.85389e-6 -1.4223e-5 -1 -1.47666e-5 -3.22637e-5 -1 -4.96954e-5 -9.42935e-5 -1 -3.32345e-4 -5.77851e-5 -1 -2.99514e-5 1.4721e-5 -1 0 3.20955e-6 -1 -8.4453e-6 -1.74425e-7 -1 -1.37416e-5 7.07752e-7 -1 4.73114e-6 1.10101e-6 -1 -1.33459e-5 1.28916e-5 -1 3.94609e-5 1.35551e-4 -1 1.01643e-5 4.88758e-6 -1 -8.2479e-5 1.12152e-4 -1 7.41107e-5 5.22275e-4 -1 -1.14236e-4 -7.70286e-5 -1 -4.96215e-4 1.78983e-4 -1 -2.44085e-5 -2.3628e-4 -1 2.13581e-4 1.18934e-4 -1 2.16487e-4 -4.7222e-5 -1 -9.47915e-5 -1.72855e-4 -1 1.20906e-5 -6.03014e-5 -1 4.17881e-5 -3.73635e-6 -1 -1.19173e-4 -9.83387e-5 -1 1.60047e-6 -5.51898e-5 -1 9.01776e-6 1.75027e-6 -1 -2.20671e-6 -1.28769e-5 -1 5.86874e-6 -2.128e-5 -1 1.83432e-5 -2.09693e-6 -1 7.82178e-6 -1.57224e-5 -1 7.8776e-6 -3.97077e-6 -1 1.35987e-4 5.54001e-5 -1 1.66863e-4 -4.30829e-5 -1 -1.62659e-5 -9.48775e-5 -1 2.35954e-4 -1.08836e-4 -1 -3.38664e-4 -2.35596e-4 -1 -1.3585e-4 -5.02992e-5 -1 1.16621e-5 -1.44058e-5 -1 1.51493e-5 5.07579e-6 -1 -6.53914e-6 -1.13943e-5 -1 1.52226e-5 3.32558e-5 -1 7.33144e-5 -1.14056e-4 -1 1.34926e-4 3.67307e-6 -1 -1.31756e-5 -8.63714e-6 -1 -1.44976e-5 -8.36703e-6 -1 -1.58458e-5 1.74204e-6 -1 2.05812e-5 -9.77311e-5 -1 3.49327e-5 1.61214e-4 -1 5.64345e-6 -3.32569e-6 -1 -2.92448e-6 -2.1684e-5 -1 -1.37554e-5 -1.08753e-5 -1 3.26168e-5 2.58673e-4 -1 -5.18689e-6 8.01172e-5 -1 2.37457e-5 2.88362e-6 -1 -5.89908e-6 -2.29271e-5 -1 -1.44809e-4 8.8154e-5 -1 -7.42826e-7 -3.66379e-6 -1 -4.26559e-4 8.99059e-5 -1 4.24462e-6 -2.63349e-4 -1 -8.851e-5 -4.90351e-5 -1 1.02667e-4 -3.90169e-4 -1 5.09585e-5 6.64425e-7 -1 8.06114e-5 -2.5228e-5 0.8839758 -0.2574142 -0.3902883 0.9448586 0.09635955 -0.3129811 0.9396432 0.1864809 -0.2868723 0.9753162 0.2023703 -0.08834296 0.9291039 0.362193 0.07471436 0.8207647 0.5050137 0.267033 0.8415796 0.473218 0.2604007 0.8716032 -0.4331102 -0.229616 0.8351573 -0.5434181 -0.08490645 0.8664988 -0.4203703 0.2692005 0.8799369 -0.4622807 0.1095789 0.894236 -0.2750889 0.3530836 0.8694428 -0.1195393 0.4793533 0.8827871 -0.002338528 0.4697676 0.8882638 0.2461512 0.3878104 0.8646074 0.4831153 -0.1380347 0.8364001 0.5425472 0.07795792 0.7913272 0.4807423 -0.3777409 0.7911092 0.07030552 -0.6076211 0.8369066 0.2309609 -0.4962302 0.8818855 -0.2139112 -0.4201428 0.8543585 -0.5125771 -0.08565306 0.903912 -0.3535796 -0.2406754 0.8733769 -0.372992 0.3131932 0.9054149 -0.4145856 0.0913375 0.8820092 0.4175752 0.2183828 0.8773224 0.2382161 0.4166035 0.9229874 0.3726549 0.09603518 0.8786036 -0.1766409 -0.443682 0.8962717 -0.09860879 -0.4324042 0.9036861 -0.2310663 0.3604997 0.7770271 0.4815936 -0.4053353 0.8689253 0.4819946 -0.1124728 0.7950799 0.5946241 0.1194589 0.8221215 -0.3723199 -0.4306904 0.8665093 -0.1637077 -0.4715523 0.8445959 0.002047717 -0.5354004 0.8973011 0.1951441 -0.3959413 0.9036991 0.08491456 0.4196637 0.9084519 0.320778 0.2679866 0.8311665 -0.547585 -0.09650421 0.857063 -0.4467558 -0.2566174 0.8829543 -0.4638221 0.07253253 0.8785275 0.3266909 0.3485147 0.9178279 0.1335372 0.3738446 0.9011702 -0.06030929 0.4292495 0.9015335 -0.2817801 0.3283859 0.8685883 -0.4225724 0.2588184 0.8356867 0.5456718 0.06221169 0.8356415 0.4491376 -0.3161943 0.8595365 0.5029026 -0.09102791 0.9220594 -0.01910722 -0.3865767 0.9085559 0.2443417 -0.3388561 0.8731369 0.4190805 0.249005 0.9778372 -0.1257198 -0.1674187 0.9705457 -0.1284879 -0.203794 0.8929875 0.04855555 0.4474547 0.88471 -0.08099228 0.459052 0.9110145 0.04613977 -0.4097849 -0.9700401 0.2333579 -0.06757539 0.9754539 0.1323704 0.1759769 0.9845196 0.07243061 0.1596089 -0.980926 0.1740438 -0.08656179 -0.8117937 -0.4980431 0.3048678 -0.7485941 -0.6487864 0.136686 -0.6737653 -0.7363288 0.06213271 -0.7500375 -0.1730534 0.6383544 -0.7168782 -0.4321548 0.5471087 -0.4618937 0.1503798 0.8740938 -0.8639614 0.3508559 0.3612076 -0.8272183 0.2881866 0.4823467 -0.8675646 0.4711031 0.1593536 0.8465079 -0.530569 -0.0438286 0.8465079 -0.530569 -0.0438286 -0.8561142 0.5072233 -0.09896087 -0.7297955 0.6578391 0.1861354 -0.8087666 0.522464 0.2700521 -0.8826031 -0.1261322 -0.4528824 -0.9058369 -0.0212385 -0.4230941 -0.8699789 -0.363169 -0.3335341 -0.8804789 -0.4706544 -0.0569328 -0.871878 -0.4189157 -0.2536503 -0.9479597 0.1503217 -0.2806707 -0.8874363 0.3757371 -0.2669808 -0.8680585 -0.4903232 0.07783085 -0.8896623 -0.4006516 0.2190423 -0.8973836 -0.1644045 0.40948 -0.8790258 -0.2968293 0.3731035 -0.8547085 -0.3728554 -0.361182 -0.8721894 -0.2478815 -0.4217113 -0.9284054 -0.3670885 -0.05752927 -0.9591601 -0.2208085 0.1767922 -0.8694602 -0.2310609 0.4366348 -0.9164344 -0.3923695 0.07870435 -0.9234554 0.06559085 -0.3780583 -0.9116248 0.01701849 -0.4106711 -0.8847581 0.3339264 -0.3251096 -0.8791373 0.4047848 -0.2515295 -0.9155015 0.4023121 -0.001390993 -0.8954873 0.4177481 0.1535879 -0.935858 0.2692868 0.2272762 -0.8544474 0.4530928 0.2542178 -0.9020785 0.04622429 0.4290896 -0.899411 0.1290767 0.4176111 -0.8180525 -0.03048175 0.5743353 -0.7810953 -0.4914907 0.3851324 -0.8641967 0.1571598 0.47798 -0.8616384 0.4500736 0.2345486 -0.7943943 0.3891476 0.4663712 -0.8965789 0.4287638 -0.1109422 -0.8415791 0.5348193 0.07558476 -0.874486 -0.3194319 -0.3650171 -0.8769093 0.04289764 -0.4787378 -0.8723614 -0.274358 -0.4046151 -0.8731667 0.2756226 -0.4020101 -0.8656056 0.3835285 -0.3219207 -0.8808503 -0.02951097 -0.4724742 -0.8739621 -0.4566196 -0.1664001 -0.8561108 -0.5152643 -0.03971111 -0.9105293 -0.3845641 0.1518129 -0.963137 0.1952184 0.1850862 -0.8974485 0.4088932 0.1655066 -0.9171564 0.147646 0.3701689 -0.8907946 0.4006735 -0.2143493 -0.9095011 0.4006019 -0.1110222 -0.8191574 -0.2019342 -0.5368462 -0.757855 0.06646424 -0.6490288 -0.9000031 0.2055922 -0.3843516 -0.7966166 -0.4906362 -0.353098 -0.7069295 -0.4651097 -0.5328451 -0.9079268 0.02454692 0.4184094 -0.8822078 -0.3497655 0.3152356 -0.9261103 -0.1691135 0.3372245 -0.8712814 0.4413989 0.2145599 -0.6423652 -0.3888755 0.6604112 -0.8444423 -0.4547637 -0.2830327 0.8798045 -0.1386779 -0.4546564 0.8714029 -0.3152418 -0.3758718 0.869203 -0.1544677 -0.4697082 0.8710366 0.0586273 0.4877071 0.8906114 -0.07162034 0.4490901 0.8783637 -0.3458213 0.3299771 0.8792535 0.2900732 0.3778502 0.794955 0.5349615 0.286117 0.8713248 -0.3593863 -0.3341178 0.8744287 -0.4849103 0.01537537 0.8689652 -0.4941604 0.02655315 0.8741809 -0.3384053 0.3482668 0.8492338 0.5258719 -0.04754698 0.8504437 0.5245414 -0.04002255 0.8594795 0.3290976 -0.391139 0.8713896 0.2340623 -0.4311556 0.8654181 -0.1376087 -0.4817838 0.8668695 -0.2321693 -0.4411741 0.8385338 -0.5153555 -0.1768328 0.9053508 -0.3331028 0.2634055 0.8801991 0.01375412 0.4744055 0.9176059 -0.1699304 0.359337 0.9098607 0.3522147 0.2193138 0.8937951 0.423332 -0.1480553 0.9272872 0.3732157 0.02913081 0.8639199 -0.4994934 -0.06441187 0.9096352 -0.3799098 0.168025 0.9023694 0.1365123 0.4087712 0.9033488 0.3254057 0.2794141 0.8173426 -0.5657843 -0.1088083 0.7822932 -0.4707677 0.4079157 0.880102 -0.4608672 0.1141133 0.8553893 -0.05086278 0.5154824 0.8660108 -0.1762065 0.4679493 0.8989842 0.3564968 -0.254436 0.8783172 0.1930943 -0.4373484 0.8806301 -0.1685593 -0.4428074 0.8685874 0.1598109 -0.469059 0.9061655 -0.3399936 -0.2515326 0.8736352 0.2463886 0.4195883 0.8742172 -0.1073299 -0.4735234 0.8908173 0.3945299 0.2253682 0.8739742 0.476653 0.09471595 0.8790619 0.4091187 -0.2446879 0.8941875 0.4417833 -0.07250124 0.9059129 0.2864667 -0.3118633 0.8993152 0.05378019 -0.4339817 0.8789615 0.1648283 0.4475026 0.845974 -0.5332211 -0.001807689 0.8914887 -0.4099205 -0.1929072 0.8495583 -0.3735257 -0.3724639 0.8636069 -0.3746851 0.3373342 0.8772788 -0.4585954 0.1416769 0.8905915 -0.2425369 0.3847371 0.8885996 -0.0374189 0.4571549 0.8570426 0.1101392 0.5033364 0.8705765 0.1109337 0.4793644 0.8850843 0.1148055 -0.4510494 0.9168184 -0.1346254 -0.3759259 0.8926504 0.010737 0.4506219 -0.102417 -0.7480176 -0.655729 -0.1024169 -0.7480176 -0.655729 -0.9635559 0.2364806 0.1250476 0.8658576 0.4923731 0.0886541 -0.9781653 0.1804007 0.1031901 -0.9633135 0.1800053 -0.1990611 -0.9769477 0.1079716 -0.1841617 0.9943853 -0.06023734 -0.08700245 -0.9686232 -0.2070234 0.1375154 0.9927678 -0.08837562 -0.08125329 -0.9829112 -0.1353968 0.1247127 0.9923798 0.06448209 0.1049976 0.9923798 0.06448209 0.1049976 0.9923797 0.06448203 0.1049976 -0.9903646 -0.1188481 0.071087 0.9780594 -0.1373292 -0.1566547 0.9869248 -0.08188354 -0.1388327 -0.9929655 -0.08435666 0.08308678 -0.9898504 0.1420482 0.004309415 -0.9704004 0.2388871 -0.0354402 0.9343729 0.3075483 -0.1798928 0.97812 0.1655174 -0.126037 -0.8578155 -0.5022187 0.1092207 -0.8724493 -0.4742934 -0.117805 -0.8605388 -0.4635444 0.2111862 -0.8477087 0.01076686 0.5303527 -0.8599019 -0.2249132 0.4582388 -0.869573 0.1342068 0.4752171 -0.8849307 0.3244507 0.3341099 -0.8750173 0.3687556 0.3136304 -0.8623466 -0.3016672 0.4066393 -0.8661593 -0.2006273 -0.4577302 -0.8366162 -0.1915804 -0.5131961 -0.9064767 -0.2613701 -0.3316411 -0.8692203 -0.4253963 -0.2519801 -0.9051687 0.4179304 0.07748436 -0.9109247 0.3638565 -0.1944855 -0.8845738 0.4641212 -0.0460515 -0.8291435 -0.3309977 0.4505127 -0.8904785 0.1134338 0.4406598 -0.7279607 -0.1710695 0.6639342 -0.8608655 0.4829531 -0.1602092 -0.8218363 0.5645691 0.07646471 -0.8660489 0.4450125 0.2278667 -0.8186334 0.3477216 0.4570876 -0.9620979 -0.004613816 -0.2726653 -0.9142872 -0.2844714 -0.288366 -0.9105219 -0.157557 -0.382264 -0.6538122 -0.6902278 0.3100246 -0.8276978 -0.5611358 -0.00656861 -0.8204917 -0.5297736 -0.2147865 -0.8929926 0.1608393 -0.420351 -0.8817811 0.2493394 -0.4003651 -0.8100329 0.4648171 -0.3574798 -0.8869784 0.1877676 -0.4219157 -0.8619849 -0.2225861 -0.4554529 -0.7837174 0.02567207 -0.6205869 -0.7905218 -0.6010524 -0.117522 -0.677164 -0.5630041 -0.4737883 -0.8505282 -0.3882061 0.354821 -0.7629462 -0.6439892 0.05649089 -0.8836722 -0.0522505 0.4651811 -0.8854458 -0.05058872 0.4619811 -0.897255 0.0208711 0.4410191 -0.8391989 -0.2073103 0.5027602 -0.8843399 -0.3579393 0.2997043 -0.8117251 -0.4940201 -0.311523 -0.8876322 -0.2871335 -0.3600882 -0.9046134 -0.4239885 -0.04368484 -0.8961218 0.03562343 -0.4423762 -0.8670361 -0.09286969 -0.4895138 -0.8848276 0.2494841 -0.3934947 -0.8882188 0.2776837 -0.3660045 -0.911498 0.378578 -0.1607798 -0.8512859 -0.500441 0.1577056 -0.9379922 0.1095121 0.328904 -0.9432505 0.1030789 0.3156791 -0.9049181 0.4076868 0.1221265 -0.8746311 0.3401548 0.3454201 -0.8817229 0.2471528 0.401846 -0.8585167 -0.3863013 0.3372246 -0.8828293 0.469445 -0.01529324 0.06837606 -0.813833 0.5770621 0.068376 -0.8138329 0.5770621 0.068376 -0.813833 0.5770621 0.7859898 0.617014 0.03891021 -0.8319777 0.354437 0.4268345 -0.6619127 0.535543 0.5244668 -0.5711832 0.6135421 -0.5452669 -0.7778319 0.404003 -0.4814137 -0.4164291 0.3816242 0.8251969 0.03720146 0.5755978 0.8168864 0.8750368 0.4684936 0.1217555 0.929704 0.3617166 -0.06936669 -0.6701186 -0.6601938 0.3392423 -0.9372287 -0.26903 -0.221868 -0.8932897 -0.4484037 -0.03110706 0.7704189 -0.5036579 0.3908752 0.7940415 -0.4807339 0.3720126 -0.9790408 0.1755312 -0.1032858 -0.9790409 0.1755312 -0.1032858 -0.9790408 0.1755312 -0.1032858 -0.3475537 -0.6485019 -0.6772383 0.002042174 -0.7667859 -0.6418999 0.8216213 -0.5689656 -0.0348832 -0.9726929 -0.1057535 0.2066032 -0.9753633 -0.07718813 0.2066604 -0.9616509 -0.09978449 0.2554813 -0.728594 0.5569525 0.3986914 -0.728594 0.5569525 0.3986913 -0.728594 0.5569525 0.3986914 0.8231687 -0.4234163 -0.3783016 0.8564125 -0.2742066 -0.4374567 0.8497692 -0.04752576 -0.5250083 0.8518217 0.5062527 -0.1345664 0.8352382 0.5290536 -0.1499316 0.9145594 0.329339 -0.2347703 0.9042575 0.1344532 -0.4052662 0.8351769 -0.4442715 0.324195 0.8716161 -0.4685987 0.1438781 0.863629 -0.4953782 -0.09351754 0.8799529 -0.2493843 0.4043396 0.8665395 -0.1069016 0.4875258 0.8827955 0.3305155 0.333814 0.8942475 0.05511218 0.4441668 0.8694483 0.2544051 0.423483 0.875403 0.234766 -0.4225573 0.8389533 0.4349305 -0.3270978 0.7881487 0.05694395 -0.6128451 0.8820149 0.4496804 -0.1408455 0.8882567 0.4483031 0.1001213 0.8591828 -0.4589431 -0.2262221 0.8085055 -0.3531972 -0.470713 0.8445909 -0.5297901 -0.07738769 0.8241598 -0.4409158 0.3554633 0.8670291 -0.4761272 0.1468455 0.8391706 -0.1635439 -0.5186966 0.8986691 -0.187937 0.396325 0.7983996 0.01898819 0.6018285 0.8773122 0.4630528 0.1261178 0.9175115 0.343541 -0.2003803 0.8783718 -0.4398453 -0.1870806 0.8653174 0.1955528 0.4615028 0.8585069 0.4072954 -0.3115708 0.8443796 0.4704148 -0.2563847 0.8148205 0.5793972 -0.01914662 0.8665098 -0.4491973 -0.2176755 0.8445723 -0.3771693 -0.3800543 0.82213 -0.5678017 -0.04127615 0.909339 -0.1448299 -0.3900344 0.8923546 0.03203219 -0.4501971 0.8464862 0.5048132 0.1691889 0.7644899 0.4798889 0.4304207 0.897316 0.1556165 -0.4130467 0.8310624 -0.4556106 0.3189896 0.8570733 -0.497344 0.1344419 0.8824832 -0.2771806 0.3799929 0.8714525 -0.1101261 0.4779571 0.9212853 0.2450915 0.3019329 0.910921 0.04197347 0.4104402 0.9355944 0.3166661 0.1561588 0.901832 0.4291899 -0.0499528 0.8839289 0.2090896 -0.4182717 0.894419 0.4266449 -0.1341234 0.8466346 -0.1835955 -0.4995023 0.8768308 -0.00397408 -0.4807829 0.8521881 -0.4683003 -0.2333888 0.941178 -0.3377761 0.009560406 0.9218768 -0.3849183 -0.04451072 0.8842403 -0.314912 -0.3448909 0.9120963 0.2213152 0.3451088 0.8987677 0.2872492 -0.331217 0.972605 0.20267 -0.1138619 0.9726049 0.20267 -0.1138619 0.9726049 0.20267 -0.1138619 0.980008 0.1248142 0.1549377 0.980008 0.1248142 0.1549377 0.9800081 0.1248142 0.1549378 -0.8617457 -0.1361393 0.4887336 -0.7673842 -0.3597831 0.5307332 -0.7002311 -0.459244 0.5465999 -0.9069946 0.1420171 0.3964747 -0.8835723 0.04282641 0.4663325 -0.8790355 0.3670716 0.3042289 -0.8590912 0.4142984 0.3005315 -0.9574682 0.2885389 4.01865e-4 -0.8955289 0.4149547 -0.1607508 -0.8379126 0.4663929 -0.2835139 0.8465185 -0.4061433 0.3441716 0.8465186 -0.4061433 0.3441716 0.8465185 -0.4061433 0.3441716 -0.8677901 0.3595646 -0.343007 -0.8275553 0.5054413 -0.2442978 -0.877337 0.2897197 -0.3825471 -0.8780668 -0.4277899 -0.2144633 -0.8824991 -0.3740803 -0.2850602 -0.872278 -0.488662 0.01845675 -0.8805 -0.3729984 0.2925612 -0.8727463 -0.4746462 0.1141274 -0.8678051 -0.05895954 -0.4933946 -0.889401 -0.1288354 0.438597 -0.8679892 -0.2917394 0.4018496 -0.8970155 0.1737639 0.4064105 -0.8785868 0.05395126 0.4745256 -0.8717693 -0.05106145 -0.4872484 -0.887018 -0.453486 0.08688884 -0.6819407 -0.692744 -0.2346547 -0.7971463 -0.4252814 -0.4285951 -0.8715041 0.09406292 0.4812824 -0.8666669 -0.01650369 0.4986141 -0.9025596 -0.2254958 0.3667941 -0.8574401 -0.4187432 0.2990828 -0.8829355 0.01976728 -0.469078 -0.8833971 0.01016229 -0.4685152 -0.9238781 0.256079 -0.2843815 -0.89328 0.4057061 -0.1935292 -0.9336615 0.3571371 -0.02700865 -0.8258522 0.5076116 -0.2455576 -0.9017836 0.3365778 0.2711121 -0.8988045 0.3874399 0.205039 -0.7279105 -0.2715404 -0.6296126 -0.8775982 0.3449027 0.332962 -0.873369 0.3515655 0.3370879 -0.8557813 0.5138248 0.06018912 -0.8511379 0.4120821 -0.3251964 -0.8780348 0.08230143 -0.4714673 -0.8625113 0.3844587 -0.3290378 -0.8734063 0.002436757 -0.4869863 -0.8588545 -0.2803882 -0.4286625 -0.8439115 -0.4754483 -0.2485203 -0.8619807 -0.4931889 -0.1172785 -0.8702757 -0.4322073 0.2362565 -0.8581603 -0.4950438 0.1359881 -0.8921188 -0.1841266 0.4125791 -0.9013123 -0.2039146 0.3821716 -0.8485517 0.5290094 -0.01044702 -0.8710629 0.3786494 -0.312848 -0.8844339 0.08055102 -0.459661 -0.8726507 0.2002503 -0.4453995 -0.8750427 -0.218894 -0.4317242 -0.8745147 -0.2439961 -0.4191539 -0.8577216 -0.5008363 -0.1160904 -0.89708 -0.4383684 0.05550491 -0.8882818 -0.4552451 0.06088995 -0.9035935 0.3300009 0.2731635 -0.8529465 0.5219435 0.0075652 -0.8484899 0.510129 0.1408311 -0.8942047 0.2231037 0.3881015 -0.9294348 0.06502002 0.3632129 -0.853093 0.4774441 -0.2104264 -0.8676874 -0.28037 -0.4105011 -0.8411436 -0.5029783 -0.1987217 -0.974738 -0.2149489 -0.06068682 -0.96876 -0.2386389 -0.06749582 0.5791012 -0.7598316 0.2954621 0.6401176 -0.7473518 0.1780867 0.6746313 -0.3947768 0.6237179 0.9119262 -0.06523704 0.4051354 0.8763079 0.3693521 0.3092954 0.9036372 0.2326924 0.3595752 0.6640167 0.08894771 -0.7424084 0.8302978 0.3812252 -0.4065376 0.8459038 0.3862299 -0.367795 0.7949713 0.5805737 -0.1759398 0.8792628 0.4722756 0.0620706 0.8207912 -0.1642618 -0.5471014 0.9766358 -0.1901612 -0.1001067 0.9450469 -0.3200553 -0.06671804 0.9806817 -0.1737346 -0.08988749 0.8528938 -0.4760557 0.2143434 0.9394503 -0.2271438 0.256591 0.9205322 0.03151011 0.3893941 0.8577314 -0.4883463 -0.1606702 0.7301723 -0.4619491 -0.5034396 0.8707991 -0.4874143 -0.06431519 0.8326184 -0.4963457 0.2457389 0.9055289 -0.04933786 0.4214063 0.8800615 0.3453482 0.3259242 0.9176189 0.1337881 0.3742679 0.8937754 0.1946877 -0.4040573 0.9272631 0.2845479 -0.2433431 0.9098402 0.4041737 -0.09399276 0.8639543 -0.3986709 0.3076435 0.909839 -0.1497163 0.3870118 0.9022946 0.3857427 0.1925281 0.9033401 0.4276906 -0.03251791 0.8989911 0.07215154 -0.431983 0.8142951 -0.481049 0.3248317 0.7907173 -0.06230908 0.6090023 0.8657739 -0.2563917 0.4297661 0.8625342 0.2970172 0.409653 0.8550043 0.2035484 0.4770072 0.8783395 -0.172678 -0.4457602 0.9061783 -0.4182493 0.06251895 0.8742691 -0.4106435 -0.2588928 0.8806786 -0.432208 -0.193911 0.8686179 -0.218666 -0.4446216 0.8789805 0.4375517 0.1895835 0.8758673 0.4755637 0.08182787 0.8730169 0.4043239 -0.2726969 0.8888654 0.4412533 -0.1233446 0.8937941 0.2617673 -0.3641565 0.8795453 0.1143693 -0.4618657 0.9051623 -0.2589501 -0.3370847 0.9090374 -0.02157455 -0.4161559 0.8305199 -0.5548633 -0.04861497 0.8910797 -0.4065849 -0.2016572 0.8632825 -0.1604266 0.4785465 0.8750232 -0.2738766 0.3991567 0.8569399 -0.4346553 0.2769999 0.8793697 0.03296089 0.4749975 0.8547375 0.2099009 0.4747269 0.9092968 0.2897346 0.2987192 0.8830814 0.3974929 0.2493323 0.9005458 -0.2217484 -0.3739584 0.8590883 -0.4873752 0.1563103 0.8563935 0.4542003 0.2455451 -0.4644669 -0.2738515 -0.8421852 -0.1248036 -0.381857 -0.9157562 0.06217759 -0.4952114 -0.8665447 0.7499405 -0.3874409 -0.5361706 -0.3783179 -0.9098843 -0.1702538 0.7978952 -0.5452105 0.2571166 0.8968823 -0.3390312 0.2840071 -0.7612432 -0.6241411 -0.1759452 -0.8243168 -0.5191292 -0.225847 -0.8362289 -0.5439461 0.06959933 -0.8478444 -0.3136032 0.4275665 -0.802648 -0.5450712 0.2421854 -0.8592895 0.07575577 0.5058485 -0.8704379 0.3490793 0.3471046 -0.875202 0.336182 0.3478554 -0.8437942 -0.02870857 0.5358984 -0.8529611 0.5215696 -0.02055782 -0.8577405 0.507895 0.07952499 -0.8981879 0.3688051 -0.2392517 -0.9008969 0.1390284 -0.4111641 -0.8815705 0.3020077 -0.3628016 -0.8302308 0.105275 0.5473884 -0.8187403 0.5094033 0.2649016 -0.6833034 0.417409 0.5990545 -0.8514072 0.4744964 -0.2235152 -0.7732014 0.6298854 0.07351326 -0.8576538 0.1756981 -0.4832806 -0.8618257 0.4204528 -0.2836831 -0.7864567 -0.119516 0.6059719 -0.8839737 -0.2788828 0.3752535 -0.8664771 -0.4924214 0.08208942 -0.8385481 -0.5379317 -0.08641004 -0.8660932 -0.4253849 -0.2625455 -0.8586629 -0.4335146 0.2734288 -0.8496741 -0.2330871 -0.4729952 -0.8567574 0.1255664 -0.5002 -0.8632745 -0.275366 0.4230023 -0.8623444 -0.1573253 -0.4812597 -0.8657392 -0.02298533 -0.4999673 -0.8343995 -0.3512377 -0.4247466 -0.8673251 -0.4433974 -0.2261553 -0.8556528 -0.1684105 -0.4893835 -0.8275924 -0.4571685 -0.3257111 -0.8669545 -0.4759985 -0.1477005 -0.8826946 -0.4242593 0.2021248 -0.8675657 -0.4883385 0.09410303 -0.8907836 -0.1898484 0.4128708 -0.8782287 -0.2395806 0.4139028 -0.932766 0.08522713 0.350263 -0.9029461 0.429053 0.02453792 -0.9282299 0.303435 0.2152127 -0.8807098 0.4727205 0.02976197 -0.8970845 0.2413483 0.3701221 -0.9091512 0.3629606 -0.2042149 -0.8828376 0.3211339 -0.3427402 -0.9114316 0.1542616 -0.381439 -0.8675568 -0.4110674 -0.2799444 -0.896545 -0.2872302 -0.337203 -0.8880043 -0.4569314 -0.05159628 -0.7929405 0.150223 0.5904901 -0.8708077 -0.05676734 0.4883353 -0.8350069 0.3314951 0.4391748 -0.8942446 -0.3531016 0.2750381 -0.8087348 -0.5741015 0.1278892 -0.8847952 -0.1020156 -0.4546762 -0.8881354 -0.06261992 -0.4552959 -0.8320512 -0.274302 0.4821301 -0.7580444 0.5767766 0.3044626 -0.7666106 0.5198549 0.3769075 -0.7196579 0.5976968 0.3533429 -0.7873387 0.5577228 0.2627608 0.201222 -0.4644647 0.8624282 0.2012219 -0.4644646 0.8624282 0.201222 -0.4644647 0.8624283 -0.9572724 0.256302 0.1339364 0.9255339 0.3757238 0.04710263 -0.9786201 0.1761131 0.1062405 -0.9670595 0.1765462 -0.1833775 -0.9790846 0.1200843 -0.1642351 -0.9492576 -0.2891946 -0.1235982 0.8733709 -0.4869869 -0.008184313 -0.9739621 -0.200881 -0.105094 -0.9457996 -0.2282369 0.2310218 -0.9626071 -0.1713393 0.2098346 -0.9907631 0.1317578 0.0320698 -0.9907631 0.1317578 0.0320698 -0.9907631 0.1317578 0.0320698 -0.9724981 -0.230883 -0.03066641 0.9611969 -0.2722955 0.04422461 -0.990356 -0.1343016 -0.03403252 0.9861118 -0.1606658 0.04207122 0.9692442 0.1211178 0.2142344 0.8384602 0.4747927 0.2675006 0.935424 0.2378609 0.2615419 -0.9806634 0.1752477 -0.08710688 -0.3684043 0.76688 -0.525522 -0.1417362 0.8165401 -0.5596187 0.9751705 0.1836769 -0.1237155 0.9751704 0.1836769 -0.1237155 0.9751705 0.1836769 -0.1237155 0.983664 0.1141371 0.1392039 0.9836642 0.1141371 0.1392039 0.9836642 0.1141371 0.1392039 0.8071006 -0.4200955 0.4148598 -0.9832988 -0.181699 -0.01044183 -0.956979 -0.2826928 0.06539273 0.9274998 -0.228897 0.2955508 0.9609795 0.2676009 -0.07005989 -0.9892282 0.1462983 0.004954516 -0.9745786 0.2239093 -0.007823109 0.9827495 0.1762188 -0.05612933 -0.9626876 -0.2567263 -0.08558154 0.9738548 -0.2263782 -0.01896852 -0.9860772 -0.153522 -0.06389778 0.9900564 -0.1406713 1.4312e-4 0.9703804 0.2404965 -0.0228759 -0.9884365 0.149966 0.02244037 -0.9706999 0.2393015 0.02183699 0.9885849 0.1488843 -0.02309542 -0.9679769 -0.2408351 -0.07084637 0.9771997 -0.2050044 -0.05526274 -0.9820916 -0.1805504 -0.05383044 0.9874875 -0.152444 -0.04036378 0.880081 -0.3213004 -0.349605 0.8280577 -0.03705841 -0.5594168 0.8530804 -0.09645581 -0.5127867 0.8816229 -0.4718194 0.01129424 0.8884177 -0.3559638 -0.2898341 0.8857947 -0.1275972 0.4461914 0.8649983 -0.3252463 0.38209 0.7842544 0.1152929 0.6096332 0.8418007 0.4528709 0.293734 0.8687728 0.2962415 0.3968312 0.8962773 -0.3814879 0.226173 0.7296069 0.4164898 -0.5424113 0.8011933 0.4212887 -0.4249768 0.5691167 0.3531352 -0.7425643 0.8677991 -0.4960326 -0.0296089 0.8732775 0.4795147 -0.08632588 0.8781844 0.4726961 0.07314819 0.8695467 0.1136856 0.4805873 0.8175367 -0.1592563 0.5534179 0.8639991 0.2131547 0.4561476 0.9070876 -0.3805295 0.1799709 0.8775285 -0.3022386 0.3722844 0.8930035 0.2414633 -0.3797898 0.9025267 0.3654766 -0.2277556 0.8879117 0.3917917 0.2410644 0.8833565 -0.125298 -0.4516434 0.8229959 0.009960174 -0.5679602 0.8901598 -0.3483151 -0.2937556 0.9354512 -0.3522675 0.02896314 0.9075574 0.1524981 -0.3912594 0.8975424 -0.3839936 -0.2167179 0.9076619 0.2941319 0.2993935 0.8328024 -0.03228861 -0.5526281 0.8901411 0.1470141 -0.4313188 0.8567972 0.3252974 -0.4001004 0.8655588 -0.1937064 -0.461829 0.8258599 -0.387354 -0.4097713 0.8592193 -0.5066863 -0.07079052 0.8658437 -0.455244 -0.2075275 0.8895331 0.4534647 0.05568337 0.8725746 0.4809688 -0.08533936 0.8822245 0.4012349 -0.2463549 0.8485301 -0.4365567 0.2990234 0.8858852 -0.4484613 0.1187008 0.8710505 -0.2586082 0.4176036 0.7966052 -0.1002821 0.5961239 0.8745764 0.4754117 0.09539461 0.9142936 0.3345406 0.2283636 0.851414 0.2177668 0.4771497 0.8740353 -0.4366764 -0.2130169 0.8764601 -0.3547889 -0.3254882 0.7792533 -0.6267045 -0.002420902 0.9391823 0.3368819 -0.06668716 0.8151546 0.403797 -0.4152964 0.8739269 0.06768923 0.481321 0.8837736 -0.1987255 -0.4236183 0.7863096 -0.05283069 -0.6155698 0.9010114 -0.2575359 0.3490756 0.8501063 -0.3332638 0.4077432 0.4865441 -0.6556648 0.5773895 0.8742359 0.1846937 -0.4489988 0.7979209 -0.5781851 0.1703648 -0.7481201 0.1260403 0.6514831 -0.7059755 0.3530272 0.6139791 -0.796831 -0.003120005 0.6041944 -0.8465008 0.4670735 0.2554972 -0.7425105 0.6638591 0.08927136 -0.920008 0.3548528 -0.1663276 -0.9398937 0.2647651 -0.2156373 -0.8985431 -0.2729114 0.3437145 -0.9031304 -0.3058729 0.3013259 -0.8964405 -0.4288594 0.1116884 -0.9056661 -0.07166618 0.4178911 -0.8590103 -0.01282483 -0.5117979 -0.868532 -0.05394148 -0.492689 -0.8476865 -0.4265851 -0.3153616 -0.8164528 0.1874806 -0.5461282 -0.8426933 -0.5344032 -0.06543165 -0.8767307 0.06365376 0.4767509 -0.8893779 0.2193303 0.401125 -0.8789696 0.3731727 0.2969089 -0.8973447 0.4095969 0.1643263 -0.6819277 -0.6557828 0.3239193 -0.7972108 -0.6036962 -0.002428293 -0.8869072 -0.2595268 0.382154 -0.8668745 0.3408864 0.3637652 -0.9027496 0.1001651 0.4183422 -0.8716229 0.406667 0.2736706 -0.8573909 -0.08479636 0.5076322 -0.9278965 -0.01847958 -0.3723797 -0.8836379 -0.3239724 -0.3379734 -0.8836725 -0.3170765 -0.3443624 -0.809701 0.1898489 -0.5552853 -0.7934426 -0.3432165 -0.5026444 -0.9017655 0.4297348 -0.04633688 -0.8992462 0.4179807 -0.1290287 -0.9361302 0.2267647 -0.2687712 -0.9002448 0.1443782 -0.4107486 -0.7278582 -0.637166 -0.2534603 -0.8733418 0.487003 -0.01011043 -0.8775922 0.4793354 -0.008338034 -0.8604747 0.4153554 -0.2950648 -0.8870546 0.144464 -0.4384795 -0.9004225 -0.139086 -0.4121825 -0.8777019 0.02654039 -0.4784718 -0.8759671 -0.3130921 -0.366954 -0.8958191 -0.3826442 -0.2260345 -0.8852363 -0.4651227 0.004222154 -0.8971405 -0.4415745 0.01229035 -0.9047818 -0.3542651 0.2363606 -0.872643 -0.2966417 0.3879406 -0.8806928 -0.1363011 0.4536544 -0.8676126 0.3679288 -0.3344801 -0.8686058 0.1261054 -0.4791883 -0.8987178 -0.2253344 -0.3762059 -0.802245 -0.05351358 -0.5945916 -0.9117082 -0.3662072 0.1862271 -0.9120034 -0.4060849 -0.05783641 -0.9133999 -0.3432288 0.2188487 -0.8486278 -0.3555139 0.3917154 -0.8886936 0.3811652 0.2548272 -0.8945569 0.4466733 0.0158444 -0.8981537 0.3609324 0.2510931 -0.8736823 0.4742435 -0.1085004 -0.8774538 0.3949128 -0.2722479 -0.8410907 0.3233543 -0.4335995 -0.8604444 -0.4219468 -0.2856509 -0.8877094 0.1858689 0.4212181 -0.8483029 0.04102808 0.5279195 -0.8310303 -0.3805111 0.4057096 0.7229974 -0.6712293 0.1634814 0.3277161 -0.6656622 -0.6704447 -0.8630685 -0.4753772 -0.1706734 0.4209268 -0.6316506 -0.6510286 -0.9373758 -0.1857442 0.2946621 -0.9536287 -0.1412551 0.265781 0.8968044 -0.2874918 -0.336289 0.9202758 -0.1002169 -0.3782184 0.8786315 0.0611763 -0.4735655 0.8759457 0.1704236 -0.4513036 0.8736987 0.3680753 -0.3180741 0.8678863 0.4096053 0.2810637 0.8609101 0.3587201 0.3607682 0.8734672 0.4868242 -0.007587671 0.8006556 -0.3973925 0.4483638 0.8148367 -0.5247189 0.2463967 0.7893944 -0.4573351 0.4095134 0.8529333 0.0919159 0.5138641 0.811007 -0.0552349 0.5824233 0.9030722 -0.3448135 -0.2560552 0.8705378 0.3952404 -0.2931703 0.8681545 -0.4944463 0.04278624 0.81233 -0.3901467 0.433481 0.851158 -0.4492257 0.2715262 0.8570187 -0.08380007 0.5084257 0.8550403 -0.08906805 0.5108553 0.8914406 0.2901444 0.3480658 0.8282448 -0.3500311 -0.4375942 0.8608678 -0.1607491 -0.4827694 0.8381017 0.01568406 -0.5452886 0.8449003 0.5333729 -0.04070532 0.8826999 0.4515688 0.1301023 0.8866876 0.4022661 -0.2279632 0.8647728 0.3297331 -0.3787405 0.8679584 0.1734917 -0.465348 0.8863601 -0.456663 -0.07632017 0.8272565 -0.5065658 0.242977 0.8716629 0.4891768 -0.03016817 0.8973037 0.2175102 0.3841034 0.8344917 -0.550611 -0.02124285 0.9031168 -0.3751052 -0.2089884 0.9193036 0.2674573 0.2886999 0.904066 0.1706632 0.3918405 0.8902657 0.4390541 0.1210728 0.8809028 0.4381832 -0.1789018 0.8654459 0.4068963 -0.2922994 0.9170789 -0.1733959 0.3590266 0.8889191 -0.2986157 0.3473494 0.9015241 -0.4104387 0.1370927 0.8777042 0.2336596 -0.4183762 0.8634458 0.1032173 -0.4937689 0.8882441 -0.06970691 -0.4540522 0.8704519 -0.2583872 -0.4189864 0.9126387 -0.4075657 -0.03132033 0.8738728 -0.3337106 0.3535304 0.9273101 -0.3514486 0.1287636 0.6779497 0.5218338 0.5177584 0.716554 0.6975135 -0.005025923 0.8075197 0.5442158 0.227467 0.8102551 0.5772994 -0.1010555 0.8537243 0.5095946 -0.1070896 0.9071744 -0.3183181 -0.2751515 0.8292711 0.004077672 0.5588316 0.8771871 -0.2180037 0.4278054 0.8317841 0.172184 0.5277196 0.9464136 -0.009269952 0.3228239 0.88306 0.4656267 0.05828291 0.911215 -0.3945783 -0.118302 0.5296812 -0.5571841 -0.6395183 -0.1711489 -0.7649133 -0.6209799 0.4319506 -0.6126026 -0.661919 -0.1367281 -0.7592614 -0.6362606 -0.9631424 -0.2049349 0.1742369 -0.9631423 -0.2049349 0.1742368 -0.8856912 0.4116892 0.2146236 -0.8549874 0.3491539 0.3835207 -0.8788822 0.1517489 0.4522592 -0.8872621 -0.3159496 0.3360684 -0.9255416 -0.3215419 0.1999587 -0.9076232 -0.1463128 0.3934628 -0.8697544 -5.71686e-4 0.4934846 -0.8830214 -0.4191398 0.2111755 -0.8948562 0.4462764 -0.008355259 -0.9156119 0.3838834 -0.1195348 -0.8828126 0.3059742 -0.356401 -0.8635419 0.2621539 -0.4307795 -0.8656047 -0.09079986 -0.4924266 -0.9253134 0.1372207 -0.3535049 -0.9193235 0.2300159 -0.319276 -0.9195775 0.3486115 -0.1812386 -0.9188849 -0.0872758 -0.3847513 -0.8816642 -0.4115258 -0.2308999 -0.854715 -0.28074 -0.4366317 -0.848853 0.1855216 0.4950054 -0.8827621 0.4342125 0.1794176 -0.7872505 0.4119991 0.4587956 -0.8738074 -0.4283613 -0.2301459 -0.8241136 -0.3695167 -0.4292951 -0.8575046 -0.51447 -0.002578139 -0.8832343 -0.4447885 0.1485279 -0.8532575 -0.460905 0.2439637 -0.8753449 -0.02677536 -0.4827572 -0.8683465 -0.2338081 0.437388 -0.8734403 -0.3312017 0.3569421 -0.7739927 -0.0378912 0.6320598 -0.8397212 0.5429955 0.004935801 -0.945196 -0.2920312 0.1460217 -0.82348 -0.5628237 -0.07148718 -0.9168889 0.09141427 0.3885335 -0.9173623 0.01744788 0.3976707 -0.9541853 0.2275799 0.1942623 -0.8747132 -0.3762063 0.3055253 -0.9119456 -0.2277535 0.3412969 -0.9349545 0.3358857 0.1141966 -0.9404634 0.3398586 0.004997134 -0.8761415 0.3676065 -0.3118357 -0.8871216 0.4061474 -0.2192254 -0.946352 -0.3192995 -0.04965764 -0.9285779 -0.30752 0.207785 -0.9111486 -0.4026591 0.0876019 -0.8672776 0.190254 0.460036 -0.8698261 0.1989759 0.4514545 -0.8900862 -0.118917 0.4400059 -0.8383759 0.0132544 -0.5449315 -0.8676558 0.1501436 -0.473952 -0.9013504 -0.2539505 -0.3508229 -0.8668851 0.4952604 -0.05681049 -0.8636787 0.4975379 -0.08071696 -0.8583285 0.4655496 -0.2157215 -0.9139209 -0.2953499 -0.2784188 -0.8937817 -0.2089503 0.3968552 -0.8687129 0.4463925 0.2146436 -0.8642113 0.4198469 0.2772498 -0.8594901 0.4632467 -0.2160542 0.9763177 0.2155079 0.01897466 -0.9815221 0.1816135 0.0602582 -0.9598866 0.2695395 0.07724195 0.9894722 0.1446525 0.004537761 0.8328392 -0.5528438 0.02725434 0.1932012 -0.6940258 -0.6935428 0.5814675 -0.7150639 -0.3880454 0.8810674 -0.3716194 0.292608 0.9428724 0.142489 0.3011457 -0.9122764 0.3979462 -0.09690505 0.8875315 0.2978258 0.3515504 0.5137381 0.7603848 -0.3973515 0.5844396 0.7194054 -0.3753483 0.5836151 -0.6484266 -0.4888113 0.7027478 -0.6932334 -0.1599152 0.2208213 -0.4438046 -0.8684903 -0.6500772 -0.6228145 0.4353179 -0.6802945 -0.5980222 0.4237559 0.9858363 0.1667126 -0.01826578 0.9858364 0.1667126 -0.01826578 0.9858363 0.1667126 -0.01826578 -0.9660473 0.2445884 0.08324122 0.9707293 0.2401053 0.005840718 -0.9880763 0.1396704 0.06478923 0.9888964 0.1481364 -0.0118156 -0.9896445 -0.1399584 -0.03186774 -0.9896445 -0.1399584 -0.03186774 0.3198143 0.5463754 0.7740755 -0.131371 0.9911512 -0.01899677 0.1054638 0.8960123 0.4313228 -0.3373097 0.812915 -0.474754 0.992384 -0.06445914 -0.1049715 0.9923841 -0.06445914 -0.1049715 0.9923841 -0.06445914 -0.1049715 -0.9296103 0.3622706 -0.06771039 0.9798339 0.1277511 0.15364 0.9868926 0.08206325 0.1389561 0.9099607 0.3223245 -0.2609184 0.9568774 0.2100776 -0.2006321 -0.9615178 -0.270351 -0.04892724 0.9637303 -0.2635378 0.04209262 -0.9842717 -0.169818 -0.04869526 0.9845234 -0.1695629 0.04429614 0.983529 0.1006265 0.1501506 0.983529 0.1006265 0.1501505 0.9835289 0.1006265 0.1501505 0.9412184 -0.06428074 -0.3316262 0.9310637 -0.01231914 -0.3646488 0.9215431 -0.2281308 -0.3141891 0.8711296 -0.489607 0.03766059 0.9064978 -0.4114516 -0.09470766 0.8632053 -0.3761743 0.3367043 0.854712 -0.4118334 0.3160076 0.8283538 -0.1829198 0.5295003 0.9185573 -4.61723e-4 -0.3952876 0.9342243 -0.2734848 -0.2289784 0.8704784 -0.005407214 0.4921769 0.7559286 0.3291022 0.5659186 0.8675156 0.3911952 0.3072182 0.9015212 0.4296467 -0.05160844 0.8304908 0.5438549 0.1204449 0.8726807 -0.01048856 -0.4881786 0.8855042 0.3115876 -0.3446674 0.889241 0.355621 -0.2877228 0.8654549 -0.3476234 -0.3607571 0.8798505 -0.4725674 -0.0504322 0.8764005 -0.4594838 -0.1442116 0.8702929 -0.2579097 -0.4196107 0.8890269 -0.4246439 0.1711977 0.8443595 -0.3832067 0.374446 0.8755742 0.07122433 -0.4778044 0.8325127 0.3823143 0.4009469 0.8404021 0.541897 0.008481502 0.873203 0.4066965 0.2685412 0.9092437 -0.1503666 0.3881569 0.8662011 0.04085683 0.4980226 0.9542716 0.1402314 0.2640095 0.8792335 0.459908 -0.1242305 0.8397945 -0.2811672 -0.4644246 0.8736845 -0.4732835 -0.1125968 0.8926144 -0.3406752 -0.2952625 0.8779637 0.3496528 -0.3269904 0.8745506 0.283268 -0.3935995 0.8500561 0.07103842 -0.5218796 0.8623415 -0.06009012 -0.5027489 0.8787418 -0.4769402 0.01847213 0.81711 -0.4609899 0.3461496 0.8513812 -0.3139054 0.4202541 0.8771036 -0.02392101 0.4797052 0.9167549 0.08054018 0.3912466 0.8806331 0.3021133 -0.3649837 0.8849643 0.3210204 -0.337319 0.8531783 0.5215085 0.0107634 0.8120974 0.3513511 0.4658864 0.8734163 0.3934357 0.286971 0.8812264 0.0114957 -0.4725547 0.8675779 -0.06263023 -0.4933418 0.8702649 -0.3603593 -0.3358278 0.8852711 0.4534295 -0.1034259 0.8948963 -0.4366101 0.09237146 0.9159675 -0.3740761 -0.1451572 0.904631 -0.1899315 -0.3815349 0.855203 -0.201783 0.4774006 0.8805698 -0.2644427 0.3932772 0.8912628 -0.4269065 0.1529755 0.9249601 -0.08113896 0.3713022 0.9553422 -0.09227192 0.2807262 -0.9222064 0.3802571 -0.07028579 -0.9157919 0.3749303 0.144057 -0.917039 0.3812196 0.1170955 -0.8494039 0.4371972 0.2955874 -0.8623687 0.4174499 0.286454 -0.8690794 0.4189502 -0.2630242 -0.9031524 0.2456248 -0.352114 -0.9576776 -0.0621531 -0.2810528 -0.7866805 0.1748667 -0.5920773 -0.9697707 -0.0967468 -0.22402 -0.8034928 -0.4530171 -0.3862318 -0.7811199 -0.2494384 -0.5723918 -0.7921025 -0.2499569 -0.5568619 -0.877393 -0.470414 0.0942977 -0.7470706 -0.6437898 -0.1655907 -0.9361209 0.1990171 0.2899483 -0.9133708 0.320194 0.2514551 -0.897012 0.08317559 0.4341101 -0.8850876 -0.2493116 0.3930189 -0.8755381 -0.03042113 0.4821905 -0.9360316 0.3436296 0.07591825 -0.9211114 0.372363 -0.1135768 -0.9112159 0.3904521 -0.1312733 -0.8970167 0.288439 -0.3349092 -0.8480247 -0.4245039 0.3172547 -0.9343479 -0.1255716 0.3335055 -0.9023718 0.05121111 0.4279047 -0.914114 -0.2663024 0.3057426 -0.8547409 0.483938 0.1876751 -0.8735144 0.38511 0.2977636 -0.8923051 0.4446006 -0.07824426 -0.8719576 0.1732088 0.4579178 -0.9134989 -0.04260045 -0.4046047 -0.8605253 0.1946365 -0.470758 -0.9164339 -0.2957784 -0.269563 -0.8850713 -0.2180248 -0.4112349 -0.926997 -0.3367931 0.1650672 -0.9008595 -0.433264 -0.02710431 -0.9031286 -0.4118307 -0.1214669 -0.7657374 -0.3431406 -0.5439677 -0.8248344 0.5020558 -0.2599772 -0.8228547 0.3130138 -0.4742705 -0.7963113 0.1274904 -0.5912991 -0.8991181 -0.1251335 -0.4194383 -0.882095 -0.4692582 -0.04129439 -0.9176464 -0.3438922 -0.199157 -0.8958482 -0.4303374 0.1107511 -0.8647056 -0.2922703 -0.4084879 -0.8852785 -0.3258356 0.3318332 -0.8971375 -0.3035362 0.3209521 -0.9045144 -0.08370935 0.4181467 -0.8881432 0.4284534 0.1662212 -0.8489233 0.4015713 0.3436131 -0.8806254 0.2247431 0.4171204 -0.87227 0.06459116 0.4847403 -0.9410143 0.1117444 -0.3193827 -0.9498528 0.0149669 -0.3123392 -0.9285218 -0.1157302 -0.3527805 -0.8758292 -0.4277833 -0.2234387 -0.8630813 -0.3101757 -0.3985999 -0.8624992 -0.1966192 0.4663003 -0.7578485 -0.4909726 0.4296646 -0.8853172 -0.4361136 0.1613028 -0.7888957 0.1239483 0.6018974 -0.6918371 -0.002978444 0.7220476 -0.9470036 0.2052022 -0.2471362 -0.8886601 0.4497696 -0.08939003 -0.9076849 0.41197 -0.07993042 -0.829657 -0.5531948 -0.07513248 -0.8458708 0.1570148 0.5097539 -0.8360137 0.4036117 -0.3717243 0.9661493 -0.1683549 -0.1954793 0.977188 -0.1222794 -0.1736416 -0.9264642 -0.3750395 0.03177416 0.9249034 -0.3218572 0.2023902 0.9690014 -0.1929149 0.154338 0.6895522 0.3869732 0.6121843 0.7845733 0.03470844 0.619064 0.7099335 -0.180502 0.6807448 0.8242628 0.5556411 0.1088762 0.8671256 0.4037801 0.291642 0.8849332 0.1284601 -0.4476509 0.880539 0.3073633 -0.3608033 0.8343294 0.4694831 -0.2889292 0.8727929 0.4832446 -0.06861031 0.8865673 -0.4584376 0.06191551 0.8921451 -0.4493713 -0.04628926 0.8535425 -0.4163429 0.3132474 0.9202978 -0.3382503 -0.1965676 0.8842474 -0.2706624 -0.3805897 0.8923698 -0.1613892 -0.4214615 0.8062437 -0.2088699 0.5534842 0.8516286 -0.3477767 0.3921484 0.8313404 0.4573358 -0.3157804 0.8859815 0.4521549 -0.1029208 0.8581503 0.5042755 0.09635549 0.875608 0.4316154 0.2168386 0.8864438 0.2547234 0.3864369 0.8795915 -0.0117166 0.4755857 0.8472602 -0.1395467 0.5125201 0.8001775 0.1502802 -0.5806305 0.8468395 0.3076463 -0.4338393 0.7987267 -0.5928374 -0.1028572 0.9008125 -0.3418671 -0.2677012 0.8550015 -0.262405 -0.4473436 0.7798077 -0.4804736 0.4013043 0.8827767 -0.4578365 0.1053152 0.8836663 -0.07121592 -0.4626685 0.9048569 0.01954752 -0.4252668 0.8285279 -0.1904678 0.5265583 0.8775508 0.2437288 0.4129176 0.8413267 0.3019919 0.4482971 0.8641967 0.1061717 0.4918249 0.8254859 -0.06697857 0.5604347 0.8262071 0.5444545 0.144745 0.8733661 0.3825665 0.3014543 0.8130986 0.4962379 -0.3043335 0.8719919 0.4879598 -0.03906035 0.884636 0.2947226 -0.3613278 0.8961929 0.06995147 -0.4381157 0.8588494 -0.2615135 0.4404412 0.8435116 -0.3645946 -0.3944098 0.8363316 -0.5348381 -0.1204064 0.8529304 -0.3341972 -0.4010263 0.8583456 0.2406377 0.4531404 0.8963689 -0.05400663 0.4400071 0.8566981 0.2739228 0.4370753 0.869995 0.4222435 -0.2545963 0.8402048 0.521686 -0.1479852 0.8376075 0.346186 -0.4225742 0.9152351 -0.02010548 -0.4024187 0.8514362 -0.5244557 -0.00165385 0.8382126 -0.4734231 0.2706847 0.8876839 -0.3175093 0.3334745 0.8964525 -0.08077001 0.4357171 0.8499196 0.4671652 0.243708 0.8586449 0.4924237 0.1422958 0.8234551 0.3521965 -0.4448365 0.5882298 -0.7728316 -0.2381535 -0.6780117 -0.294183 -0.6736146 -0.3797796 -0.5574327 -0.7382657 0.216812 -0.9650894 0.1469521 0.06423187 -0.9799765 0.1884685 -0.885677 0.4428997 -0.1393417 -0.8549558 0.5181316 0.02429366 -0.8787496 0.4273415 0.2125521 -0.8876184 0.01424735 0.4603592 -0.925844 -0.08568674 0.3680636 -0.907701 0.1745274 0.3816007 -0.8695998 0.3487027 0.349575 -0.8830487 -0.146785 0.4457342 -0.8948307 0.309692 -0.3215105 -0.9155904 0.1869399 -0.3560163 -0.8840539 -0.02736204 -0.4665836 -0.8705474 -0.1031305 -0.4811562 -0.8710989 -0.3763565 -0.3155035 -0.9242638 -0.1536664 -0.3494613 -0.9182643 -0.06315386 -0.3908995 -0.9192252 0.1190947 -0.3752886 -0.8813959 -0.4546799 0.1280921 -0.8535502 -0.5090563 -0.1109677 -0.9180347 -0.3352796 -0.2116598 -0.88169 -0.4714191 0.01966637 -0.8789183 -0.4768311 0.01159882 -0.8889701 -0.3452333 0.300909 -0.8830795 0.4567924 0.1072917 -0.8920797 0.4112068 -0.1873579 -0.8785408 0.4765421 0.03276997 -0.8699923 -0.4021661 -0.2852647 -0.8775771 -0.2766103 0.3915933 -0.8863027 -0.04280596 0.4611238 -0.8531419 -0.153157 0.4986904 -0.8719277 0.3301478 0.3615861 -0.8381704 0.1129106 0.5335932 -0.8395934 0.387652 -0.3805375 -0.8604788 0.4017159 0.31337 -0.8233805 -0.4485847 0.3475863 -0.9452137 -0.1032233 0.3097031 -0.8986697 0.06258076 0.4341388 -0.8684157 -0.07475465 0.4901694 -0.8687121 0.3311705 0.3683278 -0.8616039 0.4101051 0.2990866 -0.874792 0.473079 -0.1045719 -0.8016123 0.5892413 0.1010573 -0.8802939 0.3797911 -0.2843265 -0.9108067 0.2246482 -0.3463589 -0.8966814 0.04095876 -0.4407778 -0.8724201 -0.07772153 -0.4825379 -0.9220389 -0.2570118 -0.2894638 -0.8745765 -0.4348672 -0.2144913 -0.9237335 -0.3829892 0.005983173 -0.8974858 -0.3962414 0.1936801 -0.9372336 -0.2190431 0.2713176 -0.9553657 -0.06800478 0.2874926 -0.9080513 0.04171174 0.4167771 -0.9277448 0.1890118 0.3218137 -0.9246729 0.3777743 0.04761046 -0.8805608 0.3959581 0.2604418 -0.9520705 0.2674956 -0.1483509 -0.956427 0.2745725 -0.09928411 -0.9545126 0.1795195 -0.2380722 -0.8791908 0.1796482 -0.4413052 -0.9085211 0.1746228 -0.3796002 0.7890949 0.6133015 0.03450536 -0.8578178 0.5139539 -2.81329e-4 -0.8396915 0.5430629 9.84934e-4 0.8155642 0.5776733 0.03389066 0.9129033 -0.3576463 0.1967151 0.8191404 -0.4948414 -0.2900708 -0.8794978 -0.4757515 0.01200848 0.8597448 -0.4335794 -0.2699037 0.9612644 -0.2211993 0.1644437 -0.1428287 0.9889329 -0.04014879 0.09893065 0.9008331 0.422744 0.3193641 0.5439884 0.7759403 -0.3480151 0.7927035 -0.5005064 0.9697205 -0.2427082 0.02711206 -0.9882565 -0.1500393 -0.02893918 -0.9674956 -0.2512573 -0.02867501 0.9891443 -0.1442559 0.0279954 -0.9709104 0.2370414 0.03383153 0.967697 0.2514337 -0.01853382 -0.9885535 0.1475402 0.03152531 0.9871975 0.1579817 -0.02197498 0.5937575 0.802114 0.06375932 0.3532333 0.4777445 0.8043547 -0.2515623 0.8575644 0.4486643 0.5424603 0.2493409 0.8022257 -0.8221758 0.408178 -0.3967593 -0.8929128 0.234141 -0.3845579 -0.3139654 -0.5884176 -0.7451111 0.05463349 -0.4113239 -0.9098505 -0.7122086 -0.6934112 -0.1092696 0.9717228 -0.2297881 0.05433619 0.9787592 -0.1995362 0.04707348 0.8394142 0.5427628 0.02814882 0.8382114 0.5420895 0.05950534 0.7550839 0.4896004 0.4360501 0.7820236 0.5043499 -0.3661565 0.1055895 -0.8162656 -0.5679448 0.2821487 -0.5067458 -0.814617 0.03118616 -0.9723896 -0.2312702 0.9714141 -0.2318599 0.05094766 0.9778217 -0.2042004 0.04655033 0.9683949 0.2476342 -0.02980977 -0.9886151 0.1482821 0.0255503 -0.970307 0.2406915 0.02391892 0.9877979 0.1529811 -0.02919459 -0.8698756 -0.3734256 -0.3222888 0.958137 -0.2570012 -0.1261899 -0.9174894 -0.2991964 -0.262097 -0.9700114 -0.1746917 0.1689993 -0.9823668 -0.1025305 0.1563431 0.8658799 0.2136994 0.4523103 0.9069685 -0.0617699 0.4166448 0.9036722 -0.1753458 0.3906798 0.9259001 -0.2838122 0.2493189 0.8859842 -0.4456133 0.1282998 0.8338444 0.4641472 -0.2987822 0.9035356 0.02138513 -0.4279794 0.910201 0.2509906 -0.329451 0.7104974 0.6746457 0.2001165 0.8598881 0.326093 0.392754 0.8634042 0.5016088 -0.05405563 0.8710063 -0.4238671 -0.2483647 0.8645891 -0.3597034 -0.3508549 0.8724373 -0.4499787 -0.1907154 0.8758075 -0.4813165 0.03599727 0.8949223 -0.0102142 -0.4461053 0.8422806 -0.5375253 0.04037421 0.8521555 -0.4485959 0.2694309 0.8579677 -0.3919745 0.3320356 0.8617762 -0.4991657 -0.09041887 0.860509 -0.3854094 -0.3331428 0.8494624 -0.1239507 0.5128841 0.8761125 -0.2780403 -0.3938533 0.8165208 0.5760646 0.03799349 0.8441472 0.3868335 -0.3711814 0.859137 0.4971208 -0.1214689 0.8610657 0.404997 0.307479 0.8463101 0.3259361 0.421337 0.8589065 -0.3634939 -0.3607656 0.872002 0.01851433 0.4891523 0.8792087 0.2373822 -0.413088 0.8736847 -0.4142854 0.2550347 0.8926241 -0.4496574 0.0321002 0.8398046 -0.5271955 -0.1295885 0.8779633 0.01600813 -0.4784603 0.8745473 -0.07801121 -0.4786245 0.8500723 -0.3187736 -0.419238 0.862361 -0.3979602 -0.3129877 0.8787326 -0.3242012 0.350318 0.8170582 -0.08120411 0.5708082 0.851315 0.07520997 0.5192365 0.887946 0.3062597 0.3431574 0.9166948 0.3337329 0.2197569 0.910564 0.3836861 -0.1538129 0.9250743 0.3781422 -0.03529989 0.8585647 -0.5032027 -0.09825378 0.8958874 -0.3717275 -0.2433199 0.8625218 -0.2880594 -0.4160264 0.7710876 -0.09918522 0.6289566 0.835267 -0.2907724 0.4666697 0.761151 -0.5234286 0.3829774 0.8516876 0.09808874 -0.5147882 0.8816911 -0.1245721 -0.4550852 0.9036845 0.2491212 -0.3482716 0.8461787 0.3191105 0.4267908 0.9118314 0.09163486 0.4002081 0.8785392 -0.4701877 0.08421671 0.9226545 0.322934 0.2107662 0.9015955 0.3382384 0.2696673 -0.9700399 -0.2333592 0.06757283 0.9754526 -0.1323758 -0.1759797 0.9845187 -0.0724377 -0.1596117 -0.9809263 -0.1740432 0.08656036 -0.8109015 0.4992654 -0.3052422 -0.7463249 0.6515352 -0.1360191 -0.6703857 0.7395259 -0.06070047 -0.7500271 0.1730559 -0.6383659 -0.7167332 0.4322043 -0.5472597 -0.4618921 -0.1503676 -0.8740969 -0.8639208 -0.3508939 -0.361268 -0.8271654 -0.2882196 -0.4824179 -0.8675404 -0.4711388 -0.1593805 -0.7297807 -0.6578556 -0.1861348 -0.8087701 -0.5224583 -0.2700526 -0.8561069 -0.5072346 0.09896576 -0.8825927 0.1261444 0.4528991 -0.9058321 0.02124303 0.4231039 -0.8699706 0.3631787 0.3335452 -0.8804782 0.4706557 0.05693459 -0.8718742 0.4189175 0.2536606 -0.9479627 -0.1503221 0.2806602 -0.8874396 -0.3757344 0.2669733 -0.8680561 0.4903268 -0.0778343 -0.8896573 0.4006609 -0.2190454 -0.8973819 0.1644061 -0.4094833 -0.8790232 0.2968307 -0.3731083 -0.8762658 0.3040657 -0.3737681 -0.9237495 0.3786119 -0.05779111 -0.9278606 0.3591108 -0.100569 -0.9105432 0.3819171 0.1582735 -0.9450172 -0.115212 0.3060533 -0.9128043 -0.03406637 0.4069741 -0.8902871 -0.3283502 0.3155555 -0.9135341 0.1241721 0.3873458 -0.8489829 0.347005 0.3985167 -0.8791412 -0.4047788 0.251525 -0.9155116 -0.4022892 0.001389324 -0.8955017 -0.4177192 -0.1535821 -0.9358607 -0.269282 -0.2272709 -0.8544557 -0.4530776 -0.254217 -0.9020804 -0.04622906 -0.429085 -0.8994146 -0.1290717 -0.4176049 -0.8696571 0.007240235 -0.4936032 -0.8673433 0.3107789 -0.3887571 -0.8705173 -0.02257388 -0.4916199 -0.8572908 -0.3178254 -0.405018 -0.8512259 -0.5210606 -0.06253355 -0.8492248 -0.3788031 -0.3678665 -0.8714312 -0.3971836 0.287842 -0.8883882 -0.1011534 0.447811 -0.8806355 -0.3500015 0.3193433 -0.8608775 -0.5071366 -0.04126238 -0.8669857 0.2280188 0.4431065 -0.8619784 0.02174252 0.5064787 -0.8406469 0.3700359 0.3954572 -0.8685886 0.4626417 0.1775292 -0.8560942 0.5152907 0.03972828 -0.9104429 0.3847736 -0.1517998 -0.9631367 -0.1952061 -0.1851006 -0.8974483 -0.4088906 -0.1655154 -0.9171515 -0.1476043 -0.3701975 -0.8908023 -0.4006582 0.2143463 -0.9095159 -0.4005689 0.11102 -0.8191555 0.2019346 0.5368489 -0.7578359 -0.06646943 0.6490505 -0.9000005 -0.2055989 0.3843542 -0.7966221 0.4906404 0.3530796 -0.7069236 0.465119 0.5328447 -0.9079502 -0.02450799 -0.418361 -0.8820847 0.3499883 -0.315333 -0.9260275 0.1691909 -0.3374131 -0.871276 -0.4414175 -0.2145433 -0.6431212 0.3883079 -0.6600092 -0.8444504 0.4547641 0.2830076 -0.9709829 -0.2314299 -0.06027102 0.9754665 -0.2173383 -0.03506016 -0.9852829 -0.1645639 -0.04622238 0.9877595 -0.1544873 -0.02156132 0.8797988 0.1386791 0.4546671 0.8713963 0.3152561 0.3758752 0.8691973 0.1544688 0.4697185 0.8710375 -0.05862861 -0.4877053 0.8906097 0.0716145 -0.4490946 0.8783635 0.3458166 -0.3299825 0.8792522 -0.2900741 -0.3778526 0.7949517 -0.5349644 -0.2861204 0.8713186 0.3594 0.3341192 0.8744308 0.4849066 -0.01537233 0.8689687 0.4941543 -0.02655124 0.8741786 0.3384096 -0.3482682 0.8459076 -0.5331702 -0.01303952 0.8303062 -0.5570199 0.0179032 0.6640335 -0.5878462 0.4620566 0.8577419 0.2316895 0.4589106 0.7302449 -0.02934545 0.682555 0.8708093 0.2991523 0.3901273 0.8208159 -0.2706918 0.5029783 0.8325969 0.5247513 0.1772533 0.9053474 0.3331092 -0.2634094 0.8802033 -0.01375275 -0.4743976 0.9176057 0.1699281 -0.3593385 0.9098491 -0.352244 -0.2193146 0.8937879 -0.4233462 0.1480589 0.9272795 -0.3732349 -0.02913123 0.8639119 0.4995071 0.06441146 0.9096338 0.3799147 -0.1680222 0.902372 -0.1365055 -0.4087678 0.9033386 -0.3254276 -0.2794213 0.8173268 0.5658061 0.1088131 0.7822925 0.4707667 -0.4079182 0.8800957 0.4608775 -0.1141197 0.8553794 0.05085122 -0.5155002 0.8660075 0.1762046 -0.4679561 0.8989788 -0.3565053 0.2544426 0.8783152 -0.1930934 0.437353 0.8806366 0.1685468 0.4427992 0.8685867 -0.1598085 0.4690614 0.9061639 0.339989 0.2515441 0.8736405 -0.2463806 -0.4195818 0.8742253 0.1073217 0.4735106 0.8908184 -0.3945275 -0.225368 0.8739741 -0.4766529 -0.09471696 0.8698327 -0.4301164 0.2416427 0.8941891 -0.44178 0.0725004 0.8815556 -0.3339844 0.3336376 0.8711128 -0.1852537 0.4548007 0.8789694 -0.1648226 -0.447489 0.8531538 0.4202993 0.3089938 0.8733254 0.4368394 0.2155791 0.8863176 0.1536681 0.4368381 0.8833959 0.2914145 -0.3670004 0.8729652 0.4809985 -0.08107 0.8906574 0.2237893 -0.3957875 0.8967562 -0.0938391 -0.432461 0.9272918 0.01162946 -0.3741588 0.8787896 -0.07975029 0.4704984 0.8924481 0.1948977 0.4068799 0.8868705 0.4364573 -0.1515452 0.8701065 -0.1375107 -0.4732921 -0.9635565 -0.2364803 -0.1250444 0.8658571 -0.4923739 -0.08865445 -0.9781656 -0.1804007 -0.1031871 -0.9633133 -0.180004 0.199063 -0.9769473 -0.1079709 0.1841637 0.9780957 0.08007401 0.192138 0.9780957 0.08007401 0.192138 0.9780957 0.08007401 0.192138 0.99238 -0.06447947 -0.1049972 -0.9760929 0.2066962 -0.06722724 0.9695323 0.1532312 0.1911215 0.9802317 0.08426785 0.1790107 0.9721301 0.225192 0.06520605 0.8401675 0.4908165 -0.2306898 2.31778e-4 -0.6382616 -0.7698195 0.6900192 0.06650191 -0.7207295 0.119169 -6.90193e-4 -0.9928739 0.001010894 0.1850645 -0.9827259 -0.8875749 0.2063904 -0.4118419 -0.8895853 0.2296687 -0.3948296 -0.8693473 0.4590555 -0.1830388 -0.8697925 0.1935584 0.453868 -0.8356974 0.1747671 0.5206404 -0.9080839 0.2480726 0.3374076 -0.8843932 0.4123294 0.218708 -0.8697177 0.4602597 0.1781917 -0.8650175 0.4896833 -0.1093391 -0.8662621 -0.1765317 -0.4673613 -0.8774662 -0.08597445 -0.4718704 -0.8617701 -0.4008209 -0.3109582 -0.8655571 -0.492489 0.09091496 -0.8540837 -0.4596267 -0.2434837 -0.882384 0.1799806 -0.4347477 -0.7872452 0.4588769 -0.4119189 -0.8492786 0.4944358 -0.1850923 -0.9123789 -0.3308692 -0.2410194 -0.9192207 -0.1816348 -0.3493456 -0.9251695 -0.3538032 -0.1374212 -0.8240919 -0.4293697 0.3694784 -0.8737267 -0.2303459 0.4284186 -0.8753337 -0.4827697 0.02691292 -0.882855 0.1487739 0.4454588 -0.8570734 -0.002535462 0.5151882 -0.8684412 0.4373803 0.2334706 -0.8733647 0.3571818 0.3311427 -0.7749567 0.6308867 0.0377373 -0.8388522 0.005110323 -0.5443354 -0.8792571 -0.4656497 0.1003862 -0.8750759 -0.4758975 0.08811193 -0.8470372 -0.2656818 0.4603708 -0.8533755 -0.3547403 0.3819811 -0.8282635 0.198673 0.5239358 -0.7350984 -0.04921585 0.6761717 -0.7832511 0.4130726 0.4646384 -0.8980484 0.4102925 0.1586482 -0.9042074 0.2035861 -0.3754489 -0.9033495 0.26797 -0.3348907 -0.9267899 0.3439962 -0.150755 -0.8918648 0.4522041 0.009420216 -0.8729927 -0.3867048 0.2972261 -0.8607279 -0.07097673 0.5040931 -0.8243461 -0.3246681 0.4637287 -0.8559321 -0.501783 0.1248768 -0.8729758 -0.4869411 -0.02831292 -0.8467541 0.5031582 -0.1727411 -0.8557831 0.5074572 0.1006107 -0.8781423 0.3794151 -0.2913937 -0.8978282 0.01129454 -0.4402012 -0.8866228 -0.1303182 -0.4437535 -0.8906524 -0.1270745 -0.4365667 -0.9019269 0.003770887 -0.4318723 -0.873611 -0.124717 -0.4703719 -0.8792027 -0.3179146 -0.3548704 -0.7943809 -0.5324515 -0.2923261 -0.8639206 0.328358 0.3818668 -0.8907086 0.2340046 0.3897182 -0.8671413 0.1912763 -0.459869 -0.8001021 0.09108972 0.5929076 -0.8640416 0.4875843 0.1252756 0.7558146 -0.6547498 0.006860256 -0.8915347 -0.2898585 -0.3480632 -0.7469725 -0.5014339 -0.4365732 -0.5132464 -0.6223075 0.5910258 -0.7198923 -0.4457062 0.5320725 -0.102353 0.7480368 0.6557171 -0.102353 0.7480367 0.6557171 -0.102353 0.7480368 0.6557171 0.06835401 0.8138443 -0.5770488 -0.9919141 -0.1240338 -0.02687078 -0.9813434 -0.1893298 -0.03346002 0.9714832 -0.2368686 -0.01066744 0.9869444 -0.1610403 -0.002621948 -0.6699602 0.6603204 -0.3393086 -0.9372095 0.2690624 0.2219097 -0.8932576 0.4484654 0.03114205 0.7704248 0.5036601 -0.3908606 0.7940446 0.4807386 -0.3719998 -0.9466527 -0.31223 -0.07975739 0.946433 -0.3127117 0.08047401 -0.9813522 -0.173443 -0.0828576 0.9812756 -0.1736837 0.08325952 0.9876146 0.07914113 0.1354775 0.9870813 0.1570831 0.0315532 0.9876146 0.07914113 0.1354775 0.7129977 0.499835 -0.4917309 0.7129977 0.499835 -0.4917309 -0.7285402 -0.5570186 -0.3986974 -0.9917135 0.1277678 -0.01340746 -0.9837591 0.1782128 -0.02141118 0.9510905 0.3040897 -0.05437386 0.9775221 0.2071424 -0.0392751 0.8602749 0.3923384 0.3255729 0.897234 0.2120618 0.3872999 0.8659617 0.04839134 0.4977636 0.890013 0.21609 -0.4014746 0.8312802 0.3995503 -0.386436 0.8775311 -0.02186191 -0.479021 0.8676396 0.4638261 -0.179073 0.8452199 0.5335073 -0.03119772 0.8838797 0.4390952 0.1610971 0.8521222 -0.3194414 -0.414542 0.8656694 -0.3351873 -0.3718414 0.8762543 -0.1037034 0.4705574 0.8426941 -0.3755571 0.3857765 0.9681351 -0.2498655 0.01678597 0.8916577 -0.416895 0.1764804 0.8788185 -0.07936477 -0.4705095 0.8753953 -0.2347738 0.4225687 0.8389562 -0.4349259 0.3270963 0.8006718 -0.05045527 0.5969749 0.8820116 -0.4496877 0.1408423 0.8826761 -0.4595543 -0.09845268 0.887785 0.1403834 0.4383266 0.8243237 0.3825474 0.4173105 0.8773131 -0.463052 -0.1261127 0.8548706 0.5188306 -0.003356814 0.8966272 0.394257 0.2015469 0.8667309 0.3516474 -0.3537254 0.876781 0.4590982 -0.1431227 0.8731582 0.2574833 -0.4138805 0.8574969 0.01327538 -0.5143178 0.9785711 -0.2052981 0.01585024 0.8526191 -0.08489412 -0.5155907 0.7872818 -0.6044348 -0.1218451 0.8478184 -0.4278976 -0.3132213 0.8238802 -0.3414212 -0.4523859 0.6649096 -0.5871586 0.4616711 0.8451845 -0.5259634 0.09500455 0.887413 0.4182201 0.1938819 0.8510871 0.3735294 0.3689535 0.8426616 0.5384376 0.002565205 0.8972849 0.1420206 0.4179835 0.765192 -0.04325181 0.6423478 0.8259706 0.4387881 -0.3538893 0.8567853 0.4960362 -0.1409506 0.8341948 -0.2596769 0.4865051 0.8623006 0.2871251 -0.4171292 0.8661739 0.1055866 -0.4884613 0.9213265 -0.2450456 -0.3018448 0.9109207 -0.04197585 -0.4104409 0.9194878 0.001118063 0.3931173 0.8977676 -0.1779682 0.4029151 0.8765252 0.226458 0.4247591 0.9358063 -0.3163009 -0.1556291 0.9037907 -0.4241275 0.05725556 0.899452 -0.4147131 0.137838 0.8601688 0.4950295 0.1227005 0.874451 0.4691711 0.1233454 0.8421733 0.5328664 -0.08244824 0.9120885 -0.2213383 -0.3451147 0.9234842 0.2874943 0.2540158 0.9223863 -0.2642996 0.28169 -0.5708113 -0.8209267 0.01593768 -0.5427768 -0.8397339 0.01551097 0.7130039 -0.7010957 -0.009510219 0.7333099 -0.6798207 -0.01002943 -0.6624758 0.2966855 -0.6878252 -0.7100383 0.2009778 -0.6748731 -0.6733701 0.4775055 -0.5644124 -0.8499076 -0.1608978 -0.501766 -0.8690133 -0.3854026 -0.3102917 -0.8394215 -0.3061386 -0.4490553 -0.9391336 -0.3374071 0.06468784 -0.771372 -0.6023067 -0.2054555 -0.956023 -0.2693971 0.1159544 -0.7293899 -0.6028878 0.3232906 -0.8077194 -0.5615136 0.1797 -0.8229482 -0.3527482 0.4453371 -0.9017219 0.4323015 0.003624141 -0.8960661 0.3826879 0.2249793 -0.8967483 0.4396945 -0.05011343 -0.9054517 0.3461838 -0.2455891 -0.8865189 0.0883513 0.4541789 -0.7511577 -0.1783738 0.6355667 -0.8893977 0.1288353 -0.4386037 -0.8768734 0.2917607 -0.3820587 -0.897019 -0.1737554 -0.4064062 -0.8785876 -0.0539453 -0.4745249 -0.854402 0.3162955 0.4122553 -0.8870154 0.4534912 -0.08688759 -0.6819249 0.6927555 0.2346663 -0.7971247 0.4253054 0.4286113 -0.8715164 -0.09406179 -0.4812607 -0.8666786 0.01650875 -0.4985939 -0.902563 0.2254949 -0.3667862 -0.8574411 0.4187431 -0.2990801 -0.8833966 -0.01955312 0.4682182 -0.8833906 -0.0101704 0.4685274 -0.9272633 -0.2513922 0.2774615 -0.8994166 -0.3940502 0.189141 -0.9359009 -0.3510211 0.02956044 -0.8495048 -0.5071095 0.1455394 -0.9017785 -0.336622 -0.2710745 -0.8991872 -0.3868933 -0.2043921 -0.7278876 0.2715585 0.6296314 -0.8776012 -0.3449037 -0.3329528 -0.8733732 -0.3515614 -0.3370814 -0.8557779 -0.5138303 -0.06018877 -0.8511426 -0.4120758 0.325192 -0.8780408 -0.08229345 0.4714576 -0.8625153 -0.384455 0.3290316 -0.8734121 -0.002434015 0.486976 -0.8588578 0.2803833 0.428659 -0.8439162 0.4754341 0.2485315 -0.8619984 0.4931607 0.1172667 -0.8702843 0.4321922 -0.2362527 -0.8581731 0.4950219 -0.1359862 -0.8921199 0.1841218 -0.4125787 -0.9013141 0.2039074 -0.382171 -0.8485499 -0.5290127 0.0104379 -0.8710613 -0.3786548 0.3128462 -0.8844378 -0.08055067 0.4596536 -0.8726571 -0.2002422 0.4453904 -0.8750404 0.218903 0.4317243 -0.8745117 0.2440035 0.4191557 -0.8577193 0.5008386 0.1160967 -0.8970661 0.4383971 -0.05550068 -0.8882704 0.455268 -0.06088417 -0.9035944 -0.3299971 -0.2731651 -0.8529531 -0.5219327 -0.007565915 -0.8484976 -0.5101166 -0.1408297 -0.8942026 -0.2231054 -0.3881053 -0.9294348 -0.06502234 -0.3632121 -0.8530895 -0.477451 0.2104256 -0.8676918 0.2803574 0.4105007 -0.841142 0.5029774 0.1987305 0.9472453 -0.3107597 0.07845324 -0.980597 -0.1848521 -0.06526374 -0.9806897 -0.1844105 -0.06511926 -0.9786527 -0.1942685 -0.067074 -0.8180362 -0.5635364 -0.1150813 0.9802027 -0.180251 0.08192861 0.8782691 0.2438545 0.4113134 0.8313864 -0.04146736 0.5541455 0.8549292 0.391234 0.3406349 0.8597083 -0.4498191 0.2420012 0.8710984 -0.4897276 -0.03680652 0.8428198 -0.4053232 0.3540732 0.912815 0.4065485 0.0385642 0.9167054 0.3766991 0.1332254 0.8098078 0.5321533 -0.2470306 0.8865185 0.07423955 -0.4566984 0.9347012 0.2348994 -0.2667512 0.8355848 -0.1616258 0.5250479 0.8705533 -0.4867534 -0.07216858 0.8804096 -0.3383148 -0.3322982 0.9083135 -0.06640368 -0.4129857 0.8397308 0.5421256 0.03085541 0.8446955 0.5271925 0.09250837 0.8819589 0.3980323 -0.2524263 0.8763692 0.05920439 -0.4779875 0.9028266 0.193195 -0.3841613 0.8518241 -0.297473 0.4311679 0.8233388 -0.4475642 0.3489981 0.7840029 -0.09598636 0.6132913 0.8590887 -0.353542 -0.3701009 0.9141491 -0.09731262 -0.3935248 0.8524466 -0.515143 0.08923244 0.8476064 -0.5297175 -0.03103172 0.8616982 -0.4303677 -0.2688122 0.9134428 0.3831391 0.1372104 0.8717033 -0.3674508 -0.3242115 0.8775618 0.4208419 -0.2297333 0.8001264 0.3944643 0.4518802 0.8828558 0.1052199 0.4577059 0.8537867 -0.5205955 0.005349934 0.8889474 -0.2977008 0.3480615 0.8996235 -0.410455 0.149011 0.9216433 -0.008695125 -0.3879407 0.8911874 0.1435971 -0.4303082 0.9157602 -0.2360427 -0.3250647 0.9141435 -0.3704327 -0.164686 0.9136598 0.4048174 -0.03672444 0.9074397 0.3758488 0.1878594 0.9364804 0.2474183 -0.2485735 0.8734642 -0.003993391 0.486872 0.8642976 0.0534228 0.5001356 0.8629251 0.3641603 0.3503534 0.8856751 0.4622231 -0.04392528 0.8733063 0.3418758 0.3470693 0.8725494 0.2809186 -0.3996778 0.9195366 0.3437575 -0.1904814 0.8759315 -0.1702697 -0.4513895 0.8984264 0.1323785 -0.4186958 0.8254446 -0.437187 -0.3570838 0.8640117 -0.2330446 -0.4462893 0.8886208 -0.2509005 0.3839299 0.9016045 -0.2402717 -0.3596926 0.9192529 0.3786984 -0.1075255 0.9211662 0.3722213 0.1135965 0.8173295 -0.4488878 -0.3612096 -0.9492586 0.2891895 0.1236034 0.873385 0.4869614 0.008208215 -0.9739632 0.2008742 0.1050975 -0.9456858 0.2285762 -0.2311521 -0.9625247 0.1716492 -0.2099589 -0.9907646 -0.1317468 -0.03206723 -0.9907646 -0.1317468 -0.03206723 -0.9565117 0.2829625 0.07083541 0.9451268 0.319307 -0.0691263 -0.9840217 0.1625367 0.07268679 0.9802886 0.1840194 -0.07191085 -0.8092249 0.5635288 0.1661042 -0.8205446 0.5503165 0.1544621 -0.8357354 0.544748 -0.06925314 -0.8930914 0.2491083 -0.3746101 -0.7953544 0.5239008 -0.3048594 -0.9112864 -0.06927531 -0.4059042 -0.870444 -0.3490687 -0.3471 -0.8847053 -0.3221405 -0.3369303 -0.8623901 0.106233 -0.4949729 -0.8529611 -0.5215697 0.02055776 -0.8577413 -0.5078936 -0.07952314 -0.8981842 -0.368813 0.2392531 -0.9008964 -0.139032 0.4111641 -0.8815661 -0.30202 0.3628017 -0.8302326 -0.1052756 -0.5473855 -0.8187367 -0.5094084 -0.2649024 -0.6833025 -0.4174108 -0.5990543 -0.8664381 -0.4521507 0.2117661 -0.777414 -0.6250008 -0.0707218 -0.9440972 -0.09304934 0.3162633 -0.8810529 -0.3690428 0.2958942 -0.7864707 0.1195076 -0.6059555 -0.8839783 0.2788727 -0.3752497 -0.8664751 0.4924246 -0.08209186 -0.8385432 0.5379391 0.08641058 -0.8660844 0.4254011 0.2625488 -0.8586668 0.4335069 -0.2734286 -0.9301292 0.1681234 0.326488 -0.9003233 0.02881366 0.4342671 -0.7786547 0.6116583 0.1398963 -0.8623442 0.1573268 0.4812596 -0.8657405 0.02298158 0.4999653 -0.8343867 0.351253 0.4247591 -0.8468017 0.4299294 0.3131894 -0.8669568 0.4759931 0.1477047 -0.8826971 0.4242447 -0.2021446 -0.8675653 0.4883387 -0.09410625 -0.890798 0.1898548 -0.4128367 -0.8782408 0.2395524 -0.4138934 -0.9341588 -0.08199775 -0.3473092 -0.9270136 -0.3047121 -0.2186239 -0.907914 -0.2257584 -0.3531647 -0.8491715 -0.3925454 0.3532932 -0.8670712 -0.4949494 0.05668294 -0.8566992 -0.3061417 0.4151432 -0.8812783 -0.4714198 -0.03334301 -0.8675528 0.4110724 0.2799499 -0.8965424 0.2872338 0.3372069 -0.8880084 0.4569239 0.05159318 -0.792936 -0.1502255 -0.5904955 -0.8708074 0.05676817 -0.4883359 -0.8349909 -0.3315352 -0.4391751 -0.8942523 0.3530887 -0.2750298 -0.8087435 0.5740898 -0.1278862 -0.8838297 0.07214361 0.4622128 -0.8748381 0.01855105 0.4840601 -0.8320583 0.2742979 -0.4821199 -0.8249179 -0.527795 -0.2023438 -0.7665093 -0.5199972 -0.3769168 -0.7400593 -0.5872567 -0.3277831 -0.8799073 -0.4663269 -0.09111773 -0.464473 0.2738602 0.842179 -0.1248124 0.3818663 0.9157511 0.0621708 0.4952167 0.8665421 0.7499347 0.3874499 0.5361722 -0.3783373 0.9098773 0.1702478 0.7978894 0.5452169 -0.2571208 0.89688 0.3390355 -0.2840095 0.9852611 -0.1123893 -0.1289542 -0.9907871 -0.1202232 0.06234949 0.9760974 -0.1637608 -0.1428855 -0.9932825 -0.09144973 0.07089972 0.9386704 0.2705097 -0.2138283 -0.9919842 0.1242169 -0.02318692 -0.9766224 0.2026659 -0.0716601 0.9794755 0.1451747 -0.1398289 0.9613304 -0.2679026 0.0638135 -0.9887562 -0.1487761 -0.01506459 -0.9722183 -0.2340357 -0.004355072 0.9836542 -0.1720514 0.05313068 -0.9565052 0.2784823 0.08686411 0.873429 0.4865719 -0.01922678 -0.9772875 0.1976175 0.07652848 -0.9653532 0.1401947 -0.2200882 -0.9491009 0.1971705 -0.2456246 0.5101512 -0.7305693 0.4538881 0.5101512 -0.7305693 0.4538881 -0.9677258 0.2417659 0.07110559 0.9772698 0.2046946 0.05517208 -0.9819211 0.1814041 0.05406886 0.9875195 0.1522523 0.0403074 0.4434133 0.8212829 -0.3589974 0.4434132 0.8212829 -0.3589974 0.4434133 0.8212829 -0.3589975 0.8950302 0.351293 0.2747984 0.8933489 0.2952877 0.3387225 0.87752 0.05510109 0.476364 0.8748881 0.4823903 -0.04325163 0.9000028 0.4201781 0.1159547 0.8766796 0.4400731 -0.1943414 0.7701575 0.4189159 -0.4810063 0.85599 0.1576218 -0.4923786 0.7014272 -0.1350188 -0.6998357 0.8532014 -0.4390636 -0.2815504 0.8637573 -0.2980777 -0.406292 0.8683426 -0.2201076 0.4444476 0.8675619 -0.3489837 0.354326 0.872492 -0.2497479 0.4199805 0.8773922 -0.3451626 0.3332352 0.8706955 0.06826508 0.4870619 0.918448 -0.3739058 0.1290265 0.9327226 -0.356525 -0.05402398 0.9409537 -0.1877496 0.2817025 0.8745401 -0.04883927 0.4824877 0.8695453 -0.113695 -0.4805876 0.8175467 0.1592443 -0.5534063 0.8639981 -0.2131535 -0.45615 0.9070938 0.3805208 -0.1799576 0.8775379 0.3022308 -0.3722687 0.9301445 -0.3020086 0.208859 0.887922 -0.3917717 -0.241059 0.9226955 0.1045373 0.3710864 0.8990055 0.3304381 0.2874017 0.9354564 0.3522539 -0.0289601 0.8975435 0.3839946 0.2167114 0.9076684 -0.2941202 -0.2993852 0.9099632 0.1573429 0.3836798 0.924965 -0.09390962 0.3682671 0.8830073 -0.2694145 0.3843356 0.8375341 0.5423423 0.06634372 0.7604748 0.5804327 0.2911636 0.8895454 -0.4534405 -0.05568474 0.8776077 -0.4713959 0.08712416 0.9026235 -0.3635491 0.2304407 0.926271 0.210259 0.3127512 0.6845837 0.6465728 -0.3365841 0.8740335 0.436683 0.2130106 0.8873512 0.32966 0.3223854 0.7792497 0.626709 0.002417743 0.9080643 -0.4160524 -0.04816609 0.8717972 -0.4398334 -0.2156767 0.9176871 -0.3680957 0.1495193 0.8471147 0.3255248 -0.4200363 0.6468907 0.07057046 -0.7593105 0.8721132 -0.1374292 -0.4696082 0.8929356 -0.3067243 -0.3295242 0.8880531 -0.02063482 -0.4592778 0.921422 0.1255977 0.3677049 0.8741945 -0.02821129 0.4847559 0.9010186 0.2575521 -0.3490449 0.8501157 0.3332758 -0.4077138 0.4865462 0.6556684 -0.5773835 0.9126958 -0.3570733 0.1987088 0.9289779 -0.1773777 0.3248654 0.7979123 0.5781974 -0.1703637 -0.5089597 -0.303101 -0.8056613 -0.8018207 -0.4623063 -0.3786244 -0.7922738 -0.5913816 -0.1502333 -0.3137041 -0.2057611 -0.9269586 -0.9354823 -0.3359117 0.1097099 -0.9522133 -0.2475156 0.1789582 -0.8985409 0.2729228 -0.3437114 -0.9031275 0.3058841 -0.3013233 -0.8964392 0.4288622 -0.111688 -0.9056646 0.07167261 -0.4178931 -0.8590196 0.01282292 0.5117821 -0.8685421 0.05394476 0.4926708 -0.8476836 0.4265908 0.3153617 -0.816462 -0.1874637 0.5461202 -0.842685 0.5344162 0.06543254 -0.8767307 -0.06365019 -0.4767516 -0.8893771 -0.2193315 -0.401126 -0.8789753 -0.3731579 -0.2969102 -0.8973489 -0.4095885 -0.1643239 -0.6819413 0.6557704 -0.3239157 -0.7972176 0.6036873 0.002423524 -0.8869109 0.2595269 -0.3821452 -0.86688 -0.3408796 -0.3637586 -0.9027554 -0.1001636 -0.4183303 -0.8716267 -0.4066614 -0.2736666 -0.857397 0.08479863 -0.5076217 -0.9278957 0.0184794 0.3723819 -0.8836394 0.3239773 0.3379649 -0.8836742 0.3170722 0.3443619 -0.8097097 -0.1898304 0.555279 -0.7934404 0.3432176 0.5026472 -0.9017493 -0.4297683 0.04634016 -0.8992346 -0.4180048 0.1290315 -0.9361305 -0.2267611 0.2687734 -0.9002485 -0.1443765 0.410741 -0.7278618 0.6371645 0.2534536 -0.8733407 -0.4870051 0.01010704 -0.8775919 -0.4793359 0.008343517 -0.8604769 -0.4153532 0.2950614 -0.8870503 -0.1444697 0.4384862 -0.9004187 0.1390854 0.412191 -0.8776955 -0.02653932 0.4784836 -0.8759654 0.3130953 0.3669553 -0.8958181 0.3826462 0.226035 -0.8852357 0.4651238 -0.004222512 -0.8971393 0.4415768 -0.01229071 -0.9047749 0.3542799 -0.2363644 -0.8726304 0.2966589 -0.3879556 -0.8806836 0.1363047 -0.4536712 -0.8676137 -0.3679282 0.3344779 -0.8503572 0.01668572 0.5259413 -0.8725805 -0.1836388 0.4526367 -0.8907475 0.1717308 0.4208058 -0.7777949 0.5797911 -0.2426465 -0.7260234 0.6876138 -0.008793115 -0.86076 0.459686 0.2185886 -0.7950977 0.3442186 -0.4993327 -0.6802545 0.5279464 -0.508455 -0.9028887 -0.3507058 -0.2485911 -0.9194018 -0.3933183 -0.001052618 -0.9101824 -0.3569461 -0.2101375 -0.8822079 -0.4402279 0.1670585 -0.9113029 -0.3119696 0.2687046 -0.8684006 0.3720959 0.3277576 -0.8943467 -0.1896904 -0.4051687 -0.850857 -0.04527759 -0.5234429 -0.8174886 -0.3850558 0.4283041 -0.8502522 0.2600289 -0.457664 0.9858382 -0.1667016 0.01826578 0.9858382 -0.1667017 0.01826578 0.9858382 -0.1667016 0.01826578 0.8798872 0.4545286 -0.138572 0.8714337 0.3758065 -0.3152345 0.8692791 0.4695979 -0.1543759 0.87893 -0.4732562 0.05925267 0.8906341 -0.4490452 -0.07161921 0.8783963 -0.3299285 -0.345785 0.823089 -0.2455467 0.5120854 0.918694 -0.3175223 0.2349061 0.7001707 0.3885018 0.599022 0.9021215 -0.005284607 0.4314498 0.8713542 0.3340775 -0.3593524 0.8745045 -0.01539796 -0.4847731 0.8690432 -0.02649444 -0.4940264 0.8742146 -0.348222 -0.3383644 0.7461618 0.6643886 0.04278302 0.8708149 0.3901 -0.2991715 0.8577486 0.4588952 -0.2316953 0.858579 0.4385675 0.2655199 0.8326431 0.1773222 -0.5246545 0.9053482 -0.2633818 -0.3331287 0.8371728 -0.5463981 0.02430868 0.9140532 -0.3699986 -0.1661559 0.87719 -0.2926972 0.3806129 0.8711094 0.2320213 0.4328216 0.9151054 0.05608338 0.3992955 0.8639828 0.06440699 -0.4993851 0.9096241 -0.1680597 -0.3799209 0.8989543 -0.4002313 0.1780345 0.9213504 -0.1342914 0.3648005 0.8097457 0.1130855 -0.5757809 0.8081824 -0.3522608 -0.4719677 0.8545656 -0.1452332 -0.4986231 0.8594607 0.4308931 0.2750608 0.8234364 0.5456212 0.1557244 0.9061664 0.2515544 -0.3399747 0.8758409 0.4757978 -0.08074223 0.8768694 0.4560729 -0.1519798 0.8607622 -0.4744808 -0.1842725 0.8852669 -0.43626 0.1611821 0.8784195 -0.3951569 0.2687572 0.8901466 -0.2244836 0.3965429 0.8734931 -0.0942502 0.4776261 0.8458421 -0.5140829 -0.1423732 0.8197064 -0.4389655 -0.3679547 0.8356935 -0.5489516 -0.01638817 0.8289696 -0.547163 0.1158536 0.8432775 -0.5245563 0.1171487 0.8781347 0.2489832 0.408518 0.8922576 0.07184302 0.4457748 0.9102167 0.3173913 0.2660236 0.9155339 0.3984097 0.05538511 0.8310456 -0.05252581 -0.5537185 0.8780392 0.1325736 -0.4598603 0.8608275 0.318232 -0.3971204 0.870877 -0.2351129 -0.4316194 0.8599852 -0.4747042 -0.1873008 0.9156316 0.4018083 0.01299542 0.90999 0.3648172 -0.197045 0.9763178 -0.2155076 -0.01897579 -0.9815222 -0.1816143 -0.06025522 -0.9598879 -0.2695358 -0.07723772 0.9894721 -0.1446524 -0.00453931 -0.9381191 0.339104 0.0702936 0.9512588 0.2963444 -0.08536249 -0.9781303 0.1932879 0.07681781 0.9823529 0.1665636 -0.08508449 0.9428716 -0.1424952 -0.3011451 -0.9122837 -0.3979293 0.09690672 0.8875309 -0.2978284 -0.3515496 0.5136741 -0.7604215 0.397364 0.5843794 -0.7194467 0.3753627 0.5835984 0.6484154 0.4888462 0.7027392 0.6932369 0.159938 0.220784 0.4437915 0.8685066 -0.6502342 0.622707 -0.4352376 -0.6804639 0.5978934 -0.4236654 -0.8843532 -0.4061793 -0.2300828 -0.8873524 -0.3618941 -0.2857242 -0.8963696 -0.1631584 -0.4121905 -0.8872609 0.3159539 -0.3360676 -0.925537 0.3215526 -0.199963 -0.9076238 0.1463097 -0.3934621 -0.8755565 -0.01001793 -0.483012 -0.8830204 0.4191407 -0.2111781 -0.8811819 -0.4629656 0.09581983 -0.8762862 -0.4737382 0.08772063 -0.8690282 -0.3090432 0.3863707 -0.8576104 -0.2496297 0.4496549 -0.8656037 0.09080439 0.4924275 -0.9253097 -0.1372234 0.3535134 -0.9193183 -0.2300238 0.3192852 -0.919573 -0.3486214 0.1812418 -0.9188848 0.08727931 0.3847507 -0.881665 0.4115258 0.2308968 -0.8547163 0.2807421 0.4366282 -0.8488496 -0.1855224 -0.4950109 -0.8827627 -0.4342115 -0.1794172 -0.7872524 -0.4119971 -0.4587942 -0.873807 0.4283624 0.2301461 -0.824113 0.3695168 0.4292963 -0.8575018 0.5144748 0.002575397 -0.8832328 0.4447905 -0.1485301 -0.8532588 0.4609016 -0.2439656 -0.8753432 0.02678108 0.4827601 -0.8683497 0.2338046 -0.4373835 -0.873445 0.3311944 -0.3569371 -0.7739804 0.03789216 -0.6320747 -0.8397132 -0.5430077 -0.004934728 -0.9451957 0.292033 -0.14602 -0.8234784 0.5628262 0.07148534 -0.92915 0.002102077 -0.3696972 -0.9532198 -0.2261632 -0.200555 -0.9166988 -0.09866291 -0.3872069 -0.8747193 0.3761934 -0.3055238 -0.913923 0.2266042 -0.3367425 -0.9316878 -0.3417807 -0.1230603 -0.940005 -0.3410788 -0.007489204 -0.8761348 -0.3676178 0.3118416 -0.8871155 -0.4061579 0.2192307 -0.9463446 0.31932 0.04966396 -0.9285835 0.3074977 -0.2077931 -0.9111401 0.4026771 -0.0876066 -0.8672769 -0.1902552 -0.4600371 -0.8698282 -0.1989725 -0.451452 -0.890111 0.1189091 -0.4399581 -0.8383738 -0.01324969 0.5449348 -0.8676552 -0.1501429 0.4739531 -0.9013366 0.2539663 0.3508471 -0.8668892 -0.4952538 0.05680572 -0.8636842 -0.4975285 0.08071696 -0.8583346 -0.4655423 0.215713 -0.9139063 0.2953717 0.2784435 -0.8938104 0.2089146 -0.3968096 -0.8687134 -0.4463923 -0.2146416 -0.8642107 -0.4198456 -0.2772536 -0.8594942 -0.4632433 0.2160452 0.5712732 0.3924863 0.720834 -0.2665774 0.8440752 0.4652673 0.3480151 0.5099787 0.7866431 -0.5589401 0.7524659 0.3483982 0.6028109 0.7978819 0.001886904 0.9654036 0.2358359 -0.1112542 0.9369693 -0.1922488 -0.2917686 0.9647549 -0.0971843 -0.2445468 -0.9178697 -0.3931987 0.05394607 0.965007 -0.2357352 0.1148501 0.9799776 -0.1768888 0.09140163 -0.9896445 0.1399576 0.03186845 -0.9896446 0.1399576 0.03186845 -0.9896446 0.1399576 0.03186845 0.9943953 -0.06019198 -0.08691918 -0.9685568 -0.2072723 0.1376079 0.9927842 -0.08826857 -0.08116823 -0.9828881 -0.1355323 0.1247481 0.09100472 0.7501916 0.654928 0.2825522 0.3977295 0.8729121 -0.1181853 0.9456295 0.3030138 -0.3026902 0.9466838 -0.1103107 -0.9296294 -0.3622214 0.06771129 0.9798345 -0.1277492 -0.1536374 0.9868928 -0.08206582 -0.1389536 0.9099705 -0.3223031 0.2609111 0.956881 -0.2100676 0.2006248 -0.9842709 0.1698224 0.04869353 -0.9615149 0.270362 0.04892504 0.963724 0.2635611 -0.04209226 0.9845201 0.169582 -0.04429548 -0.9842353 -0.1611241 0.07293784 0.8297151 -0.5387619 -0.1459746 0.8755274 -0.4622216 -0.1407227 -0.9874144 -0.1386688 0.07605099 -0.920332 0.3902123 -0.02689921 0.8940366 0.2238283 0.3880715 0.9428265 0.1133433 0.3134192 0.9724346 0.2053239 -0.1105125 0.9855616 0.1448372 -0.08769673 0.8519963 0.4024763 0.334836 0.9073258 0.1646035 0.3868665 0.9468833 0.03960943 0.3191289 0.8844951 0.4548271 -0.1039267 0.9199616 0.3838219 0.07969635 0.9319604 0.308354 -0.1907029 0.9091944 0.1387872 -0.3925604 0.8407892 -0.3112095 -0.4429697 0.8866305 -0.1162429 -0.4476315 0.8664811 -0.4876312 -0.1068944 0.8799226 -0.4043906 -0.2494083 0.8942246 -0.4442102 0.0551337 0.8694511 -0.4234681 0.2544207 0.8828044 -0.3337898 0.3305159 0.8364378 0.3284634 0.4387296 0.8820593 0.1407758 0.449615 0.8883218 -0.1001859 0.4481599 0.8646131 0.439213 0.2440003 0.7970345 0.5998915 0.06975811 0.8072996 0.4731116 -0.3527507 0.8457878 0.5097745 -0.157395 0.8552328 0.1308239 -0.5014598 0.8458433 0.2433682 -0.4746801 0.897366 -0.351352 -0.2669945 0.8741413 -0.2464298 -0.4185084 0.8324128 -0.5425935 -0.1126104 0.8773919 -0.1260616 0.4629169 0.8868113 -0.1068596 -0.4496073 0.9521278 0.03933858 0.3031588 0.8954696 0.151454 -0.4185641 0.8934707 -0.4422711 0.07814353 0.8636162 -0.4886875 -0.1239027 0.8829526 -0.3792623 -0.2766858 0.835438 -0.3106356 -0.4533751 0.8982655 -0.2561089 0.35711 0.8572801 -0.4220199 0.2949067 0.8450049 -0.04014676 0.5332495 0.8266397 0.1015927 0.5534853 0.6380206 0.5011333 0.5846326 0.7521327 0.6556162 0.06681156 0.7771299 0.5628661 0.2815155 0.8642413 0.3946625 -0.3119751 0.8722016 0.4609139 -0.1637772 0.8698029 -0.1186478 -0.4789215 0.8378052 0.07302796 -0.5410634 0.8766216 0.2264782 -0.4245494 0.8550333 -0.1619325 0.492642 0.8633703 -0.3890002 0.3213574 0.8746291 -0.4129738 0.2539224 0.8878937 -0.4594953 0.02255952 0.8597658 0.1674116 0.4824689 0.8518261 -0.1009067 0.5140139 0.8559782 0.2401028 0.4578779 0.8548357 0.4328927 0.2861117 0.8550298 0.2028661 -0.477252 0.8712978 0.2694259 -0.4101826 0.8883817 0.453082 -0.07412588 0.8932158 -0.001118957 -0.4496269 0.9074953 -0.008821845 -0.4199697 0.8721607 0.4579301 0.1721507 0.9091456 0.3891921 -0.1482692 -0.9322245 -0.3191223 -0.1706413 -0.9032885 -0.4138575 -0.1131014 -0.8775511 -0.3921405 -0.2759168 -0.8457014 -0.4411324 -0.3003188 -0.8339511 -0.4803643 0.2716173 -0.9121038 -0.4068451 0.0504378 -0.8992683 -0.2585428 0.3528063 -0.9576715 0.06215971 0.2810721 -0.7866948 -0.174844 0.592065 -0.9697647 0.09675139 0.2240436 0.8465309 -0.3441521 -0.406134 0.846531 -0.3441521 -0.406134 0.846531 -0.3441521 -0.406134 -0.8971273 0.4222853 -0.1297607 -0.8891337 0.4429001 -0.1152433 -0.8925937 0.2864557 -0.3481663 -0.9193502 0.2245472 0.3230695 -0.89696 0.4255976 0.1197068 -0.8866981 0.3875421 0.2521458 -0.8634565 0.1551361 0.4799746 -0.8324053 0.1443716 0.5350313 -0.8630309 0.2013696 -0.4632797 -0.8823731 -0.02742606 -0.4697505 -0.8459534 -0.2075992 -0.4911878 -0.8860044 -0.441566 -0.1414768 -0.9157273 -0.3175223 -0.2462179 -0.9315385 -0.3621121 0.03333127 -0.8950071 -0.3324071 0.2974352 -0.8839904 -0.3777466 0.2754426 -0.8842448 -0.1302443 0.4484947 -0.859209 0.4130107 0.301964 -0.9289829 0.2106398 0.3043385 -0.8960565 0.4291912 0.11348 -0.8617594 0.01037383 0.5072112 -0.8009989 0.5927604 -0.08388096 -0.8802583 0.3958336 -0.261651 -0.9160689 0.07035106 -0.3948019 -0.8608267 0.2882199 -0.4194126 -0.90225 -0.1258323 -0.4124454 -0.9103718 -0.2071027 -0.3582341 -0.8905529 -0.4082655 -0.2005866 -0.8823226 -0.4071399 -0.2361019 -0.9152019 -0.398953 0.05693966 -0.8817864 -0.43541 0.1813036 -0.8651047 -0.3612397 0.3479941 -0.7586934 -0.2350882 0.6075509 -0.8553458 0.04105657 0.5164282 -0.8135597 0.2333668 0.532598 -0.8823099 0.3819705 0.2750055 -0.90093 0.3981609 0.1726068 -0.9473047 0.3149882 -0.05827736 -0.9499979 0.1861546 -0.2506999 -0.9288312 0.3199565 -0.1868167 -0.9060879 -0.02235519 -0.4224986 -0.8957491 0.01766103 -0.4442092 -0.8130531 0.002047479 -0.5821862 -0.8715642 0.1590009 -0.4637832 -0.8430382 -0.1171224 -0.5249467 -0.8918645 -0.2713193 -0.3618889 -0.9062842 -0.4198963 -0.04833412 -0.8559044 -0.4235745 -0.2966693 -0.843577 0.1583297 0.5131372 -0.8713425 -0.07713466 0.4845747 -0.8961493 0.2795976 0.3445892 -0.8744537 -0.3101134 0.3730424 -0.8701057 -0.4793755 0.1145225 -0.9107359 -0.3284514 0.2503597 -0.848347 -0.255633 0.463637 -0.9148305 0.3899112 0.1051406 -0.9063429 0.4083812 0.1084775 -0.9189417 0.3603827 -0.1602203 -0.8441334 0.3845276 -0.3736006 -0.8719518 -0.1340892 -0.4708719 -0.9708899 -0.2371242 -0.03383892 0.9676954 -0.2514406 0.01853287 -0.9885406 -0.1476257 -0.03153187 0.9871937 -0.1580064 0.02197462 0.8778411 0.2390174 -0.4150491 0.8928525 0.07601553 -0.4438874 0.8913229 0.2369118 -0.3865445 0.9234329 -0.09067314 -0.3728945 0.8647447 -0.3171461 -0.3894035 0.870202 0.3787647 0.3150968 0.8858679 0.04694187 0.4615567 0.8798694 -0.02172046 0.4747191 0.8767556 -0.2804067 0.3907324 0.869238 -0.3632008 0.3354259 0.9075608 0.1747949 -0.3818118 0.910826 -0.3508087 -0.2175529 0.8821079 -0.4709632 -0.008914291 0.8761633 -0.4737467 0.08889335 0.8817279 0.2829658 0.3774739 0.8750957 0.47262 0.1041057 0.9160949 -0.08825922 -0.3911273 0.9325262 0.09012532 -0.3496748 0.8550292 0.316195 -0.4110303 0.8975233 -0.357919 0.2575773 0.8812745 0.02204835 0.4720903 0.9046316 -0.1000623 0.4142816 0.8887095 0.3970239 -0.229276 0.8510822 0.5221619 -0.05482769 0.9448807 -0.158473 -0.2865083 0.8943536 0.2183902 0.3904324 0.8591797 0.3879238 0.3336548 0.8733341 0.4547981 0.1744889 0.8550204 0.5175784 0.03244954 0.913423 -0.3327847 -0.2343347 0.8876406 -0.4446213 -0.120025 0.920663 -0.3836395 0.07211387 0.9307529 -0.2222037 0.2903869 0.8636906 0.48611 -0.1331756 0.8332807 0.451058 -0.3196717 0.8932285 0.2443625 -0.3773989 0.8440073 0.08614993 -0.5293674 0.8730006 -0.298658 -0.3855819 0.9146288 -0.08209556 -0.3958719 0.8825111 -0.3448978 0.3197183 0.8633292 -0.4398613 0.2473555 0.8855519 -0.1175396 0.4494243 0.892939 -0.3633201 -0.2658171 0.8732979 -0.4836525 -0.05857717 0.8583951 -0.2184336 -0.4641602 0.8730962 -0.2568895 -0.41438 0.9079095 0.06452572 -0.4141701 0.8838815 0.4363264 0.1684422 0.8742465 0.3245446 0.3610593 0.8692616 0.4926496 0.04099637 0.8774727 0.3930018 -0.2749388 0.9194967 0.2159751 -0.3284518 0.8593907 -0.4886804 -0.1504635 0.8672044 -0.4536661 -0.2052889 0.8472372 -0.5091636 0.1514645 0.8640148 -0.4413872 0.2421896 0.8507667 -0.34661 0.3950412 0.8760398 0.4562471 -0.1561826 0.8634744 -0.503825 0.02392852 0.8915199 -0.04049044 0.4511684 0.8917819 0.2055357 0.4030882 0.9211043 -0.01072812 -0.3891683 0.8434905 -0.3503912 0.4071238 0.9735156 -0.2281841 -0.01412248 -0.9825121 -0.1759155 -0.06102275 -0.9619132 -0.2624435 -0.07646161 0.9880893 -0.1538822 6.82313e-5 0.912749 0.3579945 -0.1967976 0.8191175 0.494883 0.2900645 -0.8795502 0.4756556 -0.01197147 0.8597177 0.4336333 0.2699031 0.961165 0.2215617 -0.1645364 -0.9791849 -0.1748272 0.1031144 -0.9791849 -0.1748272 0.1031144 -0.9791849 -0.1748272 0.1031144 0.9570044 0.2055638 0.2046614 0.973746 0.1275067 0.1885762 -0.8919393 0.4416252 -0.09701412 0.948982 0.2774927 -0.1497704 0.9681752 0.2175933 -0.1236522 -0.7857517 0.04676997 -0.6167715 -0.8266927 0.1501289 -0.5422552 -0.8643772 -0.173293 -0.4720398 -0.8061937 -0.4190366 -0.4176843 -0.8647027 -0.4714015 -0.1734071 -0.8289164 -0.4811961 0.2852154 -0.7241479 -0.6881777 0.04495912 -0.8797247 -0.0890941 0.4670618 -0.7941508 -0.3975399 0.4596591 -0.8703261 0.04766005 0.4901643 -0.8933605 0.2457224 0.3762014 -0.8607692 0.3945871 0.3215239 -0.8687062 0.4953167 -0.003337442 -0.8799214 0.4539932 0.1401022 -0.901992 0.3972781 -0.1690579 -0.9021677 -0.3019046 -0.308135 -0.8882983 -0.04154121 -0.4573843 -0.8701452 -0.08441865 -0.485511 -0.8824564 -0.04869282 0.4678671 -0.8594974 -0.2110803 0.4655205 -0.8919668 -0.3336144 0.3051179 -0.8538203 0.1489771 -0.4987956 -0.9151416 0.1837212 -0.3588351 -0.8832513 0.3450005 -0.3175562 -0.9071995 -0.4201663 -0.02119904 -0.8715311 -0.4308066 -0.2341782 -0.8317982 -0.5264456 0.1759738 -0.8713268 0.2575952 0.4176536 -0.8732627 0.1504248 0.4634487 -0.876133 0.4651682 0.1265288 -0.8391524 0.4455977 0.311875 -0.8533959 0.517054 -0.06611227 -0.9049805 0.3697234 -0.2105112 -0.8942116 0.2217958 -0.3888347 -0.8839613 0.1910506 -0.426746 -0.8945834 -0.06148898 -0.4426509 -0.8863442 -0.3436414 -0.3103299 -0.8626064 -0.5053609 -0.02281898 -0.8444474 -0.4857584 -0.2257156 -0.8787075 -0.1805775 -0.441888 -0.8192529 -0.5548307 0.1448717 -0.8647003 -0.3875555 0.3195217 -0.8724647 -0.2893522 0.393803 -0.9118459 -0.05452102 0.4068964 -0.8881614 -0.3129173 -0.3365297 -0.8897323 -0.2625245 -0.3734399 -0.8831655 -0.04329681 -0.467059 -0.9128112 0.2411324 0.3295921 -0.8654463 0.09257566 0.4923743 -0.7487058 0.5750342 0.3298112 -0.895911 0.4441028 -0.0107904 -0.8730226 -0.3679439 0.3200767 -0.9114968 -0.2001495 0.3593241 -0.9036574 -0.2058081 0.3755614 -0.7799707 0.5675528 -0.263685 -0.8958168 0.2811378 -0.3442004 -0.8602162 0.1266389 -0.4939544 -0.8838514 -0.4624246 -0.07050144 -0.8777848 -0.4783003 -0.02688354 -0.8647922 -0.4125355 0.2862673 0.9410812 0.2805779 0.1887917 0.1571539 0.9837126 -0.08724778 0.8999774 0.4041868 0.163321 -0.2601068 0.9482285 -0.1822283 0.5937733 -0.8021023 -0.06376022 0.3531803 -0.4777783 -0.804358 -0.2514589 -0.8575699 -0.4487118 0.5424137 -0.2493582 -0.8022519 -0.8221751 -0.408156 0.3967832 -0.8929104 -0.234118 0.3845775 -0.3139348 0.5884074 0.745132 0.054681 0.4113044 0.9098564 -0.7121104 0.6935083 0.1092935 0.9718247 0.2293788 -0.05424147 0.9788493 0.1991165 -0.04697614 0.8394001 -0.5427903 -0.02804172 0.8381967 -0.5421041 -0.05957812 0.7551795 -0.4895251 -0.4359694 0.7819321 -0.5044877 0.3661617 0.9632674 0.267823 -0.01966577 -0.9804201 0.182098 0.07494562 -0.9539316 0.2873652 0.08623212 0.9842361 0.1739141 -0.03214305 0.9683184 -0.2479335 0.02980828 -0.9886152 -0.1482818 -0.0255475 -0.9702666 -0.2408548 -0.02391314 0.987748 -0.1533026 0.02919411 0.9133032 0.3565452 -0.1968575 0.8180503 0.4991479 0.2857362 -0.8751853 0.4835762 -0.01431584 0.8563473 0.4416382 0.2676288 0.960949 0.222129 -0.1650329 0.9711762 0.2001646 -0.1294258 0.9711762 0.2001646 -0.1294258 -0.1901397 0.5091022 0.8394414 0.06153678 0.3609973 0.9305343 -0.6681183 0.6540564 0.3547229 -0.7572597 0.6340318 0.1567214 0.02722692 -0.764639 0.6438835 0.02722239 -0.764796 0.6436971 0.02722692 -0.7646392 0.6438833 -0.8808576 0.4733807 8.93476e-4 -0.5000001 0.8660254 1.37009e-7 0.2770535 0.9604309 -0.02852857 0.8660253 0.5000002 0 0.9927816 0.119831 -0.005028903 0.5000002 -0.8660254 0 0.1387138 -0.9903319 0.001078903 -0.8660254 -0.5000001 0 -0.6617899 0.7492746 0.02493673 -0.6313018 0.775392 -0.01501101 0.5170834 0.8541655 -0.05501019 0.549481 0.8326616 -0.06888675 0.9704047 0.2412824 0.009878575 0.9718571 -0.2355682 0.0012753 0.4561716 -0.8872825 -0.06809854 -0.8279218 -0.532194 0.1769613 -0.9556662 -0.2924132 -0.03459507 -0.8660265 -0.4999983 0 -0.6848185 -0.4327021 0.5863383 -0.03153043 -0.03830838 0.9987685 -0.02206236 -0.4029573 0.9149529 0 -0.7071058 0.7071079 -0.04941546 -0.9278364 0.3696996 -0.04939442 -0.9173865 -0.3949207 0 -0.7071056 -0.707108 -0.04939389 -0.3694385 -0.9279416 -0.03394091 -0.04049509 -0.9986032 -0.6741846 -0.4503855 -0.5853444 -0.9603696 -0.2784872 0.01162248 -0.1506596 0.9880229 -0.03335386 -0.04046839 0.9536191 -0.2982835 -0.124531 -0.4143114 -0.9015754 0.0964843 -0.9611317 -0.2586829 -0.04031729 -0.456255 -0.8889354 0.1201205 0.7288516 -0.6740522 -0.02597683 -0.8699153 -0.4925168 -0.08032578 -0.6698976 -0.7380956 -0.04008221 0.5017962 -0.8640568 -0.09681916 0.9598807 -0.2631638 0.001926124 0.9973906 -0.07216912 0.6499226 0.7571212 0.06609278 0.8602551 0.4968021 0.1146688 0.6325237 0.3410263 -0.6954243 0.4156467 -0.06060045 -0.9075051 0.7071065 0 -0.7071072 0.9387581 -0.04496669 -0.3416302 0.9045268 -0.0455752 0.4239745 0.7071058 0 0.7071079 0.3477973 -0.06059944 0.9356094 -0.004699885 0.6755036 0.7373418 -0.07898783 0.6177422 0.7824037 -0.02722239 0.764796 0.6436971 -0.02722692 0.7646392 0.6438833 0.8660249 0.5000009 7.8891e-7 0.3392503 -0.5829597 -0.7382867 0.279015 -0.9602868 1.00943e-4 0.3727024 -0.6390731 0.672814 -0.6843851 0.03174829 0.7284292 -0.9189181 -0.02423542 0.3937034 -0.8371543 0.5469654 -0.001356959 -0.6757172 -0.001383483 -0.7371597 0.6633596 -0.00261867 -0.7482962 0.7070583 0.1120023 0.6982293 0.6318204 0.7669696 0.1120737 0.03369164 0.3067293 -0.9512003 0.1160714 0.2686006 -0.9562329 -0.03142875 0.6770178 0.7352953 0.03105443 -0.2645353 -0.9638759 -0.03702437 0.4691148 -0.8823607 0.715855 0.6824107 -0.147876 0.7027671 0.104037 -0.7037718 0.7709413 -0.1667312 0.6146953 -0.03023892 -0.289506 0.9566984 0.1179622 -0.3065145 -0.9445284 -0.02653676 0.5252277 -0.850548 -0.1966583 -0.596771 -0.7779396 0.006740927 -0.9406878 -0.3392066 0.01001077 -0.3789978 -0.9253434 0.0142669 -0.4189534 0.9078956 0.01010155 0.3489916 0.9370715 0.02523887 -0.8261377 -0.5629029 -0.001807987 0.9609854 -0.2765936 0.1000143 0.9714602 -0.2150869 -0.0204997 0.9534934 0.3007164 -0.01455074 0.952863 0.3030521 0.03092753 -0.9587259 0.2826448 0.1014707 0.5478147 -0.8304232 0.1014707 0.5478147 -0.8304233</float_array>
          <technique_common>
            <accessor source="#转换实体1_003-mesh-normals-array" count="6038" stride="3">
              <param name="X" type="float"/>
              <param name="Y" type="float"/>
              <param name="Z" type="float"/>
            </accessor>
          </technique_common>
        </source>
        <source id="转换实体1_003-mesh-map-0">
          <float_array id="转换实体1_003-mesh-map-0-array" count="31920">0.2979037 0.1569791 0.310354 0.1441136 0.2979007 0.1441136 0.3103944 0.1566405 0.310354 0.1441136 0.2979037 0.1569791 0.3103944 0.1566405 0.3271605 0.1441136 0.310354 0.1441136 0.3733698 0.1441573 0.3874158 0.1559489 0.3874158 0.144113 0.3737604 0.1558824 0.3874158 0.1559489 0.3733698 0.1441573 0.3737604 0.1558824 0.3874158 0.1719132 0.3874158 0.1559489 0.5896588 0.1441226 0.603705 0.1559489 0.6037051 0.1441197 0.5900285 0.1559874 0.603705 0.1559489 0.5896588 0.1441226 0.5900285 0.1559874 0.603705 0.1719131 0.603705 0.1559489 0.541234 0.6621487 0.5501135 0.6489564 0.5412008 0.6488758 0.5501135 0.6489564 0.541234 0.6621487 0.5604561 0.662028 0.5604561 0.662028 0.5707005 0.648873 0.5501135 0.6489564 0.5704298 0.6621488 0.5707005 0.648873 0.5604561 0.662028 0.631628 0.5758092 0.6456628 0.5592216 0.6316168 0.5593019 0.6453734 0.5739492 0.6456628 0.5592216 0.631628 0.5758092 0.631628 0.5758092 0.6316165 0.5884593 0.6456626 0.5884373 0.5412468 0.6916244 0.5536037 0.6784048 0.5412008 0.6783517 0.5412468 0.6916244 0.5590131 0.6914848 0.5536037 0.6784048 0.5590131 0.6914848 0.5704221 0.6783515 0.5536037 0.6784048 0.5704298 0.6916247 0.5704221 0.6783515 0.5590131 0.6914848 0.5557135 0.6047425 0.5411664 0.6179351 0.5594386 0.6177585 0.5412467 0.6046623 0.5411664 0.6179351 0.5557135 0.6047425 0.5594386 0.6177585 0.5704041 0.6046621 0.5557135 0.6047425 0.5594386 0.6177585 0.5704298 0.617935 0.5704041 0.6046621 0.5412467 0.6031969 0.5536038 0.5899773 0.5412008 0.5899241 0.5412467 0.6031969 0.5579779 0.6030465 0.5536038 0.5899773 0.5579779 0.6030465 0.5704041 0.5899243 0.5536038 0.5899773 0.5579779 0.6030465 0.5704298 0.6031972 0.5704041 0.5899243 0.6177402 0.5899972 0.6014435 0.6031972 0.6177939 0.6030734 0.6015239 0.5899245 0.6014435 0.6031972 0.6177402 0.5899972 0.6307069 0.5899241 0.6177402 0.5899972 0.6306812 0.603197 0.6306812 0.603197 0.6177402 0.5899972 0.6177939 0.6030734 0.4836764 0.6704912 0.4738679 0.6845375 0.4836773 0.6845375 0.3971605 0.5018376 0.453346 0.5018376 0.3971605 0.5144191 0.4088461 0.6138481 0.3942312 0.6138479 0.4088841 0.627895 0.5552471 0.559256 0.5552471 0.5873486 0.5412008 0.559256 0.434432 0.559256 0.434432 0.5733023 0.4399144 0.5595802 0.4399144 0.5595802 0.434432 0.5733023 0.4415394 0.5732071 0.4490214 0.5733021 0.4399144 0.5595802 0.4415394 0.5732071 0.3971605 0.4877912 0.453346 0.5003728 0.3971605 0.5003728 0.3942614 0.5945407 0.3941954 0.608587 0.4003227 0.5946199 0.4088461 0.6085867 0.4003227 0.5946199 0.3941954 0.608587 0.5853857 0.559256 0.5713393 0.5873486 0.5713393 0.559256 0.5565547 0.6931366 0.5411663 0.7063625 0.555907 0.706089 0.5412468 0.6930899 0.5411663 0.7063625 0.5565547 0.6931366 0.601442 0.663614 0.6013954 0.6768867 0.6158912 0.6768867 0.601442 0.663614 0.6158912 0.6768867 0.6137858 0.6639831 0.6306203 0.6768866 0.6307294 0.6636127 0.6158912 0.6768867 0.5412467 0.663614 0.5412001 0.6768867 0.555696 0.6768867 0.5412467 0.663614 0.555696 0.6768867 0.5535905 0.6639831 0.5704251 0.6768867 0.5705341 0.6636127 0.555696 0.6768867 0.4755641 0.6472012 0.4952321 0.6472013 0.4755306 0.6331549 0.1317615 0.9473404 0.1070771 0.9332941 0.1070771 0.9473404 0.4335412 0.6891593 0.4532171 0.6891593 0.433424 0.7032058 0.4819142 0.9507163 0.3550148 0.9507163 0.3550148 0.9647626 0.453715 0.6845375 0.4537117 0.6704912 0.4632885 0.6845375 0.4335456 0.6845375 0.4431217 0.6704912 0.443117 0.6845376 0.8592201 0.5137636 0.9197961 0.4997172 0.8592201 0.4997172 0.8592201 0.5137636 0.9197961 0.5137636 0.9197961 0.4997172 0.4755544 0.6518231 0.4952352 0.6518231 0.4754743 0.6658694 0.05814403 0.747407 0.07219183 0.7473756 0.05827271 0.7662619 0.1339541 0.9163058 0.1214233 0.9163058 0.1214233 0.9022595 0.1339541 0.9022595 0.1339541 0.9163058 0.1214233 0.9022595 0.8311275 0.4997159 0.8435466 0.5255422 0.8437089 0.4997179 0.8313502 0.5250595 0.8435466 0.5255422 0.8311275 0.4997159 0.8313502 0.5250595 0.8311274 0.5525256 0.8435466 0.5255422 0.8435466 0.5255422 0.8311274 0.5525256 0.8437089 0.5525214 0.8170811 0.4997159 0.8294482 0.5203893 0.8296625 0.4997179 0.8173144 0.5249635 0.8294482 0.5203893 0.8170811 0.4997159 0.8294482 0.5203893 0.8173144 0.5249635 0.8296627 0.5525774 0.8173144 0.5249635 0.8170811 0.5525256 0.8296627 0.5525774 0.3550148 0.5872535 0.3690611 0.5747227 0.3550148 0.5747227 0.1043508 0.9262353 0.09049022 0.9244622 0.09041744 0.9022191 0.1044666 0.9022584 0.1043508 0.9262353 0.09041744 0.9022191 0.1044666 0.9513566 0.09042024 0.9513936 0.1043508 0.9262353 0.09042024 0.9513936 0.09049022 0.9244622 0.1043508 0.9262353 0.4911673 0.8180054 0.3550148 0.803959 0.3550148 0.8180054 0.4911673 0.803959 0.3550148 0.803959 0.4911673 0.8180054 0.3690611 0.5670354 0.3550143 0.5670354 0.3690611 0.5644641 0.3550148 0.5644641 0.3690611 0.5644641 0.3550143 0.5670354 0.4912958 0.559256 0.4912958 0.5733023 0.4765677 0.559256 0.4765677 0.559256 0.4912958 0.5733023 0.4765677 0.5733023 0.3665674 0.8274369 0.3759588 0.8249244 0.3759588 0.8389707 0.3575273 0.8364771 0.3665674 0.8274369 0.3759588 0.8389707 0.3575273 0.8364771 0.3759588 0.8389707 0.3722004 0.8402433 0.3575273 0.8364771 0.3722004 0.8402433 0.3691027 0.8456589 0.3575273 0.8364771 0.3691027 0.8456589 0.3550148 0.8458684 0.4335452 0.633155 0.4429095 0.6472013 0.4335452 0.6472013 0.1191197 0.9022595 0.1070271 0.9163063 0.1191196 0.9163057 0.3743805 0.6472013 0.3825216 0.6472012 0.3825058 0.6331549 0.4038778 0.5768983 0.4071427 0.5829503 0.392838 0.5856173 0.392838 0.5856173 0.4082716 0.5897335 0.3942252 0.5897335 0.4082716 0.5897335 0.392838 0.5856173 0.4071427 0.5829503 0.2978942 0.2280632 0.3304722 0.2280632 0.2978942 0.2154817 0.3304722 0.2154817 0.2978942 0.2154817 0.3304722 0.2280632 0.3770453 0.7939725 0.3549637 0.7939724 0.3770462 0.7799262 0.3550148 0.6520165 0.3714711 0.6660628 0.3550148 0.6660628 0.4010839 0.7218738 0.3789781 0.7218738 0.401085 0.7078275 0.3207451 0.9485471 0.136349 0.9356953 0.136349 0.9485471 0.3770452 0.7459067 0.3549389 0.7459067 0.3770463 0.7318604 0.4747882 0.5962055 0.4912445 0.6102518 0.4747882 0.6102518 0.3770453 0.7218738 0.3549389 0.7218737 0.3770463 0.7078275 0.2978942 0.2140169 0.3304722 0.2014353 0.2978942 0.2014353 0.3927782 0.5634831 0.3942046 0.5593802 0.4082716 0.559256 0.3927782 0.5634831 0.4071427 0.5660392 0.4038778 0.5720912 0.4082716 0.559256 0.4071427 0.5660392 0.3927782 0.5634831 0.3550965 0.6472012 0.3631431 0.6472013 0.3550102 0.633155 0.02408623 0.7808334 0.01196515 0.7948805 0.02407443 0.7948799 0.4335452 0.6658694 0.4335452 0.6518231 0.4429095 0.6658694 0.4429095 0.6518231 0.4429095 0.6658694 0.4335452 0.6518231 0.3922061 0.894137 0.3813372 0.9031394 0.3779048 0.8878719 0.3779048 0.8878719 0.3813372 0.9031394 0.3775787 0.9018667 0.3844348 0.9085549 0.3813372 0.9031394 0.3922061 0.894137 0.3844348 0.9085549 0.3922061 0.894137 0.3984712 0.9084383 0.4765677 0.5917771 0.4765677 0.5777307 0.4912958 0.5777307 0.4765677 0.5917771 0.4912958 0.5777307 0.4912958 0.5917771 0.4543225 0.6518231 0.4543262 0.6658694 0.4638996 0.6658694 0.8853 0.5880737 0.8592196 0.60212 0.8851752 0.6021199 0.8853 0.5880737 0.8592144 0.5880739 0.8592196 0.60212 0.5123838 0.6845371 0.5072191 0.6704912 0.5123839 0.6704912 0.8727231 0.6195375 0.8795323 0.6324461 0.8795323 0.6183997 0.8643186 0.6253696 0.8753938 0.6340363 0.8727231 0.6195375 0.8795323 0.6324461 0.8727231 0.6195375 0.8753938 0.6340363 0.8592201 0.6342381 0.8728427 0.6376623 0.8753938 0.6340363 0.8643186 0.6253696 0.8592201 0.6342381 0.8753938 0.6340363 0.8592201 0.6599875 0.9709022 0.6599875 0.9709022 0.6740339 0.9667409 0.5880839 0.9667407 0.6262391 0.9526947 0.5880376 0.4545233 0.7075147 0.4685695 0.7078329 0.4685438 0.7304001 0.4545237 0.7441358 0.4685438 0.7304001 0.46857 0.744141 0.03991532 0.7639677 0.02586895 0.7935652 0.02586895 0.7639677 0.4001414 0.9018666 0.4208762 0.8880432 0.4001435 0.8878203 0.4269287 0.9015975 0.4208762 0.8880432 0.4001414 0.9018666 0.4269287 0.9015975 0.4529991 0.8878204 0.4208762 0.8880432 0.4529506 0.9018667 0.4529991 0.8878204 0.4269287 0.9015975 0.4001414 0.8809013 0.4209753 0.8670502 0.4001435 0.866855 0.425485 0.8806526 0.4209753 0.8670502 0.4001414 0.8809013 0.425485 0.8806526 0.4529469 0.8809012 0.4530194 0.8668546 0.08832877 0.7474328 0.0742824 0.7770303 0.0742824 0.7474328 0.4942335 0.7190899 0.4802463 0.7219365 0.4942859 0.7078275 0.4802395 0.7078275 0.4942859 0.7078275 0.4802463 0.7219365 0.4802463 0.7219365 0.4942335 0.7190899 0.4941777 0.7338771 0.4942856 0.744141 0.4802403 0.7441153 0.4941777 0.7338771 0.4802403 0.7441153 0.4802463 0.7219365 0.4941777 0.7338771 0.9763473 0.6262333 0.9763474 0.5880739 0.9903936 0.5880935 0.4850516 0.1733427 0.3733695 0.1859242 0.3733695 0.1733427 0.4850516 0.1733427 0.4850516 0.1859242 0.3733695 0.1859242 0.3644061 0.9062519 0.3550148 0.894718 0.3550148 0.9087644 0.3550148 0.894718 0.3644061 0.9062519 0.3587732 0.8934454 0.3734462 0.8972118 0.3618708 0.8880298 0.3587732 0.8934454 0.3734462 0.8972118 0.3759588 0.8878203 0.3618708 0.8880298 0.3644061 0.9062519 0.3734462 0.8972118 0.3587732 0.8934454 0.4983586 0.929751 0.4001428 0.9437973 0.4001428 0.929751 0.4001428 0.9437973 0.4983586 0.929751 0.4983586 0.9437973 0.6212532 0.6931568 0.6013228 0.706364 0.6013836 0.6930893 0.6307364 0.7063631 0.6013228 0.706364 0.6212532 0.6931568 0.6212532 0.6931568 0.6307046 0.6930896 0.6307364 0.7063631 0.451646 0.8458897 0.4001428 0.8599361 0.4001428 0.8458897 0.451646 0.8458897 0.451646 0.8599361 0.4001428 0.8599361 0.8451737 0.4997172 0.8577553 0.5245815 0.8577553 0.4997172 0.8451737 0.5536869 0.8577553 0.5686975 0.8577553 0.5245815 0.8451737 0.5217291 0.8577553 0.5245815 0.8451737 0.4997172 0.8451737 0.5847328 0.8577553 0.6054459 0.8577553 0.5686975 0.8451737 0.5847328 0.8451737 0.6054531 0.8577553 0.6054459 0.4001428 0.8249244 0.451646 0.8389707 0.4001428 0.8389707 0.4001428 0.8249244 0.451646 0.8249244 0.451646 0.8389707 0.6211187 0.6784179 0.6013187 0.6916264 0.6013876 0.6783514 0.6211187 0.6784179 0.6307359 0.6916252 0.6013187 0.6916264 0.6211187 0.6784179 0.6307046 0.6783516 0.6307359 0.6916252 0.4001428 0.922832 0.4001428 0.9087857 0.4983586 0.922832 0.4983586 0.9087857 0.4983586 0.922832 0.4001428 0.9087857 0.3947643 0.8305494 0.3916668 0.8251339 0.3800913 0.8343158 0.3800913 0.8343158 0.3916668 0.8251339 0.3775787 0.8249244 0.3891315 0.8433559 0.3985228 0.8458684 0.3985228 0.831822 0.3800913 0.8343158 0.3891315 0.8433559 0.3947643 0.8305494 0.3947643 0.8305494 0.3891315 0.8433559 0.3985228 0.831822 0.3733695 0.1999705 0.4850516 0.187389 0.4850516 0.1999705 0.3550181 0.6708779 0.3931589 0.670878 0.3549881 0.6849243 0.3931453 0.6849243 0.3549881 0.6849243 0.3931589 0.670878 0.3550131 0.6278942 0.3549776 0.6138479 0.3693189 0.6278942 0.3550067 0.7558933 0.3772255 0.7558934 0.3549063 0.7699396 0.04200679 0.7639677 0.0560531 0.7639677 0.0560531 0.7935652 0.0560531 0.7935652 0.04200679 0.7935652 0.04200679 0.7639677 0 0.8355639 0.01258146 0.8329536 0.01258146 0.7987775 0 0.9045762 0.01258146 0.9045375 0.01258146 0.8677898 0.01258146 0.8677898 0 0.8355639 0 0.8704002 0.9028553 0.5880737 0.9324527 0.6021201 0.9028553 0.6021201 0.9028553 0.5880737 0.9324527 0.5880737 0.9324527 0.6021201 0.4738731 0.7032055 0.4737212 0.6891594 0.4959796 0.7032056 0.369319 0.608587 0.3550159 0.608587 0.3550016 0.5945407 0.3931744 0.7033991 0.3550163 0.703399 0.3550032 0.6893528 0.3956957 0.4877912 0.3831142 0.5543346 0.3831142 0.4877912 -3.99244e-6 0.7474328 0.04533362 0.7614791 0.04533392 0.7474328 0.3816462 0.5003613 0.3690611 0.5022959 0.3690612 0.4940063 0.3690611 0.5022959 0.3816462 0.5003613 0.3690604 0.5105928 0.3690612 0.4940063 0.3816433 0.4877912 0.3816462 0.5003613 0.3690613 0.4877912 0.3816433 0.4877912 0.3690612 0.4940063 0.3816434 0.5207527 0.3690612 0.5209251 0.3690604 0.5105928 0.3816462 0.5003613 0.3816434 0.5207527 0.3690604 0.5105928 0.4973747 0.782993 0.4030955 0.7829937 0.40309 0.7970401 0.4973747 0.782993 0.40309 0.7970401 0.4973534 0.7970395 0.434432 0.6146802 0.4494428 0.6146802 0.434432 0.6287266 0.4035975 0.776073 0.4965605 0.7760748 0.496557 0.7620284 0.3675962 0.5001143 0.3550149 0.4960374 0.3550145 0.5063657 0.3550149 0.4960374 0.3675962 0.5001143 0.3675962 0.4877912 0.3550149 0.4960374 0.3675962 0.4877912 0.3550148 0.4877912 0.3675962 0.5209366 0.3675962 0.5001143 0.3550145 0.5063657 0.3550145 0.5063657 0.3550149 0.5146202 0.3675962 0.5209366 0.3550148 0.5208306 0.3675962 0.5209366 0.3550149 0.5146202 0.3937464 0.6516298 0.402194 0.6656761 0.402194 0.6516298 0.434432 0.5962055 0.4344308 0.6102517 0.4493386 0.5962052 0.3690611 0.5614698 0.3550148 0.560897 0.3550148 0.5631524 0.4137232 0.6662543 0.4136288 0.6522178 0.4164156 0.6516297 0.4137232 0.6662543 0.4164156 0.6516297 0.4220909 0.6644786 0.4288079 0.7078275 0.4288079 0.7440499 0.4428542 0.7078275 0.4428542 0.7440499 0.4428542 0.7078275 0.4288079 0.7440499 0.3790507 0.7318604 0.4011415 0.7318605 0.3789988 0.7459066 0.4747882 0.6146802 0.4912445 0.6287266 0.4747882 0.6287266 0.3790507 0.7799262 0.4011197 0.7799261 0.3789781 0.7939724 0.3207451 0.9628639 0.136349 0.950012 0.136349 0.9628639 -2.63343e-6 0.7639677 0.02206629 0.7639677 -7.85332e-5 0.778014 0.3937464 0.633155 0.4102027 0.6472013 0.3937464 0.6472013 0.3790507 0.7558933 0.4011415 0.7558933 0.3789988 0.7699396 0.4171383 0.7440499 0.4171383 0.7078275 0.403092 0.7078275 0.403092 0.7078275 0.403092 0.7440499 0.4171383 0.7440499 0.01029622 0.7835667 6.21159e-5 0.7948881 0 0.7808335 0.01029622 0.7835667 0.003448843 0.795804 6.21159e-5 0.7948881 0.4490522 0.5777308 0.434401 0.5777307 0.4343075 0.591777 0.4343075 0.591777 0.4490422 0.591777 0.4490522 0.5777308 0.4545543 0.6472014 0.4545543 0.633155 0.4639185 0.6472013 0.4639185 0.633155 0.4639185 0.6472013 0.4545543 0.633155 0.9084804 0.6207008 0.9122466 0.635374 0.9030647 0.6237984 0.9122466 0.635374 0.9028553 0.6378864 0.9030647 0.6237984 0.9212868 0.6263337 0.909753 0.6169424 0.9237993 0.6169424 0.9122466 0.635374 0.9084804 0.6207008 0.9212868 0.6263337 0.9084804 0.6207008 0.909753 0.6169424 0.9212868 0.6263337 0.5010638 0.6704911 0.4962764 0.6704912 0.4962757 0.6845376 0.5010638 0.6704911 0.4962757 0.6845376 0.5010614 0.6845375 0.3141565 0.1728453 0.2978599 0.18564 0.3142102 0.1855201 0.2979402 0.1727747 0.2978599 0.18564 0.3141565 0.1728453 0.3271233 0.1727745 0.3141565 0.1728453 0.3270976 0.1856399 0.3270976 0.1856399 0.3141565 0.1728453 0.3142102 0.1855201 0.5557135 0.6342183 0.5411664 0.6474108 0.5594386 0.6472343 0.5412467 0.6341382 0.5411664 0.6474108 0.5557135 0.6342183 0.5594386 0.6472343 0.5704041 0.6341381 0.5557135 0.6342183 0.5594386 0.6472343 0.5704298 0.6474108 0.5704041 0.6341381 0.5412467 0.6326727 0.5536038 0.6194531 0.5412008 0.6193999 0.5412467 0.6326727 0.5579779 0.6325224 0.5536038 0.6194531 0.5579779 0.6325224 0.5704041 0.6194001 0.5536038 0.6194531 0.5579779 0.6325224 0.5704298 0.632673 0.5704041 0.6194001 0.6015112 0.6474108 0.6103907 0.6342185 0.6014779 0.6341379 0.6103907 0.6342185 0.6015112 0.6474108 0.6207332 0.64729 0.6207332 0.64729 0.6309776 0.6341351 0.6103907 0.6342185 0.6307069 0.6474109 0.6309776 0.6341351 0.6207332 0.64729 0.4454774 0.1598511 0.4595122 0.1440809 0.4454662 0.1441573 0.4592227 0.1580829 0.4595122 0.1440809 0.4454774 0.1598511 0.4454774 0.1598511 0.4454659 0.1718778 0.4595119 0.1718569 0.6015239 0.6326727 0.6138808 0.6194531 0.6014779 0.6194 0.6015239 0.6326727 0.6192902 0.6325331 0.6138808 0.6194531 0.6192902 0.6325331 0.6306992 0.6193999 0.6138808 0.6194531 0.6307069 0.632673 0.6306992 0.6193999 0.6192902 0.6325331 0.6168318 0.6178881 0.6014474 0.6046621 0.6014874 0.617935 0.6161842 0.6049355 0.6014474 0.6046621 0.6168318 0.6178881 0.6014782 0.5593019 0.6155242 0.5717048 0.6155242 0.5592553 0.6018689 0.5716348 0.6155242 0.5717048 0.6014782 0.5593019 0.6018689 0.5716348 0.6155242 0.5884964 0.6155242 0.5717048 0.5175624 0.1441226 0.5316086 0.1559489 0.5316086 0.1441197 0.5179321 0.1559874 0.5316086 0.1559489 0.5175624 0.1441226 0.5179321 0.1559874 0.5316086 0.1719131 0.5316086 0.1559489 0.3102972 0.1999189 0.3146713 0.1872509 0.2979402 0.1871052 0.3102972 0.1999189 0.2979402 0.1871052 0.2978942 0.1999704 0.3271186 0.1999704 0.3271233 0.187105 0.3146713 0.1872509 0.3271186 0.1999704 0.3146713 0.1872509 0.3102972 0.1999189 0.601442 0.6488761 0.6013954 0.6621488 0.6158912 0.6621488 0.601442 0.6488761 0.6158912 0.6621488 0.6137858 0.6492452 0.6306204 0.6621488 0.6307293 0.6488748 0.6158912 0.6621488 0.2979402 0.1584444 0.2978936 0.1713096 0.3147599 0.1712667 0.2979402 0.1584444 0.3147599 0.1712667 0.3092247 0.1587951 0.3147599 0.1712667 0.3271013 0.1584442 0.3092247 0.1587951 0.3147599 0.1712667 0.3271233 0.1713096 0.3271013 0.1584442 0.3690611 0.5685307 0.3550148 0.5724459 0.3550148 0.5685307 0.01402211 0.7988089 0.01404815 0.9392723 0.02337485 0.9392724 0.03637874 0.2491883 0.04578918 0.2443681 0.04894286 0.2680172 0.04578918 0.2443681 0.05534952 0.2452003 0.05666649 0.2662544 0.04550558 0.2751549 0.03637874 0.2491883 0.04894286 0.2680172 0.04550558 0.2751549 8.07604e-4 0.3106458 0.03637874 0.2491883 0.04894286 0.2680172 0.04578918 0.2443681 0.05666649 0.2662544 0.04894286 0.2822926 8.07604e-4 0.3106458 0.04550558 0.2751549 0.05666649 0.2662544 0.05534952 0.2452003 0.06220906 0.2494314 0.06667894 0.2573072 0.05666649 0.2662544 0.06220906 0.2494314 0.06667894 0.2573072 0.06286036 0.2711938 0.05666649 0.2662544 0.06286036 0.279116 0.07099592 0.2890568 0.05666649 0.2840555 0.06286036 0.279116 0.06286036 0.2711938 0.06799793 0.278692 0.06286036 0.2711938 0.06667894 0.2573072 0.06799793 0.278692 0.06799793 0.278692 0.07099592 0.2890568 0.06286036 0.279116 0.04894286 0.2822926 0.001012504 0.3206477 8.07604e-4 0.3106458 0.05666649 0.2840555 0.001012504 0.3206477 0.04894286 0.2822926 0.05666649 0.2840555 0.07952356 0.3004541 0.001012504 0.3206477 0.001012504 0.3206477 0.09576404 0.3291138 0.06954044 0.4384185 0.001012504 0.3206477 0.07952356 0.3004541 0.0923267 0.3219761 0.08970534 0.3066602 0.1014481 0.3086376 0.09942466 0.3130756 0.0923267 0.3219761 0.07952356 0.3004541 0.08970534 0.3066602 0.08970534 0.3066602 0.09942466 0.3130756 0.09413492 0.3161376 0.08970534 0.3066602 0.09413492 0.3161376 0.0923267 0.3219761 0.06954044 0.4384185 0.1121795 0.4447771 0.0782929 0.4431601 0.09576404 0.3291138 0.001012504 0.3206477 0.0923267 0.3219761 0.07099592 0.2890568 0.07952356 0.3004541 0.05666649 0.2840555 0.13639 0.2569124 0.1462458 0.2662544 0.140052 0.2711938 0.1425923 0.2478929 0.1462458 0.2662544 0.13639 0.2569124 0.1349145 0.278692 0.13639 0.2569124 0.140052 0.2711938 0.1319165 0.2890568 0.1462458 0.2840555 0.1233888 0.3004541 0.140052 0.2711938 0.140052 0.279116 0.1349145 0.278692 0.1319165 0.2890568 0.1349145 0.278692 0.140052 0.279116 0.1462458 0.2840555 0.1319165 0.2890568 0.140052 0.279116 0.1514722 0.2442147 0.1462458 0.2662544 0.1425923 0.2478929 0.1539695 0.2680172 0.1462458 0.2662544 0.1514722 0.2442147 0.1539695 0.2680172 0.1610016 0.2454692 0.167918 0.2503964 0.1514722 0.2442147 0.1610016 0.2454692 0.1539695 0.2680172 0.1233888 0.3004541 0.1462458 0.2840555 0.1539695 0.2822926 0.167918 0.2503964 0.1574068 0.2751549 0.1539695 0.2680172 0.1574068 0.2751549 0.2466815 0.3862291 0.1539695 0.2822926 0.2466815 0.3862291 0.1574068 0.2751549 0.167918 0.2503964 0.1071483 0.3148384 0.09942466 0.3130756 0.1014481 0.3086376 0.1071483 0.3148384 0.113207 0.3066602 0.1105856 0.3219761 0.1014481 0.3086376 0.113207 0.3066602 0.1071483 0.3148384 0.1014562 0.3313403 0.1121795 0.4447771 0.06954044 0.4384185 0.1121795 0.4447771 0.1014562 0.3313403 0.1071483 0.3291138 0.09576404 0.3291138 0.1014562 0.3313403 0.06954044 0.4384185 0.1105856 0.3219761 0.2466815 0.3862291 0.1071483 0.3291138 0.1121795 0.4447771 0.1071483 0.3291138 0.2466815 0.3862291 0.1233888 0.3004541 0.1539695 0.2822926 0.1105856 0.3219761 0.1105856 0.3219761 0.1539695 0.2822926 0.2466815 0.3862291 0.2466815 0.3862291 0.120662 0.4499862 0.1121795 0.4447771 0.2466815 0.3862291 0.1250395 0.456466 0.120662 0.4499862 0.113207 0.3066602 0.1233888 0.3004541 0.1105856 0.3219761 0.2979234 0.2330527 0.5617778 0.2330527 0.5617778 0.2295269 0.09132438 0.8671271 0.3530839 0.8654688 0.3489785 0.8760047 0.09585124 0.8774881 0.1256504 0.9003274 0.115143 0.8962108 0.1256504 0.9003274 0.09585124 0.8774881 0.3489785 0.8760047 0.3530839 0.8654688 0.09042024 0.8248462 0.3535499 0.8248462 0.3489785 0.8760047 0.3303064 0.8953489 0.3199735 0.899888 0.3199735 0.899888 0.1256504 0.9003274 0.3489785 0.8760047 0.09132438 0.8671271 0.09042024 0.8248462 0.3530839 0.8654688 0.3535421 0.9643639 0.09042394 0.9643424 0.09078818 0.9702541 0.3535421 0.9643639 0.09078818 0.9702541 0.3531817 0.9702146 0.5064227 0.7429586 0.5105394 0.7324808 0.5064226 0.9350857 0.5307463 0.712386 0.5292629 0.964801 0.5105394 0.7324808 0.5064226 0.9350857 0.5105394 0.7324808 0.5105394 0.9455636 0.5105394 0.7324808 0.5292629 0.964801 0.5105394 0.9455636 0.5412826 0.7082921 0.5396242 0.9693152 0.5307463 0.712386 0.5412826 0.7082921 0.5782625 0.7078275 0.5782625 0.9702168 0.5307463 0.712386 0.5396242 0.9693152 0.5292629 0.964801 0.5412826 0.7082921 0.5782625 0.9702168 0.5396242 0.9693152 0.5440154 0.5158598 0.3971624 0.5158887 0.4007471 0.5252079 0.9240196 0 0.9817429 0 0.9823358 0.01217895 0.9823358 0.01217895 0.9880551 0.01811701 0.9880566 0.2827993 0.9880566 0.2827993 0.9240196 0 0.9823358 0.01217895 0.8343613 0.2818613 0.9240196 0 0.9880566 0.2827993 0.8401076 0.01320457 0.9240196 0 0.8343613 0.2818613 0.8412794 0 0.9240196 0 0.8401076 0.01320457 0.8343613 0.2818613 0.8308892 0.01872843 0.8354679 0.01794165 0.8343613 0.2818613 0.8354679 0.01794165 0.8401076 0.01320457 0.8343613 0.2818613 0.9880566 0.2827993 0.9149267 0.3013111 0.9823358 0.2891322 0.9149267 0.3013111 0.9880566 0.2827993 0.9149267 0.3013111 0.9823358 0.2891322 0.9817429 0.3013111 0.8387836 0.2895315 0.8343613 0.2818613 0.9149267 0.3013111 0.8384656 0.3013105 0.8387836 0.2895315 0.9149267 0.3013111 0.136353 0.9196336 0.136349 0.9022516 0.2804618 0.902253 0.2831125 0.9213843 0.136353 0.9196336 0.2804618 0.902253 0.2849201 0.9342268 0.136349 0.9342305 0.136353 0.9196336 0.2831125 0.9213843 0.2849201 0.9342268 0.136353 0.9196336 0.7794543 0.7503911 0.7913864 0.7355512 0.8100054 0.7442292 0.7913864 0.7355512 0.7794543 0.7503911 0.7771185 0.7328937 0.7771185 0.7328937 0.7794543 0.7503911 0.7723839 0.7469537 0.8074085 0.7674354 0.8100054 0.7442292 0.8149672 0.7519018 0.8149672 0.7519018 0.8144471 0.7604761 0.8074085 0.7674354 0.7794543 0.7503911 0.8100054 0.7442292 0.7812005 0.7581147 0.7812005 0.7581147 0.8074085 0.7674354 0.7763077 0.7643086 0.7660034 0.7700411 0.7763077 0.7643086 0.8074085 0.7674354 0.7812005 0.7581147 0.8100054 0.7442292 0.8074085 0.7674354 0.7666005 0.748762 0.7771185 0.7328937 0.7723839 0.7469537 0.7635673 0.7540517 0.7771185 0.7328937 0.7666005 0.748762 0.7763077 0.7643086 0.7660034 0.7700411 0.7684602 0.7643086 0.7635673 0.7540517 0.7522293 0.7763883 0.661755 0.7326726 0.7771185 0.7328937 0.7635673 0.7540517 0.661755 0.7326726 0.7522293 0.7763883 0.7640266 0.7601462 0.7660034 0.7700411 0.7684602 0.7643086 0.7660034 0.7700411 0.7640266 0.7601462 0.7640266 0.7601462 0.7522293 0.7763883 0.7635673 0.7540517 0.7260043 0.7937749 0.661755 0.7326726 0.7522293 0.7763883 0.7260043 0.7937749 0.7417965 0.790114 0.7330747 0.7972123 0.7352802 0.8029044 0.7330747 0.7972123 0.7389906 0.8029044 0.7417965 0.790114 0.7389906 0.8029044 0.7330747 0.7972123 0.7260043 0.7937749 0.7189339 0.7972123 0.661755 0.7326726 0.6725679 0.8739435 0.661755 0.7326726 0.7167284 0.8029044 0.661755 0.7326726 0.7189339 0.7972123 0.7167284 0.8029044 0.7189339 0.8085965 0.6725679 0.8739435 0.7167284 0.8029044 0.7330747 0.8085965 0.7352802 0.8029044 0.7389906 0.8029044 0.7417965 0.790114 0.7260043 0.7937749 0.7522293 0.7763883 0.8149673 0.853907 0.8074085 0.8383733 0.8144471 0.8453326 0.8074085 0.8383733 0.7763077 0.8415002 0.7660034 0.8357676 0.7812005 0.847694 0.8074085 0.8383733 0.7974572 0.8682019 0.8074085 0.8383733 0.7812005 0.847694 0.7763077 0.8415002 0.7794543 0.8554176 0.7812005 0.847694 0.7974572 0.8682019 0.8109977 0.8609497 0.7974572 0.8682019 0.8074085 0.8383733 0.7801193 0.8725513 0.7723839 0.858855 0.7794543 0.8554176 0.7974572 0.8682019 0.7801193 0.8725513 0.7794543 0.8554176 0.8149673 0.853907 0.8109977 0.8609497 0.8074085 0.8383733 0.7522292 0.8294205 0.693934 0.8735228 0.7260043 0.8120338 0.7260043 0.8120338 0.7417965 0.8156948 0.7522292 0.8294205 0.7684602 0.8415002 0.7660034 0.8357676 0.7763077 0.8415002 0.7640266 0.8456625 0.7522292 0.8294205 0.7660034 0.8357676 0.7330747 0.8085965 0.7417965 0.8156948 0.7260043 0.8120338 0.6725679 0.8739435 0.7189339 0.8085965 0.693934 0.8735228 0.7189339 0.8085965 0.7260043 0.8120338 0.693934 0.8735228 0.7389906 0.8029044 0.7417965 0.8156948 0.7330747 0.8085965 0.7522292 0.8294205 0.7635673 0.8517571 0.693934 0.8735228 0.7640266 0.8456625 0.7635673 0.8517571 0.7522292 0.8294205 0.7666005 0.8570468 0.7723839 0.858855 0.7801193 0.8725513 0.693934 0.8735228 0.7635673 0.8517571 0.7666005 0.8570468 0.7666005 0.8570468 0.7801193 0.8725513 0.693934 0.8735228 0.7684602 0.8415002 0.7640266 0.8456625 0.7660034 0.8357676 0.05615097 0.7988089 0.05614626 0.9395886 0.04232609 0.7988151 0.6718965 0.5355365 0.6668021 0.5118066 0.6956649 0.5231278 0.6668021 0.5118066 0.6859345 0.5025959 0.6978713 0.5174357 0.6718965 0.5355365 0.6646971 0.5305138 0.6619903 0.5209211 0.6718965 0.5355365 0.6619903 0.5209211 0.6668021 0.5118066 0.6668021 0.5118066 0.6978713 0.5174357 0.6956649 0.5231278 0.7049444 0.5139984 0.6978713 0.5174357 0.700208 0.4999384 0.7120175 0.5174357 0.7049444 0.5139984 0.700208 0.4999384 0.6718965 0.5355365 0.6956649 0.5231278 0.6978713 0.5288199 0.7084496 0.5364907 0.7028795 0.5322573 0.7088697 0.5313532 0.6978713 0.5288199 0.7028795 0.5322573 0.7084496 0.5364907 0.6718965 0.5355365 0.6978713 0.5288199 0.7084496 0.5364907 0.6978713 0.5174357 0.6859345 0.5025959 0.700208 0.4999384 0.6646972 0.6093842 0.6718965 0.6043615 0.6619903 0.6189769 0.6668021 0.6280913 0.6619903 0.6189769 0.6718965 0.6043615 0.6668021 0.6280913 0.6978713 0.6224623 0.6859345 0.6373022 0.6956649 0.6167702 0.6668021 0.6280913 0.6718965 0.6043615 0.6718965 0.6043615 0.6978713 0.611078 0.6956649 0.6167702 0.7088697 0.6085448 0.7028795 0.6076407 0.7084495 0.6034073 0.6978713 0.611078 0.7084495 0.6034073 0.7028795 0.6076407 0.7084495 0.6034073 0.6978713 0.611078 0.6718965 0.6043615 0.6859345 0.6373022 0.6978713 0.6224623 0.7002081 0.6399596 0.7049444 0.6258996 0.7002081 0.6399596 0.6978713 0.6224623 0.7107301 0.6240914 0.7002081 0.6399596 0.7049444 0.6258996 0.6956649 0.6167702 0.6978713 0.6224623 0.6668021 0.6280913 0.7088697 0.5313532 0.7165889 0.5384437 0.7084496 0.5364907 0.8156162 0.4997172 0.7282661 0.5464143 0.7137644 0.5251594 0.7137644 0.5251594 0.7165889 0.5384437 0.7088697 0.5313532 0.7137644 0.5251594 0.7282661 0.5464143 0.7165889 0.5384437 0.7137644 0.5251594 0.7120175 0.5174357 0.8156162 0.4997172 0.7513419 0.5608195 0.7371705 0.5628562 0.7282661 0.5464143 0.7513419 0.5608195 0.7442689 0.5642569 0.7371705 0.5628562 0.7584152 0.5642569 0.7513419 0.5608195 0.8156162 0.4997172 0.7513419 0.5608195 0.7282661 0.5464143 0.8156162 0.4997172 0.7442689 0.5642569 0.7420625 0.569949 0.7371705 0.5628562 0.7584152 0.5642569 0.8156162 0.4997172 0.7606215 0.569949 0.7120175 0.5174357 0.700208 0.4999384 0.8156162 0.4997172 0.7133049 0.6127072 0.7165889 0.6014543 0.7282662 0.5934837 0.7282662 0.5934837 0.8156162 0.6401808 0.7137644 0.6188017 0.7088697 0.6085448 0.7084495 0.6034073 0.7165889 0.6014543 0.7282662 0.5934837 0.7137644 0.6188017 0.7133049 0.6127072 0.7088697 0.6085448 0.7165889 0.6014543 0.7133049 0.6127072 0.7002081 0.6399596 0.7137644 0.6188017 0.8156162 0.6401808 0.7367824 0.5793744 0.7371705 0.5628562 0.7442689 0.5756411 0.8156162 0.6401808 0.7584151 0.5756412 0.7606215 0.569949 0.7367824 0.5793744 0.7442689 0.5756411 0.7513419 0.5790784 0.8156162 0.6401808 0.7513419 0.5790784 0.7584151 0.5756412 0.7513419 0.5790784 0.8156162 0.6401808 0.7282662 0.5934837 0.7513419 0.5790784 0.7282662 0.5934837 0.7367824 0.5793744 0.8156162 0.6401808 0.7606215 0.569949 0.8156162 0.4997172 0.7371705 0.5628562 0.7420625 0.569949 0.7442689 0.5756411 0.7107301 0.6240914 0.7137644 0.6188017 0.7002081 0.6399596 0.1021011 0.4883424 0.09669667 0.5523309 0 0.4877912 0.09447014 0.558023 0 0.4877912 0.09669667 0.5523309 0.1158783 0.5012029 0.09669667 0.5523309 0.1021011 0.4883424 0.1038343 0.5488936 0.09669667 0.5523309 0.1158783 0.5012029 0.07599276 0.6200427 0 0.4877912 0.09669667 0.5637152 0.08291548 0.6178774 0.07599276 0.6200427 0.09669667 0.5637152 0.1038343 0.5671525 0.08291548 0.6178774 0.09669667 0.5637152 0.1038343 0.5671525 0.1268181 0.5818605 0.08291548 0.6178774 0.09447014 0.558023 0.09669667 0.5637152 0 0.4877912 0.1038343 0.5488936 0.1158783 0.5012029 0.1096729 0.5507018 0.1101262 0.4923128 0.1158783 0.5012029 0.1021011 0.4883424 0.1169443 0.558023 0.1096729 0.5507018 0.1158783 0.5012029 0.1197769 0.5708134 0.1038343 0.5671525 0.1109721 0.5637152 0.1109721 0.5637152 0.1169443 0.558023 0.1197769 0.5708134 0.1197769 0.5708134 0.1268181 0.5818605 0.1038343 0.5671525 0.1169443 0.558023 0.1109721 0.5637152 0.1127349 0.5559915 0.1169443 0.558023 0.1127349 0.5559915 0.1096729 0.5507018 0.005988776 0.6309391 0 0.6285712 0 0.4877912 0.07599276 0.6200427 0.01303011 0.6387624 0.005988776 0.6309391 0.01303011 0.6387624 0.05908375 0.6504511 0.01453554 0.6511198 0.06124907 0.6573738 0.1325736 0.7425665 0.005427181 0.6691024 0.01453554 0.6511198 0.06124907 0.6573738 0.005427181 0.6691024 0.01453554 0.6511198 0.05908375 0.6504511 0.06124907 0.6573738 0 0.4877912 0.07599276 0.6200427 0.005988776 0.6309391 0.07599276 0.6200427 0.05908375 0.6504511 0.01303011 0.6387624 0.06124907 0.6573738 0.1148535 0.6883224 0.1325736 0.7425665 0.1219314 0.6867363 0.1325736 0.7425665 0.1148535 0.6883224 0.1268181 0.5818605 0.1378651 0.5889018 0.08291548 0.6178774 0.1916382 0.5507018 0.1843668 0.558023 0.1854327 0.5012029 0.1843668 0.558023 0.1916382 0.5507018 0.1885761 0.5559915 0.1911848 0.4923129 0.1992099 0.4883424 0.1854327 0.5012029 0.1815342 0.5708134 0.1843668 0.558023 0.190339 0.5637151 0.1885761 0.5559915 0.190339 0.5637151 0.1843668 0.558023 0.1974767 0.5671525 0.174493 0.5818605 0.1815342 0.5708134 0.174493 0.5818605 0.1595561 0.6028127 0.1634459 0.5889018 0.1854327 0.5012029 0.1992099 0.4883424 0.2046144 0.5523309 0.1854327 0.5012029 0.1974767 0.5488936 0.1916382 0.5507018 0.2046144 0.5523309 0.1974767 0.5488936 0.1854327 0.5012029 0.3013111 0.4877912 0.2046144 0.5523309 0.1992099 0.4883424 0.2355323 0.6617418 0.174493 0.5818605 0.1974767 0.5671525 0.1815342 0.5708134 0.190339 0.5637151 0.1974767 0.5671525 0.2068409 0.558023 0.2046144 0.5523309 0.3013111 0.4877912 0.2068409 0.558023 0.3013111 0.4877912 0.2046144 0.5637152 0.2639831 0.6484659 0.1974767 0.5671525 0.2046144 0.5637152 0.3013111 0.4877912 0.2639831 0.6484659 0.2046144 0.5637152 0.08291548 0.6178774 0.1435178 0.6105363 0.1382252 0.6498106 0.1546167 0.5966189 0.1466944 0.5966189 0.1506555 0.5917343 0.1506555 0.5917343 0.1634459 0.5889018 0.1546167 0.5966189 0.1506555 0.5917343 0.1466944 0.5966189 0.1378651 0.5889018 0.1466944 0.5966189 0.1417549 0.6028127 0.1378651 0.5889018 0.1219314 0.6867363 0.1398113 0.6568884 0.1922093 0.6893091 0.1922093 0.6893091 0.1398113 0.6568884 0.1382252 0.6498106 0.1219314 0.6867363 0.1597834 0.7149692 0.1325736 0.7425665 0.1506555 0.6139737 0.1382252 0.6498106 0.1435178 0.6105363 0.1435178 0.6105363 0.08291548 0.6178774 0.1417549 0.6028127 0.1382252 0.6498106 0.1577932 0.6105363 0.1922093 0.6893091 0.1634459 0.5889018 0.1595561 0.6028127 0.1546167 0.5966189 0.3013539 0.636351 0.2639831 0.6484659 0.3013111 0.4877912 0.2355323 0.6617418 0.1577932 0.6105363 0.1595561 0.6028127 0.1974767 0.5671525 0.2639831 0.6484659 0.2355323 0.6617418 0.1597834 0.7149692 0.1219314 0.6867363 0.1922093 0.6893091 0.174493 0.5818605 0.2355323 0.6617418 0.1595561 0.6028127 0.1577932 0.6105363 0.2355323 0.6617418 0.1922093 0.6893091 0.1577932 0.6105363 0.1382252 0.6498106 0.1506555 0.6139737 0.1378651 0.5889018 0.1417549 0.6028127 0.08291548 0.6178774 0.9985352 0.5262075 0.9985104 0.5402792 0.8592201 0.5262131 0.8592292 0.5445129 0.9985104 0.5402792 0.9985352 0.5590115 0.8592292 0.5445129 0.9985352 0.5590115 0.8592201 0.5590118 0.03637874 0.005292654 0.04894286 0.02412158 0.04578918 4.7251e-4 0.04578918 4.7251e-4 0.05666649 0.02235871 0.05534952 0.001304686 0.04550558 0.03125923 0.04894286 0.02412158 0.03637874 0.005292654 0.04550558 0.03125923 0.03637874 0.005292654 8.07604e-4 0.06675022 0.04894286 0.02412158 0.05666649 0.02235871 0.04578918 4.7251e-4 0.04894286 0.03839695 0.04550558 0.03125923 8.07604e-4 0.06675022 0.05666649 0.02235871 0.06220906 0.005535781 0.05534952 0.001304686 0.06667894 0.01341158 0.06220906 0.005535781 0.05666649 0.02235871 0.06667894 0.01341158 0.05666649 0.02235871 0.06286036 0.02729815 0.06286036 0.02729815 0.06286036 0.03522038 0.06799793 0.03479635 0.06667894 0.01341158 0.06286036 0.02729815 0.06799793 0.03479635 0.06799793 0.03479635 0.06286036 0.03522038 0.07099592 0.04516112 0.04894286 0.03839695 8.07604e-4 0.06675022 0.001012504 0.076752 0.07099592 0.04516112 0.06286036 0.03522038 0.05666649 0.04015982 0.05666649 0.04015982 0.04894286 0.03839695 0.001012504 0.076752 0.05666649 0.04015982 0.001012504 0.076752 0.07952356 0.05655848 0.001012504 0.076752 0.06954044 0.1945228 0.09576404 0.08521813 0.07099592 0.04516112 0.05666649 0.04015982 0.07952356 0.05655848 0.0923267 0.07808041 0.08970534 0.06276452 0.07952356 0.05655848 0.001012504 0.076752 0.0923267 0.07808041 0.07952356 0.05655848 0.08970534 0.06276452 0.0923267 0.07808041 0.09413492 0.0722419 0.06954044 0.1945228 0.0782929 0.1992644 0.1121795 0.2008814 0.09576404 0.08521813 0.0923267 0.07808041 0.001012504 0.076752 0.09413492 0.0722419 0.09942466 0.06917989 0.08970534 0.06276452 0.13639 0.01301676 0.140052 0.02729815 0.1462458 0.02235871 0.1425923 0.003997266 0.13639 0.01301676 0.1462458 0.02235871 0.1338751 0.0391674 0.140052 0.02729815 0.13639 0.01301676 0.1338751 0.0391674 0.1267554 0.05319184 0.1462458 0.04015982 0.140052 0.02729815 0.1338751 0.0391674 0.140052 0.03522038 0.1338751 0.0391674 0.1462458 0.04015982 0.140052 0.03522038 0.1425923 0.003997266 0.1462458 0.02235871 0.1514722 3.19078e-4 0.1539695 0.02412158 0.167918 0.00650072 0.1610016 0.001573622 0.1514722 3.19078e-4 0.1539695 0.02412158 0.1610016 0.001573622 0.1514722 3.19078e-4 0.1462458 0.02235871 0.1539695 0.02412158 0.167918 0.00650072 0.1539695 0.02412158 0.1574068 0.03125923 0.1574068 0.03125923 0.1539695 0.03839695 0.2466768 0.1423251 0.2466768 0.1423251 0.167918 0.00650072 0.1574068 0.03125923 0.1539695 0.03839695 0.1462458 0.04015982 0.1267554 0.05319184 0.09942466 0.06917989 0.1071483 0.07094275 0.1014642 0.06474196 0.1105856 0.07808041 0.115358 0.06171953 0.1071483 0.07094275 0.1014562 0.08744466 0.06954044 0.1945228 0.1121795 0.2008814 0.1121795 0.2008814 0.1071483 0.08521813 0.1014562 0.08744466 0.09576404 0.08521813 0.06954044 0.1945228 0.1014562 0.08744466 0.1121795 0.2008814 0.2466768 0.1423251 0.1071483 0.08521813 0.2466768 0.1423251 0.1105856 0.07808041 0.1071483 0.08521813 0.1014642 0.06474196 0.1071483 0.07094275 0.115358 0.06171953 0.1014642 0.06474196 0.08970534 0.06276452 0.09942466 0.06917989 0.1267554 0.05319184 0.115358 0.06171953 0.1105856 0.07808041 0.2466768 0.1423251 0.1539695 0.03839695 0.1105856 0.07808041 0.1539695 0.03839695 0.1267554 0.05319184 0.1105856 0.07808041 0.120662 0.2060905 0.2466768 0.1423251 0.1121795 0.2008814 0.2466768 0.1423251 0.120662 0.2060905 0.1250395 0.2125704 0.3971606 0.5266501 0.6602903 0.5266215 0.3971899 0.5358863 0.3971899 0.5358863 0.6602903 0.5266215 0.6602902 0.5358864 0.09132438 0.7897137 0.09585124 0.8000747 0.3489785 0.7985914 0.09585124 0.8000747 0.115143 0.8187974 0.1256504 0.8229141 0.1256504 0.8229141 0.3489785 0.7985914 0.09585124 0.8000747 0.3530839 0.7880554 0.3535499 0.7474328 0.09042024 0.7474328 0.09132438 0.7897137 0.3489785 0.7985914 0.3530839 0.7880554 0.3489785 0.7985914 0.3199735 0.8224747 0.3303064 0.8179355 0.3199735 0.8224747 0.3489785 0.7985914 0.1256504 0.8229141 0.09132438 0.7897137 0.3530839 0.7880554 0.09042024 0.7474328 0.6599226 0.5578312 0.3975287 0.5577878 0.3971622 0.5373783 0.5843225 0.7429586 0.5843225 0.9350857 0.5884392 0.7324808 0.6086462 0.712386 0.5884392 0.7324808 0.6071628 0.964801 0.5843225 0.9350857 0.5884392 0.9455636 0.5884392 0.7324808 0.5884392 0.7324808 0.5884392 0.9455636 0.6071628 0.964801 0.6191824 0.7082921 0.6086462 0.712386 0.617524 0.9693152 0.6191824 0.7082921 0.6561623 0.9702168 0.6561623 0.7078275 0.6086462 0.712386 0.6071628 0.964801 0.617524 0.9693152 0.6191824 0.7082921 0.617524 0.9693152 0.6561623 0.9702168 0.07369333 0.7988091 0.05761957 0.9456633 0.05761581 0.7988089 0.07433122 0.9437596 0.05761957 0.9456633 0.07369333 0.7988091 0.0889554 0.7988089 0.08895188 0.9420866 0.07369333 0.7988091 0.08895188 0.9420866 0.07433122 0.9437596 0.07369333 0.7988091 0.818934 0.2827996 0.8132134 0.01217895 0.7233285 0 0.8126205 0 0.7233285 0 0.8132134 0.01217895 0.818934 0.2827996 0.8189327 0.01811701 0.8132134 0.01217895 0.6652449 0.2818728 0.818934 0.2827996 0.7233285 0 0.7233285 0 0.6721569 0 0.6709852 0.01320451 0.6652449 0.2818728 0.6709852 0.01320451 0.6663455 0.01794165 0.6652449 0.2818728 0.6663455 0.01794165 0.6617668 0.01872843 0.6709852 0.01320451 0.6652449 0.2818728 0.7233285 0 0.6652449 0.2818728 0.7490519 0.3013111 0.818934 0.2827996 0.7490519 0.3013111 0.8126205 0.3013111 0.8132134 0.2891321 0.7490519 0.3013111 0.8132134 0.2891321 0.818934 0.2827996 0.7490519 0.3013111 0.6696226 0.2893403 0.6693433 0.3013091 0.7490519 0.3013111 0.6652449 0.2818728 0.6696226 0.2893403 0.5190098 0.5636785 0.519033 0.7063626 0.5298258 0.7063626 0.4167141 0.01753836 0.447556 0.01143914 0.4287598 0.00284934 0.4287598 0.00284934 0.4143559 2.18892e-4 0.4167141 0.01753836 0.4167141 0.01753836 0.4143559 2.18892e-4 0.4095764 0.01413595 0.4449344 0.03440946 0.4525651 0.01903367 0.447556 0.01143914 0.4525651 0.01903367 0.4449344 0.03440946 0.45204 0.02752089 0.4167141 0.01753836 0.4184769 0.02518343 0.447556 0.01143914 0.4184769 0.02518343 0.4135375 0.03131437 0.4449344 0.03440946 0.4031351 0.03698867 0.4449344 0.03440946 0.4135375 0.03131437 0.4184769 0.02518343 0.4449344 0.03440946 0.447556 0.01143914 0.4143559 2.18892e-4 0.2978942 0 0.4006758 0.02116173 0.4037379 0.01592576 0.4143559 2.18892e-4 0.4006758 0.02116173 0.4056152 0.03131437 0.4031351 0.03698867 0.4135375 0.03131437 0.3892298 0.04327124 0.4006758 0.02116173 0.2978942 0 0.3892298 0.04327124 0.4031351 0.03698867 0.4011394 0.02719432 0.4056152 0.03131437 0.4011394 0.02719432 0.4031351 0.03698867 0.4011394 0.02719432 0.4006758 0.02116173 0.3892298 0.04327124 0.3627552 0.06048119 0.3892298 0.04327124 0.2978942 0 0.4095764 0.01413595 0.4143559 2.18892e-4 0.4037379 0.01592576 0.3698929 0.0638836 0.3786976 0.05685752 0.3627552 0.06048119 0.3698929 0.0638836 0.3721194 0.06951785 0.3758651 0.06951785 0.3758651 0.06951785 0.3786976 0.05685752 0.3698929 0.0638836 0.3556175 0.0638836 0.3627552 0.06048119 0.2978942 0 0.3556175 0.0638836 0.3089054 0.1401134 0.3533909 0.06951785 0.3556175 0.07515215 0.3533909 0.06951785 0.3089054 0.1401134 0.2978942 0 0.3089054 0.1401134 0.3556175 0.0638836 0.3698929 0.07515209 0.3758651 0.06951785 0.3721194 0.06951785 0.3786976 0.05685752 0.3892298 0.04327124 0.3627552 0.06048119 0.4525651 0.120002 0.45204 0.1115149 0.4449344 0.1046263 0.4449344 0.1046263 0.4031351 0.102047 0.4135375 0.1077214 0.4184769 0.1138523 0.4348884 0.1341516 0.4449344 0.1046263 0.4449344 0.1046263 0.4135375 0.1077214 0.4184769 0.1138523 0.416714 0.1214974 0.4348884 0.1341516 0.4184769 0.1138523 0.4485577 0.1269732 0.4449344 0.1046263 0.4348884 0.1341516 0.4173854 0.1384569 0.416714 0.1214974 0.4095764 0.1248998 0.4348884 0.1341516 0.416714 0.1214974 0.4173854 0.1384569 0.4525651 0.120002 0.4449344 0.1046263 0.4485577 0.1269732 0.3892298 0.09576445 0.3627552 0.07855451 0.3303795 0.1394184 0.3627552 0.07855451 0.3892298 0.09576445 0.3786976 0.08217823 0.4056152 0.1077214 0.4135375 0.1077214 0.4031351 0.102047 0.4006758 0.1138523 0.4031351 0.102047 0.3892298 0.09576445 0.3698929 0.07515209 0.3627552 0.07855451 0.3786976 0.08217823 0.3089054 0.1401134 0.3303795 0.1394184 0.3556175 0.07515215 0.3556175 0.07515215 0.3303795 0.1394184 0.3627552 0.07855451 0.3758651 0.06951785 0.3698929 0.07515209 0.3786976 0.08217823 0.3892298 0.09576445 0.3303795 0.1394184 0.4006758 0.1138523 0.4024387 0.1214974 0.4173854 0.1384569 0.4095764 0.1248998 0.4006758 0.1138523 0.3303795 0.1394184 0.4024387 0.1214974 0.4024387 0.1214974 0.3303795 0.1394184 0.4173854 0.1384569 0.4056152 0.1077214 0.4031351 0.102047 0.4006758 0.1138523 0.9985352 0.697236 0.8595332 0.686453 0.859226 0.697212 0.827315 0.7425989 0.8513004 0.7301903 0.8221741 0.7188691 0.8221741 0.7188691 0.853527 0.7244982 0.8414812 0.7096583 0.827315 0.7425989 0.8173184 0.7279835 0.8200499 0.7375762 0.827315 0.7425989 0.8221741 0.7188691 0.8173184 0.7279835 0.8221741 0.7188691 0.8513004 0.7301903 0.853527 0.7244982 0.8606646 0.7210608 0.855885 0.7070009 0.853527 0.7244982 0.8678023 0.7244982 0.855885 0.7070009 0.8606646 0.7210608 0.827315 0.7425989 0.853527 0.7358824 0.8513004 0.7301903 0.8642017 0.7435532 0.8646258 0.7384156 0.8585809 0.7393197 0.853527 0.7358824 0.8642017 0.7435532 0.8585809 0.7393197 0.827315 0.7425989 0.8642017 0.7435532 0.853527 0.7358824 0.853527 0.7244982 0.855885 0.7070009 0.8414812 0.7096583 0.82005 0.8164467 0.8173184 0.8260393 0.827315 0.811424 0.8221741 0.8351538 0.827315 0.811424 0.8173184 0.8260393 0.8221741 0.8351538 0.8414812 0.8443647 0.853527 0.8295248 0.8513004 0.8238326 0.827315 0.811424 0.8221741 0.8351538 0.8642018 0.8104697 0.853527 0.8181405 0.8585809 0.8147032 0.8585809 0.8147032 0.8646258 0.8156073 0.8642018 0.8104697 0.8642018 0.8104697 0.827315 0.811424 0.853527 0.8181405 0.855885 0.8470221 0.853527 0.8295248 0.8414812 0.8443647 0.8513004 0.8238326 0.8221741 0.8351538 0.853527 0.8295248 0.8665031 0.8311539 0.8606646 0.832962 0.855885 0.8470221 0.853527 0.8295248 0.855885 0.8470221 0.8606646 0.832962 0.827315 0.811424 0.8513004 0.8238326 0.853527 0.8181405 0.8724154 0.7455062 0.8695652 0.7322217 0.8646258 0.7384156 0.9723468 0.7067797 0.8695652 0.7322217 0.8841993 0.7534767 0.8695652 0.7322217 0.8724154 0.7455062 0.8841993 0.7534767 0.9074858 0.767882 0.8841993 0.7534767 0.8927933 0.767586 0.8695652 0.7322217 0.9723468 0.7067797 0.8678023 0.7244982 0.9074858 0.767882 0.8927933 0.767586 0.9003481 0.7713193 0.8841993 0.7534767 0.9074858 0.767882 0.9723468 0.7067797 0.9146235 0.7713193 0.9723468 0.7067797 0.9074858 0.767882 0.8981216 0.7770115 0.9003481 0.7713193 0.893185 0.7841042 0.8927933 0.767586 0.893185 0.7841042 0.9003481 0.7713193 0.9003481 0.7827035 0.8981216 0.7770115 0.893185 0.7841042 0.8678023 0.7244982 0.9723468 0.7067797 0.855885 0.7070009 0.8691015 0.8197696 0.8841994 0.8005462 0.8724154 0.8085168 0.9074858 0.7861409 0.893185 0.7841042 0.8841994 0.8005462 0.8841994 0.8005462 0.8695652 0.8258641 0.9723468 0.8472432 0.8724154 0.8085168 0.8646258 0.8156073 0.8691015 0.8197696 0.8695652 0.8258641 0.8841994 0.8005462 0.8691015 0.8197696 0.8646258 0.8156073 0.8724154 0.8085168 0.8642018 0.8104697 0.855885 0.8470221 0.9723468 0.8472432 0.8695652 0.8258641 0.9723468 0.7067797 0.91685 0.7770115 0.9146235 0.7827035 0.9146235 0.7713193 0.91685 0.7770115 0.9723468 0.7067797 0.893185 0.7841042 0.9074858 0.7861409 0.9003481 0.7827035 0.8841994 0.8005462 0.9723468 0.8472432 0.9074858 0.7861409 0.9723468 0.8472432 0.9723468 0.7067797 0.9146235 0.7827035 0.9146235 0.7827035 0.9074858 0.7861409 0.9723468 0.8472432 0.8665031 0.8311539 0.855885 0.8470221 0.8695652 0.8258641 0.8724154 0.7455062 0.8646258 0.7384156 0.8642017 0.7435532 0.3999954 0.2336006 0.2978942 0.2330527 0.3945909 0.2972213 0.4137726 0.2463872 0.3999954 0.2336006 0.3945909 0.2972213 0.3945909 0.2972213 0.4017286 0.2938037 0.4137726 0.2463872 0.3945909 0.2972213 0.2978942 0.2330527 0.3923644 0.3028807 0.3923644 0.3028807 0.2978942 0.2330527 0.3945909 0.3085401 0.373887 0.3645437 0.3945909 0.3085401 0.2978942 0.2330527 0.3945909 0.3085401 0.3808097 0.3623908 0.4017286 0.3119576 0.4075671 0.2956015 0.4137726 0.2463872 0.4017286 0.2938037 0.4106292 0.3008608 0.4148386 0.3028807 0.4075671 0.2956015 0.4080205 0.2375482 0.3999954 0.2336006 0.4137726 0.2463872 0.4137726 0.2463872 0.4075671 0.2956015 0.4148386 0.3028807 0.4148386 0.3028807 0.4106292 0.3008608 0.4088663 0.3085401 0.4176711 0.3155975 0.4088663 0.3085401 0.4017286 0.3119576 0.4088663 0.3085401 0.4176711 0.3155975 0.4148386 0.3028807 0.3808097 0.3623908 0.4247123 0.326581 0.4017286 0.3119576 0.4176711 0.3155975 0.4017286 0.3119576 0.4247123 0.326581 0.4357594 0.3335818 0.4247123 0.326581 0.3808097 0.3623908 0.373887 0.3645437 0.3038831 0.3753774 0.3109244 0.3831557 0.3124298 0.3954421 0.356978 0.3947772 0.3109244 0.3831557 0.373887 0.3645437 0.3109244 0.3831557 0.356978 0.3947772 0.3038831 0.3753774 0.2978942 0.2330527 0.2978942 0.3730231 0.3033214 0.4133213 0.3591433 0.4016601 0.3124298 0.3954421 0.3591433 0.4016601 0.356978 0.3947772 0.3124298 0.3954421 0.2978942 0.2330527 0.3038831 0.3753774 0.373887 0.3645437 0.3591433 0.4016601 0.3033214 0.4133213 0.4127478 0.4324306 0.4127478 0.4324306 0.3033214 0.4133213 0.4304713 0.4863592 0.4198257 0.4308537 0.4127478 0.4324306 0.4304713 0.4863592 0.373887 0.3645437 0.3808097 0.3623908 0.3945909 0.3085401 0.4357594 0.3335818 0.3808097 0.3623908 0.4396492 0.3474128 0.4895324 0.2956015 0.4953709 0.2938037 0.483327 0.2463872 0.482261 0.3028807 0.4864704 0.3008608 0.4895324 0.2956015 0.483327 0.2463872 0.482261 0.3028807 0.4895324 0.2956015 0.4971042 0.2336006 0.4890791 0.2375482 0.483327 0.2463872 0.4723872 0.326581 0.4613401 0.3335818 0.4574503 0.3474128 0.4794285 0.3155975 0.4882332 0.3085401 0.482261 0.3028807 0.4864704 0.3008608 0.482261 0.3028807 0.4882332 0.3085401 0.4953709 0.3119576 0.4794285 0.3155975 0.4723872 0.326581 0.4794285 0.3155975 0.4953709 0.3119576 0.4882332 0.3085401 0.483327 0.2463872 0.5025086 0.2972213 0.4971042 0.2336006 0.5025086 0.2972213 0.483327 0.2463872 0.4953709 0.2938037 0.4971042 0.2336006 0.5025086 0.2972213 0.5992053 0.2330527 0.5334266 0.4060029 0.4953709 0.3119576 0.4723872 0.326581 0.5618774 0.3928034 0.5025086 0.3085401 0.4953709 0.3119576 0.5047352 0.3028807 0.5992053 0.2330527 0.5025086 0.2972213 0.5047352 0.3028807 0.5025086 0.3085401 0.5992053 0.2330527 0.4357594 0.3335818 0.4396492 0.3474128 0.4445887 0.3412545 0.3808097 0.3623908 0.4361194 0.3941403 0.4414121 0.3550919 0.4525109 0.3412545 0.4485498 0.336398 0.4445887 0.3412545 0.4361194 0.3941403 0.4485498 0.3585096 0.4414121 0.3550919 0.4485498 0.336398 0.4525109 0.3412545 0.4613401 0.3335818 0.4445887 0.3412545 0.4485498 0.336398 0.4357594 0.3335818 0.4198257 0.4308537 0.4901035 0.4334118 0.4377056 0.4011775 0.4901035 0.4334118 0.4361194 0.3941403 0.4377056 0.4011775 0.4198257 0.4308537 0.4304713 0.4863592 0.4576777 0.4589243 0.4556875 0.3550919 0.4485498 0.3585096 0.4361194 0.3941403 0.4414121 0.3550919 0.4396492 0.3474128 0.3808097 0.3623908 0.4574503 0.3474128 0.4613401 0.3335818 0.4525109 0.3412545 0.4901035 0.4334118 0.4556875 0.3550919 0.4361194 0.3941403 0.5334266 0.4060029 0.5618774 0.3928034 0.4953709 0.3119576 0.5992053 0.2330527 0.5618774 0.3928034 0.5992482 0.3807582 0.5334266 0.4060029 0.4574503 0.3474128 0.4556875 0.3550919 0.4576777 0.4589243 0.4901035 0.4334118 0.4198257 0.4308537 0.4723872 0.326581 0.4574503 0.3474128 0.5334266 0.4060029 0.4556875 0.3550919 0.4901035 0.4334118 0.5334266 0.4060029 0.5025086 0.3085401 0.5618774 0.3928034 0.5992053 0.2330527 0.3621545 0.7599323 0.3612949 0.7356071 0.354808 0.8055161 0.3621545 0.8058393 0.3621545 0.7599323 0.354808 0.8055161 0.3693361 0.627926 0.3722075 0.5977028 0.3692819 0.5977677 0.4016481 0.6265354 0.437619 0.6295936 0.408295 0.6226891 0.437619 0.6295936 0.4594855 0.6226891 0.408295 0.6226891 0.4594855 0.6226891 0.437619 0.6295936 0.4593412 0.6314393 0.4102879 0.8133527 0.4102879 0.7829241 0.4058969 0.7917318 0.4102879 0.8133527 0.4058969 0.7917318 0.4034352 0.8255257 0.4102879 0.8133527 0.4034352 0.8255257 0.4102879 0.8519997 0.4015432 0.8515154 0.4102879 0.8519997 0.4034352 0.8255257 0.5818368 0.06775248 0.5862129 0.04798525 0.5818361 0.04796385 0.5820123 0.09341186 0.5862129 0.04798525 0.5818368 0.06775248 0.525918 0.06287819 0.5250583 0.03855293 0.5185715 0.1084619 0.525918 0.1087852 0.525918 0.06287819 0.5185715 0.1084619 0.366269 0.6279259 0.3691403 0.5977029 0.3662147 0.5977677 0.5056868 0.05012583 0.5026287 0.08609676 0.5095331 0.0567727 0.5026287 0.08609676 0.509533 0.1079633 0.5095331 0.0567727 0.509533 0.1079633 0.5026287 0.08609676 0.5007829 0.107819 0.4817119 0.5554638 0.4441257 0.5554639 0.4529336 0.5598549 0.4817119 0.5554638 0.4529336 0.5598549 0.4867272 0.5623166 0.5127122 0.5642083 0.5127117 0.5554639 0.4817119 0.5554638 0.4867272 0.5623166 0.5127122 0.5642083 0.4817119 0.5554638 0.5729082 0.06775259 0.5772845 0.04798483 0.5729074 0.04796385 0.5730836 0.09341198 0.5772845 0.04798483 0.5729082 0.06775259 0.3480035 0.6320288 0.3412188 0.6304633 0.3412188 0.5977718 0.3480035 0.6320288 0.3412188 0.6740533 0.3412188 0.6304633 0.3480035 0.7569677 0.3412188 0.7249548 0.3480035 0.6890676 0.9235749 0.5561774 0.9619211 0.5662468 0.9202983 0.5244547 0.9235749 0.5561774 0.9202983 0.5244547 0.902697 0.5559548 0.8772713 0.500512 0.902697 0.5559548 0.9202983 0.5244547 0.9331088 0.5736598 0.9619211 0.5662468 0.9235749 0.5561774 0.9331088 0.5736598 0.9260707 0.5906407 0.9619211 0.5662468 0.8295559 0.5231506 0.8772713 0.500512 0.8293728 0.4894063 0.8772713 0.500512 0.8295559 0.5231506 0.8290327 0.5395227 0.8197129 0.5125971 0.8295559 0.5231506 0.8293728 0.4894063 0.8772713 0.500512 0.8290327 0.5395227 0.902697 0.5559548 0.8921902 0.5773544 0.902697 0.5559548 0.8290327 0.5395227 0.8290327 0.5395227 0.8464282 0.610167 0.8921902 0.5773544 0.8290327 0.5395227 0.812249 0.552015 0.8286534 0.6031022 0.9260707 0.5906407 0.9615392 0.6571422 0.9908525 0.6285269 0.945995 0.6575629 0.9615392 0.6571422 0.9260707 0.5906407 0.9260707 0.5906407 0.9085199 0.5945338 0.945995 0.6575629 0.9619211 0.5662468 0.9260707 0.5906407 0.9908525 0.6285269 0.9615392 0.6571422 0.975269 0.6734531 0.9908525 0.6285269 0.9908525 0.6285269 0.975269 0.6734531 0.9968132 0.6970204 0.9356838 0.6683793 0.945995 0.6575629 0.9085199 0.5945338 0.8858021 0.672451 0.9375453 0.68849 0.9356838 0.6683793 0.8464282 0.610167 0.8618944 0.6214474 0.8921902 0.5773544 0.9085199 0.5945338 0.8921902 0.5773544 0.8618944 0.6214474 0.8286534 0.6031022 0.809687 0.6006969 0.8176092 0.6143202 0.8464282 0.610167 0.8290327 0.5395227 0.8286534 0.6031022 0.8464282 0.610167 0.8286534 0.6031022 0.8329492 0.6182765 0.8668643 0.6502484 0.8822199 0.6535995 0.8740801 0.6362347 0.9085199 0.5945338 0.8740801 0.6362347 0.8822199 0.6535995 0.8822199 0.6535995 0.8717591 0.6653714 0.8858021 0.672451 0.9085199 0.5945338 0.8822199 0.6535995 0.9356838 0.6683793 0.8464282 0.610167 0.84683 0.6259371 0.8618944 0.6214474 0.8740801 0.6362347 0.8618944 0.6214474 0.8583768 0.6368223 0.9085199 0.5945338 0.8618944 0.6214474 0.8740801 0.6362347 0.8822199 0.6535995 0.8858021 0.672451 0.9356838 0.6683793 0.8027184 0.511399 0.8197129 0.5125971 0.8293728 0.4894063 0.7611438 0.4953902 0.8027184 0.511399 0.8293728 0.4894063 0.7894704 0.5282127 0.8027184 0.511399 0.7611438 0.4953902 0.7894704 0.5282127 0.7611438 0.4953902 0.7273594 0.5690943 0.7729457 0.610167 0.7944687 0.5467044 0.7273594 0.5690943 0.7944687 0.5467044 0.7907205 0.6031022 0.812249 0.552015 0.7894704 0.5282127 0.7273594 0.5690943 0.7944687 0.5467044 0.7729457 0.610167 0.7273594 0.5690943 0.7205224 0.58963 0.6991043 0.5244337 0.7056066 0.5528938 0.7192551 0.5562688 0.6913407 0.559584 0.6991043 0.5244337 0.6631254 0.5581149 0.6991043 0.5244337 0.6913407 0.559584 0.7056066 0.5528938 0.7192551 0.5562688 0.7611438 0.4953902 0.6991043 0.5244337 0.6858978 0.5761792 0.6913407 0.559584 0.6631254 0.5581149 0.6979594 0.5928048 0.6858978 0.5761792 0.637788 0.6004468 0.6631254 0.5581149 0.637788 0.6004468 0.6858978 0.5761792 0.7192551 0.5562688 0.7273594 0.5690943 0.7611438 0.4953902 0.7907205 0.6031022 0.7944687 0.5467044 0.7729457 0.610167 0.8017638 0.6143242 0.809687 0.6006969 0.7907205 0.6031022 0.7725439 0.625937 0.7729457 0.610167 0.7574795 0.6214474 0.7907205 0.6031022 0.7729457 0.610167 0.7864246 0.6182765 0.7205224 0.58963 0.7574795 0.6214474 0.7729457 0.610167 0.7574795 0.6214474 0.7205224 0.58963 0.7452937 0.6362347 0.809687 0.6006969 0.812249 0.552015 0.7907205 0.6031022 0.7574795 0.6214474 0.7452937 0.6362347 0.7609971 0.6368224 0.737154 0.6535995 0.7525096 0.6502483 0.7452937 0.6362347 0.6979594 0.5928048 0.7452937 0.6362347 0.7205224 0.58963 0.737154 0.6535995 0.7335718 0.672451 0.7476148 0.6653714 0.737154 0.6535995 0.7452937 0.6362347 0.6979594 0.5928048 0.7335718 0.672451 0.737154 0.6535995 0.6818286 0.6660265 0.6979594 0.5928048 0.6664245 0.655808 0.6818286 0.6660265 0.637788 0.6004468 0.6664245 0.655808 0.6979594 0.5928048 0.6225607 0.6574961 0.6507032 0.6614111 0.637788 0.6004468 0.637788 0.6004468 0.6507032 0.6614111 0.6664245 0.655808 0.737154 0.6535995 0.6979594 0.5928048 0.6818286 0.6660265 0.6225607 0.6574961 0.644105 0.6810634 0.6507032 0.6614111 0.68369 0.6861372 0.7335718 0.672451 0.6818286 0.6660265 0.809687 0.6006969 0.8286534 0.6031022 0.812249 0.552015 0.9686706 0.6931053 0.9968132 0.6970204 0.975269 0.6734531 0.8846017 0.6916044 0.9375453 0.68849 0.8858021 0.672451 0.9857503 0.7451048 0.9968132 0.6970204 0.9686706 0.6931053 0.9529493 0.6987085 0.9857503 0.7451048 0.9686706 0.6931053 0.9529493 0.6987085 0.9131196 0.7590264 0.9287413 0.7668625 0.9529493 0.6987085 0.9375453 0.68849 0.9131196 0.7590264 0.9375453 0.68849 0.8786941 0.7098566 0.9131196 0.7590264 0.8697856 0.6968613 0.8786941 0.7098566 0.8846017 0.6916044 0.8786941 0.7098566 0.9375453 0.68849 0.8846017 0.6916044 0.8858021 0.672451 0.8727546 0.6812427 0.8846017 0.6916044 0.8545148 0.7391977 0.8684506 0.7260603 0.8529444 0.7235015 0.8786941 0.7098566 0.8630412 0.7112492 0.8684506 0.7260603 0.8684506 0.7260603 0.9131196 0.7590264 0.8786941 0.7098566 0.898255 0.7643032 0.8684506 0.7260603 0.8545148 0.7391977 0.8377622 0.7484433 0.8545148 0.7391977 0.8401296 0.7328481 0.8684506 0.7260603 0.898255 0.7643032 0.9131196 0.7590264 0.8545148 0.7391977 0.8377622 0.7484433 0.8920285 0.7829472 0.8377622 0.7484433 0.825402 0.7387018 0.8192456 0.753216 0.8377622 0.7484433 0.8192456 0.753216 0.8194575 0.803839 0.8192456 0.753216 0.8096869 0.7406948 0.8001284 0.753216 0.9857503 0.7451048 0.9529493 0.6987085 0.9287413 0.7668625 0.9331755 0.784479 0.9619002 0.7882987 0.9287413 0.7668625 0.9331755 0.784479 0.9205641 0.7997067 0.9619002 0.7882987 0.9619002 0.7882987 0.9857503 0.7451048 0.9287413 0.7668625 0.9118376 0.8351662 0.9619002 0.7882987 0.9205641 0.7997067 0.9205641 0.7997067 0.9024978 0.7993827 0.9118376 0.8351662 0.8192456 0.753216 0.8039457 0.8025711 0.8194575 0.803839 0.8377622 0.7484433 0.8299035 0.8198751 0.8920285 0.7829472 0.8299035 0.8198751 0.8377622 0.7484433 0.8194575 0.803839 0.9118376 0.8351662 0.9024978 0.7993827 0.8920285 0.7829472 0.8545148 0.7391977 0.8920285 0.7829472 0.898255 0.7643032 0.9118376 0.8351662 0.8299035 0.8198751 0.8390675 0.8632203 0.8299035 0.8198751 0.9118376 0.8351662 0.8920285 0.7829472 0.8220362 0.8402424 0.8390675 0.8632203 0.8299035 0.8198751 0.8020082 0.8426114 0.8390675 0.8632203 0.8220362 0.8402424 0.8039457 0.8025711 0.8192456 0.753216 0.8001284 0.753216 0.7648591 0.7391977 0.7664294 0.7235015 0.7509233 0.7260603 0.7406798 0.7098566 0.7509233 0.7260603 0.7563326 0.7112492 0.7335718 0.672451 0.7347722 0.6916044 0.7466211 0.681243 0.7335718 0.672451 0.68369 0.6861372 0.7347722 0.6916044 0.7347722 0.6916044 0.7406798 0.7098566 0.7495883 0.6968613 0.7406798 0.7098566 0.7347722 0.6916044 0.68369 0.6861372 0.7406798 0.7098566 0.707831 0.7590555 0.7509233 0.7260603 0.7939719 0.7387018 0.7816117 0.7484433 0.8001284 0.753216 0.7816117 0.7484433 0.7648591 0.7391977 0.7252046 0.771048 0.7648591 0.7391977 0.7816117 0.7484433 0.7792443 0.7328482 0.7252046 0.771048 0.7648591 0.7391977 0.7509233 0.7260603 0.7252046 0.771048 0.7509233 0.7260603 0.707831 0.7590555 0.8039457 0.8025711 0.8001284 0.753216 0.7816117 0.7484433 0.707831 0.7590555 0.68369 0.6861372 0.6733788 0.6969537 0.6234194 0.7068746 0.644105 0.6810634 0.6225607 0.6574961 0.6234194 0.7068746 0.6578348 0.6973744 0.644105 0.6810634 0.707831 0.7590555 0.6733788 0.6969537 0.6943931 0.7628327 0.6578348 0.6973744 0.6234194 0.7068746 0.6378026 0.7541026 0.6943931 0.7628327 0.6733788 0.6969537 0.6578348 0.6973744 0.6378026 0.7541026 0.6943931 0.7628327 0.6578348 0.6973744 0.686704 0.7735467 0.6943931 0.7628327 0.6378026 0.7541026 0.7406798 0.7098566 0.68369 0.6861372 0.707831 0.7590555 0.7816117 0.7484433 0.7252046 0.771048 0.7918081 0.8110809 0.7918081 0.8110809 0.8039457 0.8025711 0.7816117 0.7484433 0.7261433 0.7901852 0.7918081 0.8110809 0.7252046 0.771048 0.7918081 0.8110809 0.7261433 0.7901852 0.7891396 0.8272408 0.7705839 0.8620229 0.8020082 0.8426114 0.7891396 0.8272408 0.7075365 0.8351663 0.7705839 0.8620229 0.7891396 0.8272408 0.7705839 0.8620229 0.8390675 0.8632203 0.8020082 0.8426114 0.7891396 0.8272408 0.7261433 0.7901852 0.7075365 0.8351663 0.686704 0.7735467 0.6378026 0.7541026 0.6631256 0.7964019 0.686704 0.7735467 0.6631256 0.7964019 0.6864011 0.7867699 0.7136524 0.8004691 0.7075365 0.8351663 0.7261433 0.7901852 0.7136524 0.8004691 0.6954091 0.7981522 0.7075365 0.8351663 0.6631256 0.7964019 0.7075365 0.8351663 0.6954091 0.7981522 0.6864011 0.7867699 0.6631256 0.7964019 0.6954091 0.7981522 0.5639645 0.385492 0.6193738 0.4048504 0.6193739 0.5309119 0.6193739 0.6698132 0.5639645 0.5437546 0.6193739 0.5309119 0.5639645 0.8583201 0.6193739 0.7818827 0.6193739 0.858322 0.2290183 0.2628904 0.173609 0.3691473 0.173609 0.2629798 0.173609 0.3691473 0.2290183 0.2628904 0.2290183 0.3949474 0.173609 0.5503415 0.2290183 0.3949474 0.2290183 0.5405628 0.2290183 0.7157781 0.173609 0.5503415 0.2290183 0.5405628 0.2290183 0.8583421 0.173609 0.7390109 0.2290183 0.7157781 0.92772 0.0432567 0.930285 0.07445353 0.9148404 0.06570798 0.92772 0.0432567 0.8939585 0.07134407 0.8678141 0.009931325 0.92772 0.0432567 0.9148404 0.06570798 0.8939585 0.07134407 0.92772 0.0432567 0.9335722 0.0885545 0.930285 0.07445353 0.9726284 0.09512084 0.9335722 0.0885545 0.92772 0.0432567 0.8292291 0.05231136 0.8678141 0.009931325 0.8939585 0.07134407 0.8292291 0.05231136 0.8939585 0.07134407 0.8310276 0.09109848 0.8097048 6.92043e-4 0.8678141 0.009931325 0.8292743 0.03564471 0.8197258 0.02462989 0.805339 0.02297568 0.8097048 6.92043e-4 0.8292743 0.03564471 0.8197258 0.02462989 0.8097048 6.92043e-4 0.8292743 0.03564471 0.8678141 0.009931325 0.8292291 0.05231136 0.8292291 0.05231136 0.8310276 0.09109848 0.8165542 0.06559467 0.8858026 0.08591949 0.8310276 0.09109848 0.8939585 0.07134407 0.9335722 0.0885545 0.9726284 0.09512084 0.9240262 0.1039758 0.9726284 0.09512084 0.9949342 0.1601266 0.9501835 0.1655337 0.9648287 0.1693275 0.9501835 0.1655337 0.9949342 0.1601266 0.9726284 0.09512084 0.9501835 0.1655337 0.9240262 0.1039758 0.9501835 0.1655337 0.9365252 0.1703118 0.9066007 0.1610392 0.9949342 0.1601266 0.9755917 0.1854599 0.9648287 0.1693275 0.93137 0.1811122 0.9066007 0.1610392 0.9365252 0.1703118 0.90296 0.1070327 0.8806777 0.1183146 0.8897649 0.09721595 0.8806777 0.1183146 0.8858026 0.08591949 0.8897649 0.09721595 0.8310276 0.09109848 0.8858026 0.08591949 0.8806777 0.1183146 0.8806777 0.1183146 0.90296 0.1070327 0.9240262 0.1039758 0.93137 0.1811122 0.9096536 0.204034 0.9066007 0.1610392 0.9066007 0.1610392 0.8806777 0.1183146 0.9240262 0.1039758 0.9240262 0.1039758 0.9501835 0.1655337 0.9066007 0.1610392 0.8097048 6.92043e-4 0.805339 0.02297568 0.7895773 0.03377497 0.7608764 0.006710767 0.8097048 6.92043e-4 0.7895773 0.03377497 0.7857329 0.0485391 0.7608764 0.006710767 0.7895773 0.03377497 0.8012512 0.0674256 0.8165542 0.06559467 0.8310276 0.09109848 0.8012512 0.0674256 0.8310276 0.09109848 0.7746021 0.09514981 0.7904925 0.06225049 0.7746021 0.09514981 0.7857329 0.0485391 0.7904925 0.06225049 0.8012512 0.0674256 0.7746021 0.09514981 0.7608764 0.006710767 0.7857329 0.0485391 0.7075364 0.03167265 0.652389 0.08703392 0.7075364 0.03167265 0.6904117 0.07370972 0.7075364 0.03167265 0.7185195 0.06843936 0.7052899 0.06494653 0.7075364 0.03167265 0.7052899 0.06494653 0.6904117 0.07370972 0.7275419 0.09555459 0.7271232 0.07891523 0.7746021 0.09514981 0.7075364 0.03167265 0.7857329 0.0485391 0.7185195 0.06843936 0.652389 0.08703392 0.6904117 0.07370972 0.6857216 0.09368413 0.7185195 0.06843936 0.7857329 0.0485391 0.7271232 0.07891523 0.7857329 0.0485391 0.7746021 0.09514981 0.7271232 0.07891523 0.7275419 0.09555459 0.7293157 0.1291822 0.7176792 0.1091921 0.7293157 0.1291822 0.7275419 0.09555459 0.7746021 0.09514981 0.7293157 0.1291822 0.6748633 0.1707798 0.6934027 0.1068529 0.7064263 0.1131697 0.7293157 0.1291822 0.6934027 0.1068529 0.7293157 0.1291822 0.7064263 0.1131697 0.7176792 0.1091921 0.7293157 0.1291822 0.7095467 0.1823906 0.6748633 0.1707798 0.6934027 0.1068529 0.652389 0.08703392 0.6857216 0.09368413 0.6748633 0.1707798 0.658423 0.1695055 0.6934027 0.1068529 0.658423 0.1695055 0.6244398 0.1601266 0.652389 0.08703392 0.658423 0.1695055 0.652389 0.08703392 0.6934027 0.1068529 0.6863307 0.1829215 0.6748633 0.1707798 0.7095467 0.1823906 0.658423 0.1695055 0.6441679 0.183847 0.6244398 0.1601266 0.9096536 0.204034 0.93137 0.1811122 0.9331938 0.1964745 0.9704058 0.2039188 0.9755917 0.1854599 0.9937303 0.2288702 0.9937303 0.2288702 0.9755917 0.1854599 0.9949342 0.1601266 0.9096536 0.204034 0.9331938 0.1964745 0.9496852 0.2096921 0.9937303 0.2288702 0.9496852 0.2096921 0.9704058 0.2039188 0.9937303 0.2288702 0.9777215 0.2755302 0.9496852 0.2096921 0.931608 0.2795889 0.9496852 0.2096921 0.9777215 0.2755302 0.931608 0.2795889 0.9777215 0.2755302 0.9423092 0.3227174 0.9496852 0.2096921 0.9164577 0.2672969 0.8946651 0.2443754 0.9096536 0.204034 0.9496852 0.2096921 0.8946651 0.2443754 0.8946651 0.2443754 0.8921636 0.2821266 0.8704707 0.2710933 0.9164577 0.2672969 0.9016949 0.2699692 0.8946651 0.2443754 0.9164577 0.2672969 0.9496852 0.2096921 0.931608 0.2795889 0.8921636 0.2821266 0.8946651 0.2443754 0.9016949 0.2699692 0.8704707 0.2710933 0.8914871 0.2981623 0.8381646 0.2868565 0.9423092 0.3227174 0.9316946 0.3002992 0.931608 0.2795889 0.8914871 0.2981623 0.8704707 0.2710933 0.8921636 0.2821266 0.8336409 0.3306221 0.8381646 0.2868565 0.8914871 0.2981623 0.8336409 0.3306221 0.8288815 0.3169108 0.8381646 0.2868565 0.8336409 0.3306221 0.8914871 0.2981623 0.898417 0.3088878 0.9423092 0.3227174 0.9150914 0.3135172 0.9316946 0.3002992 0.8953046 0.3582668 0.898417 0.3088878 0.9150914 0.3135172 0.8953046 0.3582668 0.8336409 0.3306221 0.898417 0.3088878 0.8390271 0.3755463 0.8336409 0.3306221 0.8953046 0.3582668 0.8953046 0.3582668 0.9150914 0.3135172 0.9423092 0.3227174 0.8381646 0.2868565 0.8288815 0.3169108 0.8181225 0.3117356 0.8381646 0.2868565 0.8181225 0.3117356 0.7883463 0.2880628 0.8028197 0.3135666 0.7883463 0.2880628 0.8181225 0.3117356 0.8297966 0.3453863 0.8336409 0.3306221 0.8390271 0.3755463 0.8390271 0.3755463 0.8140348 0.3561856 0.8297966 0.3453863 0.716414 0.2721287 0.7215714 0.2378818 0.7489032 0.2710931 0.6863307 0.1829215 0.7095467 0.1823906 0.6880038 0.198049 0.7215714 0.2378818 0.716414 0.2721287 0.6953476 0.2751855 0.6828488 0.2088494 0.7095467 0.1823906 0.7215714 0.2378818 0.7489032 0.2710931 0.729609 0.2819454 0.716414 0.2721287 0.7883463 0.2880628 0.7335713 0.2932417 0.7489032 0.2710931 0.6953476 0.2751855 0.6691903 0.2136275 0.7215714 0.2378818 0.6828488 0.2088494 0.6880038 0.198049 0.7095467 0.1823906 0.6234194 0.2191969 0.6447677 0.1986751 0.6545453 0.2098338 0.6244398 0.1601266 0.6447677 0.1986751 0.6234194 0.2191969 0.6441679 0.183847 0.6447677 0.1986751 0.6244398 0.1601266 0.6691903 0.2136275 0.6828488 0.2088494 0.7215714 0.2378818 0.6953476 0.2751855 0.6377879 0.2663921 0.6691903 0.2136275 0.6545453 0.2098338 0.6691903 0.2136275 0.6377879 0.2663921 0.6377879 0.2663921 0.6234194 0.2191969 0.6545453 0.2098338 0.6377879 0.2663921 0.6953476 0.2751855 0.6858671 0.2884998 0.8028197 0.3135666 0.7895486 0.3311288 0.7883463 0.2880628 0.7254155 0.3078172 0.7883463 0.2880628 0.7895486 0.3311288 0.7963177 0.3516216 0.8140348 0.3561856 0.8390271 0.3755463 0.7963177 0.3516216 0.7611436 0.3714487 0.7895486 0.3311288 0.7963177 0.3516216 0.8390271 0.3755463 0.7611436 0.3714487 0.7335713 0.2932417 0.729609 0.2819454 0.7489032 0.2710931 0.7883463 0.2880628 0.7254155 0.3078172 0.7335713 0.2932417 0.689567 0.3044281 0.6631253 0.3087239 0.6858671 0.2884998 0.6377879 0.2663921 0.6858671 0.2884998 0.6631253 0.3087239 0.707017 0.3140782 0.7254155 0.3078172 0.6991043 0.3424052 0.7611436 0.3714487 0.6991043 0.3424052 0.7254155 0.3078172 0.6991043 0.3424052 0.689567 0.3044281 0.707017 0.3140782 0.6631253 0.3087239 0.689567 0.3044281 0.6991043 0.3424052 0.7611436 0.3714487 0.7254155 0.3078172 0.7895486 0.3311288 0.05249923 0.5366781 0.05249923 0.4509608 0.1035336 0.5608646 0.1035336 0.5608646 0.05249923 0.6090953 0.05249923 0.5366781 0.1035336 0.6849952 0.05249923 0.7042405 0.05249923 0.6090953 0.05249923 0.7719252 0.05249923 0.7042405 0.1035336 0.7720163 0.3397539 0.6435127 0.3329693 0.6304634 0.3329693 0.5978208 0.3397539 0.6435127 0.3329693 0.6740535 0.3329693 0.6304634 0.3397539 0.757649 0.3329693 0.7249549 0.3397539 0.711965 0.3397539 0.6435127 0.3397539 0.711965 0.3329693 0.6740535 0.2444909 0.3098887 0.2718541 0.2809491 0.3034295 0.3323214 0.2314202 0.3690505 0.2325901 0.3403052 0.2909786 0.358465 0.2909786 0.358465 0.2325901 0.3403052 0.2444909 0.3098887 0.2718541 0.2809491 0.3158426 0.2646464 0.3034295 0.3323214 0.2444909 0.3098887 0.3034295 0.3323214 0.2909786 0.358465 0.3034295 0.3323214 0.3158426 0.2646464 0.3310824 0.3232067 0.2909786 0.358465 0.2443169 0.4056653 0.2314202 0.3690505 0.2697771 0.4350075 0.2443169 0.4056653 0.2969464 0.378827 0.2909786 0.358465 0.2969464 0.378827 0.2443169 0.4056653 0.2969464 0.378827 0.314015 0.3915849 0.2697771 0.4350075 0.314015 0.3915849 0.2950539 0.448265 0.2697771 0.4350075 0.314015 0.3915849 0.3338258 0.452612 0.2950539 0.448265 0.3158426 0.2646464 0.3624307 0.2705994 0.3310824 0.3232067 0.3310824 0.3232067 0.3624307 0.2705994 0.3535208 0.3349264 0.4198964 0.3367753 0.3624851 0.3583831 0.3535208 0.3349264 0.3535208 0.3349264 0.3624307 0.2705994 0.4001498 0.2983983 0.3535208 0.3349264 0.4001498 0.2983983 0.4198964 0.3367753 0.4220434 0.3690503 0.3624851 0.3583831 0.4198964 0.3367753 0.3535208 0.3819217 0.3775225 0.4386418 0.3353931 0.3932969 0.4091468 0.4056652 0.3535208 0.3819217 0.3624851 0.3583831 0.3353931 0.3932969 0.3775225 0.4386418 0.3338258 0.452612 0.3353931 0.3932969 0.3338258 0.452612 0.314015 0.3915849 0.4091468 0.4056652 0.3624851 0.3583831 0.4220434 0.3690503 0.4091468 0.4056652 0.3775225 0.4386418 0.3535208 0.3819217 0.5272853 0.6237457 0.534056 0.5977604 0.5340542 0.6291288 0.5272776 0.6610588 0.5340542 0.6291288 0.5340567 0.6720819 0.5272776 0.6610588 0.5272853 0.6237457 0.5340542 0.6291288 0.5340495 0.7149725 0.5272747 0.7057079 0.5340567 0.6720819 0.5272747 0.7057079 0.5272776 0.6610588 0.5340567 0.6720819 0.5272853 0.6237457 0.5272717 0.5977605 0.534056 0.5977604 0.5340454 0.7620386 0.5272718 0.8027176 0.5272747 0.758083 0.5340471 0.8127318 0.5340557 0.8635566 0.527282 0.8548101 0.527282 0.8548101 0.5272718 0.8027176 0.5340471 0.8127318 0.5272718 0.9181805 0.527282 0.8548101 0.5340557 0.8635566 0.05103439 0.5181539 0 0.5230036 0 0.4511737 0.05103439 0.5181539 0 0.5939968 0 0.5230036 0.05103439 0.7724205 0 0.6948147 0.05103439 0.6333659 0.1327064 0.508949 0.1049985 0.5527295 0.1327064 0.5718227 0.1327064 0.5718227 0.1049985 0.6237591 0.1327065 0.6233401 0.3241933 0.9476984 0.3622718 0.9199904 0.3242385 0.9199904 0.3864659 0.9476984 0.4400956 0.9199904 0.3622718 0.9199904 0.01901119 0.3125296 0.01176738 0.2985159 0.02753162 0.2991036 0.04299509 0.3268228 0.01901119 0.3125296 0.02753162 0.2991036 0.0240004 0.2837287 0.03912323 0.2882184 0.02753162 0.2991036 0.03912323 0.2882184 0.05585086 0.3097542 0.02753162 0.2991036 0.01409739 0.3276528 0.01309895 0.3435229 0 0.3347323 0.01901119 0.3125296 0.04299509 0.3268228 0.01409739 0.3276528 0.003596067 0.3158808 0.01901119 0.3125296 0.01409739 0.3276528 0.05305778 0.2805578 0.05585086 0.3097542 0.03912323 0.2882184 0.07645153 0.3037863 0.05305778 0.2805578 0.06845963 0.2766033 0.05305778 0.2805578 0.05737024 0.2653835 0.06845963 0.2766033 0.05305778 0.2805578 0.07645153 0.3037863 0.05585086 0.3097542 0.04299509 0.3268228 0.02753162 0.2991036 0.05585086 0.3097542 0.07645153 0.3037863 0.06845963 0.2766033 0.08436101 0.2766033 0.03952658 0.2724483 0.05305778 0.2805578 0.03912323 0.2882184 0.04299509 0.3268228 0.01309895 0.3435229 0.01409739 0.3276528 0.01607859 0.3591426 0.001205027 0.3538858 0.01309895 0.3435229 0.01309895 0.3435229 0.04126995 0.3482009 0.01607859 0.3591426 0.04126995 0.3482009 0.02284908 0.3735306 0.01607859 0.3591426 0.04126995 0.3482009 0.01309895 0.3435229 0.04299509 0.3268228 0.01607859 0.3591426 0.02284908 0.3735306 0.00713545 0.3721379 0.05273234 0.3663286 0.03298503 0.3857828 0.02284908 0.3735306 0.03298503 0.3857828 0.04584956 0.3951295 0.03140866 0.4014791 0.02284908 0.3735306 0.03298503 0.3857828 0.01741874 0.3883417 0.03298503 0.3857828 0.05273234 0.3663286 0.04584956 0.3951295 0.06063425 0.4009832 0.05273234 0.3663286 0.0763691 0.3752928 0.06063425 0.4009832 0.04822617 0.4107246 0.04584956 0.3951295 0.04584956 0.3951295 0.05273234 0.3663286 0.06063425 0.4009832 0.06063425 0.4009832 0.07641029 0.4029762 0.06681466 0.4154973 0.06063425 0.4009832 0.0763691 0.3752928 0.07641029 0.4029762 0.04126995 0.3482009 0.05273234 0.3663286 0.02284908 0.3735306 0.09976285 0.2805578 0.07645153 0.3037863 0.08436101 0.2766033 0.08436101 0.2766033 0.0954504 0.2653835 0.09976285 0.2805578 0.09976285 0.2805578 0.1027132 0.3162373 0.07645153 0.3037863 0.1027132 0.3162373 0.1387232 0.3276528 0.1118979 0.3438901 0.1136974 0.2882184 0.1027132 0.3162373 0.09976285 0.2805578 0.125289 0.2991036 0.1027132 0.3162373 0.1136974 0.2882184 0.09976285 0.2805578 0.1132941 0.2724483 0.1136974 0.2882184 0.1136974 0.2882184 0.1288202 0.2837287 0.125289 0.2991036 0.1338094 0.3125296 0.125289 0.2991036 0.1410533 0.2985159 0.1387232 0.3276528 0.1027132 0.3162373 0.1338094 0.3125296 0.1338094 0.3125296 0.1492245 0.3158808 0.1387232 0.3276528 0.1397216 0.3435229 0.1118979 0.3438901 0.1387232 0.3276528 0.1338094 0.3125296 0.1027132 0.3162373 0.125289 0.2991036 0.1528207 0.3347323 0.1397216 0.3435229 0.1387232 0.3276528 0.1000882 0.3663286 0.09218639 0.4009832 0.0763691 0.3752928 0.1118979 0.3438901 0.1299716 0.3735306 0.1000882 0.3663286 0.1069711 0.3951295 0.1000882 0.3663286 0.1198356 0.3857828 0.09218639 0.4009832 0.08600598 0.4154973 0.07641029 0.4029762 0.1045945 0.4107246 0.09218639 0.4009832 0.1069711 0.3951295 0.09218639 0.4009832 0.07641029 0.4029762 0.0763691 0.3752928 0.09218639 0.4009832 0.1000882 0.3663286 0.1069711 0.3951295 0.1397216 0.3435229 0.1367421 0.3591426 0.1118979 0.3438901 0.1118979 0.3438901 0.1367421 0.3591426 0.1299716 0.3735306 0.1367421 0.3591426 0.1397216 0.3435229 0.1516156 0.3538858 0.1198356 0.3857828 0.121412 0.4014791 0.1069711 0.3951295 0.1367421 0.3591426 0.1456851 0.3721379 0.1299716 0.3735306 0.1198356 0.3857828 0.1299716 0.3735306 0.1354019 0.3883417 0.1299716 0.3735306 0.1198356 0.3857828 0.1000882 0.3663286 0.08436101 0.2766033 0.06845963 0.2766033 0.07641029 0.2629782 0.1552097 0.1479224 0.1552097 0.1628934 0.2427084 0.1479224 0.2427084 0.1628934 0.2427084 0.1479224 0.1552097 0.1628934 0.1552097 0.08071428 0.2427084 0.06574326 0.1552097 0.06574887 0.1552097 0.08071428 0.2427084 0.08071428 0.2427084 0.06574326 0.531596 0.5382746 0.531596 0.5240154 0.4440972 0.5240194 0.531596 0.5382746 0.4440972 0.5240194 0.4440972 0.5382746 0.4440972 0.5397394 0.531596 0.553999 0.531596 0.5397438 0.4440972 0.553999 0.531596 0.553999 0.4440972 0.5397394 0 0.1643595 0.08749872 0.1793311 0.08749872 0.1643646 0 0.1643595 0 0.1793311 0.08749872 0.1793311 0.1552097 0.1314866 0.2427084 0.1464576 0.2427084 0.1314866 0.1552097 0.1464576 0.2427084 0.1464576 0.1552097 0.1314866 0.4656291 0.2472585 0.5531278 0.2615134 0.5531278 0.2472585 0.5531278 0.2615134 0.4656291 0.2472585 0.4656291 0.2615134 0.3979181 0.2457937 0.3979181 0.2315388 0.3104193 0.2315388 0.3104193 0.2457937 0.3979181 0.2457937 0.3104193 0.2315388 0.08749872 0.2450769 0.08749872 0.2301053 0 0.2301053 0.08749872 0.2450769 0 0.2301053 0 0.2450769 0.4656291 0.1529406 0.4656291 0.1671954 0.5531278 0.1529406 0.5531278 0.1529406 0.4656291 0.1671954 0.5531278 0.1671954 0.1552097 0.04930746 0.1552097 0.06427842 0.2427084 0.04930746 0.2427084 0.06427842 0.2427084 0.04930746 0.1552097 0.06427842 0.1552097 0.1150507 0.1552097 0.1300218 0.2427084 0.1150507 0.2427084 0.1150507 0.1552097 0.1300218 0.2427084 0.1300218 0 0 0 0.01497095 0.08749872 0.01497095 0 0 0.08749872 0.01497095 0.08749872 0 0 0.1314866 0 0.1464582 0.08749872 0.1314866 0.08749872 0.1314866 0 0.1464582 0.08749872 0.1464582 0.08749866 0.1300218 0.08749872 0.1150507 0 0.1300218 0 0.1150507 0 0.1300218 0.08749872 0.1150507 0.1552097 0.2465397 0.1552097 0.261511 0.2427084 0.2615134 0.1552097 0.2465397 0.2427084 0.2615134 0.2427084 0.2465397 0.2427083 0.1135859 0.1552097 0.09861493 0.1552097 0.1135835 0.1552097 0.09861493 0.2427083 0.1135859 0.2427084 0.09861493 0 0.09715008 0.08749872 0.09715008 0 0.08217912 0 0.08217912 0.08749872 0.09715008 0.08749872 0.08217912 0.5531278 0.1829151 0.5531278 0.1686603 0.4656291 0.1829151 0.4656291 0.1686603 0.4656291 0.1829151 0.5531278 0.1686603 0.1552097 0.1793292 0.2427084 0.1793292 0.1552097 0.1643582 0.1552097 0.1643582 0.2427084 0.1793292 0.2427084 0.1643582 0.3979181 0.1986347 0.3979181 0.1843799 0.3104193 0.1986347 0.3104193 0.1843799 0.3104193 0.1986347 0.3979181 0.1843799 0.4656291 0.2143544 0.5531278 0.2143544 0.4656291 0.2000996 0.4656291 0.2000996 0.5531278 0.2143544 0.5531278 0.2000996 0.5531278 0.2457937 0.5531278 0.2315388 0.4656291 0.2457937 0.4656291 0.2315388 0.4656291 0.2457937 0.5531278 0.2315388 0 0.212204 0.08749872 0.212204 0 0.1972324 0 0.1972324 0.08749872 0.212204 0.08749872 0.1972324 0.2427084 0 0.1552097 0 0.1552097 0.01497095 0.1552097 0.01497095 0.2427084 0.01497095 0.2427084 0 0 0.147923 0 0.1628946 0.08749872 0.1628946 0 0.147923 0.08749872 0.1628946 0.08749872 0.147923 0.1552097 0.2136657 0.1552097 0.2286367 0.2427084 0.2136657 0.1552097 0.2286367 0.2427084 0.2286367 0.2427084 0.2136657 0.3104193 0.1529406 0.3104193 0.1671954 0.3979181 0.1671954 0.3104193 0.1529406 0.3979181 0.1671954 0.3979181 0.1529406 0.3979181 0.1514758 0.3979181 0.137221 0.3104193 0.137221 0.3104193 0.1514758 0.3979181 0.1514758 0.3104193 0.137221 0.1552097 0.1972299 0.1552097 0.2122009 0.2427084 0.2122009 0.1552097 0.1972299 0.2427084 0.2122009 0.2427084 0.1972299 0.1552097 0.08217912 0.1552097 0.09715008 0.2427084 0.08217912 0.1552097 0.09715008 0.2427084 0.09715008 0.2427084 0.08217912 0.2427084 0.03140676 0.2427084 0.0164358 0.1552097 0.03140676 0.1552097 0.0164358 0.1552097 0.03140676 0.2427084 0.0164358 0.08749872 0.1957675 0.08749872 0.1807959 0 0.1807959 0 0.1957675 0.08749872 0.1957675 0 0.1807959 0.4656291 0.2158192 0.4656291 0.230074 0.5531278 0.2158192 0.5531278 0.2158192 0.4656291 0.230074 0.5531278 0.230074 0.5531278 0.1986348 0.5531278 0.1843799 0.4656291 0.1843799 0.4656291 0.1986348 0.5531278 0.1986348 0.4656291 0.1843799 0.3104193 0.1686602 0.3979181 0.182915 0.3979181 0.1686602 0.3104193 0.1686602 0.3104193 0.182915 0.3979181 0.182915 0.3979181 0.2143543 0.3979181 0.2000995 0.3104193 0.2000995 0.3104193 0.2143543 0.3979181 0.2143543 0.3104193 0.2000995 0.3979181 0.2615134 0.3979181 0.2472585 0.3104193 0.2615134 0.3104193 0.2472585 0.3104193 0.2615134 0.3979181 0.2472585 0 0.06574326 0 0.08071428 0.08749872 0.06574326 0 0.08071428 0.08749872 0.08071428 0.08749872 0.06574326 0.08749878 0.0642758 0.08749872 0.04930746 0 0.04930746 0 0.04930746 0 0.06427842 0.08749878 0.0642758 0.2427084 0.2450749 0.2427084 0.2301015 0.1552097 0.2301037 0.1552097 0.2450749 0.2427084 0.2450749 0.1552097 0.2301037 0 0.09861493 0.08749872 0.1135859 0.08749872 0.09861493 0 0.09861493 0 0.1135859 0.08749872 0.1135859 0 0.2465417 0.08749872 0.2615134 0.08749872 0.2465417 0 0.2615134 0.08749872 0.2615134 0 0.2465417 0.08749872 0.04784262 0.08749872 0.0328716 0 0.04784262 0 0.0328716 0 0.04784262 0.08749872 0.0328716 0.2427084 0.1807941 0.1552097 0.1807941 0.1552097 0.195765 0.1552097 0.195765 0.2427084 0.195765 0.2427084 0.1807941 0.2427084 0.04784262 0.2427084 0.0328716 0.1552097 0.0328716 0.1552097 0.04784262 0.2427084 0.04784262 0.1552097 0.0328716 0.5531278 0.137221 0.4656291 0.137221 0.4656291 0.1514758 0.4656291 0.1514758 0.5531278 0.1514758 0.5531278 0.137221 0 0.2136688 0 0.2286404 0.08749872 0.2136688 0 0.2286404 0.08749872 0.2286404 0.08749872 0.2136688 0.3104193 0.2158192 0.3104193 0.230074 0.3979181 0.2158192 0.3979181 0.230074 0.3979181 0.2158192 0.3104193 0.230074 0.08749872 0.03140676 0.08749872 0.0164358 0 0.0164358 0 0.03140676 0.08749872 0.03140676 0 0.0164358 0.4803725 0.6306378 0.474549 0.6202325 0.4803695 0.601338 0.4745501 0.6444493 0.4803725 0.6306378 0.4803732 0.6550416 0.4803732 0.6550416 0.4803704 0.6746897 0.4745467 0.66254 0.4803823 0.7597135 0.4745488 0.7456879 0.4803739 0.7376927 0.4803704 0.6746897 0.4803711 0.6989337 0.4745485 0.6805274 0.4803739 0.7376927 0.4745491 0.7215346 0.4803725 0.7200887 0.4803725 0.7200887 0.4745491 0.7215346 0.4803711 0.6989337 0.474549 0.6202325 0.4745336 0.6010873 0.4803695 0.601338 0.474549 0.6202325 0.4803725 0.6306378 0.4745501 0.6444493 0.4745467 0.66254 0.4745501 0.6444493 0.4803732 0.6550416 0.4803704 0.6746897 0.4745485 0.6805274 0.4745467 0.66254 0.4745495 0.7010211 0.4745485 0.6805274 0.4803711 0.6989337 0.4745495 0.7010211 0.4803711 0.6989337 0.4745491 0.7215346 0.4745491 0.7215346 0.4803739 0.7376927 0.4745488 0.7456879 0.4803745 0.839095 0.4745529 0.830312 0.4803789 0.8147954 0.4803716 0.8579121 0.4745489 0.8494735 0.4803745 0.839095 0.47455 0.7687487 0.4803823 0.7597135 0.4803784 0.7860609 0.4745491 0.7892598 0.4803784 0.7860609 0.4803789 0.8147954 0.4745473 0.8675526 0.4803716 0.8579121 0.480374 0.8762836 0.4745491 0.8842742 0.480374 0.8762836 0.4786096 0.8995087 0.4786096 0.8995087 0.4744186 0.9205241 0.4745469 0.9047703 0.4745491 0.8842742 0.4786096 0.8995087 0.4745469 0.9047703 0.4803784 0.7860609 0.4745491 0.7892598 0.47455 0.7687487 0.47455 0.7687487 0.4745488 0.7456879 0.4803823 0.7597135 0.4745491 0.7892598 0.4803789 0.8147954 0.4745484 0.8110092 0.4745529 0.830312 0.4745484 0.8110092 0.4803789 0.8147954 0.4803745 0.839095 0.4745489 0.8494735 0.4745529 0.830312 0.4745473 0.8675526 0.4745489 0.8494735 0.4803716 0.8579121 0.4745491 0.8842742 0.4745473 0.8675526 0.480374 0.8762836 0.4697383 0.5675395 0.444107 0.5656735 0.4487214 0.5710079 0.4487214 0.5710079 0.4935615 0.5739303 0.4697383 0.5675395 0.5059742 0.5701779 0.4697383 0.5675395 0.4935615 0.5739303 0.1500856 0.5760477 0.1559042 0.5691822 0.1559046 0.5896471 0.1500854 0.5328179 0.1559181 0.5127128 0.1559026 0.5306847 0.1559068 0.5512208 0.1559042 0.5691822 0.1500857 0.5556941 0.1500857 0.5556941 0.1559026 0.5306847 0.1559068 0.5512208 0.1500855 0.59564 0.1559046 0.5896471 0.155908 0.6101796 0.1500856 0.6427712 0.1559027 0.6319908 0.1559037 0.6536821 0.1559037 0.6536821 0.1559011 0.675374 0.1500856 0.6604257 0.1500855 0.6197623 0.1500855 0.59564 0.155908 0.6101796 0.1500854 0.5328179 0.1559026 0.5306847 0.1500857 0.5556941 0.1500873 0.5128263 0.1559181 0.5127128 0.1500854 0.5328179 0.1500856 0.5760477 0.1559046 0.5896471 0.1500855 0.59564 0.1500857 0.5556941 0.1559042 0.5691822 0.1500856 0.5760477 0.1559011 0.675374 0.1559066 0.6971439 0.1500856 0.6813169 0.1500856 0.7053477 0.1500856 0.6813169 0.1559066 0.6971439 0.1559027 0.6319908 0.1500856 0.6427712 0.1500855 0.6197623 0.1559037 0.6536821 0.1500856 0.6604257 0.1500856 0.6427712 0.1500856 0.6813169 0.1500856 0.6604257 0.1559011 0.675374 0.1559027 0.6319908 0.1500855 0.6197623 0.155908 0.6101796 0.1500856 0.7053477 0.1559066 0.6971439 0.1559038 0.7188876 0.1500858 0.7271154 0.1500856 0.7053477 0.1559038 0.7188876 0.1559036 0.7561493 0.1500859 0.7448046 0.1559047 0.7393458 0.1500858 0.7271154 0.1559038 0.7188876 0.1559047 0.7393458 0.1559009 0.7741159 0.1559036 0.7933339 0.1500858 0.7898206 0.1556442 0.8422098 0.1500831 0.8314052 0.1559033 0.825123 0.1559036 0.7561493 0.1559009 0.7741159 0.1500859 0.7659643 0.1500859 0.7448046 0.1559036 0.7561493 0.1500859 0.7659643 0.1559009 0.7741159 0.1500858 0.7898206 0.1500859 0.7659643 0.1500859 0.7448046 0.1500858 0.7271154 0.1559047 0.7393458 0.1558951 0.8085541 0.1500858 0.8116007 0.1500858 0.7898206 0.1559036 0.7933339 0.1558951 0.8085541 0.1500858 0.7898206 0.1559033 0.825123 0.1500858 0.8116007 0.1558951 0.8085541 0.150166 0.8722956 0.1500828 0.8492242 0.153162 0.8604705 0.1556442 0.8422098 0.153162 0.8604705 0.1500828 0.8492242 0.1500858 0.8116007 0.1559033 0.825123 0.1500831 0.8314052 0.1556442 0.8422098 0.1500828 0.8492242 0.1500831 0.8314052 0.2715137 0.5630423 0.2773479 0.5451042 0.2773479 0.5690143 0.2773479 0.4749042 0.2773479 0.4933985 0.2715066 0.4889889 0.2715097 0.5259894 0.2773479 0.5174037 0.2773479 0.5451042 0.2773479 0.5174037 0.2715048 0.507429 0.2773479 0.4933985 0.2773479 0.6280813 0.2773479 0.6502704 0.2715019 0.6463413 0.2715045 0.667491 0.2773479 0.6502704 0.2773479 0.6780357 0.2773479 0.5912635 0.271511 0.586854 0.2773479 0.5690143 0.2773479 0.6115029 0.2715071 0.6105458 0.2773479 0.5912635 0.2715071 0.6105458 0.2773479 0.6115029 0.2773479 0.6280813 0.2773479 0.6780357 0.2773479 0.7001026 0.2715052 0.6858981 0.2715066 0.4889889 0.271515 0.461609 0.2773479 0.4749042 0.2773479 0.4933985 0.2715048 0.507429 0.2715066 0.4889889 0.2773479 0.5174037 0.2715097 0.5259894 0.2715048 0.507429 0.2715137 0.5630423 0.2715127 0.5445162 0.2773479 0.5451042 0.271515 0.461609 0.27735 0.4599767 0.2773479 0.4749042 0.2715137 0.5630423 0.2773479 0.5690143 0.271511 0.586854 0.2773479 0.5451042 0.2715127 0.5445162 0.2715097 0.5259894 0.2715071 0.6105458 0.271511 0.586854 0.2773479 0.5912635 0.2715071 0.6105458 0.2773479 0.6280813 0.2715091 0.6286823 0.2715091 0.6286823 0.2773479 0.6280813 0.2715019 0.6463413 0.2715045 0.667491 0.2773479 0.6780357 0.2715052 0.6858981 0.2715019 0.6463413 0.2773479 0.6502704 0.2715045 0.667491 0.2715052 0.6858981 0.2773479 0.7001026 0.2715132 0.7069444 0.2773479 0.7185532 0.2715132 0.7069444 0.2773479 0.7001026 0.2773479 0.8053072 0.2715039 0.7994416 0.2773479 0.7814386 0.2773479 0.7369644 0.2715117 0.7347899 0.2773479 0.7185532 0.2773479 0.7554935 0.2715117 0.7347899 0.2773479 0.7369644 0.2773479 0.7814386 0.27151 0.7584835 0.2773479 0.7554935 0.2773479 0.8532742 0.277348 0.8736671 0.2715085 0.865404 0.2773479 0.9142375 0.2715113 0.891937 0.277348 0.8957154 0.277348 0.8957154 0.2715113 0.891937 0.277348 0.8736671 0.2773479 0.8293845 0.2715107 0.8218229 0.2773479 0.8053072 0.2773479 0.8293845 0.2773479 0.8532742 0.2715033 0.8429592 0.27151 0.7584835 0.2715117 0.7347899 0.2773479 0.7554935 0.271512 0.7769768 0.27151 0.7584835 0.2773479 0.7814386 0.2715132 0.7069444 0.2773479 0.7185532 0.2715117 0.7347899 0.2773479 0.8053072 0.2715107 0.8218229 0.2715039 0.7994416 0.2773479 0.7814386 0.2715039 0.7994416 0.271512 0.7769768 0.2715085 0.865404 0.2715033 0.8429592 0.2773479 0.8532742 0.2715113 0.891937 0.2773479 0.9142375 0.2715166 0.9143278 0.2715107 0.8218229 0.2773479 0.8293845 0.2715033 0.8429592 0.2715085 0.865404 0.277348 0.8736671 0.2715113 0.891937 0.4364492 0.6016493 0.4309783 0.5977604 0.3975421 0.5981416 0.4364492 0.6016493 0.45934 0.5977605 0.4309783 0.5977604 0.45934 0.5977605 0.4364492 0.6016493 0.4593414 0.6035944 0.1348561 0.4513533 0.1050232 0.4513533 0.1193538 0.4584347 0.1721376 0.4513533 0.1348561 0.4513533 0.1647613 0.4623787 0.1647613 0.4623787 0.1348561 0.4513533 0.1193538 0.4584347 0.2597469 0.4877411 0.259747 0.5171878 0.2539134 0.5080885 0.2597515 0.5654478 0.2539133 0.5542432 0.259747 0.5409709 0.259747 0.5409709 0.2539134 0.5301231 0.259747 0.5171878 0.2597469 0.4877411 0.2539134 0.4600389 0.2597468 0.4600917 0.2539142 0.4748285 0.2539134 0.4600389 0.2597469 0.4877411 0.2539142 0.4748285 0.2597469 0.4877411 0.2539134 0.4914875 0.2539134 0.5080885 0.259747 0.5171878 0.2539134 0.5301231 0.2539134 0.4914875 0.2597469 0.4877411 0.2539134 0.5080885 0.2539134 0.5301231 0.259747 0.5409709 0.2539133 0.5542432 0.2539133 0.622482 0.2597503 0.5944985 0.2597575 0.6236094 0.2539133 0.622482 0.2597575 0.6236094 0.2597614 0.6449117 0.2597614 0.6449117 0.2597596 0.6672875 0.2539133 0.6686851 0.2597596 0.6672875 0.2597543 0.6923583 0.2539133 0.6686851 0.2539133 0.5542432 0.2597515 0.5654478 0.2539133 0.570824 0.2597503 0.5944985 0.2539133 0.570824 0.2597515 0.5654478 0.2597503 0.5944985 0.2539133 0.5929366 0.2539133 0.570824 0.2597503 0.5944985 0.2539133 0.622482 0.2539133 0.5929366 0.2597614 0.6449117 0.2539134 0.6464766 0.2539133 0.622482 0.2539133 0.6686851 0.2539134 0.6464766 0.2597614 0.6449117 0.2597543 0.6923583 0.2539134 0.690758 0.2539133 0.6686851 0.259751 0.7125294 0.2539134 0.7147831 0.2597543 0.6923583 0.2539134 0.7941474 0.2539134 0.7701466 0.2597566 0.7913807 0.2539134 0.7147831 0.2539134 0.690758 0.2597543 0.6923583 0.2539134 0.7147831 0.2597519 0.7345364 0.2539133 0.7425141 0.2539134 0.7147831 0.259751 0.7125294 0.2597519 0.7345364 0.2597519 0.7345364 0.2597522 0.7634776 0.2539133 0.7425141 0.2539134 0.7701466 0.2597522 0.7634776 0.2597566 0.7913807 0.2539134 0.7701466 0.2539133 0.7425141 0.2597522 0.7634776 0.2597557 0.8351216 0.2597589 0.8588275 0.2539133 0.8606541 0.2597589 0.8588275 0.2597538 0.8832188 0.2539133 0.8606541 0.2597563 0.8126655 0.2597557 0.8351216 0.2539132 0.8163598 0.2597538 0.8832188 0.2597475 0.9125179 0.2539134 0.8882306 0.2597566 0.7913807 0.2597563 0.8126655 0.2539132 0.8163598 0.2597566 0.7913807 0.2539132 0.8163598 0.2539134 0.7941474 0.2597557 0.8351216 0.2539166 0.8383744 0.2539132 0.8163598 0.2597538 0.8832188 0.2539134 0.8882306 0.2539133 0.8606541 0.2597475 0.9125179 0.2539134 0.9141988 0.2539134 0.8882306 0.2539133 0.8606541 0.2539166 0.8383744 0.2597557 0.8351216 0.4063055 0.09215581 0.4084064 0.06860965 0.4025728 0.0685535 0.4000945 0.09649461 0.4063055 0.09215581 0.4025728 0.0685535 0.3103574 0.03349071 0.3162394 0.0330249 0.3191862 -1.54537e-4 0.3191862 -1.54537e-4 0.3133373 -2.51486e-5 0.3103574 0.03349071 0.4707348 0.4555552 0.4645235 0.4598926 0.466153 0.5082943 0.4613999 0.4958342 0.466153 0.5082943 0.4645235 0.4598926 0.4613999 0.4958342 0.4590806 0.5225428 0.466153 0.5082943 0.5370154 -1.74668e-7 0.5366519 0.005547404 0.5694103 0.002644896 0.5366519 0.005547404 0.5714961 0.008351504 0.5694103 0.002644896 0.3549598 0.06767022 0.3490315 0.06858479 0.3460685 0.1019508 0.3460685 0.1019508 0.3519449 0.1015332 0.3549598 0.06767022 0.3404698 0.509305 0.349621 0.4702963 0.3443664 0.4634684 0.3404698 0.509305 0.3456428 0.51709 0.349621 0.4702963 0.3882061 0.0602411 0.3847228 0.03429847 0.3827229 0.05722552 0.3905581 0.03429931 0.3847228 0.03429847 0.3882061 0.0602411 0.3723459 0.6320643 0.3774973 0.6321267 0.3801624 0.5966743 0.3801624 0.5966743 0.3749355 0.5975464 0.3723459 0.6320643 0.3908781 0.5137144 0.3959423 0.4541276 0.3870975 0.4895459 0.3900074 0.4553198 0.3870975 0.4895459 0.3959423 0.4541276 0.3908781 0.5137144 0.3870975 0.4895459 0.3845672 0.5193071 0.3191916 0.06837815 0.3133557 0.06837469 0.3162509 0.1015498 0.3162509 0.1015498 0.3133557 0.06837469 0.3104193 0.1014512 0.3871493 0.6936576 0.3841142 0.6662608 0.3822364 0.6914106 0.3892739 0.666296 0.3841142 0.6662608 0.3871493 0.6936576 0.4745042 0.601033 0.4745119 0.6232858 0.4686685 0.6010872 0.4686834 0.6382716 0.4745119 0.6232858 0.4745172 0.6539072 0.4745159 0.6776363 0.474514 0.7014089 0.4686852 0.6805157 0.4686839 0.6600137 0.4745172 0.6539072 0.4745159 0.6776363 0.468684 0.7034257 0.4745162 0.7252416 0.4686834 0.7277546 0.4745162 0.7252416 0.468684 0.7034257 0.474514 0.7014089 0.4745162 0.7516908 0.4686834 0.7277546 0.4745162 0.7252416 0.4745172 0.6539072 0.4686839 0.6600137 0.4686834 0.6382716 0.4686834 0.6382716 0.4686832 0.6177484 0.4745119 0.6232858 0.474514 0.7014089 0.468684 0.7034257 0.4686852 0.6805157 0.4686839 0.6600137 0.4745159 0.6776363 0.4686852 0.6805157 0.4686832 0.6177484 0.4686685 0.6010872 0.4745119 0.6232858 0.4686834 0.7277546 0.4745162 0.7516908 0.4686841 0.7482593 0.4745162 0.7516908 0.4686863 0.7650413 0.4686841 0.7482593 0.4686836 0.7854215 0.4745156 0.778306 0.4745162 0.7994616 0.4745175 0.823208 0.4686833 0.8110084 0.4745162 0.7994616 0.4745122 0.8443785 0.4745176 0.8655233 0.4686838 0.8494623 0.4686878 0.8303074 0.4745175 0.823208 0.4745122 0.8443785 0.4686843 0.8712732 0.4745176 0.8655233 0.4737616 0.8907045 0.4686819 0.9047705 0.4737616 0.8907045 0.4713947 0.909299 0.4686819 0.9047705 0.4686818 0.8880509 0.4737616 0.8907045 0.4686819 0.9047705 0.4713947 0.909299 0.4689012 0.9233967 0.4745156 0.778306 0.4686836 0.7854215 0.4686863 0.7650413 0.4745162 0.7994616 0.4686833 0.8110084 0.4686836 0.7854215 0.4686878 0.8303074 0.4686833 0.8110084 0.4745175 0.823208 0.4686843 0.8712732 0.4686838 0.8494623 0.4745176 0.8655233 0.4686838 0.8494623 0.4686878 0.8303074 0.4745122 0.8443785 0.4686818 0.8880509 0.4686843 0.8712732 0.4737616 0.8907045 0.4745162 0.7516908 0.4745156 0.778306 0.4686863 0.7650413 0.3310225 0.6206594 0.3329692 0.5977613 0.3271334 0.5977625 0.3271334 0.5977625 0.3271346 0.6261226 0.3310225 0.6206594 0.3271346 0.6261226 0.327519 0.6595335 0.3310225 0.6206594 0.3985839 0.6420488 0.4036917 0.648319 0.4335873 0.6450246 0.4593184 0.6472122 0.4335873 0.6450246 0.4501976 0.6522729 0.4335873 0.6450246 0.4036917 0.648319 0.4501976 0.6522729 0.1657697 0.54657 0.1715919 0.5294699 0.1715915 0.5499812 0.1657686 0.5266287 0.1716019 0.5127116 0.1715919 0.5294699 0.17159 0.597188 0.1657707 0.5925453 0.1715893 0.5729811 0.1657708 0.569995 0.1715915 0.5499812 0.1715893 0.5729811 0.1715902 0.6189253 0.1657707 0.6169872 0.17159 0.597188 0.1715945 0.6561596 0.165771 0.6446641 0.1715914 0.6394284 0.1715945 0.6561596 0.1715912 0.672924 0.165771 0.6677635 0.1715893 0.5729811 0.1657707 0.5925453 0.1657708 0.569995 0.1715919 0.5294699 0.1657697 0.54657 0.1657686 0.5266287 0.1657711 0.5127314 0.1716019 0.5127116 0.1657686 0.5266287 0.1657708 0.569995 0.1657697 0.54657 0.1715915 0.5499812 0.1657707 0.5925453 0.17159 0.597188 0.1657707 0.6169872 0.1657707 0.6169872 0.1715914 0.6394284 0.165771 0.6446641 0.165771 0.6446641 0.1715945 0.6561596 0.165771 0.6677635 0.1657709 0.6872721 0.1715912 0.672924 0.1715897 0.69472 0.165771 0.6677635 0.1715912 0.672924 0.1657709 0.6872721 0.1715902 0.6189253 0.1715914 0.6394284 0.1657707 0.6169872 0.1715897 0.7418914 0.1657711 0.7370182 0.1715887 0.7189224 0.1715887 0.7189224 0.165771 0.7098088 0.1715897 0.69472 0.1657711 0.7640854 0.1715897 0.7418914 0.1715898 0.7623729 0.1657711 0.7640854 0.1715898 0.7623729 0.1715903 0.7841514 0.1715907 0.803375 0.1657711 0.7886704 0.1715903 0.7841514 0.1715907 0.803375 0.1715885 0.8225893 0.1657711 0.8101329 0.1657711 0.8286586 0.1715885 0.8225893 0.1714519 0.8406372 0.1714519 0.8406372 0.1690189 0.8592201 0.1657711 0.8482306 0.1715897 0.7418914 0.1657711 0.7640854 0.1657711 0.7370182 0.165771 0.7098088 0.1715887 0.7189224 0.1657711 0.7370182 0.1657711 0.7640854 0.1715903 0.7841514 0.1657711 0.7886704 0.1658765 0.8729363 0.1657711 0.8482306 0.1690189 0.8592201 0.1657711 0.8286586 0.1657711 0.8101329 0.1715885 0.8225893 0.1657711 0.8286586 0.1714519 0.8406372 0.1657711 0.8482306 0.1715907 0.803375 0.1657711 0.8101329 0.1657711 0.7886704 0.1657709 0.6872721 0.1715897 0.69472 0.165771 0.7098088 0.3008133 0.5344263 0.3066521 0.5192298 0.3066521 0.5451044 0.3066521 0.5451044 0.3066521 0.5690142 0.300817 0.5630409 0.3066521 0.4752636 0.3008153 0.4769254 0.3022859 0.4599515 0.3008153 0.4769254 0.3066521 0.4752636 0.3066521 0.4988633 0.3066521 0.5192298 0.3008161 0.5046597 0.3066521 0.4988633 0.3066521 0.618981 0.3066521 0.648541 0.3008207 0.6174523 0.3066521 0.6705631 0.3008208 0.648481 0.3066521 0.648541 0.3066521 0.5912634 0.3008164 0.5868525 0.3066521 0.5690142 0.3066521 0.618981 0.3008207 0.6174523 0.3066521 0.5912634 0.3008153 0.4769254 0.3066521 0.4988633 0.3008161 0.5046597 0.3066521 0.5192298 0.3008133 0.5344263 0.3008161 0.5046597 0.3008207 0.6174523 0.3066521 0.648541 0.3008208 0.648481 0.3008208 0.6742333 0.3008208 0.648481 0.3066521 0.6705631 0.3008133 0.5344263 0.3066521 0.5451044 0.300817 0.5630409 0.3008207 0.6174523 0.3008164 0.5868525 0.3066521 0.5912634 0.3008164 0.5868525 0.300817 0.5630409 0.3066521 0.5690142 0.3008208 0.6742333 0.3066521 0.6705631 0.3066521 0.6928173 0.3008181 0.7109743 0.3066521 0.6928173 0.3066521 0.718544 0.3008153 0.7347914 0.3066521 0.718544 0.3066521 0.7369643 0.3008153 0.7347914 0.3066521 0.7369643 0.3066521 0.7554935 0.3066521 0.781415 0.3008117 0.7584848 0.3066521 0.7554935 0.3066521 0.8755632 0.3008161 0.8689225 0.3066521 0.853274 0.3066521 0.8755632 0.3066522 0.8957161 0.300817 0.8979302 0.306652 0.9142258 0.300817 0.8979302 0.3066522 0.8957161 0.3066521 0.8293863 0.3008107 0.8258427 0.3066521 0.805316 0.3066521 0.8293863 0.3066521 0.853274 0.3008042 0.8468959 0.3008063 0.8019852 0.3066521 0.781415 0.3066521 0.805316 0.3066521 0.6928173 0.3008206 0.692611 0.3008208 0.6742333 0.3008206 0.692611 0.3066521 0.6928173 0.3008181 0.7109743 0.3008181 0.7109743 0.3066521 0.718544 0.3008153 0.7347914 0.3008153 0.7347914 0.3066521 0.7554935 0.3008117 0.7584848 0.3008075 0.7807846 0.3008117 0.7584848 0.3066521 0.781415 0.3008063 0.8019852 0.3008075 0.7807846 0.3066521 0.781415 0.3066521 0.8293863 0.3008042 0.8468959 0.3008107 0.8258427 0.3008208 0.9143247 0.300817 0.8979302 0.306652 0.9142258 0.3066521 0.8755632 0.300817 0.8979302 0.3008161 0.8689225 0.3008063 0.8019852 0.3066521 0.805316 0.3008107 0.8258427 0.3066521 0.853274 0.3008161 0.8689225 0.3008042 0.8468959 0.3621678 0.7875962 0.3665294 0.7887562 0.3656797 0.7488033 0.3162534 0.1356853 0.3192493 0.1020393 0.313362 0.1025939 0.3162534 0.1356853 0.313362 0.1025939 0.3104183 0.1357685 0.3825665 0.7534158 0.3825666 0.7362581 0.3735167 0.735996 0.3825665 0.7534158 0.3735167 0.735996 0.3773909 0.7533409 0.3773909 0.7533409 0.3709012 0.7706126 0.37609 0.7705678 0.3709012 0.7706126 0.3773909 0.7533409 0.3735167 0.735996 0.2831836 0.4605985 0.2831889 0.4880674 0.27735 0.4785448 0.2831836 0.4605985 0.27735 0.4785448 0.27735 0.4600343 0.2831887 0.513846 0.2831922 0.5418172 0.27735 0.5246862 0.2773501 0.5024598 0.2831889 0.4880674 0.2831887 0.513846 0.2831922 0.5418172 0.2831888 0.5655114 0.27735 0.5485623 0.27735 0.578109 0.2831888 0.5655114 0.283186 0.5893309 0.2773501 0.6003302 0.283186 0.5893309 0.2831835 0.6077539 0.27735 0.6666858 0.2831833 0.6482707 0.2831833 0.6722535 0.2831833 0.6262114 0.27735 0.6223891 0.2831835 0.6077539 0.27735 0.6446329 0.2831833 0.6262114 0.2831833 0.6482707 0.2773501 0.5024598 0.27735 0.4785448 0.2831889 0.4880674 0.2831887 0.513846 0.27735 0.5246862 0.2773501 0.5024598 0.27735 0.5485623 0.27735 0.5246862 0.2831922 0.5418172 0.27735 0.578109 0.27735 0.5485623 0.2831888 0.5655114 0.2773501 0.6003302 0.27735 0.578109 0.283186 0.5893309 0.27735 0.6223891 0.2773501 0.6003302 0.2831835 0.6077539 0.27735 0.6446329 0.27735 0.6223891 0.2831833 0.6262114 0.2831833 0.6482707 0.27735 0.6666858 0.27735 0.6446329 0.27735 0.7091699 0.2831837 0.6975378 0.2831906 0.7187548 0.2831906 0.7187548 0.2831872 0.7372645 0.27735 0.7313911 0.2831898 0.7557866 0.27735 0.7534891 0.2831872 0.7372645 0.27735 0.6666858 0.2831833 0.6722535 0.2773501 0.6889309 0.2773501 0.6889309 0.2831833 0.6722535 0.2831837 0.6975378 0.2831837 0.6975378 0.27735 0.7091699 0.2773501 0.6889309 0.2831965 0.7768794 0.2831974 0.8031967 0.27735 0.7810829 0.2831937 0.8323066 0.2831926 0.8628702 0.27735 0.8420769 0.27735 0.8218391 0.2831974 0.8031967 0.2831937 0.8323066 0.27735 0.9142943 0.2831876 0.8942637 0.2831833 0.9143239 0.27735 0.8809053 0.2831926 0.8628702 0.2831876 0.8942637 0.27735 0.7534891 0.2831898 0.7557866 0.2831965 0.7768794 0.27735 0.7313911 0.27735 0.7091699 0.2831906 0.7187548 0.2831872 0.7372645 0.27735 0.7534891 0.27735 0.7313911 0.27735 0.7810829 0.27735 0.7534891 0.2831965 0.7768794 0.27735 0.8052589 0.27735 0.7810829 0.2831974 0.8031967 0.2831937 0.8323066 0.27735 0.8420769 0.27735 0.8218391 0.27735 0.8052589 0.2831974 0.8031967 0.27735 0.8218391 0.27735 0.8420769 0.2831926 0.8628702 0.27735 0.8642867 0.2831876 0.8942637 0.27735 0.8974913 0.27735 0.8809053 0.2831876 0.8942637 0.27735 0.9142943 0.27735 0.8974913 0.27735 0.8642867 0.2831926 0.8628702 0.27735 0.8809053 0.3299181 0.5283717 0.3275997 0.5556366 0.3344035 0.544246 0.3344035 0.544246 0.3250148 0.5860417 0.3304033 0.5913017 0.3344035 0.544246 0.3275997 0.5556366 0.3250148 0.5860417 0.4602575 0.7973731 0.4561622 0.7838206 0.4540097 0.8127667 0.4602575 0.7973731 0.4540097 0.8127667 0.4567176 0.8449858 0.4516292 0.8447881 0.4567176 0.8449858 0.4540097 0.8127667 0.3311332 0.5115222 0.3353454 0.4619758 0.3275769 0.4847273 0.3275769 0.4847273 0.3353454 0.4619758 0.3299253 0.4571103 0.3311332 0.5115222 0.3275769 0.4847273 0.3249666 0.5154316 0.3790442 0.5478494 0.3808513 0.5265842 0.37424 0.5357192 0.37424 0.5357192 0.3703008 0.5820522 0.3790442 0.5478494 0.3790442 0.5478494 0.3703008 0.5820522 0.3757747 0.5862921 0.4362366 0.09347027 0.4417454 0.09485226 0.4441059 0.06855595 0.4362366 0.09347027 0.4441059 0.06855595 0.4382646 0.06858921 0.3519006 0.03347134 0.354865 -1.59382e-5 0.3490309 -3.218e-5 0.3519006 0.03347134 0.3490309 -3.218e-5 0.3460582 0.03340631 0.1330205 0.4884411 0.1441219 0.4835696 0.1102766 0.4806304 0.1050339 0.4860092 0.1330205 0.4884411 0.1102766 0.4806304 0.1677192 0.4914544 0.1721162 0.4860022 0.1441219 0.4835696 0.1441219 0.4835696 0.1330205 0.4884411 0.1677192 0.4914544 0.4979706 0.601519 0.4979838 0.6221632 0.4921495 0.6177458 0.4979826 0.6882488 0.4921514 0.6805157 0.4979807 0.664411 0.4979823 0.6405789 0.4979807 0.664411 0.4921501 0.6600137 0.4921496 0.6382732 0.4979838 0.6221632 0.4979823 0.6405789 0.4921499 0.6997693 0.4979826 0.6882488 0.4979742 0.715196 0.4921502 0.721538 0.4979742 0.715196 0.4979707 0.7459807 0.497976 0.7743932 0.4921512 0.7687537 0.4979707 0.7459807 0.4921496 0.6382732 0.4979823 0.6405789 0.4921501 0.6600137 0.4921496 0.6382732 0.4921495 0.6177458 0.4979838 0.6221632 0.4921501 0.6600137 0.4979807 0.664411 0.4921514 0.6805157 0.4921495 0.6177458 0.4921347 0.6010407 0.4979706 0.601519 0.4921499 0.6997693 0.4979742 0.715196 0.4921502 0.721538 0.4921499 0.7457672 0.4921502 0.721538 0.4979707 0.7459807 0.4921512 0.7687537 0.4921499 0.7457672 0.4979707 0.7459807 0.4921514 0.6805157 0.4979826 0.6882488 0.4921499 0.6997693 0.497976 0.7743932 0.4979817 0.7994636 0.4921502 0.7892595 0.4979832 0.8231291 0.4921495 0.8110088 0.4979817 0.7994636 0.4979813 0.8469408 0.4979798 0.8730028 0.49215 0.8494626 0.492154 0.8303074 0.4979832 0.8231291 0.4979813 0.8469408 0.4979798 0.8730028 0.4962108 0.8995087 0.4921479 0.8880513 0.4921481 0.9047704 0.4921479 0.8880513 0.4962108 0.8995087 0.4962108 0.8995087 0.4920197 0.9205241 0.4921481 0.9047704 0.4921512 0.7687537 0.497976 0.7743932 0.4921502 0.7892595 0.4979817 0.7994636 0.4921495 0.8110088 0.4921502 0.7892595 0.492154 0.8303074 0.4921495 0.8110088 0.4979832 0.8231291 0.49215 0.8494626 0.492154 0.8303074 0.4979813 0.8469408 0.4979798 0.8730028 0.4921504 0.8712752 0.49215 0.8494626 0.4921479 0.8880513 0.4921504 0.8712752 0.4979798 0.8730028 0.4908702 0.06665468 0.4932028 0.0392121 0.487356 0.03934097 0.4859577 0.06268495 0.4908702 0.06665468 0.487356 0.03934097 0.4895188 0.1065185 0.4908702 0.06665468 0.4859577 0.06268495 0.5639495 0.6181332 0.5581338 0.6018472 0.5639645 0.6014512 0.558134 0.6645573 0.5639505 0.6577181 0.5639509 0.6781037 0.563953 0.6398269 0.5581341 0.6256652 0.5639495 0.6181332 0.563953 0.6398269 0.5639505 0.6577181 0.558134 0.6470058 0.558134 0.6840735 0.5639509 0.6781037 0.5639544 0.6985567 0.558134 0.7334647 0.5639491 0.7202833 0.5639503 0.7418896 0.5639503 0.7418896 0.5639474 0.763498 0.5581339 0.7574024 0.5581341 0.6256652 0.563953 0.6398269 0.558134 0.6470058 0.5639495 0.6181332 0.5581341 0.6256652 0.5581338 0.6018472 0.5639505 0.6577181 0.558134 0.6645573 0.558134 0.6470058 0.558134 0.6840735 0.558134 0.6645573 0.5639509 0.6781037 0.558134 0.6840735 0.5639544 0.6985567 0.558134 0.7081032 0.5639491 0.7202833 0.558134 0.7081032 0.5639544 0.6985567 0.5639474 0.763498 0.558134 0.7760878 0.5581339 0.7574024 0.5639531 0.7851828 0.558134 0.7760878 0.5639474 0.763498 0.5639491 0.7202833 0.558134 0.7334647 0.558134 0.7081032 0.5581339 0.7574024 0.558134 0.7334647 0.5639503 0.7418896 0.5581339 0.7945666 0.5639531 0.7851828 0.5639504 0.8056447 0.558134 0.8173555 0.5581339 0.7945666 0.5639504 0.8056447 0.5639504 0.8056447 0.5639485 0.8298299 0.558134 0.8173555 0.5581339 0.8412947 0.5639485 0.8298299 0.5639514 0.8567255 0.5639531 0.7851828 0.5581339 0.7945666 0.558134 0.7760878 0.5639514 0.8567255 0.56395 0.8810003 0.5581338 0.878507 0.5636903 0.9296877 0.5581337 0.9252161 0.5639496 0.9126665 0.5581339 0.8601003 0.5581339 0.8412947 0.5639514 0.8567255 0.5581339 0.8412947 0.558134 0.8173555 0.5639485 0.8298299 0.5581338 0.878507 0.5581339 0.8601003 0.5639514 0.8567255 0.5581338 0.9012466 0.5581338 0.878507 0.5639414 0.8961614 0.5581338 0.9012466 0.5639414 0.8961614 0.5639496 0.9126665 0.5636903 0.9296877 0.5612081 0.9478769 0.5581337 0.9441146 0.5639496 0.9126665 0.5581337 0.9252161 0.5581338 0.9012466 0.5582695 0.9630455 0.5581337 0.9441146 0.5612081 0.9478769 0.5581337 0.9252161 0.5636903 0.9296877 0.5581337 0.9441146 0.5639414 0.8961614 0.5581338 0.878507 0.56395 0.8810003 0.2422208 0.461066 0.2480556 0.4600682 0.248054 0.4839707 0.2480536 0.5062878 0.2422122 0.5089226 0.248054 0.4839707 0.2422122 0.5089226 0.2480536 0.5062878 0.2480537 0.5302885 0.2480537 0.5302885 0.242217 0.5368152 0.2422122 0.5089226 0.248054 0.4839707 0.2422122 0.5089226 0.2422134 0.486509 0.242217 0.5657659 0.242217 0.5368152 0.2480537 0.5579209 0.2480537 0.5579209 0.242217 0.5368152 0.2480537 0.5302885 0.2422134 0.486509 0.2422208 0.461066 0.248054 0.4839707 0.2480536 0.580124 0.2422184 0.5894333 0.242217 0.5657659 0.2422184 0.5894333 0.2480536 0.580124 0.2480537 0.6041247 0.2480537 0.6041247 0.2480537 0.631757 0.2422144 0.6159886 0.2480536 0.6539594 0.2422087 0.6424468 0.2480537 0.631757 0.2480536 0.6539594 0.2422086 0.6689263 0.2422087 0.6424468 0.2480537 0.6779609 0.2422086 0.6689263 0.2480536 0.6539594 0.2422156 0.6924318 0.2422086 0.6689263 0.2480537 0.6779609 0.2422144 0.6159886 0.2422184 0.5894333 0.2480537 0.6041247 0.2422144 0.6159886 0.2480537 0.631757 0.2422087 0.6424468 0.242217 0.5657659 0.2480537 0.5579209 0.2480536 0.580124 0.2480537 0.7074987 0.2422156 0.6924318 0.2480537 0.6779609 0.242215 0.7294944 0.2480537 0.7296116 0.2480537 0.7461919 0.2422184 0.7109892 0.2480537 0.7074987 0.2480537 0.7296116 0.2422224 0.7739989 0.242222 0.75063 0.2480536 0.7703124 0.242222 0.75063 0.2480537 0.7461919 0.2480536 0.7703124 0.2480537 0.8975499 0.2480536 0.9143124 0.2422223 0.9140586 0.2422224 0.799873 0.2422224 0.7739989 0.2480536 0.7703124 0.2422224 0.8307078 0.2480536 0.799847 0.2480537 0.8218813 0.2422224 0.799873 0.2480536 0.7703124 0.2480536 0.799847 0.2480537 0.7296116 0.242215 0.7294944 0.2422184 0.7109892 0.2480537 0.7074987 0.2422184 0.7109892 0.2422156 0.6924318 0.2422224 0.799873 0.2480536 0.799847 0.2422224 0.8307078 0.242222 0.75063 0.242215 0.7294944 0.2480537 0.7461919 0.2480537 0.8422821 0.2422224 0.8307078 0.2480537 0.8218813 0.2422222 0.8606105 0.2422224 0.8307078 0.2480537 0.8422821 0.2480537 0.8422821 0.2480537 0.8643295 0.2422222 0.8606105 0.2422222 0.8884388 0.2480537 0.8809501 0.2480537 0.8975499 0.2422222 0.8884388 0.2480537 0.8643295 0.2480537 0.8809501 0.2480537 0.8643295 0.2422222 0.8884388 0.2422222 0.8606105 0.2480537 0.8975499 0.2422223 0.9140586 0.2422222 0.8884388 0.3660677 0.6320154 0.3660171 0.6019108 0.363145 0.6320767 0.6056843 0.03920942 0.5956785 0.05397653 0.6056843 0.07434821 0.5998609 0.07340729 0.6056843 0.07434821 0.5956785 0.05397653 0.5919357 0.09800201 0.5973525 0.1029167 0.5998609 0.07340729 0.5919357 0.09800201 0.5998609 0.07340729 0.5956785 0.05397653 0.2363404 0.5357764 0.2421815 0.5152999 0.2421805 0.5418241 0.2363404 0.5634064 0.2421805 0.5418241 0.2421789 0.5654478 0.2421784 0.5863451 0.2363404 0.5634064 0.2421789 0.5654478 0.2421749 0.4611581 0.2363412 0.4785147 0.2363405 0.4599613 0.2421834 0.4888197 0.2421815 0.5152999 0.2363404 0.4969883 0.2363412 0.4785147 0.2421834 0.4888197 0.2363404 0.4969883 0.2421834 0.4888197 0.2363412 0.4785147 0.2421749 0.4611581 0.2363404 0.4969883 0.2421815 0.5152999 0.2363405 0.513572 0.2363404 0.5357764 0.2421805 0.5418241 0.2363404 0.5634064 0.2363405 0.513572 0.2421815 0.5152999 0.2363404 0.5357764 0.2363404 0.5634064 0.2421784 0.5863451 0.2363405 0.5855903 0.2363405 0.6077099 0.2421784 0.6039087 0.2421859 0.6276608 0.2421897 0.6526176 0.2363405 0.6464768 0.2421859 0.6276608 0.2363405 0.6077099 0.2363405 0.5855903 0.2421784 0.6039087 0.2421784 0.6039087 0.2363405 0.5855903 0.2421784 0.5863451 0.2421836 0.6740359 0.2363405 0.6686739 0.2421897 0.6526176 0.2421859 0.6276608 0.2363404 0.6298947 0.2363405 0.6077099 0.2421859 0.6276608 0.2363405 0.6464768 0.2363404 0.6298947 0.2363405 0.6686739 0.2363405 0.6464768 0.2421897 0.6526176 0.2421836 0.6740359 0.2421807 0.6923996 0.2363405 0.6686739 0.2421807 0.6923996 0.2363405 0.6963104 0.2363405 0.6686739 0.2421777 0.7108709 0.2363405 0.6963104 0.2421807 0.6923996 0.2363405 0.7203115 0.2421777 0.7108709 0.2421814 0.7294246 0.2421761 0.750507 0.2363404 0.7425234 0.2421814 0.7294246 0.2421777 0.7108709 0.2363405 0.7203115 0.2363405 0.6963104 0.2363405 0.7203115 0.2421814 0.7294246 0.2363404 0.7425234 0.2421761 0.750507 0.2421832 0.775587 0.2363405 0.7645943 0.2363405 0.7645943 0.2363404 0.7425234 0.2421761 0.750507 0.2363404 0.7886213 0.2363405 0.7645943 0.2421832 0.775587 0.2421826 0.795477 0.2363404 0.7886213 0.2421832 0.775587 0.2421826 0.795477 0.2421838 0.8126652 0.2363404 0.8163598 0.2421838 0.8126652 0.2421792 0.8387795 0.2363404 0.8163598 0.2421738 0.8697178 0.2363404 0.8624995 0.2421792 0.8387795 0.2421738 0.8920386 0.2421738 0.9134292 0.2363405 0.8974983 0.2421738 0.8697178 0.2421738 0.8920386 0.2363405 0.8790984 0.2421826 0.795477 0.2363404 0.8163598 0.2363404 0.7886213 0.2421792 0.8387795 0.2363405 0.8421189 0.2363404 0.8163598 0.2363405 0.8421189 0.2421792 0.8387795 0.2363404 0.8624995 0.2363405 0.8974983 0.2363405 0.8790984 0.2421738 0.8920386 0.2421738 0.8697178 0.2363405 0.8790984 0.2363404 0.8624995 0.2363405 0.8974983 0.2421738 0.9134292 0.2363405 0.9142944 0.3133742 0.03383082 0.3163102 0.06627714 0.3191784 0.03421616 0.3104182 0.06715863 0.3163102 0.06627714 0.3133742 0.03383082 0.4353074 0.1362027 0.444162 0.1022308 0.4382713 0.102849 0.4411802 0.135861 0.444162 0.1022308 0.4353074 0.1362027 0.3739801 0.4675967 0.3772897 0.4973111 0.3803434 0.4613816 0.3772897 0.4973111 0.3699963 0.5144564 0.3750215 0.5239825 0.3739801 0.4675967 0.3699963 0.5144564 0.3772897 0.4973111 0.4005582 0.1259652 0.4058725 0.1303088 0.4084165 0.102804 0.4025709 0.1029036 0.4005582 0.1259652 0.4084165 0.102804 0.4084534 -5.00319e-4 0.4026096 -4.61833e-4 0.3996508 0.0328707 0.3996508 0.0328707 0.4054911 0.03285408 0.4084534 -5.00319e-4 0.4557642 0.4554111 0.4492749 0.4629473 0.4538384 0.4775962 0.4453694 0.5079013 0.4538384 0.4775962 0.4492749 0.4629473 0.4453694 0.5079013 0.4507508 0.5131317 0.4538384 0.4775962 0.5224302 0.4832121 0.5270046 0.4977328 0.5300262 0.4629495 0.5224302 0.4832121 0.5300262 0.4629495 0.5248141 0.4557811 0.5196018 0.5157724 0.524852 0.5225101 0.5270046 0.4977328 0.5224302 0.4832121 0.5196018 0.5157724 0.5270046 0.4977328 0.3888067 0.7425052 0.417971 0.7449852 0.3979449 0.7374436 0.417971 0.7449852 0.4446219 0.7414131 0.3979449 0.7374436 0.4446219 0.7414131 0.417971 0.7449852 0.4452689 0.7473058 0.4996245 0.4679579 0.4948753 0.4554618 0.4926192 0.4814216 0.4954809 0.5156455 0.4996245 0.4679579 0.4926192 0.4814216 0.4954809 0.5156455 0.4926192 0.4814216 0.4890581 0.5224163 0.4921111 0.6457642 0.4921079 0.6744891 0.4862861 0.6587694 0.49211 0.6186676 0.4921111 0.6457642 0.4862813 0.6395224 0.49211 0.6186676 0.4862803 0.616478 0.4921025 0.6010379 0.4862815 0.7277614 0.4921031 0.7041339 0.4921041 0.7302921 0.4921041 0.7302921 0.4921027 0.7492796 0.4862849 0.7445381 0.4862813 0.6395224 0.4862803 0.616478 0.49211 0.6186676 0.4921025 0.6010379 0.4862803 0.616478 0.4862667 0.6010426 0.4921111 0.6457642 0.4862861 0.6587694 0.4862813 0.6395224 0.4862861 0.6587694 0.4921079 0.6744891 0.4862808 0.6779904 0.4862815 0.7277614 0.4862822 0.7034509 0.4921031 0.7041339 0.4862849 0.7445381 0.4862815 0.7277614 0.4921041 0.7302921 0.4862808 0.6779904 0.4921031 0.7041339 0.4862822 0.7034509 0.4921031 0.7041339 0.4862808 0.6779904 0.4921079 0.6744891 0.4921134 0.7994644 0.4862832 0.7996674 0.4921147 0.7729095 0.4921139 0.8376991 0.4921134 0.8590428 0.4862828 0.8445361 0.4862832 0.7996674 0.4921134 0.7994644 0.4921092 0.8180365 0.4862828 0.8445361 0.4921134 0.8590428 0.4862788 0.8637815 0.4862819 0.7612628 0.4921027 0.7492796 0.4921147 0.7729095 0.4921139 0.8376991 0.4862819 0.8227627 0.4921092 0.8180365 0.4862828 0.8445361 0.4862819 0.8227627 0.4921139 0.8376991 0.4921134 0.8590428 0.4921151 0.8780611 0.4862788 0.8637815 0.4921151 0.8780611 0.4903427 0.8995087 0.4862836 0.8829931 0.4903427 0.8995087 0.4861517 0.920524 0.48628 0.9047703 0.4862836 0.8829931 0.4862788 0.8637815 0.4921151 0.8780611 0.48628 0.9047703 0.4862836 0.8829931 0.4903427 0.8995087 0.4921147 0.7729095 0.4862815 0.7792068 0.4862819 0.7612628 0.4862815 0.7792068 0.4921147 0.7729095 0.4862832 0.7996674 0.4862819 0.7612628 0.4862849 0.7445381 0.4921027 0.7492796 0.4862819 0.8227627 0.4862832 0.7996674 0.4921092 0.8180365 0.3954117 0.7075193 0.4281241 0.7099665 0.3997077 0.7020487 0.4354843 0.7050896 0.3997077 0.7020487 0.4281241 0.7099665 0.4354843 0.7050896 0.4281241 0.7099665 0.459788 0.7065067 0.5214073 0.6399107 0.5155838 0.6335989 0.5214064 0.6168988 0.515586 0.6146077 0.5214217 0.6014668 0.5214064 0.6168988 0.5214089 0.666498 0.5155844 0.6545975 0.5214073 0.6399107 0.5214099 0.688118 0.5214074 0.7072506 0.51559 0.6975117 0.5214144 0.7622675 0.515591 0.7610885 0.5214065 0.7443668 0.5214095 0.7251875 0.5214065 0.7443668 0.51559 0.7214495 0.5214058 0.7776196 0.515591 0.7610885 0.5214144 0.7622675 0.5214089 0.666498 0.5155875 0.676168 0.5155844 0.6545975 0.5214217 0.6014668 0.515586 0.6146077 0.515591 0.6014565 0.5155838 0.6335989 0.5214073 0.6399107 0.5155844 0.6545975 0.5214099 0.688118 0.51559 0.6975117 0.5155875 0.676168 0.5155875 0.676168 0.5214089 0.666498 0.5214099 0.688118 0.5214064 0.6168988 0.5155838 0.6335989 0.515586 0.6146077 0.5214074 0.7072506 0.5214095 0.7251875 0.51559 0.7214495 0.5214074 0.7072506 0.51559 0.7214495 0.51559 0.6975117 0.5214065 0.7443668 0.5155901 0.742635 0.51559 0.7214495 0.5214058 0.7776196 0.5155898 0.7814014 0.515591 0.7610885 0.515591 0.7610885 0.5155901 0.742635 0.5214065 0.7443668 0.5155898 0.7814014 0.5214058 0.7776196 0.5214043 0.7927901 0.5155898 0.8053132 0.5214043 0.7927901 0.521408 0.8093445 0.5214101 0.8259786 0.5155898 0.8053132 0.521408 0.8093445 0.5155898 0.8275582 0.5214101 0.8259786 0.5214074 0.8427088 0.5155898 0.8275582 0.5155898 0.8053132 0.5214101 0.8259786 0.5211477 0.9296868 0.5155876 0.9281321 0.521407 0.9126655 0.5214074 0.8427088 0.5214047 0.8668602 0.5155897 0.8453055 0.5155898 0.7814014 0.5214043 0.7927901 0.5155898 0.8053132 0.5155897 0.8652845 0.5155897 0.8453055 0.5214047 0.8668602 0.5214074 0.8427088 0.5155897 0.8453055 0.5155898 0.8275582 0.521407 0.9126655 0.5155896 0.9104592 0.5214069 0.8909878 0.5155897 0.8652845 0.5214069 0.8909878 0.5155896 0.889263 0.5211477 0.9296868 0.5186634 0.9478929 0.5155803 0.9466351 0.5214069 0.8909878 0.5155896 0.9104592 0.5155896 0.889263 0.5155896 0.9104592 0.521407 0.9126655 0.5155876 0.9281321 0.5155876 0.9281321 0.5211477 0.9296868 0.5155803 0.9466351 0.5155803 0.9466351 0.5186634 0.9478929 0.5154975 0.9650553 0.5214069 0.8909878 0.5155897 0.8652845 0.5214047 0.8668602 0.312539 0.5630404 0.318374 0.5487366 0.318374 0.5672357 0.318374 0.5487366 0.3125368 0.5445145 0.318374 0.5302866 0.3125408 0.4611197 0.318376 0.4600713 0.318374 0.4860782 0.318374 0.5302866 0.3125331 0.5259888 0.318374 0.5099793 0.318374 0.5099793 0.3125277 0.5074294 0.318374 0.4860782 0.3125316 0.6476455 0.318374 0.6428768 0.318374 0.665105 0.318374 0.6928197 0.3125333 0.6713575 0.318374 0.665105 0.318374 0.5912635 0.312538 0.5868525 0.318374 0.5672357 0.3125382 0.6290439 0.318374 0.6189919 0.318374 0.6428768 0.3125303 0.4864022 0.3125408 0.4611197 0.318374 0.4860782 0.3125303 0.4864022 0.318374 0.4860782 0.3125277 0.5074294 0.312539 0.5630404 0.3125368 0.5445145 0.318374 0.5487366 0.3125277 0.5074294 0.318374 0.5099793 0.3125331 0.5259888 0.3125331 0.5259888 0.318374 0.5302866 0.3125368 0.5445145 0.318374 0.5672357 0.312538 0.5868525 0.312539 0.5630404 0.3125358 0.6105445 0.312538 0.5868525 0.318374 0.5912635 0.3125382 0.6290439 0.3125358 0.6105445 0.318374 0.6189919 0.318374 0.5912635 0.318374 0.6189919 0.3125358 0.6105445 0.3125333 0.6713575 0.318374 0.6928197 0.3125383 0.6924555 0.318374 0.6428768 0.3125316 0.6476455 0.3125382 0.6290439 0.3125316 0.6476455 0.318374 0.665105 0.3125333 0.6713575 0.3125383 0.6924555 0.318374 0.6928197 0.3125396 0.7109745 0.3183739 0.7167149 0.3125396 0.7109745 0.318374 0.6928197 0.318374 0.7814071 0.318374 0.8053159 0.3125269 0.8007051 0.3183739 0.7389211 0.3125382 0.7391012 0.3183739 0.7167149 0.318374 0.7814071 0.3125318 0.7637228 0.3183739 0.7591683 0.3183739 0.7591683 0.3125382 0.7391012 0.3183739 0.7389211 0.318374 0.914312 0.3125423 0.8983578 0.318374 0.895729 0.318374 0.895729 0.3125351 0.8774213 0.318374 0.870019 0.318374 0.8053159 0.318374 0.8274902 0.3125327 0.8220642 0.318374 0.8477788 0.3125314 0.8403915 0.318374 0.8274902 0.318374 0.870019 0.31253 0.8589888 0.318374 0.8477788 0.3125382 0.7391012 0.3183739 0.7591683 0.3125318 0.7637228 0.318374 0.7814071 0.3125316 0.7808389 0.3125318 0.7637228 0.3125396 0.7109745 0.3183739 0.7167149 0.3125382 0.7391012 0.318374 0.7814071 0.3125269 0.8007051 0.3125316 0.7808389 0.3125426 0.9143161 0.3125423 0.8983578 0.318374 0.914312 0.3125351 0.8774213 0.318374 0.895729 0.3125423 0.8983578 0.3125327 0.8220642 0.3125269 0.8007051 0.318374 0.8053159 0.3125327 0.8220642 0.318374 0.8274902 0.3125314 0.8403915 0.318374 0.870019 0.3125351 0.8774213 0.31253 0.8589888 0.31253 0.8589888 0.3125314 0.8403915 0.318374 0.8477788 0.4234135 0.8116795 0.4234135 0.7828978 0.4147549 0.8117495 0.4147549 0.8117495 0.4234135 0.7828978 0.4169301 0.7829654 0.4147549 0.8117495 0.4234135 0.8343533 0.4234135 0.8116795 0.4234135 0.8343533 0.4147549 0.8117495 0.4182795 0.8337221 0.412124 0.846582 0.4182795 0.8337221 0.4147549 0.8117495 0.2890716 0.4969881 0.2949187 0.4888249 0.294916 0.5152975 0.2949187 0.4888249 0.2890723 0.4785148 0.2949063 0.461158 0.2949134 0.5418227 0.2890715 0.5357763 0.294916 0.5152975 0.2890723 0.4785148 0.2890716 0.4599614 0.2949063 0.461158 0.2890716 0.4969881 0.2890723 0.4785148 0.2949187 0.4888249 0.2890716 0.5135719 0.294916 0.5152975 0.2890715 0.5357763 0.2890716 0.5135719 0.2890716 0.4969881 0.294916 0.5152975 0.2949134 0.5418227 0.294911 0.5679507 0.2890715 0.5634087 0.2890715 0.5357763 0.2949134 0.5418227 0.2890715 0.5634087 0.2890715 0.5634087 0.294911 0.5679507 0.2890716 0.5855878 0.2949119 0.6130076 0.2890716 0.6077106 0.2949064 0.5919843 0.2949064 0.5919843 0.2890716 0.5855878 0.294911 0.5679507 0.2949144 0.6566833 0.2890716 0.6464766 0.2949147 0.6354492 0.2949119 0.6130076 0.2949147 0.6354492 0.2890716 0.629893 0.2949144 0.6566833 0.2949104 0.6843143 0.2890715 0.6686801 0.2949119 0.6130076 0.2890716 0.629893 0.2890716 0.6077106 0.2949147 0.6354492 0.2890716 0.6464766 0.2890716 0.629893 0.2890715 0.6686801 0.2890716 0.6464766 0.2949144 0.6566833 0.2949104 0.6843143 0.2890716 0.6963104 0.2890715 0.6686801 0.2890716 0.6077106 0.2890716 0.5855878 0.2949064 0.5919843 0.2949101 0.7359208 0.2949135 0.7583952 0.2890715 0.7425269 0.2949135 0.7583952 0.2949159 0.7781671 0.2890715 0.7664992 0.2890716 0.6963104 0.2949104 0.6843143 0.2949078 0.7108725 0.2890716 0.6963104 0.2949078 0.7108725 0.2890716 0.7203114 0.2890716 0.7203114 0.2949101 0.7359208 0.2890715 0.7425269 0.2890716 0.7203114 0.2949078 0.7108725 0.2949101 0.7359208 0.2890715 0.7664992 0.2890715 0.7425269 0.2949135 0.7583952 0.2949159 0.7781671 0.2949207 0.8005606 0.2890715 0.7850102 0.2890715 0.8439826 0.2949164 0.8403413 0.2949177 0.8614195 0.294915 0.8219789 0.2890716 0.8034403 0.2949207 0.8005606 0.2890716 0.8034403 0.2890715 0.7850102 0.2949207 0.8005606 0.2890715 0.7664992 0.2949159 0.7781671 0.2890715 0.7850102 0.294905 0.9123032 0.2890715 0.8901862 0.294908 0.8851689 0.294915 0.8219789 0.2890715 0.821862 0.2890716 0.8034403 0.2949164 0.8403413 0.2890715 0.8439826 0.2890715 0.821862 0.2949164 0.8403413 0.2890715 0.821862 0.294915 0.8219789 0.294908 0.8851689 0.2890715 0.8901862 0.2949177 0.8614195 0.2890716 0.8679828 0.2949177 0.8614195 0.2890715 0.8901862 0.2890716 0.8679828 0.2890715 0.8439826 0.2949177 0.8614195 0.294905 0.9123032 0.2890716 0.9142004 0.2890715 0.8901862 0.3311955 0.06826055 0.3344929 0.09625792 0.3370277 0.06849902 0.3311955 0.06826055 0.3285579 0.09816586 0.3344929 0.09625792 0.57165 0.01817286 0.5363881 0.009751439 0.5370097 0.01536101 0.5363881 0.009751439 0.57165 0.01817286 0.5713813 0.01258021 0.4810152 0.5096909 0.485714 0.4556027 0.4765504 0.4939152 0.485714 0.4556027 0.479532 0.4596057 0.4765504 0.4939152 0.4810152 0.5096909 0.4765504 0.4939152 0.4740653 0.5225267 0.4530712 0.005554974 0.486577 0.002724528 0.4531579 -3.04535e-6 0.4876937 0.008352816 0.486577 0.002724528 0.4530712 0.005554974 0.4524519 0.0195403 0.4525886 0.02512854 0.4876067 0.0223875 0.4875081 0.02794253 0.4876067 0.0223875 0.4525886 0.02512854 0.1484473 0.4695359 0.114311 0.4665714 0.1114475 0.4721564 0.1114475 0.4721564 0.1601533 0.4763878 0.1484473 0.4695359 0.1601533 0.4763878 0.1721178 0.471593 0.1484473 0.4695359 0.4201065 0.6746357 0.4212856 0.6689131 0.3906998 0.6721432 0.3907315 0.6663073 0.3906998 0.6721432 0.4212856 0.6689131 0.4875594 0.01258355 0.4524963 0.00973767 0.4529553 0.01534271 0.4875361 0.01814246 0.4875594 0.01258355 0.4529553 0.01534271 0.5520224 0.487536 0.5561032 0.5077649 0.5606405 0.4555033 0.5547252 0.4564265 0.5520224 0.487536 0.5606405 0.4555033 0.5492632 0.5192973 0.5561032 0.5077649 0.5520224 0.487536 0.3604742 0.5188618 0.3646367 0.4698998 0.3589617 0.4680195 0.3604742 0.5188618 0.3589617 0.4680195 0.3549573 0.5151241 0.462817 0.6164749 0.4686394 0.6014203 0.4686387 0.6241777 0.4628165 0.66254 0.4686443 0.6458929 0.4686387 0.6686195 0.4628165 0.66254 0.4628203 0.6419504 0.4686443 0.6458929 0.4686387 0.6241777 0.4686443 0.6458929 0.4628203 0.6419504 0.4686387 0.6686195 0.4686427 0.6936627 0.462819 0.6792634 0.4628211 0.7407637 0.4686388 0.722787 0.4686514 0.7517212 0.4686388 0.722787 0.4628186 0.6997669 0.4686427 0.6936627 0.462817 0.6164749 0.4686387 0.6241777 0.4628203 0.6419504 0.462819 0.6792634 0.4628165 0.66254 0.4686387 0.6686195 0.4628034 0.6010426 0.4686394 0.6014203 0.462817 0.6164749 0.4686427 0.6936627 0.4628186 0.6997669 0.462819 0.6792634 0.4628186 0.6997669 0.4686388 0.722787 0.462819 0.7215335 0.4628211 0.7407637 0.462819 0.7215335 0.4686388 0.722787 0.4686514 0.7517212 0.4628185 0.7599857 0.4628211 0.7407637 0.4686514 0.7517212 0.4686502 0.778306 0.4628185 0.7599857 0.4686501 0.7994648 0.4686488 0.8238947 0.4628182 0.8110091 0.4628185 0.7854214 0.4686502 0.778306 0.4686501 0.7994648 0.4686488 0.8238947 0.4686419 0.8480132 0.4628227 0.8303121 0.4686443 0.8708347 0.4677811 0.892508 0.4628189 0.8842741 0.4628167 0.9047703 0.4628189 0.8842741 0.4677811 0.892508 0.4677811 0.892508 0.4655296 0.9092993 0.4628167 0.9047703 0.4630361 0.9233967 0.4628167 0.9047703 0.4655296 0.9092993 0.4628188 0.8494735 0.4686419 0.8480132 0.4686443 0.8708347 0.4628185 0.7854214 0.4628185 0.7599857 0.4686502 0.778306 0.4628188 0.8494735 0.4628227 0.8303121 0.4686419 0.8480132 0.4686501 0.7994648 0.4628182 0.8110091 0.4628185 0.7854214 0.4628227 0.8303121 0.4628182 0.8110091 0.4686488 0.8238947 0.4628171 0.8675525 0.4628188 0.8494735 0.4686443 0.8708347 0.4686443 0.8708347 0.4628189 0.8842741 0.4628171 0.8675525 0.4463175 0.5810434 0.4935615 0.5841409 0.4586519 0.5769429 0.5059762 0.5803887 0.4586519 0.5769429 0.4935615 0.5841409 0.5097408 0.6020336 0.5155718 0.6014671 0.5155555 0.6218826 0.5097392 0.6705982 0.515557 0.6460389 0.51556 0.6677363 0.5097391 0.6281183 0.5155555 0.6218826 0.515557 0.6460389 0.51556 0.688118 0.5155574 0.7072505 0.5097393 0.6975117 0.5097393 0.7254408 0.5155596 0.7251877 0.5155575 0.7418901 0.5155575 0.7418901 0.5155549 0.763498 0.5097393 0.7486079 0.5097408 0.6020336 0.5155555 0.6218826 0.5097391 0.6281183 0.5097391 0.6281183 0.515557 0.6460389 0.5097395 0.6491447 0.51556 0.688118 0.5097393 0.6975117 0.5097392 0.6705982 0.5097392 0.6705982 0.51556 0.6677363 0.51556 0.688118 0.515557 0.6460389 0.5097392 0.6705982 0.5097395 0.6491447 0.5155596 0.7251877 0.5097393 0.7254408 0.5155574 0.7072505 0.5155549 0.763498 0.5097394 0.7696942 0.5097393 0.7486079 0.5097394 0.7696942 0.5155549 0.763498 0.5155602 0.7851846 0.5097393 0.6975117 0.5155574 0.7072505 0.5097393 0.7254408 0.5097393 0.7254408 0.5155575 0.7418901 0.5097393 0.7486079 0.5097394 0.79352 0.5155602 0.7851846 0.5155575 0.8068429 0.5097395 0.8150386 0.5097394 0.79352 0.5155575 0.8068429 0.5155573 0.8439601 0.5097395 0.8326593 0.5155584 0.8272212 0.5097395 0.8150386 0.5155575 0.8068429 0.5155584 0.8272212 0.5155547 0.8618556 0.5155574 0.8810003 0.5097395 0.8772478 0.5152979 0.9296866 0.5097368 0.9189236 0.5155569 0.9126662 0.5155573 0.8439601 0.5155547 0.8618556 0.5097396 0.8533098 0.5097395 0.8326593 0.5155573 0.8439601 0.5097396 0.8533098 0.5155547 0.8618556 0.5097395 0.8772478 0.5097396 0.8533098 0.5097394 0.79352 0.5097394 0.7696942 0.5155602 0.7851846 0.5097395 0.8150386 0.5155584 0.8272212 0.5097395 0.8326593 0.5155487 0.8961615 0.5097395 0.8991962 0.5097395 0.8772478 0.5155574 0.8810003 0.5155487 0.8961615 0.5097395 0.8772478 0.5155569 0.9126662 0.5097395 0.8991962 0.5155487 0.8961615 0.5098198 0.9596559 0.5097365 0.9366737 0.5128157 0.9478767 0.5152979 0.9296866 0.5128157 0.9478767 0.5097365 0.9366737 0.5097395 0.8991962 0.5155569 0.9126662 0.5097368 0.9189236 0.5152979 0.9296866 0.5097365 0.9366737 0.5097368 0.9189236 0.2656468 0.4844418 0.2714907 0.4600771 0.2714892 0.4839611 0.2656468 0.4844418 0.2714892 0.4839611 0.2656463 0.5100665 0.2714892 0.4839611 0.2714887 0.5062878 0.2656463 0.5100665 0.2714887 0.5302884 0.2656463 0.5100665 0.2714887 0.5062878 0.2656522 0.5368148 0.2656463 0.5100665 0.2714887 0.5302884 0.2714887 0.5579208 0.2656524 0.565766 0.2656522 0.5368148 0.2714887 0.5801239 0.2656534 0.5894327 0.2656524 0.565766 0.2656524 0.565766 0.2714887 0.5579208 0.2714887 0.5801239 0.2714887 0.5579208 0.2656522 0.5368148 0.2714887 0.5302884 0.2656573 0.4600343 0.2714907 0.4600771 0.2656468 0.4844418 0.2656534 0.5894327 0.2714887 0.5801239 0.2714887 0.6041247 0.2714887 0.6317571 0.2656488 0.6159877 0.2714887 0.6041247 0.2714887 0.6539593 0.2656441 0.6689268 0.2656434 0.6424469 0.2714887 0.6779608 0.2656441 0.6689268 0.2714887 0.6539593 0.2656532 0.7019961 0.2656441 0.6689268 0.2714887 0.6779608 0.2714887 0.7075011 0.2656532 0.7019961 0.2714887 0.6779608 0.2656434 0.6424469 0.2714887 0.6317571 0.2714887 0.6539593 0.2656488 0.6159877 0.2656534 0.5894327 0.2714887 0.6041247 0.2656488 0.6159877 0.2714887 0.6317571 0.2656434 0.6424469 0.2656506 0.7295987 0.2714887 0.7075011 0.2714887 0.7351251 0.2656519 0.7559054 0.2714882 0.7573686 0.2714887 0.7813248 0.2656519 0.7559054 0.2714887 0.7351251 0.2714882 0.7573686 0.2656475 0.8023499 0.2714887 0.7813248 0.2714888 0.8108663 0.2714887 0.7351251 0.2656519 0.7559054 0.2656506 0.7295987 0.2656506 0.7295987 0.2656532 0.7019961 0.2714887 0.7075011 0.2656475 0.8023499 0.2656477 0.7821874 0.2714887 0.7813248 0.2656477 0.7821874 0.2656519 0.7559054 0.2714887 0.7813248 0.2714888 0.8329834 0.2656442 0.8482955 0.2656494 0.8246253 0.2714888 0.8108663 0.2714888 0.8329834 0.2656494 0.8246253 0.2656442 0.8482955 0.2714888 0.8329834 0.2714887 0.855171 0.2714888 0.8772839 0.2656509 0.8762871 0.2714887 0.855171 0.2714888 0.8956798 0.2656509 0.8762871 0.2714888 0.8772839 0.2714886 0.9143128 0.2656561 0.9108807 0.2714888 0.8956798 0.2656509 0.8762871 0.2656442 0.8482955 0.2714887 0.855171 0.2714888 0.8108663 0.2656494 0.8246253 0.2656475 0.8023499 0.2656561 0.9108807 0.2656509 0.8762871 0.2714888 0.8956798 0.4746062 0.586094 0.4441215 0.586094 0.4587733 0.5922867 0.5126717 0.586094 0.4746062 0.586094 0.5047039 0.5957008 0.5047039 0.5957008 0.4746062 0.586094 0.4587733 0.5922867 0.2656059 0.4860718 0.2656059 0.5153149 0.2597724 0.5153897 0.2656059 0.4860718 0.2597724 0.4914875 0.2597733 0.4748286 0.2597725 0.4599608 0.2656058 0.4602454 0.2656059 0.4860718 0.2597733 0.4748286 0.2597725 0.4599608 0.2656059 0.4860718 0.2597724 0.4914875 0.2656059 0.4860718 0.2597724 0.5153897 0.2597724 0.5153897 0.2656059 0.5153149 0.2656062 0.5447298 0.2656125 0.5706989 0.2656086 0.5919866 0.2597724 0.5781771 0.2597724 0.5542225 0.2656062 0.5447298 0.2656125 0.5706989 0.2656125 0.5706989 0.2597724 0.5781771 0.2597724 0.5542225 0.2597724 0.6224714 0.2656155 0.6130067 0.265618 0.6331961 0.2656155 0.6130067 0.2597723 0.6003612 0.2656086 0.5919866 0.2597724 0.6446602 0.265618 0.6331961 0.2656202 0.6551977 0.2656202 0.6551977 0.2656136 0.6843131 0.2597723 0.6667729 0.2597724 0.5153897 0.2656062 0.5447298 0.2597724 0.5376331 0.2597724 0.5376331 0.2656062 0.5447298 0.2597724 0.5542225 0.2656086 0.5919866 0.2597723 0.6003612 0.2597724 0.5781771 0.265618 0.6331961 0.2597724 0.6446602 0.2597724 0.6224714 0.2656202 0.6551977 0.2597723 0.6667729 0.2597724 0.6446602 0.2597724 0.6224714 0.2597723 0.6003612 0.2656155 0.6130067 0.2656136 0.6843131 0.2597724 0.6963105 0.2597723 0.6667729 0.2656136 0.6843131 0.2656103 0.7119769 0.2597724 0.6963105 0.2656112 0.7568358 0.2597723 0.7425298 0.2656119 0.7320525 0.2597724 0.720312 0.2597724 0.6963105 0.2656103 0.7119769 0.2597724 0.720312 0.2656119 0.7320525 0.2597723 0.7425298 0.2597724 0.720312 0.2656103 0.7119769 0.2656119 0.7320525 0.2597724 0.7645944 0.2597723 0.7425298 0.2656112 0.7568358 0.2656185 0.8562902 0.2597724 0.8550506 0.2656136 0.8322975 0.2597724 0.8550506 0.2656185 0.8562902 0.2656131 0.8766273 0.2597724 0.7886214 0.2656112 0.7568358 0.265616 0.7833758 0.265615 0.8046054 0.2597724 0.7886214 0.265616 0.7833758 0.2656112 0.7568358 0.2597724 0.7886214 0.2597724 0.7645944 0.2656115 0.8984339 0.2641205 0.9142948 0.2597724 0.8990493 0.265615 0.8046054 0.2656136 0.8322975 0.2597724 0.8163503 0.2597724 0.7886214 0.265615 0.8046054 0.2597724 0.8163503 0.2656136 0.8322975 0.2597724 0.8366324 0.2597724 0.8163503 0.2597724 0.8754156 0.2597724 0.8550506 0.2656131 0.8766273 0.2656115 0.8984339 0.2597724 0.8990493 0.2656131 0.8766273 0.2597724 0.8550506 0.2597724 0.8366324 0.2656136 0.8322975 0.2597724 0.8990493 0.2597724 0.8754156 0.2656131 0.8766273 0.426342 -9.40119e-4 0.4204257 -2.60129e-4 0.4174864 0.03300493 0.4233356 0.0327413 0.426342 -9.40119e-4 0.4174864 0.03300493 0.3876746 0.1009752 0.3905592 0.06860941 0.3847259 0.06858426 0.3876746 0.1009752 0.3847259 0.06858426 0.3817448 0.1021502 0.4210162 0.5116643 0.4250357 0.4643851 0.4190176 0.4665389 0.4141519 0.5237808 0.4210162 0.5116643 0.4190176 0.4665389 0.4084154 0.03419059 0.4025702 0.03429186 0.4009556 0.05285233 0.4057059 0.06425547 0.4084154 0.03419059 0.4009556 0.05285233 0.5369474 0.02940142 0.5370151 0.03496533 0.5719094 0.03779268 0.5715687 0.03219795 0.5369474 0.02940142 0.5719094 0.03779268 0.3633389 0.5563541 0.365873 0.5265341 0.3600913 0.5259196 0.3600913 0.5259196 0.3565331 0.5677704 0.3633389 0.5563541 0.3565331 0.5677704 0.3600098 0.5954916 0.3633389 0.5563541 0.3541968 0.5952499 0.3600098 0.5954916 0.3565331 0.5677704 0.3777806 0.6966888 0.3800796 0.6662729 0.3730457 0.6915346 0.3749246 0.6662891 0.3730457 0.6915346 0.3800796 0.6662729 0.5550609 0.07350957 0.5608986 0.07350718 0.563894 0.03831273 0.563894 0.03831273 0.5579993 0.0389716 0.5550609 0.07350957 0.5442919 0.4712693 0.5456652 0.455405 0.5391733 0.462966 0.5442919 0.4712693 0.5391733 0.462966 0.5352725 0.5078675 0.5352725 0.5078675 0.5408901 0.5103991 0.5442919 0.4712693 0.3923727 0.5673114 0.3952703 0.5332223 0.387758 0.5529492 0.3952703 0.5332223 0.3899949 0.5266445 0.387758 0.5529492 0.3900075 0.5951167 0.3923727 0.5673114 0.3847289 0.5885755 0.387758 0.5529492 0.3847289 0.5885755 0.3923727 0.5673114 0.5411169 0.643478 0.5450057 0.6380071 0.5446246 0.6045709 0.5411169 0.643478 0.5450057 0.6663688 0.5450057 0.6380071 0.5450057 0.6663688 0.5411169 0.643478 0.5391718 0.6663702 0.509707 0.6010387 0.5097146 0.6233299 0.5038713 0.6010931 0.5038862 0.6383416 0.5097146 0.6233299 0.50972 0.6540042 0.5097187 0.6777746 0.5097168 0.7015735 0.5038862 0.6818802 0.5038875 0.6588701 0.50972 0.6540042 0.5097187 0.6777746 0.5038875 0.7061312 0.509719 0.725462 0.5038861 0.7279796 0.509719 0.725462 0.5038875 0.7061312 0.5097168 0.7015735 0.509719 0.7519572 0.5038861 0.7279796 0.509719 0.725462 0.50972 0.6540042 0.5038875 0.6588701 0.5038862 0.6383416 0.5038862 0.6383416 0.5038861 0.6177831 0.5097146 0.6233299 0.5038875 0.6588701 0.5097187 0.6777746 0.5038862 0.6818802 0.5038861 0.6177831 0.5038713 0.6010931 0.5097146 0.6233299 0.5097168 0.7015735 0.5038875 0.7061312 0.5038862 0.6818802 0.5038861 0.7279796 0.509719 0.7519572 0.5038868 0.7485198 0.509719 0.7519572 0.503889 0.7653309 0.5038868 0.7485198 0.5097182 0.7836605 0.5097189 0.810264 0.5038864 0.7857463 0.5097184 0.8367549 0.5097204 0.8659867 0.5038866 0.849898 0.5097189 0.810264 0.5097184 0.8367549 0.5038861 0.8113774 0.503887 0.8717465 0.5097204 0.8659867 0.5089644 0.8912114 0.5038846 0.9053018 0.5089644 0.8912114 0.5065974 0.9098384 0.5038846 0.9053018 0.5038845 0.8885531 0.5089644 0.8912114 0.5038846 0.9053018 0.5065974 0.9098384 0.5041039 0.9239602 0.5097182 0.7836605 0.5038864 0.7857463 0.503889 0.7653309 0.5097189 0.810264 0.5038861 0.8113774 0.5038864 0.7857463 0.5038906 0.8307098 0.5038861 0.8113774 0.5097184 0.8367549 0.503887 0.8717465 0.5038866 0.849898 0.5097204 0.8659867 0.5038866 0.849898 0.5038906 0.8307098 0.5097184 0.8367549 0.5038845 0.8885531 0.503887 0.8717465 0.5089644 0.8912114 0.509719 0.7519572 0.5097182 0.7836605 0.503889 0.7653309 0.4136306 0.6121695 0.3907325 0.6102228 0.3907337 0.6160586 0.3907337 0.6160586 0.4190937 0.6160575 0.4136306 0.6121695 0.4525046 0.615673 0.4136306 0.6121695 0.4190937 0.6160575 0.3969801 0.7665163 0.426887 0.7632229 0.3918874 0.7602474 0.4526169 0.76541 0.426887 0.7632229 0.4436326 0.7704827 0.426887 0.7632229 0.3969801 0.7665163 0.4436326 0.7704827 0.1422376 0.5266289 0.1480708 0.5127115 0.1480587 0.532039 0.148059 0.5971881 0.1422396 0.5865235 0.1480615 0.5766955 0.1480591 0.6189253 0.1422396 0.6045948 0.148059 0.5971881 0.1422397 0.6250151 0.1480591 0.6189253 0.1480603 0.639431 0.1480634 0.6561596 0.1422398 0.6499639 0.1480603 0.639431 0.1480634 0.6561596 0.1480602 0.6729229 0.1422398 0.6499639 0.1422398 0.7008005 0.1422398 0.6792088 0.1480586 0.69472 0.1422396 0.5865235 0.1422396 0.5685048 0.1480615 0.5766955 0.1480615 0.5766955 0.1422396 0.5685048 0.1480594 0.5561951 0.1480587 0.532039 0.1422386 0.5465698 0.1422376 0.5266289 0.1480594 0.5561951 0.1422386 0.5465698 0.1480587 0.532039 0.1422401 0.5127313 0.1480708 0.5127115 0.1422376 0.5266289 0.1422396 0.5685048 0.1422386 0.5465698 0.1480594 0.5561951 0.1422396 0.5865235 0.148059 0.5971881 0.1422396 0.6045948 0.1422397 0.6250151 0.1480603 0.639431 0.1422398 0.6499639 0.1480602 0.6729229 0.1422398 0.6792088 0.1422398 0.6499639 0.1422396 0.6045948 0.1480591 0.6189253 0.1422397 0.6250151 0.1480586 0.69472 0.1422398 0.6792088 0.1480602 0.6729229 0.1480595 0.7331553 0.1422399 0.7220183 0.1480596 0.7138698 0.1480596 0.7138698 0.1422398 0.7008005 0.1480586 0.69472 0.1480595 0.7331553 0.1480565 0.758732 0.14224 0.7521376 0.1480592 0.7841514 0.14224 0.7841271 0.1480565 0.758732 0.1480596 0.8033753 0.14224 0.7841271 0.1480592 0.7841514 0.1480596 0.8033753 0.1480575 0.8225894 0.14224 0.8101328 0.1479208 0.8406372 0.1454878 0.8592201 0.1422401 0.8497688 0.1479208 0.8406372 0.14224 0.8286588 0.1480575 0.8225894 0.14224 0.7521376 0.1422399 0.7220183 0.1480595 0.7331553 0.1480565 0.758732 0.14224 0.7841271 0.14224 0.7521376 0.1480596 0.7138698 0.1422399 0.7220183 0.1422398 0.7008005 0.1423595 0.8744099 0.1422401 0.8497688 0.1454878 0.8592201 0.14224 0.7841271 0.1480596 0.8033753 0.14224 0.8101328 0.14224 0.8286588 0.14224 0.8101328 0.1480575 0.8225894 0.14224 0.8286588 0.1479208 0.8406372 0.1422401 0.8497688 0.3066731 0.5393937 0.312513 0.5192297 0.312513 0.5451044 0.312513 0.5451044 0.312513 0.5690142 0.3066779 0.5630408 0.312513 0.4752637 0.3066766 0.470924 0.3081468 0.4599515 0.312513 0.4988632 0.3066763 0.4887536 0.312513 0.4752637 0.312513 0.5192297 0.3066772 0.5118206 0.312513 0.4988632 0.312513 0.6189811 0.312513 0.6485093 0.3066816 0.6174523 0.312513 0.6780421 0.3066817 0.666993 0.312513 0.6485093 0.312513 0.5912634 0.3066773 0.5868526 0.312513 0.5690142 0.312513 0.6189811 0.3066816 0.6174523 0.312513 0.5912634 0.3066763 0.4887536 0.3066766 0.470924 0.312513 0.4752637 0.3066763 0.4887536 0.312513 0.4988632 0.3066772 0.5118206 0.3066772 0.5118206 0.312513 0.5192297 0.3066731 0.5393937 0.3066816 0.6174523 0.312513 0.6485093 0.3066817 0.6428864 0.3066817 0.666993 0.3066817 0.6428864 0.312513 0.6485093 0.312513 0.5451044 0.3066779 0.5630408 0.3066731 0.5393937 0.3066773 0.5868526 0.312513 0.5912634 0.3066816 0.6174523 0.3066773 0.5868526 0.3066779 0.5630408 0.312513 0.5690142 0.3066817 0.666993 0.312513 0.6780421 0.3066815 0.6918314 0.3066815 0.6918314 0.312513 0.6780421 0.312513 0.7075769 0.312513 0.7905471 0.3066716 0.7690121 0.312513 0.7739374 0.312513 0.7314769 0.3066765 0.714987 0.312513 0.7075769 0.312513 0.7314769 0.312513 0.7536872 0.3066785 0.7413737 0.312513 0.7739374 0.3066716 0.7690121 0.312513 0.7536872 0.312513 0.8147032 0.3066664 0.7955843 0.312513 0.7905471 0.3125129 0.9143119 0.3066775 0.9017586 0.3125131 0.8957264 0.3125131 0.8957264 0.3066781 0.8797854 0.3125131 0.870026 0.312513 0.8147032 0.312513 0.8422902 0.3066694 0.8192867 0.3125131 0.870026 0.3066698 0.8503037 0.312513 0.8422902 0.312513 0.7075769 0.3066765 0.714987 0.3066815 0.6918314 0.3066785 0.7413737 0.312513 0.7536872 0.3066716 0.7690121 0.3066785 0.7413737 0.3066765 0.714987 0.312513 0.7314769 0.3066781 0.8797854 0.3066698 0.8503037 0.3125131 0.870026 0.3066781 0.8797854 0.3125131 0.8957264 0.3066775 0.9017586 0.3066816 0.914318 0.3066775 0.9017586 0.3125129 0.9143119 0.3066664 0.7955843 0.312513 0.8147032 0.3066694 0.8192867 0.312513 0.7905471 0.3066664 0.7955843 0.3066716 0.7690121 0.312513 0.8422902 0.3066698 0.8503037 0.3066694 0.8192867 0.3665428 0.7875962 0.3709044 0.7887562 0.3700547 0.7488037 0.4692384 0.03920948 0.4585031 0.04539114 0.4692384 0.05646204 0.4692384 0.05646204 0.4585031 0.04539114 0.4634275 0.05610781 0.4599682 0.09679538 0.4634275 0.05610781 0.4557613 0.07763421 0.4557613 0.07763421 0.4634275 0.05610781 0.4585031 0.04539114 0.4531977 0.1078028 0.4599682 0.09679538 0.4557613 0.07763421 0.2890489 0.4877344 0.2832108 0.4600389 0.2890442 0.459989 0.2890492 0.5180317 0.2890557 0.5379092 0.2832107 0.5265248 0.2832107 0.5043389 0.2890489 0.4877344 0.2890492 0.5180317 0.2832108 0.4600389 0.2890489 0.4877344 0.2832115 0.4785183 0.2832107 0.5043389 0.2832115 0.4785183 0.2890489 0.4877344 0.2832107 0.5431069 0.2832107 0.5265248 0.2890557 0.5379092 0.2890557 0.5379092 0.2890474 0.5589337 0.2832107 0.5431069 0.2832107 0.5043389 0.2890492 0.5180317 0.2832107 0.5265248 0.2890474 0.5589337 0.2890493 0.5853204 0.2832107 0.5653086 0.2890493 0.5853204 0.2890444 0.6085553 0.2832108 0.5929375 0.2890442 0.6629862 0.2832108 0.6482602 0.2890442 0.6335046 0.2890442 0.6335046 0.2832108 0.6206145 0.2890444 0.6085553 0.2832107 0.5431069 0.2890474 0.5589337 0.2832107 0.5653086 0.2890444 0.6085553 0.2832108 0.6206145 0.2832108 0.5929375 0.2832108 0.6482602 0.2832108 0.6206145 0.2890442 0.6335046 0.2832107 0.6705271 0.2832108 0.6482602 0.2890442 0.6629862 0.2890442 0.6629862 0.289044 0.6873925 0.2832107 0.6705271 0.2832108 0.6907734 0.2832107 0.6705271 0.289044 0.6873925 0.2832108 0.5929375 0.2832107 0.5653086 0.2890493 0.5853204 0.2832108 0.7296041 0.2890505 0.7320516 0.2890511 0.754417 0.2832108 0.6907734 0.289044 0.6873925 0.289047 0.709502 0.2832108 0.6907734 0.289047 0.709502 0.2832107 0.7111741 0.2832107 0.7111741 0.289047 0.709502 0.2890505 0.7320516 0.2832108 0.7296041 0.2832107 0.7111741 0.2890505 0.7320516 0.2832106 0.748034 0.2832108 0.7296041 0.2890511 0.754417 0.2832108 0.7645942 0.2832106 0.748034 0.2890511 0.754417 0.2890556 0.7832855 0.2832108 0.7645942 0.2890511 0.754417 0.2832108 0.7645942 0.2890556 0.7832855 0.2832108 0.7886161 0.2890441 0.9143239 0.2832108 0.9142947 0.2890478 0.9030642 0.2890574 0.81643 0.2832107 0.8163504 0.2890556 0.7832855 0.2832107 0.8163504 0.2832108 0.7886161 0.2890556 0.7832855 0.2890574 0.81643 0.2890561 0.8498838 0.2832107 0.8163504 0.2890561 0.8498838 0.2832108 0.8366325 0.2832107 0.8163504 0.2832108 0.8568637 0.2890561 0.8498838 0.2832108 0.8790846 0.2890477 0.8795531 0.2832108 0.8790846 0.2890561 0.8498838 0.2832108 0.8974977 0.2832108 0.8790846 0.2890478 0.9030642 0.2890477 0.8795531 0.2890478 0.9030642 0.2832108 0.8790846 0.2890478 0.9030642 0.2832108 0.9142947 0.2832108 0.8974977 0.2832108 0.8568637 0.2832108 0.8366325 0.2890561 0.8498838 0.3548735 0.03419387 0.3490275 0.03429257 0.3474957 0.05482226 0.3474957 0.05482226 0.3523317 0.06207793 0.3548735 0.03419387 0.331184 0.0342791 0.3282 0.0678361 0.3371006 0.03343647 0.3371006 0.03343647 0.3282 0.0678361 0.3340997 0.06718951 0.4002877 0.5817983 0.4058367 0.585165 0.4107741 0.5270828 0.4002877 0.5817983 0.4107741 0.5270828 0.4044933 0.5323355 0.3905594 0.1029138 0.3847542 0.1025028 0.3886727 0.1223507 0.3886727 0.1223507 0.3847542 0.1025028 0.381803 0.1358013 0.3727105 -1.86243e-6 0.366895 -2.62304e-4 0.3706858 0.02202302 0.366895 -2.62304e-4 0.3639593 0.03283995 0.3706858 0.02202302 0.1485725 0.4983664 0.1093822 0.4949622 0.1198456 0.5017051 0.1633531 0.5054848 0.1721106 0.5004116 0.1485725 0.4983664 0.1485725 0.4983664 0.1198456 0.5017051 0.1633531 0.5054848 0.3548651 0.1029137 0.3490488 0.1026684 0.3526781 0.1269072 0.3461199 0.1356787 0.3526781 0.1269072 0.3490488 0.1026684 0.5713503 0.0223838 0.5370144 0.0196045 0.5372546 0.02518075 0.5372546 0.02518075 0.5713236 0.02794218 0.5713503 0.0223838 0.4480406 0.8047485 0.4496653 0.7828957 0.444494 0.7838156 0.4423412 0.8127667 0.4480406 0.8047485 0.444494 0.7838156 0.4480406 0.8047485 0.4423412 0.8127667 0.4450488 0.8449886 0.4399604 0.8447914 0.4450488 0.8449886 0.4423412 0.8127667 0.4980033 0.6012365 0.503849 0.6236776 0.4980201 0.6226201 0.5038387 0.6012067 0.503849 0.6236776 0.4980033 0.6012365 0.503849 0.6236776 0.503852 0.6473537 0.4980201 0.6226201 0.4980201 0.6226201 0.503852 0.6473537 0.49802 0.6469824 0.4980185 0.6675561 0.503852 0.6473537 0.5038512 0.6749694 0.5038399 0.7161168 0.4980182 0.7035397 0.5038443 0.6993423 0.4980188 0.6867613 0.5038512 0.6749694 0.5038443 0.6993423 0.4980185 0.6675561 0.49802 0.6469824 0.503852 0.6473537 0.5038512 0.6749694 0.4980188 0.6867613 0.4980185 0.6675561 0.5038443 0.6993423 0.4980182 0.7035397 0.4980188 0.6867613 0.5038399 0.734055 0.4980199 0.7215531 0.5038399 0.7161168 0.4980205 0.7444955 0.5038399 0.734055 0.5038409 0.7588439 0.4980199 0.7215531 0.4980182 0.7035397 0.5038399 0.7161168 0.4980199 0.7215531 0.5038399 0.734055 0.4980205 0.7444955 0.498019 0.7674819 0.4980205 0.7444955 0.5038409 0.7588439 0.498019 0.7674819 0.5038409 0.7588439 0.5038472 0.7835311 0.4980204 0.7880062 0.498019 0.7674819 0.5038472 0.7835311 0.5038472 0.7835311 0.5038498 0.805899 0.4980204 0.7880062 0.5038495 0.8270638 0.4980205 0.8084984 0.5038498 0.805899 0.5038495 0.8482236 0.4980186 0.8432894 0.5038495 0.8270638 0.4980251 0.8663199 0.5038498 0.8693943 0.4980177 0.8918063 0.5038498 0.8693943 0.4980251 0.8663199 0.5038495 0.8482236 0.4980186 0.8432894 0.4980199 0.826544 0.5038495 0.8270638 0.4980186 0.8432894 0.5038495 0.8482236 0.4980251 0.8663199 0.4980177 0.8918063 0.5038498 0.8693943 0.5025702 0.8953959 0.4980205 0.8084984 0.4980204 0.7880062 0.5038498 0.805899 0.4980199 0.826544 0.4980205 0.8084984 0.5038495 0.8270638 0.4980202 0.9148467 0.5025702 0.8953959 0.4993186 0.919618 0.4980202 0.9148467 0.4980177 0.8918063 0.5025702 0.8953959 0.5346268 0.04305541 0.5384516 0.06671643 0.5407895 0.03921109 0.5346268 0.04305541 0.5334956 0.07159566 0.5384516 0.06671643 0.536845 0.1063436 0.5384516 0.06671643 0.5334956 0.07159566 0.1579291 0.5383992 0.1637495 0.5282318 0.1637492 0.5499795 0.1579291 0.5564255 0.1637492 0.5499795 0.1637481 0.5704723 0.1637472 0.5935212 0.1579291 0.5760746 0.1637481 0.5704723 0.1637495 0.5282318 0.1579288 0.5140032 0.1637597 0.512696 0.1579291 0.6362299 0.1637474 0.6176723 0.163749 0.6394326 0.1579291 0.6137234 0.1637472 0.5935212 0.1637474 0.6176723 0.1637521 0.6561576 0.1579291 0.6583085 0.163749 0.6394326 0.1637489 0.6729239 0.1579291 0.6583085 0.1637521 0.6561576 0.1637495 0.5282318 0.1579291 0.5383992 0.1579288 0.5140032 0.1637492 0.5499795 0.1579291 0.5564255 0.1579291 0.5383992 0.1579291 0.5564255 0.1637481 0.5704723 0.1579291 0.5760746 0.1579291 0.5760746 0.1637472 0.5935212 0.1579291 0.5955694 0.1579291 0.6137234 0.1579291 0.5955694 0.1637472 0.5935212 0.1637474 0.6176723 0.1579291 0.6362299 0.1579291 0.6137234 0.1579291 0.6362299 0.163749 0.6394326 0.1579291 0.6583085 0.1579291 0.6583085 0.1637489 0.6729239 0.1579291 0.6767384 0.1637474 0.6947196 0.1579291 0.6963599 0.1579291 0.6767384 0.1637489 0.6729239 0.1637474 0.6947196 0.1579291 0.6767384 0.1637533 0.7586165 0.157929 0.7414986 0.1637473 0.7418914 0.1637469 0.7753975 0.157929 0.7702866 0.1637533 0.7586165 0.1637473 0.7418914 0.157929 0.7414986 0.1637464 0.7189177 0.1637474 0.6947196 0.1637464 0.7189177 0.1579291 0.6963599 0.1637469 0.7753975 0.163746 0.7983828 0.157929 0.7702866 0.163746 0.7983828 0.1637462 0.8225921 0.157929 0.800181 0.1636096 0.8406371 0.1611768 0.8592187 0.1579289 0.8456079 0.1636096 0.8406371 0.1579289 0.8456079 0.1637462 0.8225921 0.157929 0.7188995 0.1579291 0.6963599 0.1637464 0.7189177 0.1637464 0.7189177 0.157929 0.7414986 0.157929 0.7188995 0.157929 0.7702866 0.157929 0.7414986 0.1637533 0.7586165 0.157929 0.800181 0.157929 0.7702866 0.163746 0.7983828 0.1579289 0.8227131 0.157929 0.800181 0.1637462 0.8225921 0.1579289 0.8227131 0.1637462 0.8225921 0.1579289 0.8456079 0.1580433 0.8738013 0.1579289 0.8456079 0.1611768 0.8592187 0.2480785 0.4610661 0.2539133 0.4600682 0.2539117 0.4839707 0.2480699 0.5089228 0.2539117 0.4839707 0.2539113 0.5062877 0.2480746 0.5368153 0.2539114 0.5302883 0.2539114 0.5579209 0.2480699 0.5089228 0.2539113 0.5062877 0.2539114 0.5302883 0.2480699 0.5089228 0.2539114 0.5302883 0.2480746 0.5368153 0.2539117 0.4839707 0.2480699 0.5089228 0.2480711 0.4865092 0.2539113 0.580124 0.2480746 0.5657659 0.2539114 0.5579209 0.2539113 0.580124 0.248076 0.5894334 0.2480746 0.5657659 0.2539114 0.6041247 0.248076 0.5894334 0.2539113 0.580124 0.2480746 0.5368153 0.2539114 0.5579209 0.2480746 0.5657659 0.2480711 0.4865092 0.2480785 0.4610661 0.2539117 0.4839707 0.2539114 0.6041247 0.2539114 0.631757 0.248072 0.6159885 0.2539114 0.6041247 0.248072 0.6159885 0.248076 0.5894334 0.2539113 0.6594911 0.2480645 0.6505801 0.2539114 0.631757 0.2480775 0.7029993 0.2480702 0.6816878 0.2539114 0.7000738 0.2539114 0.7000738 0.2480702 0.6816878 0.2539113 0.6835129 0.2480702 0.6816878 0.2539113 0.6594911 0.2539113 0.6835129 0.248072 0.6159885 0.2539114 0.631757 0.2480645 0.6505801 0.2480645 0.6505801 0.2539113 0.6594911 0.2480702 0.6816878 0.2480801 0.7607832 0.2539113 0.7628028 0.2539113 0.7831549 0.2480775 0.7029993 0.2539114 0.7000738 0.2539113 0.7222577 0.248078 0.7400323 0.2539113 0.7222577 0.2539113 0.7462128 0.2539113 0.7462128 0.2539113 0.7628028 0.2480801 0.7607832 0.2480801 0.7851212 0.2480801 0.7607832 0.2539113 0.7831549 0.248078 0.7400323 0.2539113 0.7462128 0.2480801 0.7607832 0.2480801 0.7851212 0.2539113 0.7831549 0.2539114 0.8052833 0.2539113 0.8274563 0.2480801 0.8146635 0.2539114 0.8052833 0.2539114 0.8736483 0.2480798 0.8595363 0.2539114 0.8495857 0.2480801 0.7851212 0.2539114 0.8052833 0.2480801 0.8146635 0.2480714 0.7201195 0.2480775 0.7029993 0.2539113 0.7222577 0.2539113 0.7222577 0.248078 0.7400323 0.2480714 0.7201195 0.2539114 0.8495857 0.24808 0.8378866 0.2539113 0.8274563 0.2539113 0.8274563 0.24808 0.8378866 0.2480801 0.8146635 0.2539114 0.8736483 0.2480799 0.8847753 0.2480798 0.8595363 0.2539114 0.8975498 0.2480799 0.8847753 0.2539114 0.8736483 0.2539113 0.914237 0.24808 0.913392 0.2539114 0.8975498 0.24808 0.913392 0.2480799 0.8847753 0.2539114 0.8975498 0.24808 0.8378866 0.2539114 0.8495857 0.2480798 0.8595363 0.5391717 0.6320154 0.539121 0.601911 0.536249 0.6320767 0.4290039 0.7975565 0.4379966 0.8180343 0.4379967 0.7828956 0.4327582 0.8170934 0.4379966 0.8180343 0.4290039 0.7975565 0.4256092 0.841948 0.4304025 0.8478997 0.4327582 0.8170934 0.4256092 0.841948 0.4327582 0.8170934 0.4290039 0.7975565 0.2363278 0.5168102 0.2304832 0.5190214 0.2363259 0.4968984 0.2363228 0.4758672 0.2304832 0.4600489 0.2363167 0.4600125 0.2363243 0.5351976 0.2304832 0.5190214 0.2363278 0.5168102 0.2363259 0.4968984 0.2304831 0.4803525 0.2363228 0.4758672 0.2304831 0.5467876 0.2363243 0.5351976 0.2363188 0.5589224 0.2304831 0.5689582 0.2363188 0.5589224 0.2363223 0.58779 0.2363288 0.6341848 0.2363311 0.6552581 0.2304831 0.6334065 0.2363268 0.6157049 0.2363288 0.6341848 0.2304831 0.6334065 0.2363223 0.58779 0.2363268 0.6157049 0.2304831 0.6058209 0.2363212 0.696342 0.2304831 0.6962237 0.2363272 0.6774054 0.2304831 0.6741705 0.2363311 0.6552581 0.2363272 0.6774054 0.2304831 0.4803525 0.2304832 0.4600489 0.2363228 0.4758672 0.2304831 0.4803525 0.2363259 0.4968984 0.2304832 0.4969605 0.2304832 0.5190214 0.2304832 0.4969605 0.2363259 0.4968984 0.2304832 0.5190214 0.2363243 0.5351976 0.2304831 0.5467876 0.2304831 0.5467876 0.2363188 0.5589224 0.2304831 0.5689582 0.2304831 0.5689582 0.2363223 0.58779 0.2304831 0.5855691 0.2304831 0.5855691 0.2363223 0.58779 0.2304831 0.6058209 0.2304831 0.6334065 0.2304831 0.6058209 0.2363268 0.6157049 0.2304831 0.6334065 0.2363311 0.6552581 0.2304831 0.6575591 0.2304831 0.6575591 0.2363311 0.6552581 0.2304831 0.6741705 0.2363272 0.6774054 0.2304831 0.6962237 0.2304831 0.6741705 0.2363206 0.713575 0.2363219 0.7332553 0.2304831 0.718473 0.2363262 0.7768788 0.2304831 0.7609518 0.2363202 0.7547877 0.2363206 0.713575 0.2304831 0.6962237 0.2363212 0.696342 0.2363202 0.7547877 0.2304831 0.7387579 0.2363219 0.7332553 0.2363273 0.8031968 0.2304831 0.7830048 0.2363262 0.7768788 0.2363165 0.9143239 0.2304831 0.9142943 0.2363164 0.8983693 0.2304831 0.8643231 0.2363163 0.8539834 0.2363163 0.8733682 0.2363163 0.8539834 0.2304831 0.8477463 0.2363219 0.832103 0.2304831 0.8827452 0.2363163 0.8733682 0.2363164 0.8983693 0.2363219 0.832103 0.2304831 0.8273493 0.2363273 0.8031968 0.2363206 0.713575 0.2304831 0.718473 0.2304831 0.6962237 0.2304831 0.7387579 0.2304831 0.718473 0.2363219 0.7332553 0.2363202 0.7547877 0.2304831 0.7609518 0.2304831 0.7387579 0.2363273 0.8031968 0.2304831 0.805259 0.2304831 0.7830048 0.2363262 0.7768788 0.2304831 0.7830048 0.2304831 0.7609518 0.2304831 0.8273493 0.2304831 0.805259 0.2363273 0.8031968 0.2363219 0.832103 0.2304831 0.8477463 0.2304831 0.8273493 0.2304831 0.8643231 0.2304831 0.8477463 0.2363163 0.8539834 0.2304831 0.8827452 0.2304831 0.8643231 0.2363163 0.8733682 0.2363164 0.8983693 0.2304831 0.8993667 0.2304831 0.8827452 0.2304831 0.9142943 0.2304831 0.8993667 0.2363164 0.8983693 0.3699171 0.1341332 0.3727121 0.1029132 0.3668529 0.1032269 0.3668529 0.1032269 0.3639596 0.135758 0.3699171 0.1341332 0.4263557 0.03339809 0.4204196 0.03427904 0.417421 0.0680471 0.417421 0.0680471 0.4233325 0.06724351 0.4263557 0.03339809 0.4371864 0.5688771 0.4401636 0.5338605 0.4340467 0.5371778 0.4371864 0.5688771 0.4291552 0.594714 0.4349536 0.5951334 0.4371864 0.5688771 0.4340467 0.5371778 0.4291552 0.594714 0.3311854 0.1028966 0.3281983 0.1363422 0.3371028 0.1019616 0.3371028 0.1019616 0.3281983 0.1363422 0.3341012 0.1357901 0.3701769 0.06173759 0.3727203 0.03419381 0.3668828 0.03416377 0.3668828 0.03416377 0.3642411 0.06396454 0.3701769 0.06173759 0.4220115 0.5711513 0.4257757 0.5268607 0.4167363 0.5645511 0.419424 0.532943 0.4167363 0.5645511 0.4257757 0.5268607 0.4145449 0.5903312 0.419969 0.5951588 0.4220115 0.5711513 0.4145449 0.5903312 0.4220115 0.5711513 0.4167363 0.5645511 0.4236552 0.1320235 0.4262562 0.1028889 0.4182772 0.1272007 0.4262562 0.1028889 0.4204189 0.1028912 0.4182772 0.1272007 0.3875935 0.033495 0.3905589 -1.66656e-5 0.3847254 -3.226e-5 0.3847254 -3.226e-5 0.3817427 0.03349298 0.3875935 0.033495 0.509018 0.4651275 0.5117749 0.5005661 0.5156647 0.4557884 0.509018 0.4651275 0.5051549 0.5095941 0.5117749 0.5005661 0.5051549 0.5095941 0.5098661 0.5225489 0.5117749 0.5005661 0.3901103 0.6837428 0.3906906 0.6896364 0.4258154 0.6926155 0.4251068 0.6867094 0.3901103 0.6837428 0.4258154 0.6926155 0.3952161 0.7828661 0.3932922 0.8103235 0.4000875 0.7827755 0.4000875 0.7827755 0.3932922 0.8103235 0.398076 0.8102293 0.4862407 0.6658491 0.4804158 0.6444742 0.4862419 0.6379587 0.4862407 0.6658491 0.4862358 0.6913523 0.4804154 0.6792734 0.4862431 0.6172757 0.4804106 0.6239983 0.4804012 0.6021682 0.4862343 0.6010329 0.4862431 0.6172757 0.4804012 0.6021682 0.4804158 0.6444742 0.4804106 0.6239983 0.4862419 0.6379587 0.4804106 0.6239983 0.4862431 0.6172757 0.4862419 0.6379587 0.4862407 0.6658491 0.4804164 0.6625339 0.4804158 0.6444742 0.4804175 0.7240498 0.4862349 0.7117204 0.4862373 0.7327225 0.4862373 0.7327225 0.4862413 0.7590131 0.4804193 0.7445666 0.4862349 0.7117204 0.4804138 0.6997837 0.4862358 0.6913523 0.4804154 0.6792734 0.4804164 0.6625339 0.4862407 0.6658491 0.4804138 0.6997837 0.4804154 0.6792734 0.4862358 0.6913523 0.4862413 0.7590131 0.4804142 0.7625404 0.4804193 0.7445666 0.4804138 0.6997837 0.4862349 0.7117204 0.4804175 0.7240498 0.4862373 0.7327225 0.4804193 0.7445666 0.4804175 0.7240498 0.4862456 0.7847362 0.4804147 0.7867999 0.4862413 0.7590131 0.4804142 0.7625404 0.4862413 0.7590131 0.4804147 0.7867999 0.4862456 0.7847362 0.4862453 0.805899 0.4804147 0.7867999 0.4804169 0.8097804 0.4862453 0.805899 0.4862452 0.8270651 0.4804156 0.8265442 0.4862452 0.8270651 0.4804143 0.8432895 0.4804143 0.8432895 0.4862452 0.8270651 0.486246 0.8482264 0.4862447 0.8693892 0.4804207 0.8663199 0.486246 0.8482264 0.4849658 0.8953962 0.4804134 0.891806 0.4862447 0.8693892 0.4804143 0.8432895 0.486246 0.8482264 0.4804207 0.8663199 0.4804134 0.891806 0.4804207 0.8663199 0.4862447 0.8693892 0.4804169 0.8097804 0.4804147 0.7867999 0.4862453 0.805899 0.4804156 0.8265442 0.4804169 0.8097804 0.4862452 0.8270651 0.4804159 0.9148467 0.4849658 0.8953962 0.4817144 0.9196181 0.4804159 0.9148467 0.4804134 0.891806 0.4849658 0.8953962 0.3907466 0.7187756 0.4163352 0.7267597 0.4153873 0.72087 0.3907466 0.7187756 0.3907944 0.7246152 0.4163352 0.7267597 0.4163352 0.7267597 0.4493647 0.7237582 0.4153873 0.72087 0.449276 0.7275271 0.4493647 0.7237582 0.4163352 0.7267597 0.5214357 0.6153784 0.5272716 0.6014662 0.5272617 0.6181641 0.5272598 0.6856141 0.5214357 0.6668584 0.5272625 0.6652123 0.5272598 0.6856141 0.5272599 0.7072684 0.5214399 0.6929931 0.527261 0.7610563 0.5214399 0.7514784 0.5272642 0.7443583 0.5272611 0.7276943 0.5272642 0.7443583 0.5214399 0.7514784 0.5272716 0.6014662 0.5214357 0.6153784 0.5214409 0.6014475 0.5272585 0.6423724 0.5214336 0.6383604 0.5272617 0.6181641 0.5272625 0.6652123 0.5214357 0.6668584 0.5272585 0.6423724 0.5272599 0.7072684 0.52144 0.7133346 0.5214399 0.6929931 0.5214357 0.6668584 0.5272598 0.6856141 0.5214399 0.6929931 0.5272617 0.6181641 0.5214336 0.6383604 0.5214357 0.6153784 0.5272585 0.6423724 0.5214357 0.6668584 0.5214336 0.6383604 0.5272611 0.7276943 0.52144 0.7133346 0.5272599 0.7072684 0.5272611 0.7276943 0.52144 0.729375 0.52144 0.7133346 0.5272595 0.7827691 0.5214398 0.7783762 0.527261 0.7610563 0.5272611 0.7276943 0.5214399 0.7514784 0.52144 0.729375 0.5214398 0.7783762 0.5214399 0.7514784 0.527261 0.7610563 0.5272601 0.8285018 0.5214398 0.8158134 0.5272585 0.8068729 0.5272585 0.8068729 0.5214398 0.7978133 0.5272595 0.7827691 0.527259 0.8489111 0.5214398 0.8335772 0.5272601 0.8285018 0.5214397 0.8534051 0.527259 0.8489111 0.5272644 0.8668321 0.5272603 0.90395 0.5214396 0.8995446 0.5272598 0.8835351 0.5271633 0.9255311 0.5214383 0.9209944 0.5272603 0.90395 0.5271633 0.9255311 0.5246881 0.9466347 0.5214383 0.9209944 0.5214397 0.8782275 0.5272644 0.8668321 0.5272598 0.8835351 0.5214398 0.7783762 0.5272595 0.7827691 0.5214398 0.7978133 0.5214398 0.8158134 0.5214398 0.7978133 0.5272585 0.8068729 0.5214398 0.8335772 0.527259 0.8489111 0.5214397 0.8534051 0.5214398 0.8158134 0.5272601 0.8285018 0.5214398 0.8335772 0.5214397 0.8782275 0.5214397 0.8534051 0.5272644 0.8668321 0.5214396 0.8995446 0.5214397 0.8782275 0.5272598 0.8835351 0.5272603 0.90395 0.5214383 0.9209944 0.5214396 0.8995446 0.5214303 0.9466444 0.5214383 0.9209944 0.5246881 0.9466347 0.5213475 0.9650553 0.5214303 0.9466444 0.5246881 0.9466347 0.3242349 0.532199 0.3242349 0.5524331 0.3183978 0.5445148 0.3184 0.5630404 0.3242349 0.5524331 0.324235 0.5690142 0.3242349 0.4860782 0.3242349 0.5099794 0.3183887 0.5074293 0.3184018 0.4611197 0.3242371 0.4600713 0.3242349 0.4860782 0.3242349 0.532199 0.3183941 0.5259888 0.3242349 0.5099794 0.3183935 0.6473907 0.3242349 0.6355698 0.3242349 0.6557946 0.3183947 0.667493 0.3242349 0.6557946 0.324235 0.6780395 0.3242349 0.5912635 0.318399 0.5868526 0.324235 0.5690142 0.3183968 0.6105445 0.3242349 0.5912635 0.3242349 0.613323 0.3242349 0.613323 0.3242349 0.6355698 0.3183992 0.6290439 0.324235 0.6780395 0.3242349 0.707576 0.3183972 0.6899127 0.3183913 0.486402 0.3184018 0.4611197 0.3242349 0.4860782 0.3183913 0.486402 0.3242349 0.4860782 0.3183887 0.5074293 0.3183978 0.5445148 0.3242349 0.5524331 0.3184 0.5630404 0.3183887 0.5074293 0.3242349 0.5099794 0.3183941 0.5259888 0.3183941 0.5259888 0.3242349 0.532199 0.3183978 0.5445148 0.324235 0.5690142 0.318399 0.5868526 0.3184 0.5630404 0.3242349 0.5912635 0.3183968 0.6105445 0.318399 0.5868526 0.3183992 0.6290439 0.3183968 0.6105445 0.3242349 0.613323 0.3242349 0.6355698 0.3183935 0.6473907 0.3183992 0.6290439 0.3183947 0.667493 0.324235 0.6780395 0.3183972 0.6899127 0.3242349 0.6557946 0.3183947 0.667493 0.3183935 0.6473907 0.3242349 0.7905471 0.3242349 0.8146559 0.3183885 0.7955841 0.3242349 0.7905471 0.318396 0.7769778 0.3242349 0.77394 0.3242349 0.7314772 0.3183982 0.714987 0.3242349 0.707576 0.324235 0.7536652 0.3184003 0.7375983 0.3242349 0.7314772 0.3242349 0.77394 0.318395 0.7584848 0.324235 0.7536652 0.324235 0.8791169 0.3183949 0.8654038 0.3242349 0.8570143 0.3184018 0.8893157 0.324235 0.8791169 0.324235 0.8957119 0.324235 0.8957119 0.3242349 0.9139274 0.3184036 0.9142836 0.3242349 0.8146559 0.3242349 0.8366405 0.3183879 0.8405212 0.3183879 0.8405212 0.3242349 0.8366405 0.3242349 0.8570143 0.3242349 0.707576 0.3183982 0.714987 0.3183972 0.6899127 0.3184003 0.7375983 0.324235 0.7536652 0.318395 0.7584848 0.318395 0.7584848 0.3242349 0.77394 0.318396 0.7769778 0.3183982 0.714987 0.3242349 0.7314772 0.3184003 0.7375983 0.3242349 0.7905471 0.3183885 0.7955841 0.318396 0.7769778 0.3183921 0.8164632 0.3183885 0.7955841 0.3242349 0.8146559 0.3242349 0.8570143 0.3183949 0.8654038 0.3183879 0.8405212 0.3183879 0.8405212 0.3183921 0.8164632 0.3242349 0.8146559 0.3183949 0.8654038 0.324235 0.8791169 0.3184018 0.8893157 0.3184018 0.8893157 0.324235 0.8957119 0.3184036 0.9142836 0.5566665 0.6265444 0.5566665 0.5977627 0.5480079 0.6266143 0.5480079 0.6266143 0.5566665 0.5977627 0.5501831 0.5978303 0.5480079 0.6266143 0.5566665 0.6492183 0.5566665 0.6265444 0.5566665 0.6492183 0.5480079 0.6266143 0.551534 0.6485686 0.5450115 0.6662949 0.551534 0.6485686 0.5480079 0.6266143 0.3007751 0.4767712 0.2949324 0.4599613 0.300766 0.4600124 0.2949324 0.5375813 0.3007784 0.5194269 0.3007729 0.5443326 0.3007751 0.4767712 0.2949331 0.4785254 0.2949324 0.4599613 0.2949331 0.4785254 0.3007802 0.496955 0.2949323 0.4969937 0.2949324 0.5135533 0.2949323 0.4969937 0.3007784 0.5194269 0.2949331 0.4785254 0.3007751 0.4767712 0.3007802 0.496955 0.3007802 0.496955 0.3007784 0.5194269 0.2949323 0.4969937 0.2949324 0.5375813 0.2949324 0.5135533 0.3007784 0.5194269 0.3007667 0.5998948 0.3007737 0.6210282 0.2949323 0.6151241 0.2949323 0.6372414 0.3007737 0.6210282 0.3007754 0.6433494 0.3007754 0.6433494 0.3007754 0.6660483 0.2949324 0.6667835 0.3007754 0.6660483 0.3007731 0.6884157 0.2949324 0.6667835 0.2949324 0.5375813 0.3007729 0.5443326 0.2949324 0.5653099 0.3007729 0.5443326 0.3007717 0.5731749 0.2949324 0.5653099 0.3007717 0.5731749 0.3007667 0.5998948 0.2949323 0.5929366 0.3007717 0.5731749 0.2949323 0.5929366 0.2949324 0.5653099 0.3007667 0.5998948 0.2949323 0.6151241 0.2949323 0.5929366 0.3007737 0.6210282 0.2949323 0.6372414 0.2949323 0.6151241 0.2949324 0.6667835 0.2949323 0.6372414 0.3007754 0.6433494 0.3007731 0.6884157 0.2949332 0.6907409 0.2949324 0.6667835 0.3007799 0.7902448 0.2949324 0.7701466 0.3007733 0.7634788 0.2949324 0.7425104 0.3007713 0.7347034 0.3007733 0.7634788 0.3007692 0.71082 0.2949324 0.7147851 0.3007731 0.6884157 0.2949324 0.7147851 0.2949332 0.6907409 0.3007731 0.6884157 0.3007713 0.7347034 0.2949324 0.7147851 0.3007692 0.71082 0.2949324 0.7147851 0.3007713 0.7347034 0.2949324 0.7425104 0.2949324 0.7701466 0.2949324 0.7425104 0.3007733 0.7634788 0.300778 0.8377587 0.2949323 0.816364 0.3007788 0.8151327 0.3007793 0.8588715 0.2949324 0.862468 0.300778 0.8377587 0.2949324 0.862468 0.3007793 0.8588715 0.3007737 0.8773799 0.2949323 0.8901869 0.3007737 0.8773799 0.3007664 0.894672 0.3007788 0.8151327 0.2949323 0.816364 0.3007799 0.7902448 0.2949324 0.7941476 0.2949324 0.7701466 0.3007799 0.7902448 0.3007799 0.7902448 0.2949323 0.816364 0.2949324 0.7941476 0.300778 0.8377587 0.2949324 0.83843 0.2949323 0.816364 0.3007737 0.8773799 0.2949323 0.8901869 0.2949324 0.862468 0.3007658 0.914229 0.2949324 0.9141978 0.2949323 0.8901869 0.3007664 0.894672 0.3007658 0.914229 0.2949323 0.8901869 0.2949324 0.862468 0.2949324 0.83843 0.300778 0.8377587 0.47867 0.03684967 0.4530798 0.02939748 0.4531831 0.03496736 0.47867 0.03684967 0.4803947 0.03172892 0.4530798 0.02939748 0.4441954 0.03336471 0.4382672 0.03427958 0.4353043 0.06764566 0.4353043 0.06764566 0.4411807 0.0672279 0.4441954 0.03336471 0.4108163 0.4554063 0.4044216 0.4620037 0.4079122 0.4895798 0.4044216 0.4620037 0.4003715 0.5096383 0.4079122 0.4895798 0.4003715 0.5096383 0.4049866 0.5239784 0.4079122 0.4895798 0.4441952 -9.39051e-4 0.4382672 -2.60298e-5 0.4353017 0.03336983 0.4353017 0.03336983 0.4411801 0.03293901 0.4441952 -9.39051e-4 0.4234585 0.09982073 0.4262539 0.06860792 0.4203947 0.06892156 0.4203947 0.06892156 0.4175014 0.1014527 0.4234585 0.09982073 0.434466 0.4610644 0.4311656 0.4998846 0.4394512 0.4710564 0.4311656 0.4998846 0.4352871 0.5200278 0.4394512 0.4710564 0.4311656 0.4998846 0.4291152 0.5240077 0.4352871 0.5200278 0.3346299 0.02642494 0.3311835 -1.68556e-5 0.3292677 0.02198696 0.3346299 0.02642494 0.3370178 -1.15597e-5 0.3311835 -1.68556e-5 0.3893104 0.5972289 0.3841482 0.5973036 0.3815397 0.6320772 0.3815397 0.6320772 0.3866932 0.6320748 0.3893104 0.5972289 0.3508864 0.5265846 0.3444218 0.5340004 0.3480499 0.5599699 0.3480499 0.5599699 0.3444218 0.5340004 0.3403395 0.5820147 0.3450674 0.595038 0.3480499 0.5599699 0.3403395 0.5820147 0.3638635 0.1025263 0.3727405 0.0682851 0.366877 0.06858581 0.3727405 0.0682851 0.3638635 0.1025263 0.3697955 0.1015347 0.3913398 0.7826513 0.3864578 0.7828584 0.3846966 0.8081297 0.389063 0.8142231 0.3913398 0.7826513 0.3846966 0.8081297 0.2347603 0.1077185 0.1992729 0.1076825 0.2342446 0.1106193 0.2608953 0.1077185 0.2347603 0.1077185 0.2609133 0.1120352 0.2347603 0.1077185 0.2342446 0.1106193 0.2609133 0.1120352 0.416579 0.8391342 0.4136497 0.8136219 0.4136875 0.8360111 0.416579 0.878854 0.416579 0.8391342 0.4113598 0.8790592 0.4113598 0.8790592 0.416579 0.8391342 0.4136875 0.8360111 0.6494386 0.8660423 0.6497709 0.8612955 0.6173981 0.8612955 0.6494386 0.8660423 0.6173981 0.8612955 0.6151761 0.8642221 0.6494386 0.8660423 0.6738215 0.8612955 0.6497709 0.8612955 0.6494386 0.8660423 0.6738229 0.8673377 0.6738215 0.8612955 0.2342447 0.1283609 0.2347603 0.1254602 0.1992729 0.1254242 0.2608953 0.1254602 0.2347603 0.1254602 0.2609133 0.1297768 0.2347603 0.1254602 0.2342447 0.1283609 0.2609133 0.1297768 0.4477562 0.8391342 0.444827 0.8136221 0.4448648 0.8360111 0.4477562 0.8790246 0.4477562 0.8391342 0.4425497 0.8788241 0.4425497 0.8788241 0.4477562 0.8391342 0.4448648 0.8360111 0.5143431 0.8410067 0.5146753 0.8362599 0.4823025 0.8362599 0.5143431 0.8410067 0.4823025 0.8362599 0.4800803 0.8391864 0.5143431 0.8410067 0.5387259 0.8362598 0.5146753 0.8362599 0.5143431 0.8410067 0.5387274 0.842302 0.5387259 0.8362598 0.4722436 0.7162185 0.4651187 0.7686129 0.3892475 0.7162185 0.5869947 0.7686129 0.4722436 0.7162185 0.5908735 0.7162185 0.6928641 0.768613 0.5908735 0.7162185 0.6928546 0.7162185 0.3888395 0.7147536 0.3892641 0.6623592 0.4445219 0.6623592 0.5318178 0.6623592 0.513589 0.7147536 0.4445219 0.6623592 0.4445219 0.6623592 0.513589 0.7147536 0.3888395 0.7147536 0.6287292 0.6623592 0.598407 0.7147536 0.5318178 0.6623592 0.6928379 0.6623592 0.6930584 0.7147536 0.6287292 0.6623592 0.2248828 0.6915416 0.2449711 0.7194204 0.1993047 0.738742 0.2314496 0.7537043 0.1993047 0.738742 0.2449711 0.7194204 0.2972265 0.6972194 0.2649921 0.6669104 0.2986864 0.6628512 0.2649921 0.6669104 0.2972265 0.6972194 0.2709077 0.7011038 0.2449711 0.7194204 0.2248828 0.6915416 0.2709077 0.7011038 0.2709077 0.7011038 0.2248828 0.6915416 0.2649921 0.6669104 0.2314496 0.7537043 0.2004384 0.7861025 0.1993047 0.738742 0.2388843 0.7898799 0.2004384 0.7861025 0.2314496 0.7537043 0.2198611 0.8219236 0.2004384 0.7861025 0.2388843 0.7898799 0.2388843 0.7898799 0.2662318 0.8144086 0.2198611 0.8219236 0.2198611 0.8219236 0.2662318 0.8144086 0.2459985 0.8436592 0.2662318 0.8144086 0.2851026 0.8542293 0.2459985 0.8436592 0.2662318 0.8144086 0.3075547 0.8180515 0.2851026 0.8542293 0.3372541 0.6752616 0.2972265 0.6972194 0.2986864 0.6628512 0.2972265 0.6972194 0.3372541 0.6752616 0.3224762 0.7056498 0.3224762 0.7056498 0.3372541 0.6752616 0.346819 0.7332061 0.346819 0.7332061 0.3863381 0.7658386 0.3521118 0.7697623 0.346819 0.7332061 0.3749932 0.713289 0.3863381 0.7658386 0.3372541 0.6752616 0.3749932 0.713289 0.346819 0.7332061 0.3387139 0.7986805 0.3314228 0.8463777 0.3075547 0.8180515 0.2851026 0.8542293 0.3075547 0.8180515 0.3314228 0.8463777 0.3521118 0.7697623 0.3676868 0.8162264 0.3387139 0.7986805 0.3863381 0.7658386 0.3676868 0.8162264 0.3521118 0.7697623 0.3314228 0.8463777 0.3387139 0.7986805 0.3676868 0.8162264 0.05411523 0.1077185 0.06889873 0 -1.93125e-5 0 0.1332461 0.1077185 0.06889873 0 0.05411523 0.1077185 0.1332461 0.1077185 0.1388231 0 0.06889873 0 0.1332461 0.1077185 0.1944856 0 0.1388231 0 0.7251015 0.1564221 0.8328201 0.1615779 0.8328201 0.1076993 0.8328201 0.1615779 0.7251015 0.2313829 0.8328201 0.2391329 0.8328201 0.2391329 0.7251015 0.3018501 0.8328201 0.30183 0.6723377 0.3379828 0.6279546 0.3853812 0.6630064 0.3738994 0.6617069 0.3927493 0.6630064 0.3738994 0.6279546 0.3853812 0.6336563 0.4627072 0.6279546 0.3853812 0.6025215 0.4450737 0.6630064 0.3738994 0.6793852 0.3652419 0.6723377 0.3379828 0.6756501 0.404473 0.6617069 0.3927493 0.6490218 0.4645202 0.6617069 0.3927493 0.6279546 0.3853812 0.6490218 0.4645202 0.6336563 0.4627072 0.6025215 0.4450737 0.6223233 0.4711579 0.618969 0.4834185 0.6223233 0.4711579 0.6013875 0.5099129 0.6013875 0.5099129 0.6223233 0.4711579 0.6025215 0.4450737 0.6336563 0.4627072 0.6490218 0.4645202 0.6279546 0.3853812 0.6490218 0.4645202 0.6585535 0.4749776 0.7175595 0.4661028 0.7577982 0.3410089 0.7587773 0.3049277 0.7132418 0.3154019 0.6967702 0.3743734 0.7132418 0.3154019 0.6723377 0.3379828 0.7132418 0.3154019 0.6967702 0.3743734 0.7577982 0.3410089 0.7577982 0.3410089 0.6967702 0.3743734 0.7613116 0.3567274 0.7587773 0.3049277 0.7577982 0.3410089 0.7649891 0.3283312 0.7649891 0.3283312 0.7774329 0.324356 0.7587773 0.3049277 0.7737662 0.3644075 0.7613116 0.3567274 0.7512698 0.4260921 0.6723377 0.3379828 0.6793852 0.3652419 0.6967702 0.3743734 0.7302452 0.4426481 0.6900601 0.4024414 0.6756501 0.404473 0.7302452 0.4426481 0.6989555 0.3912937 0.6900601 0.4024414 0.6967702 0.3743734 0.6989555 0.3912937 0.7613116 0.3567274 0.6989555 0.3912937 0.7512698 0.4260921 0.7613116 0.3567274 0.7302452 0.4426481 0.6756501 0.404473 0.7175595 0.4661028 0.7512698 0.4260921 0.6989555 0.3912937 0.7302452 0.4426481 0.7512698 0.4260921 0.7775189 0.420694 0.7737662 0.3644075 0.6756501 0.404473 0.6490218 0.4645202 0.7175595 0.4661028 0.7167704 0.4927316 0.7175595 0.4661028 0.6585535 0.4749776 0.6241697 0.4954946 0.618969 0.4834185 0.6013875 0.5099129 0.6279545 0.5788103 0.6418254 0.5013898 0.6013875 0.5099129 0.6013875 0.5099129 0.6418254 0.5013898 0.6241697 0.4954946 0.6688444 0.5632879 0.657982 0.4894914 0.6418254 0.5013898 0.657982 0.4894914 0.6885378 0.5613616 0.7167704 0.4927316 0.6688444 0.5632879 0.6418254 0.5013898 0.6279545 0.5788103 0.6885378 0.5613616 0.657982 0.4894914 0.6688444 0.5632879 0.6279545 0.5788103 0.6597203 0.5802951 0.6688444 0.5632879 0.6678834 0.5952234 0.6279545 0.5788103 0.664664 0.6208578 0.6279545 0.5788103 0.6678834 0.5952234 0.6597203 0.5802951 0.664664 0.6208578 0.6874316 0.5976027 0.6678834 0.5952234 0.7047209 0.6448333 0.6874316 0.5976027 0.664664 0.6208578 0.7466416 0.5352579 0.6885378 0.5613616 0.6988543 0.5719173 0.6993154 0.5850002 0.6874316 0.5976027 0.757792 0.617001 0.7266664 0.5175392 0.7167704 0.4927316 0.6885378 0.5613616 0.7266664 0.5175392 0.6885378 0.5613616 0.7466416 0.5352579 0.7668182 0.6024649 0.6988543 0.5719173 0.6993154 0.5850002 0.6988543 0.5719173 0.7668182 0.6024649 0.7466416 0.5352579 0.7668182 0.6024649 0.7774648 0.5434978 0.7466416 0.5352579 0.7668182 0.6024649 0.7812173 0.5997841 0.7774648 0.5434978 0.6874316 0.5976027 0.7047209 0.6448333 0.757792 0.617001 0.757792 0.617001 0.7047209 0.6448333 0.7494454 0.6584511 0.7632723 0.6337878 0.757792 0.617001 0.7494454 0.6584511 0.757792 0.617001 0.7668182 0.6024649 0.6993154 0.5850002 0.7962063 0.659264 0.7775507 0.6398356 0.7494454 0.6584511 0.7494454 0.6584511 0.7775507 0.6398356 0.7632723 0.6337878 0.7167704 0.4927316 0.6585535 0.4749776 0.657982 0.4894914 0.8236399 0.3105712 0.7774329 0.324356 0.7917112 0.3304039 0.8236399 0.3105712 0.7917112 0.3304039 0.7971916 0.3471907 0.7971916 0.3471907 0.8675521 0.3665891 0.8236399 0.3105712 0.7881655 0.3617268 0.8556682 0.3791915 0.7971916 0.3471907 0.7587773 0.3049277 0.7774329 0.324356 0.8236399 0.3105712 0.8675521 0.3665891 0.8826186 0.3379629 0.8236399 0.3105712 0.7881655 0.3617268 0.7737662 0.3644075 0.7775189 0.420694 0.808342 0.4289338 0.8308987 0.4514182 0.8598833 0.3969625 0.8308987 0.4514182 0.8391452 0.4820689 0.8991605 0.4707998 0.7775189 0.420694 0.808342 0.4289338 0.7881655 0.3617268 0.8598833 0.3969625 0.8556682 0.3791915 0.7881655 0.3617268 0.7881655 0.3617268 0.808342 0.4289338 0.8598833 0.3969625 0.8675521 0.3665891 0.7971916 0.3471907 0.8556682 0.3791915 0.8675521 0.3665891 0.8848366 0.3670858 0.8826186 0.3379629 0.9221952 0.3773707 0.8848366 0.3670858 0.8939505 0.3770694 0.8937966 0.3921809 0.8795198 0.404074 0.9448687 0.418108 0.9221952 0.3773707 0.8826186 0.3379629 0.8848366 0.3670858 0.8939505 0.3770694 0.8937966 0.3921809 0.9221952 0.3773707 0.9448687 0.418108 0.9221952 0.3773707 0.8937966 0.3921809 0.8308987 0.4514182 0.8991605 0.4707998 0.8795198 0.404074 0.8795198 0.404074 0.8991605 0.4707998 0.9155925 0.4622108 0.8795198 0.404074 0.8598833 0.3969625 0.8308987 0.4514182 0.9308138 0.468697 0.9553857 0.4634577 0.9155925 0.4622108 0.9448687 0.418108 0.9155925 0.4622108 0.9553857 0.4634577 0.9553857 0.4634577 0.9308138 0.468697 0.9358828 0.4822531 0.9155925 0.4622108 0.9448687 0.418108 0.8795198 0.404074 0.8960663 0.4874951 0.8991605 0.4707998 0.8391452 0.4820689 0.8275451 0.5170006 0.8037137 0.5380996 0.8552727 0.5792096 0.8037137 0.5380996 0.7774648 0.5434978 0.7812173 0.5997841 0.793672 0.6074642 0.8552727 0.5792096 0.8037137 0.5380996 0.9046297 0.4991066 0.8275451 0.5170006 0.8793335 0.5597187 0.8275451 0.5170006 0.8552727 0.5792096 0.863299 0.5631131 0.8275451 0.5170006 0.863299 0.5631131 0.8793335 0.5597187 0.8614428 0.5942935 0.8552727 0.5792096 0.793672 0.6074642 0.8960663 0.4874951 0.8391452 0.4820689 0.8275451 0.5170006 0.7812173 0.5997841 0.793672 0.6074642 0.8037137 0.5380996 0.7899945 0.6358605 0.7775507 0.6398356 0.7962063 0.659264 0.7899945 0.6358605 0.7962063 0.659264 0.7971854 0.6231828 0.793672 0.6074642 0.7971854 0.6231828 0.8614428 0.5942935 0.7971854 0.6231828 0.8502314 0.6448472 0.8614428 0.5942935 0.8756045 0.5994015 0.8614428 0.5942935 0.8502314 0.6448472 0.8756045 0.5994015 0.8502314 0.6448472 0.8903194 0.620858 0.8502314 0.6448472 0.7971854 0.6231828 0.7962063 0.659264 0.8960663 0.4874951 0.8275451 0.5170006 0.9046297 0.4991066 0.8793335 0.5597187 0.9170515 0.5024125 0.9046297 0.4991066 0.9497191 0.5280558 0.9358828 0.4822531 0.9298093 0.4962546 0.9497191 0.5280558 0.9298093 0.4962546 0.9170515 0.5024125 0.9358828 0.4822531 0.9497191 0.5280558 0.9553857 0.4634577 0.8793335 0.5597187 0.8925954 0.5693148 0.9170515 0.5024125 0.8756045 0.5994015 0.8903194 0.620858 0.8917773 0.5893554 0.8925954 0.5693148 0.9222151 0.5867937 0.9497191 0.5280558 0.8925954 0.5693148 0.9497191 0.5280558 0.9170515 0.5024125 0.8917773 0.5893554 0.8903194 0.620858 0.9222151 0.5867937 0.9222151 0.5867937 0.8925954 0.5693148 0.8917773 0.5893554 0.3058148 0.05385923 0.1959227 0.1062537 0.1959232 0.05385923 0.4845154 0.05385923 0.4308034 0.1062537 0.3058148 0.05385923 0.6281962 0.05385923 0.5500326 0.1062537 0.4845154 0.05385923 0.6281962 0.05385923 0.6723191 0.1062537 0.5500326 0.1062537 0.3273811 0 0.4594669 0.05239439 0.3087894 0.05239439 0.4937128 0 0.4594669 0.05239439 0.3273811 0 0.6342397 0 0.6374555 0.05239439 0.4937128 0 0.7597252 0 0.6374555 0.05239439 0.6342397 0 0.2618473 0.3968958 0.2493734 0.3565312 0.2590979 0.377489 0.2157085 0.4010344 0.2464828 0.460313 0.2004894 0.4450408 0.2157085 0.4010344 0.2618473 0.3968958 0.2464828 0.460313 0.2618473 0.3968958 0.2157085 0.4010344 0.2493734 0.3565312 0.2697644 0.3653897 0.2590979 0.377489 0.2493734 0.3565312 0.2697644 0.3653897 0.2493734 0.3565312 0.2838735 0.3634606 0.2782409 0.4070338 0.2464828 0.460313 0.2618473 0.3968958 0.2464828 0.460313 0.2782409 0.4070338 0.282191 0.4618909 0.217858 0.4740002 0.2184851 0.4893475 0.1964134 0.4914407 0.217858 0.4740002 0.1964134 0.4914407 0.2004894 0.4450408 0.2282122 0.4618586 0.217858 0.4740002 0.2004894 0.4450408 0.282191 0.4618909 0.258242 0.4678011 0.2464828 0.460313 0.258242 0.4678011 0.282191 0.4618909 0.2611014 0.4818264 0.2464828 0.460313 0.2282122 0.4618586 0.2004894 0.4450408 0.34756 0.3067067 0.3559151 0.3411318 0.2940592 0.3230034 0.2940592 0.3230034 0.2957646 0.3696693 0.2838735 0.3634606 0.2940592 0.3230034 0.3559151 0.3411318 0.2957646 0.3696693 0.2940592 0.3230034 0.2838735 0.3634606 0.2493734 0.3565312 0.3559151 0.3411318 0.34756 0.3067067 0.3681713 0.3257687 0.3600096 0.3605625 0.302335 0.3849331 0.3559151 0.3411318 0.3757231 0.3682112 0.3549562 0.3882596 0.3600096 0.3605625 0.298261 0.4245468 0.282191 0.4618909 0.2782409 0.4070338 0.2947846 0.4013773 0.298261 0.4245468 0.2782409 0.4070338 0.3559151 0.3411318 0.302335 0.3849331 0.2957646 0.3696693 0.3549562 0.3882596 0.3235625 0.4016398 0.3600096 0.3605625 0.3235625 0.4016398 0.2947846 0.4013773 0.302335 0.3849331 0.3235625 0.4016398 0.298261 0.4245468 0.2947846 0.4013773 0.3600096 0.3605625 0.3235625 0.4016398 0.302335 0.3849331 0.3891398 0.387449 0.3549562 0.3882596 0.3757231 0.3682112 0.1964134 0.4914407 0.2184851 0.4893475 0.233911 0.5015537 0.233911 0.5015537 0.2053266 0.53713 0.1964134 0.4914407 0.2833333 0.5090581 0.2611014 0.4818264 0.282191 0.4618909 0.2534214 0.4974759 0.2611014 0.4818264 0.2833333 0.5090581 0.2534214 0.4974759 0.2687913 0.5575163 0.233911 0.5015537 0.2687913 0.5575163 0.2053266 0.53713 0.233911 0.5015537 0.2833333 0.5090581 0.2687913 0.5575163 0.2534214 0.4974759 0.2824229 0.5545303 0.2687913 0.5575163 0.2982611 0.5396451 0.2053266 0.53713 0.2569694 0.5714759 0.2307294 0.5867938 0.278342 0.6310232 0.2307294 0.5867938 0.2709909 0.5980941 0.2307294 0.5867938 0.2569694 0.5714759 0.2582684 0.5873529 0.2687913 0.5575163 0.2569694 0.5714759 0.2053266 0.53713 0.2907311 0.5948223 0.278342 0.6310232 0.2709909 0.5980941 0.2582684 0.5873529 0.2709909 0.5980941 0.2307294 0.5867938 0.2833333 0.5090581 0.2982611 0.5396451 0.2687913 0.5575163 0.2944033 0.5624347 0.2824229 0.5545303 0.2982611 0.5396451 0.2944033 0.5624347 0.3297119 0.5655222 0.3000831 0.578911 0.2982611 0.5396451 0.3297119 0.5655222 0.2944033 0.5624347 0.3822614 0.576907 0.3610993 0.5988283 0.3297119 0.5655222 0.3535805 0.6105394 0.2907311 0.5948223 0.3000831 0.578911 0.3297119 0.5655222 0.3535805 0.6105394 0.3000831 0.578911 0.3751821 0.5959805 0.3610993 0.5988283 0.3822614 0.576907 0.278342 0.6310232 0.2907311 0.5948223 0.3535805 0.6105394 0.3290503 0.6545653 0.278342 0.6310232 0.3535805 0.6105394 0.3535805 0.6105394 0.3551325 0.6287357 0.3290503 0.6545653 0.3290503 0.6545653 0.3551325 0.6287357 0.3847842 0.6594279 0.3551325 0.6287357 0.3673238 0.6390475 0.3847842 0.6594279 0.3827339 0.638423 0.3847842 0.6594279 0.3673238 0.6390475 0.3535805 0.6105394 0.3297119 0.5655222 0.3610993 0.5988283 0.3681713 0.3257687 0.34756 0.3067067 0.3835815 0.3251441 0.34756 0.3067067 0.403499 0.3057407 0.3835815 0.3251441 0.3835815 0.3251441 0.403499 0.3057407 0.3957726 0.335456 0.403499 0.3057407 0.4564003 0.323875 0.3957726 0.335456 0.4617236 0.3686593 0.3973247 0.3536522 0.4564003 0.323875 0.3973247 0.3536522 0.3957726 0.335456 0.4564003 0.323875 0.3898059 0.3653634 0.3891398 0.387449 0.3757231 0.3682112 0.3891398 0.387449 0.3973247 0.3536522 0.4273818 0.4016647 0.3891398 0.387449 0.3898059 0.3653634 0.3973247 0.3536522 0.4273818 0.4016647 0.4565019 0.4017569 0.4526441 0.4245467 0.4617236 0.3686593 0.4508221 0.3852808 0.3973247 0.3536522 0.4508221 0.3852808 0.4273818 0.4016647 0.3973247 0.3536522 0.4526441 0.4245467 0.4711487 0.409583 0.4687142 0.4618908 0.4711487 0.409583 0.4526441 0.4245467 0.4565019 0.4017569 0.4508221 0.3852808 0.4565019 0.4017569 0.4273818 0.4016647 0.4564003 0.323875 0.4812967 0.3664282 0.4617236 0.3686593 0.5022261 0.3558394 0.4812967 0.3664282 0.4564003 0.323875 0.5022261 0.3558394 0.5303549 0.3930082 0.4926369 0.3768388 0.5303549 0.3930082 0.4942766 0.3917871 0.4926369 0.3768388 0.5022261 0.3558394 0.4926369 0.3768388 0.4812967 0.3664282 0.5303549 0.3930082 0.4861744 0.404522 0.4942766 0.3917871 0.4861744 0.404522 0.4974838 0.4667159 0.4687142 0.4618908 0.4711487 0.409583 0.4861744 0.404522 0.4687142 0.4618908 0.4861744 0.404522 0.5169942 0.462638 0.4974838 0.4667159 0.4898038 0.4823653 0.4687142 0.4618908 0.4974838 0.4667159 0.5303549 0.3930082 0.5486286 0.4358828 0.5169942 0.462638 0.5543282 0.4821128 0.5169942 0.462638 0.5486286 0.4358828 0.5543282 0.4821128 0.5324201 0.4748442 0.5169942 0.462638 0.5169942 0.462638 0.4861744 0.404522 0.5303549 0.3930082 0.3908956 0.6036292 0.3822614 0.576907 0.4326493 0.5581901 0.4561206 0.5628145 0.4482625 0.5774015 0.4326493 0.5581901 0.4326493 0.5581901 0.4482625 0.5774015 0.4533444 0.5923659 0.4561206 0.5628145 0.4326493 0.5581901 0.4726644 0.5571579 0.3908956 0.6036292 0.4326493 0.5581901 0.4533444 0.5923659 0.4726644 0.5571579 0.4326493 0.5581901 0.4648777 0.5153136 0.3908956 0.6036292 0.3751821 0.5959805 0.3822614 0.576907 0.3847842 0.6594279 0.3827339 0.638423 0.3949901 0.62306 0.4533444 0.5923659 0.4661312 0.600435 0.4397026 0.6487899 0.4533444 0.5923659 0.3949901 0.62306 0.3908956 0.6036292 0.4397026 0.6487899 0.3847842 0.6594279 0.3949901 0.62306 0.3949901 0.62306 0.4533444 0.5923659 0.4397026 0.6487899 0.4397026 0.6487899 0.4661312 0.600435 0.4876622 0.6200978 0.4687142 0.4618908 0.4898038 0.4823653 0.4648777 0.5153136 0.4648777 0.5153136 0.4898038 0.4823653 0.4961405 0.4993093 0.4726644 0.5571579 0.4648777 0.5153136 0.4961405 0.4993093 0.5116239 0.5054754 0.4866244 0.5631689 0.4961405 0.4993093 0.5543282 0.4821128 0.5244402 0.5014916 0.5330472 0.4901916 0.5330472 0.4901916 0.5324201 0.4748442 0.5543282 0.4821128 0.5116239 0.5054754 0.5244402 0.5014916 0.5486286 0.5283089 0.5486286 0.5283089 0.5244402 0.5014916 0.5543282 0.4821128 0.4866244 0.5631689 0.4726644 0.5571579 0.4961405 0.4993093 0.4850071 0.5952684 0.4876622 0.6200978 0.4661312 0.600435 0.5116239 0.5054754 0.530372 0.5711541 0.4866244 0.5631689 0.530372 0.5711541 0.4931977 0.5775447 0.4866244 0.5631689 0.530372 0.5711541 0.5116239 0.5054754 0.5486286 0.5283089 0.4876622 0.6200978 0.4850071 0.5952684 0.4931977 0.5775447 0.4931977 0.5775447 0.530372 0.5711541 0.4876622 0.6200978 0.475295 0.7811974 0.4557573 0.7867335 0.4494832 0.7812009 0.436622 0.7867333 0.4167943 0.7812041 0.4494832 0.7812009 0.3949267 0.7812101 0.4167943 0.7812041 0.3950104 0.7867333 0.4895517 0.7867332 0.475295 0.7811974 0.4953106 0.7811977 0.4953106 0.7811977 0.5153232 0.7811979 0.5086901 0.7867331 0.5243388 0.7867258 0.5353365 0.7811977 0.5400423 0.7867237 0.5353365 0.7811977 0.5243388 0.7867258 0.5153232 0.7811979 0.5353365 0.7811977 0.5553539 0.781198 0.5400423 0.7867237 0.5886196 0.7867284 0.5753737 0.781198 0.5953894 0.7811979 0.5953894 0.7811979 0.6128879 0.7811965 0.6098617 0.7867302 0.6328811 0.7811977 0.656672 0.7811959 0.6481423 0.7867333 0.6803306 0.7811969 0.6661717 0.7867341 0.656672 0.7811959 0.5553539 0.781198 0.5753737 0.781198 0.5694945 0.7867262 0.6328811 0.7811977 0.6098617 0.7867302 0.6128879 0.7811965 0.5400423 0.7867237 0.5553539 0.781198 0.5547809 0.7867261 0.4163253 0.7867333 0.3950104 0.7867333 0.4167943 0.7812041 0.4895517 0.7867332 0.4953106 0.7811977 0.5086901 0.7867331 0.5243388 0.7867258 0.5086901 0.7867331 0.5153232 0.7811979 0.436622 0.7867333 0.4494832 0.7812009 0.4557573 0.7867335 0.4726545 0.7867335 0.475295 0.7811974 0.4895517 0.7867332 0.4167943 0.7812041 0.436622 0.7867333 0.4163253 0.7867333 0.4726545 0.7867335 0.4557573 0.7867335 0.475295 0.7811974 0.5886196 0.7867284 0.5694945 0.7867262 0.5753737 0.781198 0.5694945 0.7867262 0.5547809 0.7867261 0.5553539 0.781198 0.6098617 0.7867302 0.5886196 0.7867284 0.5953894 0.7811979 0.6328811 0.7811977 0.6481423 0.7867333 0.6301116 0.7867321 0.6098617 0.7867302 0.6328811 0.7811977 0.6301116 0.7867321 0.6852787 0.7867344 0.6661717 0.7867341 0.6803306 0.7811969 0.656672 0.7811959 0.6661717 0.7867341 0.6481423 0.7867333 0.7578878 0.7811971 0.7495728 0.7867314 0.731643 0.781197 0.7992298 0.7812002 0.7901725 0.786728 0.7815837 0.7811962 0.7721568 0.7867296 0.7578878 0.7811971 0.7815837 0.7811962 0.7052528 0.7811982 0.731643 0.781197 0.7246817 0.7867335 0.7052528 0.7811982 0.6852787 0.7867344 0.6803306 0.7811969 0.7992298 0.7812002 0.8155698 0.7811979 0.8081877 0.7867264 0.7992298 0.7812002 0.8081877 0.7867264 0.7901725 0.786728 0.8081877 0.7867264 0.8155698 0.7811979 0.8261992 0.7867248 0.8816693 0.7811965 0.8722527 0.7867345 0.85805 0.7811953 0.85805 0.7811953 0.8419139 0.786727 0.8355871 0.7811981 0.8992971 0.7812052 0.9168773 0.781196 0.9050151 0.7867351 0.9429505 0.7817102 0.9241506 0.7867351 0.9168773 0.781196 0.8992971 0.7812052 0.886981 0.7867349 0.8816693 0.7811965 0.8419139 0.786727 0.8261992 0.7867248 0.8355871 0.7811981 0.8355871 0.7811981 0.8261992 0.7867248 0.8155698 0.7811979 0.9429505 0.7817102 0.971021 0.7856263 0.9567925 0.7867351 0.7495728 0.7867314 0.7578878 0.7811971 0.7721568 0.7867296 0.7901725 0.786728 0.7721568 0.7867296 0.7815837 0.7811962 0.7044271 0.7867341 0.7052528 0.7811982 0.7246817 0.7867335 0.7044271 0.7867341 0.6852787 0.7867344 0.7052528 0.7811982 0.7495728 0.7867314 0.7246817 0.7867335 0.731643 0.781197 0.8419139 0.786727 0.85805 0.7811953 0.8575465 0.7867344 0.8575465 0.7867344 0.85805 0.7811953 0.8722527 0.7867345 0.886981 0.7867349 0.8722527 0.7867345 0.8816693 0.7811965 0.9168773 0.781196 0.9241506 0.7867351 0.9050151 0.7867351 0.9567925 0.7867351 0.9410472 0.7867351 0.9429505 0.7817102 0.886981 0.7867349 0.8992971 0.7812052 0.9050151 0.7867351 0.9410472 0.7867351 0.9241506 0.7867351 0.9429505 0.7817102 2.99054e-4 0.1832695 0.002313852 0.1678771 0.00289607 0.1463034 6.83475e-4 0.1981832 0.002313852 0.1678771 2.99054e-4 0.1832695 0.3947803 0.8324578 0.389263 0.8258159 0.3946806 0.8146504 0.3941795 0.8531371 0.389263 0.842985 0.3947803 0.8324578 0.389263 0.8258159 0.3947803 0.8324578 0.389263 0.842985 0.389263 0.842985 0.3941795 0.8531371 0.3892629 0.8595227 0.3941795 0.8531371 0.3918901 0.8800768 0.389263 0.8790476 0.389263 0.8790476 0.3892629 0.8595227 0.3941795 0.8531371 0.3902208 0.900811 0.389263 0.8790476 0.3918901 0.8800768 0.5596175 0.8426246 0.557807 0.8587778 0.5568847 0.84259 0.1792568 0.1758508 0.1737278 0.168047 0.1792628 0.1521667 0.1737266 0.2215617 0.1792569 0.2183969 0.1792568 0.2364247 0.1792565 0.2511557 0.1737275 0.2397769 0.1792568 0.2364247 0.1792568 0.1758508 0.1792569 0.1992619 0.1737286 0.1942024 0.1792569 0.2183969 0.1737286 0.1942024 0.1792569 0.1992619 0.1737267 0.2573096 0.1792565 0.2511557 0.1792565 0.2658642 0.1792491 0.2814946 0.1737261 0.2773218 0.1792565 0.2658642 0.1737354 0.3934426 0.1792553 0.3895517 0.1792569 0.4098057 0.1792573 0.4255669 0.1792574 0.4424645 0.1737363 0.4177426 0.1737363 0.4177426 0.1792569 0.4098057 0.1792573 0.4255669 0.1792539 0.3692668 0.1737402 0.3709972 0.1792522 0.3512485 0.1737402 0.3709972 0.1792539 0.3692668 0.1792553 0.3895517 0.1792522 0.3512485 0.1737406 0.3486604 0.1792504 0.3332368 0.1737393 0.3262675 0.1792488 0.3152247 0.1792504 0.3332368 0.1792568 0.1758508 0.1737286 0.1942024 0.1737278 0.168047 0.1737397 0.1520779 0.1792628 0.1521667 0.1737278 0.168047 0.1792472 0.2972108 0.1737335 0.2999851 0.1792491 0.2814946 0.1737335 0.2999851 0.1792472 0.2972108 0.1792488 0.3152247 0.1737335 0.2999851 0.1792488 0.3152247 0.1737393 0.3262675 0.1737286 0.1942024 0.1792569 0.2183969 0.1737266 0.2215617 0.1737275 0.2397769 0.1737266 0.2215617 0.1792568 0.2364247 0.1792565 0.2511557 0.1737267 0.2573096 0.1737275 0.2397769 0.1737267 0.2573096 0.1792565 0.2658642 0.1737261 0.2773218 0.1737335 0.2999851 0.1737261 0.2773218 0.1792491 0.2814946 0.1792522 0.3512485 0.1737402 0.3709972 0.1737406 0.3486604 0.1737406 0.3486604 0.1737393 0.3262675 0.1792504 0.3332368 0.1737342 0.4543116 0.1737343 0.4387258 0.1792574 0.4424645 0.1737354 0.3934426 0.1792569 0.4098057 0.1737363 0.4177426 0.1792553 0.3895517 0.1737354 0.3934426 0.1737402 0.3709972 0.1792574 0.4424645 0.1737343 0.4387258 0.1737363 0.4177426 0.1792574 0.4424645 0.1792571 0.4616014 0.1737342 0.4543116 0.1792564 0.4818891 0.1737284 0.4726492 0.1792571 0.4616014 0.1792564 0.4818891 0.1792544 0.4998719 0.1737296 0.4914671 0.1737354 0.5525047 0.173732 0.5341441 0.179251 0.55061 0.1792544 0.4998719 0.1792536 0.5167662 0.1737294 0.5126963 0.173732 0.5341441 0.1792536 0.5167662 0.1792516 0.5358893 0.173732 0.5341441 0.1792516 0.5358893 0.179251 0.55061 0.1737354 0.5525047 0.179251 0.55061 0.1792491 0.5653486 0.1737361 0.5706317 0.1792491 0.5653486 0.1792476 0.5833668 0.1792572 0.6294016 0.1792576 0.6441549 0.1737389 0.6209577 0.1737396 0.665296 0.1792576 0.6441549 0.1792577 0.6621828 0.1792578 0.704848 0.1737371 0.6896305 0.1792577 0.6813347 0.1792578 0.704848 0.1792641 0.7280921 0.1737303 0.7125486 0.1792572 0.6294016 0.1737389 0.6209577 0.1792571 0.6147055 0.1737369 0.5932031 0.1792476 0.5833668 0.1792497 0.5990678 0.1737369 0.5932031 0.1792497 0.5990678 0.1792571 0.6147055 0.1792577 0.6813347 0.1737396 0.665296 0.1792577 0.6621828 0.1737369 0.5932031 0.1737361 0.5706317 0.1792476 0.5833668 0.1737354 0.5525047 0.1792491 0.5653486 0.1737361 0.5706317 0.1737296 0.4914671 0.1737284 0.4726492 0.1792564 0.4818891 0.1792571 0.4616014 0.1737284 0.4726492 0.1737342 0.4543116 0.1737294 0.5126963 0.1737296 0.4914671 0.1792544 0.4998719 0.1792536 0.5167662 0.173732 0.5341441 0.1737294 0.5126963 0.1737405 0.6440178 0.1737389 0.6209577 0.1792576 0.6441549 0.1792576 0.6441549 0.1737396 0.665296 0.1737405 0.6440178 0.1737389 0.6209577 0.1737301 0.6067904 0.1792571 0.6147055 0.1737301 0.6067904 0.1737369 0.5932031 0.1792571 0.6147055 0.1737396 0.665296 0.1792577 0.6813347 0.1737371 0.6896305 0.1737303 0.7125486 0.1737371 0.6896305 0.1792578 0.704848 0.1737396 0.728513 0.1737303 0.7125486 0.1792641 0.7280921 0.09722995 0.1521841 0.09724056 0.1744282 0.09170544 0.1536171 0.09724187 0.2344765 0.09170818 0.2309231 0.09724217 0.2145082 0.09170699 0.2511088 0.09724187 0.2344765 0.09724247 0.2557498 0.09170752 0.175757 0.09724056 0.1744282 0.09724175 0.1956965 0.09170556 0.1959296 0.09170752 0.175757 0.09724175 0.1956965 0.09724175 0.1956965 0.09724217 0.2145082 0.09170556 0.1959296 0.09724217 0.2145082 0.09170585 0.2150966 0.09170556 0.1959296 0.09170818 0.2309231 0.09170585 0.2150966 0.09724217 0.2145082 0.09724265 0.2757507 0.09170699 0.2511088 0.09724247 0.2557498 0.09171092 0.2757425 0.09170699 0.2511088 0.09724265 0.2757507 0.09171092 0.2757425 0.09724265 0.2757507 0.09724289 0.2995398 0.09171092 0.2757425 0.09724289 0.2995398 0.09171712 0.3016446 0.09724068 0.3247346 0.09171712 0.3016446 0.09724289 0.2995398 0.09171247 0.3265975 0.09724068 0.3247346 0.09724032 0.3472499 0.09724414 0.3721112 0.09724241 0.3958616 0.09170776 0.3839895 0.09723812 0.4196231 0.09724104 0.4448311 0.09170579 0.4347354 0.09171712 0.3016446 0.09724068 0.3247346 0.09171247 0.3265975 0.09170818 0.2309231 0.09724187 0.2344765 0.09170699 0.2511088 0.09170544 0.1536171 0.09724056 0.1744282 0.09170752 0.175757 0.09724032 0.3472499 0.09171301 0.3500949 0.09171247 0.3265975 0.09724032 0.3472499 0.09724414 0.3721112 0.09171301 0.3500949 0.09724414 0.3721112 0.09170776 0.3839895 0.09170901 0.3692557 0.09170818 0.4009119 0.09170776 0.3839895 0.09724241 0.3958616 0.09170901 0.3692557 0.09171301 0.3500949 0.09724414 0.3721112 0.09170919 0.4178385 0.09170818 0.4009119 0.09723812 0.4196231 0.09723812 0.4196231 0.09170818 0.4009119 0.09724241 0.3958616 0.09723812 0.4196231 0.09170579 0.4347354 0.09170919 0.4178385 0.09724354 0.506105 0.09724247 0.5298936 0.09171193 0.5224328 0.09724247 0.5298936 0.09724235 0.5486801 0.09171426 0.5462081 0.09724104 0.4448311 0.09170597 0.4504014 0.09170579 0.4347354 0.0972445 0.4635373 0.09170597 0.4504014 0.09724104 0.4448311 0.0972445 0.4635373 0.09724062 0.4822952 0.09170883 0.4649317 0.09170806 0.4987009 0.09724062 0.4822952 0.09724354 0.506105 0.09724354 0.506105 0.09171193 0.5224328 0.09170806 0.4987009 0.09724259 0.567447 0.09171426 0.5462081 0.09724235 0.5486801 0.09170806 0.4987009 0.09170842 0.4807105 0.09724062 0.4822952 0.09171915 0.5833384 0.09724259 0.567447 0.09724175 0.5887315 0.09724158 0.6086946 0.09171462 0.5990471 0.09724175 0.5887315 0.09170669 0.6146938 0.09724158 0.6086946 0.09724462 0.6311629 0.0917145 0.5653296 0.09724259 0.567447 0.09171915 0.5833384 0.09171462 0.5990471 0.09171915 0.5833384 0.09724175 0.5887315 0.09722942 0.6762019 0.09170693 0.6632459 0.09723591 0.6549001 0.09722942 0.6762019 0.09722721 0.6937244 0.09170663 0.6823732 0.09170907 0.6993016 0.09722721 0.6937244 0.09723156 0.713453 0.09722918 0.7285023 0.09170615 0.7284893 0.09723156 0.713453 0.09171426 0.5462081 0.09171193 0.5224328 0.09724247 0.5298936 0.0917145 0.5653296 0.09171426 0.5462081 0.09724259 0.567447 0.09724158 0.6086946 0.09170669 0.6146938 0.09171462 0.5990471 0.09170842 0.4807105 0.09170883 0.4649317 0.09724062 0.4822952 0.0972445 0.4635373 0.09170883 0.4649317 0.09170597 0.4504014 0.09724462 0.6311629 0.09170675 0.6293841 0.09170669 0.6146938 0.09171003 0.6441393 0.09170675 0.6293841 0.09724462 0.6311629 0.09723591 0.6549001 0.09171003 0.6441393 0.09724462 0.6311629 0.09723591 0.6549001 0.09170693 0.6632459 0.09171003 0.6441393 0.09722942 0.6762019 0.09170663 0.6823732 0.09170693 0.6632459 0.09722721 0.6937244 0.09170907 0.6993016 0.09170663 0.6823732 0.09723156 0.713453 0.0917074 0.7150812 0.09170907 0.6993016 0.09170615 0.7284893 0.0917074 0.7150812 0.09723156 0.713453 0.6791869 0.1072829 0.6781199 0.1402349 0.680568 0.107328 0.3782183 0.2138658 0.3949763 0.2133677 0.3614702 0.2120311 0.3782183 0.2138658 0.4067996 0.2153835 0.3949763 0.2133677 0.4269676 0.2151902 0.3949763 0.2133677 0.4067996 0.2153835 0.360783 0.1575437 0.4126797 0.1606917 0.3858211 0.1578811 0.4195362 0.1596717 0.3858211 0.1578811 0.4126797 0.1606917 0.6155629 0.146808 0.6176933 0.1287091 0.6183252 0.1073995 0.5414944 0.2402821 0.5440211 0.218869 0.5431691 0.2088398 0.5415769 0.2628057 0.5440211 0.218869 0.5414944 0.2402821 0.2021687 0.1316105 0.2285305 0.1341196 0.2395388 0.1333188 0.2395388 0.1333188 0.2285305 0.1341196 0.2603805 0.1351687 0.4611742 0.9019567 0.4473245 0.8964353 0.4641979 0.8964353 0.4970694 0.901961 0.4833129 0.8964353 0.5013332 0.8964354 0.5146206 0.9019641 0.5013332 0.8964354 0.5160442 0.8964357 0.4833129 0.8964353 0.4812861 0.9019557 0.4641979 0.8964353 0.4193311 0.9019526 0.4170381 0.8964285 0.4315989 0.8964353 0.4315989 0.8964353 0.4473245 0.8964353 0.4426279 0.9019568 0.5160442 0.8964357 0.5307422 0.8964357 0.5146206 0.9019641 0.5307422 0.8964357 0.5463442 0.8964432 0.5370059 0.9019631 0.6385926 0.8964385 0.6634613 0.8964364 0.6470703 0.9019523 0.7028245 0.8964354 0.6906512 0.9019525 0.6836957 0.8964357 0.6634613 0.8964364 0.6836957 0.8964357 0.6719028 0.9019514 0.576757 0.896443 0.5926018 0.8964425 0.5847905 0.9019666 0.6385926 0.8964385 0.6258172 0.9019555 0.6138944 0.8964411 0.6138944 0.8964411 0.6083599 0.9019674 0.5926018 0.8964425 0.4426279 0.9019568 0.4193311 0.9019526 0.4315989 0.8964353 0.4473245 0.8964353 0.4611742 0.9019567 0.4426279 0.9019568 0.4970694 0.901961 0.4812861 0.9019557 0.4833129 0.8964353 0.5013332 0.8964354 0.5146206 0.9019641 0.4970694 0.901961 0.5370059 0.9019631 0.5146206 0.9019641 0.5307422 0.8964357 0.4641979 0.8964353 0.4812861 0.9019557 0.4611742 0.9019567 0.5463442 0.8964432 0.5620582 0.8964453 0.5594331 0.9019647 0.5620582 0.8964453 0.576757 0.896443 0.5847905 0.9019666 0.6258172 0.9019555 0.6385926 0.8964385 0.6470703 0.9019523 0.6470703 0.9019523 0.6634613 0.8964364 0.6719028 0.9019514 0.6719028 0.9019514 0.6836957 0.8964357 0.6906512 0.9019525 0.7028245 0.8964354 0.7094015 0.9019539 0.6906512 0.9019525 0.5594331 0.9019647 0.5370059 0.9019631 0.5463442 0.8964432 0.5594331 0.9019647 0.5620582 0.8964453 0.5847905 0.9019666 0.6138944 0.8964411 0.6258172 0.9019555 0.6083599 0.9019674 0.5847905 0.9019666 0.5926018 0.8964425 0.6083599 0.9019674 0.7028245 0.8964354 0.7241374 0.8964356 0.7094015 0.9019539 0.746547 0.8964364 0.733259 0.9019595 0.7241374 0.8964356 0.7714813 0.8964387 0.7558245 0.9019662 0.746547 0.8964364 0.7939342 0.8964405 0.7758156 0.9019655 0.7714813 0.8964387 0.8119314 0.8964423 0.8120931 0.9019658 0.7939342 0.8964405 0.971499 0.8964357 0.9657223 0.9019502 0.9512245 0.8964357 0.9207455 0.9019594 0.91081 0.8964357 0.9321077 0.8964357 0.8938971 0.896436 0.91081 0.8964357 0.898104 0.901967 0.8792347 0.8964362 0.8938971 0.896436 0.898104 0.901967 0.8792347 0.8964362 0.8781073 0.9019659 0.8636007 0.8964435 0.9445489 0.9019525 0.9321077 0.8964357 0.9512245 0.8964357 0.9909867 0.9019544 0.971499 0.8964357 0.9927951 0.8964302 0.7094015 0.9019539 0.7241374 0.8964356 0.733259 0.9019595 0.8479095 0.8964456 0.8333027 0.9019644 0.8299211 0.896444 0.7939342 0.8964405 0.7932984 0.901965 0.7758156 0.9019655 0.7558245 0.9019662 0.733259 0.9019595 0.746547 0.8964364 0.7558245 0.9019662 0.7714813 0.8964387 0.7758156 0.9019655 0.8120931 0.9019658 0.8119314 0.8964423 0.8299211 0.896444 0.8120931 0.9019658 0.8299211 0.896444 0.8333027 0.9019644 0.8120931 0.9019658 0.7932984 0.901965 0.7939342 0.8964405 0.8479095 0.8964456 0.8556939 0.901965 0.8333027 0.9019644 0.8479095 0.8964456 0.8636007 0.8964435 0.8556939 0.901965 0.9321077 0.8964357 0.9445489 0.9019525 0.9207455 0.9019594 0.971499 0.8964357 0.9909867 0.9019544 0.9657223 0.9019502 0.9445489 0.9019525 0.9512245 0.8964357 0.9657223 0.9019502 0.8556939 0.901965 0.8636007 0.8964435 0.8781073 0.9019659 0.8781073 0.9019659 0.8792347 0.8964362 0.898104 0.901967 0.91081 0.8964357 0.9207455 0.9019594 0.898104 0.901967 0.04164111 0.2117251 0.04322129 0.1729093 0.03817462 0.2116351 0.505807 0.8214042 0.4737568 0.8214042 0.4840935 0.825407 0.505807 0.8214042 0.4840935 0.825407 0.5273385 0.8277055 0.5273385 0.8277055 0.5387265 0.8214042 0.505807 0.8214042 0.1376857 0.2800165 0.1362775 0.3005308 0.1375353 0.3030334 0.135082 0.3366356 0.1375353 0.3030334 0.1362775 0.3005308 0.3921359 0.1337745 0.3614956 0.1327657 0.389755 0.1350343 0.4272658 0.1356403 0.3921359 0.1337745 0.389755 0.1350343 0.4269044 0.1370044 0.4272658 0.1356403 0.389755 0.1350343 0.4140352 0.2463272 0.4186424 0.2451874 0.3844615 0.2437515 0.1116259 0.1461805 0.1095629 0.1753302 0.1107736 0.1786603 0.1095629 0.1753302 0.1085721 0.1939923 0.1107736 0.1786603 0.1081793 0.2114635 0.1107736 0.1786603 0.1085721 0.1939923 0.1080797 0.2033094 0.1081793 0.2114635 0.1085721 0.1939923 0.3610243 0.2557357 0.3957283 0.2565879 0.3613469 0.254369 0.1903509 0.2161856 0.1848154 0.2129971 0.1903501 0.1995679 0.1848155 0.1524671 0.1903386 0.1520987 0.1903414 0.1742948 0.1903414 0.1742948 0.1903501 0.1995679 0.1848154 0.1938371 0.1903511 0.2526074 0.1848155 0.2468402 0.1903513 0.2325624 0.1848154 0.2129971 0.1903509 0.2161856 0.1903513 0.2325624 0.1848156 0.2660067 0.1903511 0.2526074 0.1903511 0.2726472 0.184825 0.2974048 0.184823 0.281678 0.1903508 0.2926942 0.1903511 0.2726472 0.1903508 0.2926942 0.184823 0.281678 0.1848204 0.3460532 0.1903507 0.332788 0.1903527 0.3540633 0.1848226 0.3268999 0.1903507 0.3127395 0.1903507 0.332788 0.1848166 0.3876057 0.1903483 0.3728722 0.1903519 0.3916805 0.1903519 0.3916805 0.1903529 0.4142053 0.1848154 0.4078864 0.1848186 0.3673257 0.1903527 0.3540633 0.1903483 0.3728722 0.1848145 0.4281942 0.1903529 0.4142053 0.190352 0.4378984 0.184825 0.2974048 0.1903507 0.3127395 0.1848226 0.3121647 0.1903508 0.2926942 0.1903507 0.3127395 0.184825 0.2974048 0.1848155 0.1735039 0.1848155 0.1524671 0.1903414 0.1742948 0.1848154 0.2129971 0.1848154 0.1938371 0.1903501 0.1995679 0.1848156 0.2660067 0.1848155 0.2468402 0.1903511 0.2526074 0.1848156 0.2660067 0.1903511 0.2726472 0.184823 0.281678 0.1848153 0.2299182 0.1903513 0.2325624 0.1848155 0.2468402 0.1848155 0.1735039 0.1903414 0.1742948 0.1848154 0.1938371 0.1848154 0.2129971 0.1903513 0.2325624 0.1848153 0.2299182 0.1903507 0.332788 0.1848204 0.3460532 0.1848226 0.3268999 0.1848226 0.3268999 0.1848226 0.3121647 0.1903507 0.3127395 0.1903527 0.3540633 0.1848186 0.3673257 0.1848204 0.3460532 0.1848154 0.4078864 0.1848166 0.3876057 0.1903519 0.3916805 0.1848186 0.3673257 0.1903483 0.3728722 0.1848166 0.3876057 0.1848154 0.4078864 0.1903529 0.4142053 0.1848145 0.4281942 0.1848145 0.4281942 0.190352 0.4378984 0.1848145 0.4496798 0.1903517 0.4931499 0.1848163 0.4915008 0.1903505 0.4767884 0.1848208 0.5479009 0.1903524 0.5392991 0.1903485 0.5569715 0.1848191 0.529859 0.1903519 0.5155687 0.1903524 0.5392991 0.1848148 0.4712211 0.1903511 0.4603741 0.1903505 0.4767884 0.1903519 0.5155687 0.1848176 0.5118172 0.1903517 0.4931499 0.1903511 0.4603741 0.1848145 0.4496798 0.190352 0.4378984 0.1903485 0.5569715 0.1903508 0.5733355 0.1848224 0.5659424 0.1848208 0.5479009 0.1903485 0.5569715 0.1848224 0.5659424 0.1848224 0.5659424 0.1903508 0.5733355 0.1848239 0.5839803 0.1848239 0.5839803 0.1903508 0.5733355 0.1903502 0.5933323 0.1903502 0.5933323 0.1903387 0.617004 0.1848219 0.5997164 0.1848143 0.6301028 0.1903387 0.617004 0.1903377 0.6422436 0.1848239 0.5839803 0.1903502 0.5933323 0.1848219 0.5997164 0.1903373 0.6659319 0.1848139 0.6448515 0.1903377 0.6422436 0.1903517 0.6880773 0.1848137 0.682075 0.1903373 0.6659319 0.1894838 0.7073063 0.1859224 0.7290141 0.1848137 0.7147647 0.1848136 0.6989964 0.1903517 0.6880773 0.1894838 0.7073063 0.1848176 0.5118172 0.1848163 0.4915008 0.1903517 0.4931499 0.1848176 0.5118172 0.1903519 0.5155687 0.1848191 0.529859 0.1848208 0.5479009 0.1848191 0.529859 0.1903524 0.5392991 0.1903505 0.4767884 0.1848163 0.4915008 0.1848148 0.4712211 0.1848145 0.4496798 0.1903511 0.4603741 0.1848148 0.4712211 0.1848219 0.5997164 0.1903387 0.617004 0.1848144 0.615374 0.1848144 0.615374 0.1903387 0.617004 0.1848143 0.6301028 0.1848137 0.7147647 0.1848136 0.6989964 0.1894838 0.7073063 0.1848137 0.6629093 0.1903373 0.6659319 0.1848137 0.682075 0.1848143 0.6301028 0.1903377 0.6422436 0.1848139 0.6448515 0.1903373 0.6659319 0.1848137 0.6629093 0.1848139 0.6448515 0.1848136 0.6989964 0.1848137 0.682075 0.1903517 0.6880773 0.4736065 0.8322821 0.5018022 0.8333498 0.489724 0.8319242 0.6413488 0.8729092 0.6237697 0.8713218 0.6082143 0.8715169 0.1650739 0.1643642 0.1595554 0.1563788 0.1649743 0.146557 0.1650739 0.1643642 0.1649975 0.1785931 0.1595528 0.1745007 0.1650739 0.1643642 0.1595528 0.1745007 0.1595554 0.1563788 0.1637187 0.1941933 0.159555 0.1945502 0.1595528 0.1745007 0.1637187 0.1941933 0.1595528 0.1745007 0.1649975 0.1785931 0.1637187 0.1941933 0.1620115 0.213982 0.1595537 0.215891 0.1601988 0.2334011 0.1595537 0.215891 0.1620115 0.213982 0.1595537 0.215891 0.159555 0.1945502 0.1637187 0.1941933 0.4931148 0.8426247 0.4913044 0.8587778 0.490382 0.84259 0.4170125 0.7922716 0.3950329 0.7867372 0.4187537 0.7867432 0.463982 0.7922717 0.4613608 0.7867431 0.4794149 0.7867432 0.4941675 0.7867434 0.4827719 0.7922715 0.4794149 0.7867432 0.4187537 0.7867432 0.4421929 0.7867432 0.4170125 0.7922716 0.508897 0.7867435 0.5003309 0.7922729 0.4941675 0.7867434 0.508897 0.7867435 0.524551 0.7867509 0.5203724 0.7922743 0.4424535 0.7922731 0.4421929 0.7867432 0.4613608 0.7867431 0.6419532 0.7867437 0.631884 0.7922614 0.6170236 0.786746 0.6814097 0.7867426 0.67842 0.7922741 0.6622384 0.7867429 0.6419532 0.7867437 0.6622384 0.7867429 0.6558043 0.7922679 0.6170236 0.786746 0.5942834 0.792258 0.5944063 0.7867478 0.5763685 0.7867496 0.5693783 0.7922605 0.55833 0.7867513 0.5944063 0.7867478 0.5942834 0.792258 0.5763685 0.7867496 0.4170125 0.7922716 0.3949872 0.7922602 0.3950329 0.7867372 0.4827719 0.7922715 0.463982 0.7922717 0.4794149 0.7867432 0.5402898 0.7867528 0.5430681 0.7922673 0.524551 0.7867509 0.4421929 0.7867432 0.4424535 0.7922731 0.4170125 0.7922716 0.463982 0.7922717 0.4424535 0.7922731 0.4613608 0.7867431 0.5003309 0.7922729 0.4827719 0.7922715 0.4941675 0.7867434 0.5003309 0.7922729 0.508897 0.7867435 0.5203724 0.7922743 0.5430681 0.7922673 0.5203724 0.7922743 0.524551 0.7867509 0.5402898 0.7867528 0.55833 0.7867513 0.5430681 0.7922673 0.5693783 0.7922605 0.5763685 0.7867496 0.5942834 0.792258 0.5430681 0.7922673 0.55833 0.7867513 0.5693783 0.7922605 0.6170236 0.786746 0.6130824 0.7922589 0.5942834 0.792258 0.6130824 0.7922589 0.6170236 0.786746 0.631884 0.7922614 0.6558043 0.7922679 0.631884 0.7922614 0.6419532 0.7867437 0.6622384 0.7867429 0.67842 0.7922741 0.6558043 0.7922679 0.67842 0.7922741 0.6814097 0.7867426 0.6984607 0.7922724 0.6814097 0.7867426 0.6983049 0.7867427 0.6984607 0.7922724 0.6984607 0.7922724 0.6983049 0.7867427 0.7141067 0.786743 0.7344264 0.7867446 0.7547062 0.7867459 0.7348309 0.7922711 0.7570708 0.7922694 0.7547062 0.7867459 0.7727523 0.7867475 0.7869365 0.7922644 0.7727523 0.7867475 0.7907927 0.7867493 0.8088203 0.7867508 0.805784 0.7922632 0.7907927 0.7867493 0.8268662 0.7867524 0.8259323 0.792265 0.8088203 0.7867508 0.7141067 0.786743 0.7344264 0.7867446 0.7159857 0.792271 0.8943503 0.7867423 0.9112661 0.7867423 0.9076329 0.7922592 0.929939 0.7922616 0.9304339 0.7867423 0.9507597 0.7867422 0.9507597 0.7867422 0.971802 0.7867359 0.9718559 0.7922607 0.8582601 0.7867429 0.8774301 0.7867426 0.8736914 0.7922601 0.8582601 0.7867429 0.8512095 0.7922609 0.842587 0.7867503 0.9112661 0.7867423 0.9304339 0.7867423 0.929939 0.7922616 0.8943503 0.7867423 0.8900383 0.7922595 0.8774301 0.7867426 0.7570708 0.7922694 0.7727523 0.7867475 0.7732552 0.7922623 0.7869365 0.7922644 0.7732552 0.7922623 0.7727523 0.7867475 0.7869365 0.7922644 0.7907927 0.7867493 0.805784 0.7922632 0.805784 0.7922632 0.8088203 0.7867508 0.8259323 0.792265 0.7344264 0.7867446 0.7348309 0.7922711 0.7159857 0.792271 0.6984607 0.7922724 0.7141067 0.786743 0.7159857 0.792271 0.7570708 0.7922694 0.7348309 0.7922711 0.7547062 0.7867459 0.9076329 0.7922592 0.8900383 0.7922595 0.8943503 0.7867423 0.8900383 0.7922595 0.8736914 0.7922601 0.8774301 0.7867426 0.9112661 0.7867423 0.929939 0.7922616 0.9076329 0.7922592 0.929939 0.7922616 0.9507597 0.7867422 0.9493516 0.7922596 0.9718559 0.7922607 0.9493516 0.7922596 0.9507597 0.7867422 0.8512095 0.7922609 0.8259323 0.792265 0.842587 0.7867503 0.842587 0.7867503 0.8259323 0.792265 0.8268662 0.7867524 0.8582601 0.7867429 0.8736914 0.7922601 0.8512095 0.7922609 0.3660711 0.2306618 0.3762739 0.2320943 0.4027519 0.2321134 0.4025503 0.2334922 0.4027519 0.2321134 0.3762739 0.2320943 0.4027519 0.2321134 0.4025503 0.2334922 0.4259914 0.234056 0.09168654 0.2113742 0.09168833 0.2344757 0.08615481 0.2309232 0.09168779 0.2921386 0.08615761 0.2757425 0.09168946 0.2757508 0.09168833 0.2344757 0.0916891 0.2557497 0.08615368 0.2511091 0.08616381 0.3016445 0.08615761 0.2757425 0.09168779 0.2921386 0.09167718 0.1537715 0.08615398 0.1756525 0.08615177 0.152148 0.08615398 0.1756525 0.09167718 0.1537715 0.09168303 0.1838001 0.09168303 0.1838001 0.08615237 0.1981481 0.08615398 0.1756525 0.08615237 0.1981481 0.09168303 0.1838001 0.09168654 0.2113742 0.08615237 0.1981481 0.09168654 0.2113742 0.08615255 0.2150964 0.09168654 0.2113742 0.08615481 0.2309232 0.08615255 0.2150964 0.09168946 0.2757508 0.08615368 0.2511091 0.0916891 0.2557497 0.08615761 0.2757425 0.08615368 0.2511091 0.09168946 0.2757508 0.08615916 0.3265976 0.09168827 0.309719 0.09168958 0.3285048 0.09168696 0.3472501 0.08615916 0.3265976 0.09168958 0.3285048 0.08616381 0.3016445 0.09168779 0.2921386 0.09168827 0.309719 0.09169113 0.3721101 0.09168863 0.3958582 0.08615446 0.3839896 0.09168803 0.4448282 0.08615243 0.4347354 0.09168481 0.4196235 0.0861597 0.3500947 0.08615916 0.3265976 0.09168696 0.3472501 0.08615368 0.2511091 0.08615481 0.2309232 0.09168833 0.2344757 0.08616381 0.3016445 0.09168827 0.309719 0.08615916 0.3265976 0.09168696 0.3472501 0.09169113 0.3721101 0.0861597 0.3500947 0.08615571 0.3692556 0.0861597 0.3500947 0.09169113 0.3721101 0.08615446 0.3839896 0.08615571 0.3692556 0.09169113 0.3721101 0.09168863 0.3958582 0.09168481 0.4196235 0.08615487 0.4009118 0.08615487 0.4009118 0.08615446 0.3839896 0.09168863 0.3958582 0.08615589 0.4178384 0.08615487 0.4009118 0.09168481 0.4196235 0.09168803 0.4448282 0.08615267 0.4504013 0.08615243 0.4347354 0.08615243 0.4347354 0.08615589 0.4178384 0.09168481 0.4196235 0.0916903 0.506105 0.09168893 0.5286785 0.08615863 0.5224328 0.09168893 0.5286785 0.0916894 0.5487108 0.08616095 0.546208 0.08615267 0.4504013 0.09168803 0.4448282 0.09169107 0.463536 0.08615475 0.4987009 0.08615511 0.4807104 0.09168708 0.4822945 0.09168708 0.4822945 0.08615553 0.4649319 0.09169107 0.463536 0.09168708 0.4822945 0.0916903 0.506105 0.08615475 0.4987009 0.08615475 0.4987009 0.0916903 0.506105 0.08615863 0.5224328 0.08616119 0.5653293 0.0916894 0.5487108 0.0916891 0.5686807 0.09168839 0.5887314 0.08616584 0.5833383 0.0916891 0.5686807 0.08616125 0.5990471 0.09168839 0.5887314 0.09168976 0.608692 0.09169161 0.6310746 0.08615338 0.6146937 0.09168976 0.608692 0.09169161 0.6310746 0.09168446 0.6511501 0.08615499 0.6441324 0.09167462 0.684876 0.08615291 0.680153 0.09167689 0.667366 0.08616119 0.5653293 0.0916891 0.5686807 0.08616584 0.5833383 0.08616125 0.5990471 0.08616584 0.5833383 0.09168839 0.5887314 0.08615666 0.6970641 0.09167462 0.684876 0.09166991 0.7032888 0.08615481 0.7150729 0.09166991 0.7032888 0.09167522 0.72652 0.09168893 0.5286785 0.08616095 0.546208 0.08615863 0.5224328 0.08616095 0.546208 0.0916894 0.5487108 0.08616119 0.5653293 0.09168976 0.608692 0.08615338 0.6146937 0.08616125 0.5990471 0.08615553 0.4649319 0.09168708 0.4822945 0.08615511 0.4807104 0.08615553 0.4649319 0.08615267 0.4504013 0.09169107 0.463536 0.08615404 0.6293839 0.08615338 0.6146937 0.09169161 0.6310746 0.09168446 0.6511501 0.08615362 0.6632459 0.08615499 0.6441324 0.09167689 0.667366 0.08615291 0.680153 0.08615362 0.6632459 0.09167689 0.667366 0.08615362 0.6632459 0.09168446 0.6511501 0.08615666 0.6970641 0.08615291 0.680153 0.09167462 0.684876 0.09166991 0.7032888 0.08615481 0.7150729 0.08615666 0.6970641 0.09167522 0.72652 0.08615279 0.7284896 0.08615481 0.7150729 0.08615499 0.6441324 0.08615404 0.6293839 0.09169161 0.6310746 0.6088503 0.8423021 0.6082396 0.8473848 0.6252285 0.8423021 0.6250861 0.8469718 0.6252285 0.8423021 0.6082396 0.8473848 0.641804 0.8488968 0.6451091 0.8478721 0.6250861 0.8469718 0.6250861 0.8469718 0.6082396 0.8473848 0.641804 0.8488968 0.6740333 0.8496918 0.6451091 0.8478721 0.641804 0.8488968 0.4283449 0.8853089 0.4171559 0.8797782 0.4384995 0.8797846 0.4384995 0.8797846 0.4587423 0.8797846 0.4442649 0.8853107 0.4778819 0.8797847 0.4947209 0.8797847 0.4946101 0.8853154 0.4778819 0.8797847 0.4750558 0.8853105 0.4587423 0.8797846 0.5146073 0.8853154 0.5116347 0.879785 0.5307418 0.8797852 0.5307418 0.8797852 0.5463446 0.8797925 0.5370157 0.8853157 0.4946101 0.8853154 0.4947209 0.8797847 0.5116347 0.879785 0.6385787 0.8797879 0.6634562 0.8797857 0.6543037 0.8853016 0.6634562 0.8797857 0.6858695 0.879785 0.6698265 0.8853016 0.6858695 0.879785 0.7071563 0.8797848 0.6873951 0.8853017 0.6385787 0.8797879 0.6324846 0.8853052 0.6160297 0.8797897 0.5980388 0.8797914 0.5924288 0.8853076 0.5800469 0.8797931 0.6160297 0.8797897 0.6103313 0.8853058 0.5980388 0.8797914 0.7262734 0.8797851 0.7085681 0.8853017 0.7071563 0.8797848 0.4587423 0.8797846 0.4592638 0.8853104 0.4442649 0.8853107 0.4442649 0.8853107 0.4283449 0.8853089 0.4384995 0.8797846 0.4750558 0.8853105 0.4592638 0.8853104 0.4587423 0.8797846 0.5620521 0.8797946 0.5574675 0.8853061 0.5463446 0.8797925 0.5620521 0.8797946 0.5739188 0.8853053 0.5574675 0.8853061 0.5620521 0.8797946 0.5800469 0.8797931 0.5739188 0.8853053 0.4283449 0.8853089 0.4170304 0.8853022 0.4171559 0.8797782 0.5146073 0.8853154 0.4946101 0.8853154 0.5116347 0.879785 0.5146073 0.8853154 0.5307418 0.8797852 0.5370157 0.8853157 0.5370157 0.8853157 0.5463446 0.8797925 0.5574675 0.8853061 0.4750558 0.8853105 0.4778819 0.8797847 0.4946101 0.8853154 0.5924288 0.8853076 0.5980388 0.8797914 0.6103313 0.8853058 0.6103313 0.8853058 0.6160297 0.8797897 0.6324846 0.8853052 0.6324846 0.8853052 0.6385787 0.8797879 0.6543037 0.8853016 0.6543037 0.8853016 0.6634562 0.8797857 0.6698265 0.8853016 0.6858695 0.879785 0.6873951 0.8853017 0.6698265 0.8853016 0.7085681 0.8853017 0.6873951 0.8853017 0.7071563 0.8797848 0.5800469 0.8797931 0.5924288 0.8853076 0.5739188 0.8853053 0.7085681 0.8853017 0.7262734 0.8797851 0.7248594 0.8853059 0.7414653 0.8853059 0.7262734 0.8797851 0.7465418 0.8797858 0.7645044 0.8797879 0.7612442 0.8853059 0.7465418 0.8797858 0.782511 0.8853046 0.7645044 0.8797879 0.7813746 0.8797886 0.7813746 0.8797886 0.800486 0.8797908 0.782511 0.8853046 0.8333026 0.8853123 0.8184868 0.8797926 0.8331887 0.8797926 0.8184868 0.8797926 0.8094994 0.8853138 0.800486 0.8797908 0.8331887 0.8797926 0.8479094 0.8797949 0.8333026 0.8853123 0.8556944 0.8853142 0.8479094 0.8797949 0.8636006 0.8797928 0.8981037 0.8853172 0.8938973 0.8797854 0.9108091 0.879785 0.9623996 0.8853135 0.9512254 0.8797851 0.9714958 0.8797851 0.9321077 0.8797851 0.920745 0.885309 0.9108091 0.879785 0.8981037 0.8853172 0.8792348 0.8797855 0.8938973 0.8797854 0.8636006 0.8797928 0.8792348 0.8797855 0.878108 0.8853161 0.9432849 0.8853017 0.9321077 0.8797851 0.9512254 0.8797851 0.9714958 0.8797851 0.9927984 0.8797795 0.9779964 0.885304 0.9512254 0.8797851 0.9623996 0.8853135 0.9432849 0.8853017 0.7465418 0.8797858 0.7612442 0.8853059 0.7414653 0.8853059 0.7248594 0.8853059 0.7262734 0.8797851 0.7414653 0.8853059 0.782511 0.8853046 0.7612442 0.8853059 0.7645044 0.8797879 0.8184868 0.8797926 0.8333026 0.8853123 0.8094994 0.8853138 0.8094994 0.8853138 0.782511 0.8853046 0.800486 0.8797908 0.8333026 0.8853123 0.8479094 0.8797949 0.8556944 0.8853142 0.9779964 0.885304 0.9623996 0.8853135 0.9714958 0.8797851 0.920745 0.885309 0.9321077 0.8797851 0.9432849 0.8853017 0.878108 0.8853161 0.8556944 0.8853142 0.8636006 0.8797928 0.8792348 0.8797855 0.8981037 0.8853172 0.878108 0.8853161 0.9839521 0.8853128 0.9927984 0.8797795 0.9924508 0.8853031 0.9839521 0.8853128 0.9779964 0.885304 0.9927984 0.8797795 0.920745 0.885309 0.8981037 0.8853172 0.9108091 0.879785 0.1595456 0.1951161 0.1597359 0.1727279 0.1569558 0.1951174 0.379895 0.2811961 0.3942378 0.28057 0.3614982 0.2794723 0.379895 0.2811961 0.4137468 0.2829936 0.3942378 0.28057 0.3942378 0.28057 0.4137468 0.2829936 0.4214887 0.2820184 0.2167365 0.1955662 0.2285882 0.1948091 0.2003849 0.1938328 0.2167365 0.1955662 0.2451571 0.1970762 0.2285882 0.1948091 0.2558303 0.1966536 0.2285882 0.1948091 0.2451571 0.1970762 0.386353 0.287649 0.3997026 0.2870885 0.3614807 0.2855852 0.6407046 0.2321326 0.641315 0.2467454 0.6429001 0.2052789 0.6393998 0.2659657 0.641315 0.2467454 0.6407046 0.2321326 0.2018806 0.1637387 0.2178908 0.1645869 0.2103334 0.1628029 0.2178908 0.1645869 0.2275708 0.1651039 0.2103334 0.1628029 0.2539437 0.1651198 0.2103334 0.1628029 0.2275708 0.1651039 0.2275708 0.1651039 0.2534627 0.1664775 0.2539437 0.1651198 0.02937036 0.1776335 0.03106749 0.1620079 0.03117632 0.145751 0.03741735 0.1459102 0.03577816 0.1788976 0.03729748 0.1626206 0.4070656 0.1895636 0.3694404 0.1880707 0.3999469 0.1905725 0.4265406 0.1917255 0.4070656 0.1895636 0.3999469 0.1905725 0.240275 0.2506339 0.2027905 0.2490934 0.2236455 0.2511355 0.2562328 0.2523699 0.240275 0.2506339 0.2236455 0.2511355 0.6162354 0.2278896 0.6167551 0.2442249 0.6179004 0.2072659 0.6145797 0.2632909 0.6167551 0.2442249 0.6162354 0.2278896 0.5672426 0.1487109 0.5686783 0.1122862 0.5667605 0.1316626 0.5667605 0.1316626 0.565322 0.1675383 0.5672426 0.1487109 0.3777869 0.12218 0.4023116 0.1220942 0.3646824 0.1207512 0.4151507 0.1239566 0.4023116 0.1220942 0.3777869 0.12218 0.4659012 0.9131016 0.4450365 0.9186351 0.4456745 0.9131028 0.4834553 0.9131028 0.4675432 0.9186376 0.4659012 0.9131016 0.5171051 0.9186373 0.5021492 0.9131013 0.5246296 0.9131016 0.5458731 0.9131007 0.5405892 0.9186332 0.5246296 0.9131016 0.5021492 0.9131013 0.4969469 0.918635 0.4834553 0.9131028 0.4186226 0.9186378 0.4170246 0.9131147 0.429019 0.9131106 0.429019 0.9131106 0.4456745 0.9131028 0.4450365 0.9186351 0.4186226 0.9186378 0.429019 0.9131106 0.4450365 0.9186351 0.4675432 0.9186376 0.4450365 0.9186351 0.4659012 0.9131016 0.4834553 0.9131028 0.4822151 0.9186375 0.4675432 0.9186376 0.4822151 0.9186375 0.4834553 0.9131028 0.4969469 0.918635 0.5171051 0.9186373 0.5246296 0.9131016 0.5405892 0.9186332 0.5171051 0.9186373 0.4969469 0.918635 0.5021492 0.9131013 0.5458731 0.9131007 0.5671301 0.9131033 0.5620369 0.9186252 0.6891397 0.9186375 0.6748192 0.9131025 0.6909661 0.9130975 0.6509004 0.9131056 0.6748192 0.9131025 0.6689559 0.918635 0.5671301 0.9131033 0.5883446 0.9131033 0.5767477 0.9186304 0.5405892 0.9186332 0.5458731 0.9131007 0.5620369 0.9186252 0.5767477 0.9186304 0.5620369 0.9186252 0.5671301 0.9131033 0.7083206 0.9131031 0.6891397 0.9186375 0.6909661 0.9130975 0.6105553 0.9186304 0.5883446 0.9131033 0.6071755 0.913101 0.6105553 0.9186304 0.6071755 0.913101 0.625815 0.9131035 0.6465691 0.9186362 0.625815 0.9131035 0.6509004 0.9131056 0.5767477 0.9186304 0.5883446 0.9131033 0.5914598 0.9186307 0.5883446 0.9131033 0.6105553 0.9186304 0.5914598 0.9186307 0.625815 0.9131035 0.6285848 0.9186329 0.6105553 0.9186304 0.6465691 0.9186362 0.6285848 0.9186329 0.625815 0.9131035 0.7083206 0.9131031 0.7049536 0.9186387 0.6891397 0.9186375 0.6465691 0.9186362 0.6509004 0.9131056 0.6689559 0.918635 0.6748192 0.9131025 0.6891397 0.9186375 0.6689559 0.918635 0.7645795 0.9131014 0.7545537 0.9186364 0.7445767 0.9131023 0.7736834 0.9186355 0.7645795 0.9131014 0.7809337 0.9131026 0.7972912 0.9131023 0.7927973 0.9186308 0.7809337 0.9131026 0.721874 0.9186376 0.7049536 0.9186387 0.7083206 0.9131031 0.721874 0.9186376 0.7083206 0.9131031 0.7271229 0.9130998 0.7376775 0.9186349 0.7271229 0.9130998 0.7445767 0.9131023 0.721874 0.9186376 0.7271229 0.9130998 0.7376775 0.9186349 0.7545537 0.9186364 0.7376775 0.9186349 0.7445767 0.9131023 0.7736834 0.9186355 0.7809337 0.9131026 0.7927973 0.9186308 0.8172408 0.9131028 0.8108145 0.918633 0.7972912 0.9131023 0.8287916 0.9186298 0.8108145 0.918633 0.8172408 0.9131028 0.8287916 0.9186298 0.8172408 0.9131028 0.8334798 0.9130965 0.8770094 0.9131141 0.86926 0.9186342 0.8509333 0.9131032 0.9501233 0.9186393 0.9445428 0.9131026 0.9633044 0.9134247 0.8287916 0.9186298 0.8334798 0.9130965 0.8509333 0.9131032 0.8905921 0.9186385 0.8770094 0.9131141 0.9047273 0.9131165 0.86926 0.9186342 0.8479005 0.9186269 0.8509333 0.9131032 0.86926 0.9186342 0.8770094 0.9131141 0.8905921 0.9186385 0.9354494 0.9186393 0.9258469 0.9131024 0.9445428 0.9131026 0.9929081 0.9158784 0.9924753 0.9186397 0.9807794 0.9148229 0.7736834 0.9186355 0.7545537 0.9186364 0.7645795 0.9131014 0.7927973 0.9186308 0.7972912 0.9131023 0.8108145 0.918633 0.8509333 0.9131032 0.8479005 0.9186269 0.8287916 0.9186298 0.9047273 0.9131165 0.912943 0.9186367 0.8905921 0.9186385 0.9258469 0.9131024 0.912943 0.9186367 0.9047273 0.9131165 0.9445428 0.9131026 0.9501233 0.9186393 0.9354494 0.9186393 0.9807794 0.9148229 0.9691151 0.918638 0.9633044 0.9134247 0.9354494 0.9186393 0.912943 0.9186367 0.9258469 0.9131024 0.9501233 0.9186393 0.9633044 0.9134247 0.9691151 0.918638 0.9691151 0.918638 0.9807794 0.9148229 0.9924753 0.9186397 0.05838114 0.1594662 0.05286389 0.1640163 0.05836361 0.1464192 0.05838114 0.1594662 0.05832749 0.1761359 0.05286389 0.1640163 0.05832749 0.1761359 0.05286389 0.1898217 0.05286389 0.1640163 0.05286389 0.1898217 0.05832749 0.1761359 0.0566824 0.1981593 0.05286389 0.1898217 0.0566824 0.1981593 0.05439484 0.2201755 0.5013279 0.8853359 0.4998602 0.8908646 0.4833188 0.8853359 0.4998602 0.8908646 0.5013279 0.8853359 0.5160436 0.8853363 0.4401205 0.8908606 0.4408184 0.8853361 0.4642019 0.885336 0.4401205 0.8908606 0.4171563 0.88533 0.4408184 0.8853361 0.4642019 0.885336 0.4833188 0.8853359 0.4773908 0.8908628 0.5221928 0.8908668 0.5160436 0.8853363 0.5307378 0.8853363 0.5421832 0.8908677 0.5307378 0.8853363 0.5463514 0.8853436 0.6534173 0.8908544 0.638594 0.8853388 0.6634619 0.8853365 0.6998388 0.8908663 0.6836962 0.8853358 0.7028201 0.8853355 0.6634619 0.8853365 0.6836962 0.8853358 0.6772772 0.8908599 0.5980399 0.8853424 0.6160338 0.8853406 0.6159104 0.8908516 0.6160338 0.8853406 0.638594 0.8853388 0.6159104 0.8908516 0.4171657 0.8908531 0.4171563 0.88533 0.4401205 0.8908606 0.4642019 0.885336 0.461035 0.8908632 0.4401205 0.8908606 0.5620514 0.8853457 0.5648223 0.89086 0.5463514 0.8853436 0.4833188 0.8853359 0.4998602 0.8908646 0.4773908 0.8908628 0.4642019 0.885336 0.4773908 0.8908628 0.461035 0.8908632 0.5221928 0.8908668 0.4998602 0.8908646 0.5160436 0.8853363 0.5307378 0.8853363 0.5421832 0.8908677 0.5221928 0.8908668 0.5648223 0.89086 0.5421832 0.8908677 0.5463514 0.8853436 0.5620514 0.8853457 0.5800469 0.885344 0.5648223 0.89086 0.6159104 0.8908516 0.5910786 0.8908522 0.5980399 0.8853424 0.5648223 0.89086 0.5800469 0.885344 0.5910786 0.8908522 0.6159104 0.8908516 0.638594 0.8853388 0.6346629 0.8908528 0.638594 0.8853388 0.6534173 0.8908544 0.6346629 0.8908528 0.6534173 0.8908544 0.6634619 0.8853365 0.6772772 0.8908599 0.6772772 0.8908599 0.6836962 0.8853358 0.6998388 0.8908663 0.5980399 0.8853424 0.5910786 0.8908522 0.5800469 0.885344 0.7196732 0.8853355 0.7198292 0.8908656 0.7028201 0.8853355 0.7354357 0.8853358 0.7198292 0.8908656 0.7196732 0.8853355 0.751091 0.8853368 0.7667481 0.8853378 0.756105 0.8908658 0.7773148 0.8908647 0.7667481 0.8853378 0.7825015 0.8853403 0.7993823 0.8853408 0.7997081 0.8908655 0.7825015 0.8853403 0.7993823 0.8853408 0.8151897 0.8853418 0.7997081 0.8908655 0.8221178 0.8908661 0.8151897 0.8853418 0.8299239 0.8853436 0.7373101 0.890865 0.7354357 0.8853358 0.751091 0.8853368 0.9108097 0.8853352 0.9321084 0.8853352 0.9216302 0.8908506 0.9705365 0.8908633 0.9512235 0.8853351 0.9714946 0.885335 0.9714946 0.885335 0.9927954 0.8853284 0.9705365 0.8908633 0.863596 0.8853432 0.8792302 0.8853356 0.8634642 0.89086 0.8847694 0.8908535 0.8792302 0.8853356 0.8939007 0.8853356 0.9108097 0.8853352 0.902191 0.8908519 0.8939007 0.8853356 0.9321084 0.8853352 0.9512235 0.8853351 0.9446393 0.8908512 0.756105 0.8908658 0.7373101 0.890865 0.751091 0.8853368 0.756105 0.8908658 0.7667481 0.8853378 0.7773148 0.8908647 0.8479174 0.8853452 0.8421173 0.8908672 0.8299239 0.8853436 0.7825015 0.8853403 0.7997081 0.8908655 0.7773148 0.8908647 0.6998388 0.8908663 0.7028201 0.8853355 0.7198292 0.8908656 0.7354357 0.8853358 0.7373101 0.890865 0.7198292 0.8908656 0.8221178 0.8908661 0.8299239 0.8853436 0.8421173 0.8908672 0.8151897 0.8853418 0.8221178 0.8908661 0.7997081 0.8908655 0.8421173 0.8908672 0.8479174 0.8853452 0.8634642 0.89086 0.8479174 0.8853452 0.863596 0.8853432 0.8634642 0.89086 0.902191 0.8908519 0.8847694 0.8908535 0.8939007 0.8853356 0.9108097 0.8853352 0.9216302 0.8908506 0.902191 0.8908519 0.9446393 0.8908512 0.9216302 0.8908506 0.9321084 0.8853352 0.9446393 0.8908512 0.9512235 0.8853351 0.9705365 0.8908633 0.8847694 0.8908535 0.8634642 0.89086 0.8792302 0.8853356 0.9705365 0.8908633 0.9927954 0.8853284 0.9927655 0.8908537 0.2328047 0.2196708 0.1954993 0.217692 0.2266532 0.2207306 0.1955747 0.2190776 0.2266532 0.2207306 0.1954993 0.217692 0.2328047 0.2196708 0.2475716 0.2218424 0.261124 0.2213255 0.2266532 0.2207306 0.2475716 0.2218424 0.2328047 0.2196708 0.07503008 0.2933505 0.06950002 0.2814805 0.07502949 0.269691 0.07502949 0.269691 0.06949257 0.2658263 0.07502853 0.2521103 0.06949198 0.2183626 0.07502865 0.2157124 0.07502901 0.2357279 0.06949198 0.1756991 0.07501757 0.1524796 0.07502812 0.1744663 0.06949198 0.1992035 0.07502925 0.1956284 0.07502865 0.2157124 0.07502925 0.1956284 0.06949198 0.1756991 0.07502812 0.1744663 0.06950002 0.2814805 0.07503008 0.2933505 0.06950211 0.2971789 0.06949251 0.2511436 0.07502901 0.2357279 0.07502853 0.2521103 0.06950211 0.2971789 0.07503008 0.2933505 0.07502955 0.3157957 0.07502537 0.332187 0.06949943 0.3277429 0.07502955 0.3157957 0.07502537 0.332187 0.07502877 0.3485183 0.069498 0.3490402 0.069498 0.3490402 0.07502877 0.3485183 0.07503068 0.3709082 0.07503056 0.449835 0.06949234 0.4424158 0.07502216 0.4322524 0.07503068 0.3709082 0.07503026 0.3946043 0.0694943 0.3894823 0.06949275 0.409769 0.07503026 0.3946043 0.07502847 0.4158735 0.06949239 0.4255424 0.07502847 0.4158735 0.07502216 0.4322524 0.06950211 0.2971789 0.07502955 0.3157957 0.06949985 0.3119187 0.07502865 0.2157124 0.06949198 0.2183626 0.06949198 0.1992035 0.07502853 0.2521103 0.06949257 0.2658263 0.06949251 0.2511436 0.07502949 0.269691 0.06950002 0.2814805 0.06949257 0.2658263 0.07502925 0.1956284 0.06949198 0.1992035 0.06949198 0.1756991 0.07501757 0.1524796 0.06949198 0.1756991 0.06949186 0.1521521 0.07502901 0.2357279 0.06949251 0.2511436 0.06949216 0.236395 0.06949198 0.2183626 0.07502901 0.2357279 0.06949216 0.236395 0.069498 0.3490402 0.06949943 0.3277429 0.07502537 0.332187 0.06949985 0.3119187 0.07502955 0.3157957 0.06949943 0.3277429 0.0694943 0.3894823 0.07503026 0.3946043 0.06949275 0.409769 0.06949561 0.3692295 0.07503068 0.3709082 0.0694943 0.3894823 0.07503068 0.3709082 0.06949561 0.3692295 0.069498 0.3490402 0.06949239 0.4255424 0.06949275 0.409769 0.07502847 0.4158735 0.06949234 0.4424158 0.06949239 0.4255424 0.07502216 0.4322524 0.07503056 0.449835 0.07502996 0.4734942 0.06949269 0.461565 0.069498 0.534731 0.07502985 0.5248046 0.07502937 0.5486822 0.06950098 0.5653145 0.07502937 0.5486822 0.07502919 0.5686971 0.06949502 0.5020819 0.0750274 0.4984142 0.07502985 0.5248046 0.0750274 0.4984142 0.06949341 0.4818187 0.07502996 0.4734942 0.06950259 0.583324 0.07502919 0.5686971 0.07502764 0.5888175 0.06950056 0.599047 0.07502764 0.5888175 0.07501906 0.6081774 0.07502061 0.6323826 0.07502108 0.6572906 0.06949287 0.6441183 0.07501786 0.6925187 0.07503515 0.7124994 0.06949293 0.7046915 0.06949293 0.7283695 0.07503515 0.7124994 0.07501602 0.7284694 0.07501906 0.6081774 0.07502061 0.6323826 0.06949323 0.6146821 0.07502108 0.6572906 0.07500612 0.6763147 0.06949281 0.6621424 0.07500612 0.6763147 0.07501786 0.6925187 0.06949287 0.6812829 0.069498 0.534731 0.06949746 0.5178653 0.07502985 0.5248046 0.07502937 0.5486822 0.06950098 0.5653145 0.06949907 0.5505961 0.06950259 0.583324 0.06950098 0.5653145 0.07502919 0.5686971 0.07502937 0.5486822 0.06949907 0.5505961 0.069498 0.534731 0.07502996 0.4734942 0.06949341 0.4818187 0.06949269 0.461565 0.06949269 0.461565 0.06949234 0.4424158 0.07503056 0.449835 0.06949502 0.5020819 0.06949341 0.4818187 0.0750274 0.4984142 0.07502985 0.5248046 0.06949746 0.5178653 0.06949502 0.5020819 0.06949323 0.6146821 0.06950056 0.599047 0.07501906 0.6081774 0.07502061 0.6323826 0.06949323 0.6293849 0.06949323 0.6146821 0.06949323 0.6293849 0.07502061 0.6323826 0.06949287 0.6441183 0.06950056 0.599047 0.06950259 0.583324 0.07502764 0.5888175 0.06949281 0.6621424 0.07500612 0.6763147 0.06949287 0.6812829 0.07503515 0.7124994 0.06949293 0.7283695 0.06949293 0.7046915 0.06949293 0.7046915 0.06949287 0.6812829 0.07501786 0.6925187 0.07502108 0.6572906 0.06949281 0.6621424 0.06949287 0.6441183 0.1679509 0.1464031 0.1676548 0.1784721 0.1722509 0.1459546 0.1722509 0.1459546 0.1676548 0.1784721 0.1722509 0.1789249 0.1655305 0.2012045 0.1664723 0.2059353 0.1676548 0.1784721 0.4580543 0.7922922 0.452627 0.797821 0.439994 0.7922967 0.4126735 0.7978236 0.4072313 0.7922917 0.4241417 0.7922924 0.4338114 0.797823 0.4241417 0.7922924 0.439994 0.7922967 0.4338114 0.797823 0.439994 0.7922967 0.452627 0.797821 0.4126735 0.7978236 0.3949151 0.792285 0.4072313 0.7922917 0.4752086 0.7978227 0.4783172 0.7922922 0.4963535 0.7922945 0.498797 0.7978224 0.4963535 0.7922945 0.5166404 0.7922943 0.4752086 0.7978227 0.4580543 0.7922922 0.4783172 0.7922922 0.6611337 0.7922951 0.6580994 0.7978077 0.6430764 0.792294 0.6791753 0.792292 0.7028301 0.7922944 0.6843237 0.7978087 0.6024377 0.7922976 0.6239269 0.7922946 0.6116066 0.7978112 0.4752086 0.7978227 0.4963535 0.7922945 0.498797 0.7978224 0.5392469 0.7923066 0.534031 0.7978219 0.5166404 0.7922943 0.5564638 0.7978223 0.5392469 0.7923066 0.5605666 0.7923013 0.5392469 0.7923066 0.5564638 0.7978223 0.534031 0.7978219 0.4126735 0.7978236 0.4241417 0.7922924 0.4338114 0.797823 0.4580543 0.7922922 0.4752086 0.7978227 0.452627 0.797821 0.3949151 0.792285 0.4126735 0.7978236 0.3949662 0.7978096 0.5166404 0.7922943 0.534031 0.7978219 0.5151882 0.7978225 0.498797 0.7978224 0.5166404 0.7922943 0.5151882 0.7978225 0.5797385 0.7922988 0.576502 0.797823 0.5605666 0.7923013 0.6024377 0.7922976 0.5940871 0.7978171 0.5797385 0.7922988 0.6430764 0.792294 0.6580994 0.7978077 0.6328805 0.7978094 0.6430764 0.792294 0.6328805 0.7978094 0.6239269 0.7922946 0.6791753 0.792292 0.6580994 0.7978077 0.6611337 0.7922951 0.6580994 0.7978077 0.6791753 0.792292 0.6843237 0.7978087 0.6024377 0.7922976 0.6116066 0.7978112 0.5940871 0.7978171 0.5605666 0.7923013 0.576502 0.797823 0.5564638 0.7978223 0.576502 0.797823 0.5797385 0.7922988 0.5940871 0.7978171 0.6116066 0.7978112 0.6239269 0.7922946 0.6328805 0.7978094 0.7218657 0.7922938 0.7106531 0.7978155 0.7028301 0.7922944 0.7583174 0.7978224 0.755797 0.7922978 0.7738448 0.7922983 0.7345355 0.7978238 0.7106531 0.7978155 0.7366395 0.792294 0.7366395 0.792294 0.7106531 0.7978155 0.7218657 0.7922938 0.7583174 0.7978224 0.7366395 0.792294 0.755797 0.7922978 0.7858727 0.7978196 0.7738448 0.7922983 0.790782 0.7922992 0.8109857 0.7978196 0.790782 0.7922992 0.8077118 0.7922999 0.8707544 0.7922949 0.8877364 0.7922924 0.8789454 0.7978134 0.9238435 0.7922942 0.9242997 0.7978015 0.9057707 0.7922928 0.8297657 0.7978224 0.8257502 0.7923063 0.8494587 0.7922971 0.8109857 0.7978196 0.8077118 0.7922999 0.8257502 0.7923063 0.9570037 0.7978116 0.9575671 0.7922924 0.9717927 0.792287 0.7028301 0.7922944 0.7106531 0.7978155 0.6843237 0.7978087 0.8109857 0.7978196 0.7858727 0.7978196 0.790782 0.7922992 0.8297657 0.7978224 0.8494587 0.7922971 0.8513849 0.7978104 0.8513849 0.7978104 0.8494587 0.7922971 0.8707544 0.7922949 0.8513849 0.7978104 0.8707544 0.7922949 0.8789454 0.7978134 0.7858727 0.7978196 0.7583174 0.7978224 0.7738448 0.7922983 0.7366395 0.792294 0.7583174 0.7978224 0.7345355 0.7978238 0.8109857 0.7978196 0.8257502 0.7923063 0.8297657 0.7978224 0.9057707 0.7922928 0.9030501 0.7978119 0.8877364 0.7922924 0.9242997 0.7978015 0.9030501 0.7978119 0.9057707 0.7922928 0.9242997 0.7978015 0.9238435 0.7922942 0.9430147 0.7922927 0.9575671 0.7922924 0.9570037 0.7978116 0.9430147 0.7922927 0.9430147 0.7922927 0.9413359 0.7978135 0.9242997 0.7978015 0.9722062 0.7978097 0.9570037 0.7978116 0.9717927 0.792287 0.8789454 0.7978134 0.8877364 0.7922924 0.9030501 0.7978119 0.9413359 0.7978135 0.9430147 0.7922927 0.9570037 0.7978116 0.6044836 0.1449275 0.6057183 0.1122844 0.6040312 0.1273266 0.6024109 0.1654115 0.6044836 0.1449275 0.6040312 0.1273266 0.3945561 0.1400135 0.3614391 0.139114 0.3935639 0.1413475 0.3935639 0.1413475 0.4269567 0.1424766 0.3945561 0.1400135 0.3616672 0.2248395 0.3894625 0.2266842 0.382738 0.2249422 0.3894625 0.2266842 0.4186456 0.2268498 0.382738 0.2249422 0.4195727 0.2282835 0.4186456 0.2268498 0.3894625 0.2266842 0.7149893 0.2283712 0.7163178 0.2294811 0.7166287 0.2054975 0.7127358 0.2708204 0.7163178 0.2294811 0.7149893 0.2283712 0.714124 0.2707423 0.7163178 0.2294811 0.7127358 0.2708204 0.4058066 0.1833868 0.3883472 0.183826 0.4204605 0.1851817 0.6902143 0.2298767 0.6908259 0.2444616 0.6918854 0.2054158 0.688596 0.2638661 0.6908259 0.2444616 0.6902143 0.2298767 0.2144497 0.2995566 0.2317902 0.2995658 0.1956568 0.2976118 0.3616536 0.1633989 0.389456 0.1655701 0.3887857 0.1641491 0.4191016 0.1664729 0.3887857 0.1641491 0.389456 0.1655701 0.6526064 0.1468137 0.6547361 0.1287084 0.6553679 0.1073994 0.5291484 0.2402809 0.5316722 0.2189197 0.5308223 0.2088493 0.5299711 0.2509154 0.5316722 0.2189197 0.5291484 0.2402809 0.5281988 0.2706028 0.5299711 0.2509154 0.5291484 0.2402809 0.2231835 0.1524597 0.2361406 0.1517592 0.2015609 0.1506419 0.2361406 0.1517592 0.2231835 0.1524597 0.2551823 0.1537266 0.6414368 0.8696873 0.6248834 0.8682786 0.6084111 0.8686828 0.4072229 0.808941 0.3949629 0.8034189 0.4176663 0.8034057 0.4413824 0.8034065 0.4377971 0.8089397 0.4176663 0.8034057 0.4413824 0.8034065 0.4590594 0.8034068 0.4580051 0.808941 0.4580051 0.808941 0.4590594 0.8034068 0.4754137 0.8034061 0.3949629 0.8034189 0.4072229 0.808941 0.3949444 0.808942 0.4072229 0.808941 0.4176663 0.8034057 0.4219314 0.8089419 0.4377971 0.8089397 0.4219314 0.8089419 0.4176663 0.8034057 0.4804806 0.8089415 0.4580051 0.808941 0.4754137 0.8034061 0.4804806 0.8089415 0.4954786 0.8034068 0.5042539 0.8089391 0.4804806 0.8089415 0.4754137 0.8034061 0.4954786 0.8034068 0.5245375 0.8089345 0.5042539 0.8089391 0.5167394 0.8034067 0.5042539 0.8089391 0.4954786 0.8034068 0.5167394 0.8034067 0.5616506 0.8034049 0.5413705 0.808929 0.5392322 0.8034054 0.5793151 0.803414 0.5969234 0.8034058 0.5943756 0.808937 0.5167394 0.8034067 0.5392322 0.8034054 0.5245375 0.8089345 0.5793151 0.803414 0.5763381 0.8089358 0.5616506 0.8034049 0.6124378 0.8089361 0.5969234 0.8034058 0.6181908 0.8034063 0.5245375 0.8089345 0.5392322 0.8034054 0.5413705 0.808929 0.5594085 0.8089348 0.5413705 0.808929 0.5616506 0.8034049 0.5594085 0.8089348 0.5616506 0.8034049 0.5763381 0.8089358 0.6656865 0.8034039 0.6831746 0.803407 0.6676602 0.8089416 0.4377971 0.8089397 0.4413824 0.8034065 0.4580051 0.808941 0.5943756 0.808937 0.5763381 0.8089358 0.5793151 0.803414 0.5969234 0.8034058 0.6124378 0.8089361 0.5943756 0.808937 0.6181908 0.8034063 0.6338869 0.8089408 0.6124378 0.8089361 0.6431249 0.803407 0.6519097 0.8089401 0.6338869 0.8089408 0.6431249 0.803407 0.6338869 0.8089408 0.6181908 0.8034063 0.6676602 0.8089416 0.6431249 0.803407 0.6656865 0.8034039 0.6676602 0.8089416 0.6519097 0.8089401 0.6431249 0.803407 0.6676602 0.8089416 0.6831746 0.803407 0.6879457 0.8089429 0.7360299 0.8034059 0.7572835 0.8034068 0.7431978 0.8089407 0.6879457 0.8089429 0.6831746 0.803407 0.7032362 0.8034064 0.6879457 0.8089429 0.7032362 0.8034064 0.70599 0.8089402 0.70599 0.8089402 0.7032362 0.8034064 0.7196516 0.8034086 0.7240477 0.8089413 0.7196516 0.8034086 0.7360299 0.8034059 0.7431978 0.8089407 0.7240477 0.8089413 0.7360299 0.8034059 0.7612283 0.8089365 0.7572835 0.8034068 0.7797893 0.8034067 0.7838205 0.8089377 0.7797893 0.8034067 0.8034624 0.803404 0.7838205 0.8089377 0.8034624 0.803404 0.8065567 0.8089335 0.8648441 0.8034067 0.8640531 0.8089413 0.8422911 0.8034048 0.8235474 0.8034095 0.8267949 0.8089293 0.8034624 0.803404 0.8820806 0.8089423 0.8833851 0.8034137 0.90254 0.8034128 0.8235474 0.8034095 0.8422911 0.8034048 0.8267949 0.8089293 0.8065567 0.8089335 0.8034624 0.803404 0.8267949 0.8089293 0.8459946 0.8089392 0.8267949 0.8089293 0.8422911 0.8034048 0.9276261 0.8034142 0.9123325 0.8089429 0.90254 0.8034128 0.7612283 0.8089365 0.7797893 0.8034067 0.7838205 0.8089377 0.8422911 0.8034048 0.8640531 0.8089413 0.8459946 0.8089392 0.7240477 0.8089413 0.70599 0.8089402 0.7196516 0.8034086 0.7431978 0.8089407 0.7572835 0.8034068 0.7612283 0.8089365 0.90254 0.8034128 0.8966065 0.808944 0.8820806 0.8089423 0.8820806 0.8089423 0.8648441 0.8034067 0.8833851 0.8034137 0.9501889 0.804276 0.9484813 0.808944 0.9276261 0.8034142 0.9276261 0.8034142 0.9484813 0.808944 0.9293114 0.8089403 0.9501889 0.804276 0.9717709 0.8068221 0.9484813 0.808944 0.8640531 0.8089413 0.8648441 0.8034067 0.8820806 0.8089423 0.8966065 0.808944 0.90254 0.8034128 0.9123325 0.8089429 0.9123325 0.8089429 0.9276261 0.8034142 0.9293114 0.8089403 0.9717709 0.8068221 0.965447 0.8089448 0.9484813 0.808944 0.4057781 0.8466845 0.4003314 0.8315836 0.4058544 0.8324567 0.4003314 0.8315836 0.4003375 0.8144984 0.4058595 0.814793 0.4058544 0.8324567 0.4003314 0.8315836 0.4058595 0.814793 0.4003357 0.8548443 0.4003314 0.8315836 0.4057781 0.8466845 0.4003357 0.8548443 0.4057781 0.8466845 0.4044971 0.8623115 0.4027934 0.8820595 0.4003342 0.8758214 0.4044971 0.8623115 0.4003342 0.8758214 0.4003357 0.8548443 0.4044971 0.8623115 0.4003342 0.8758214 0.4027934 0.8820595 0.4019852 0.8972055 0.4408128 0.9408527 0.4178008 0.9463709 0.4171561 0.9408466 0.4408128 0.9408527 0.4642019 0.9408525 0.4561792 0.9463806 0.5160433 0.9408528 0.5211458 0.9463724 0.5013272 0.9408526 0.4833188 0.9408525 0.5013272 0.9408526 0.4979525 0.9463768 0.4979525 0.9463768 0.5013272 0.9408526 0.5211458 0.9463724 0.5307278 0.9408529 0.5211458 0.9463724 0.5160433 0.9408528 0.546111 0.9463747 0.5307278 0.9408529 0.5463514 0.9408602 0.5463514 0.9408602 0.5620583 0.9408623 0.546111 0.9463747 0.4773909 0.9463801 0.4642019 0.9408525 0.4833188 0.9408525 0.6454461 0.9408552 0.6634588 0.9408531 0.6410723 0.9463696 0.6880764 0.9463744 0.6836966 0.9408524 0.7028219 0.9408521 0.6634588 0.9408531 0.6836966 0.9408524 0.6671987 0.9463716 0.5620583 0.9408623 0.5800356 0.9408606 0.5681954 0.9463725 0.5800356 0.9408606 0.5980405 0.940859 0.5922223 0.9463691 0.628603 0.9408559 0.6454461 0.9408552 0.6410723 0.9463696 0.6159095 0.9463691 0.6127502 0.9408573 0.628603 0.9408559 0.6127502 0.9408573 0.6159095 0.9463691 0.5980405 0.940859 0.546111 0.9463747 0.5211458 0.9463724 0.5307278 0.9408529 0.4408128 0.9408527 0.4373801 0.9463816 0.4178008 0.9463709 0.4373801 0.9463816 0.4408128 0.9408527 0.4561792 0.9463806 0.4773909 0.9463801 0.4561792 0.9463806 0.4642019 0.9408525 0.4773909 0.9463801 0.4833188 0.9408525 0.4979525 0.9463768 0.5800356 0.9408606 0.5922223 0.9463691 0.5681954 0.9463725 0.6159095 0.9463691 0.5922223 0.9463691 0.5980405 0.940859 0.6410723 0.9463696 0.6159095 0.9463691 0.628603 0.9408559 0.6671987 0.9463716 0.6410723 0.9463696 0.6634588 0.9408531 0.546111 0.9463747 0.5620583 0.9408623 0.5681954 0.9463725 0.7093885 0.9463735 0.6880764 0.9463744 0.7028219 0.9408521 0.6836966 0.9408524 0.6880764 0.9463744 0.6671987 0.9463716 0.7093885 0.9463735 0.7028219 0.9408521 0.7241376 0.9408522 0.729649 0.946372 0.7241376 0.9408522 0.7465434 0.9408529 0.7773147 0.9463798 0.7667481 0.9408546 0.7825015 0.9408569 0.7667481 0.9408546 0.7534962 0.9463812 0.7465434 0.9408529 0.7825015 0.9408569 0.7993823 0.9408574 0.7997086 0.9463818 0.8151894 0.9408584 0.7997086 0.9463818 0.7993823 0.9408574 0.8479166 0.9408618 0.8421173 0.9463846 0.8299251 0.9408603 0.8299251 0.9408603 0.8221186 0.9463835 0.8151894 0.9408584 0.8898252 0.9463686 0.8939005 0.9408522 0.9086398 0.9408518 0.926648 0.9408517 0.915848 0.946368 0.9086398 0.9408518 0.969253 0.9408517 0.9559873 0.9463754 0.9457802 0.9408517 0.969253 0.9408517 0.9924902 0.9408453 0.9805241 0.9463793 0.8792303 0.9408523 0.8939005 0.9408522 0.8898252 0.9463686 0.8635959 0.9408598 0.8634636 0.9463766 0.8479166 0.9408618 0.8792303 0.9408523 0.8634636 0.9463766 0.8635959 0.9408598 0.9457802 0.9408517 0.9345924 0.9463693 0.926648 0.9408517 0.9924902 0.9408453 0.9929099 0.94637 0.9805241 0.9463793 0.7241376 0.9408522 0.7213688 0.9463783 0.7093885 0.9463735 0.7241376 0.9408522 0.729649 0.946372 0.7213688 0.9463783 0.7534962 0.9463812 0.729649 0.946372 0.7465434 0.9408529 0.7773147 0.9463798 0.7534962 0.9463812 0.7667481 0.9408546 0.7825015 0.9408569 0.7997086 0.9463818 0.7773147 0.9463798 0.8151894 0.9408584 0.8221186 0.9463835 0.7997086 0.9463818 0.8898252 0.9463686 0.9086398 0.9408518 0.915848 0.946368 0.915848 0.946368 0.926648 0.9408517 0.9345924 0.9463693 0.9559873 0.9463754 0.9345924 0.9463693 0.9457802 0.9408517 0.8421173 0.9463846 0.8221186 0.9463835 0.8299251 0.9408603 0.8634636 0.9463766 0.8421173 0.9463846 0.8479166 0.9408618 0.8792303 0.9408523 0.8898252 0.9463686 0.8634636 0.9463766 0.9559873 0.9463754 0.969253 0.9408517 0.9805241 0.9463793 0.2058802 0.1687711 0.1990506 0.1697928 0.2306444 0.1714722 0.2306444 0.1714722 0.2409751 0.1706338 0.2058802 0.1687711 0.2306444 0.1714722 0.259455 0.1722076 0.2409751 0.1706338 0.1027961 0.1883994 0.09725856 0.1756994 0.1027905 0.1717249 0.1027961 0.1883994 0.1027968 0.209646 0.09725862 0.1992093 0.1027967 0.2472031 0.09725874 0.236395 0.1027943 0.2284244 0.1027968 0.209646 0.1027943 0.2284244 0.09725856 0.2183625 0.09726876 0.2971788 0.1027966 0.2933506 0.1027935 0.3121715 0.1027966 0.2933506 0.09726667 0.2814806 0.102796 0.2696913 0.102796 0.2696913 0.09725916 0.2658265 0.1027967 0.2472031 0.1027905 0.1717249 0.09725856 0.1756994 0.1027842 0.1524798 0.09726667 0.2814806 0.1027966 0.2933506 0.09726876 0.2971788 0.09726876 0.2971788 0.1027935 0.3121715 0.09726721 0.3151881 0.102795 0.3885545 0.09726196 0.3806728 0.102795 0.3685395 0.09726262 0.3637756 0.1027951 0.3485205 0.102795 0.3685395 0.09726554 0.333199 0.1027955 0.328504 0.1027951 0.3485205 0.1027973 0.4060527 0.09725987 0.3986535 0.102795 0.3885545 0.1027972 0.4498358 0.09725892 0.4380787 0.1027945 0.4260445 0.1027972 0.4498358 0.1027966 0.4734947 0.09725922 0.4593899 0.09726721 0.3151881 0.1027935 0.3121715 0.1027955 0.328504 0.09726554 0.333199 0.09726721 0.3151881 0.1027955 0.328504 0.1027973 0.4060527 0.1027945 0.4260445 0.09725922 0.4189459 0.1027968 0.209646 0.09725856 0.2183625 0.09725862 0.1992093 0.102796 0.2696913 0.09726667 0.2814806 0.09725916 0.2658265 0.09725916 0.2658265 0.0972591 0.2511437 0.1027967 0.2472031 0.09725856 0.1756994 0.1027961 0.1883994 0.09725862 0.1992093 0.1027842 0.1524798 0.09725856 0.1756994 0.09725838 0.152152 0.09725856 0.2183625 0.1027943 0.2284244 0.09725874 0.236395 0.0972591 0.2511437 0.09725874 0.236395 0.1027967 0.2472031 0.09726393 0.3479499 0.09726554 0.333199 0.1027951 0.3485205 0.09726262 0.3637756 0.09726393 0.3479499 0.1027951 0.3485205 0.09726196 0.3806728 0.09726262 0.3637756 0.102795 0.3685395 0.09725987 0.3986535 0.09726196 0.3806728 0.102795 0.3885545 0.09725987 0.3986535 0.1027973 0.4060527 0.09725922 0.4189459 0.09725892 0.4380787 0.1027972 0.4498358 0.09725922 0.4593899 0.09725922 0.4189459 0.1027945 0.4260445 0.09725892 0.4380787 0.1027961 0.5086486 0.09726214 0.4998505 0.1027927 0.4923105 0.102796 0.5286636 0.09726285 0.5167101 0.1027961 0.5086486 0.102796 0.5286636 0.1027961 0.5486822 0.09726494 0.5358517 0.09726542 0.5561196 0.1027961 0.5486822 0.1027915 0.5716025 0.09725999 0.4818188 0.1027966 0.4734947 0.1027927 0.4923105 0.1027863 0.5940425 0.1027861 0.6116546 0.0972675 0.5932963 0.09725946 0.6675897 0.1027878 0.651416 0.1027871 0.6686727 0.09725958 0.7070118 0.1027868 0.7027096 0.1027835 0.7264201 0.1027915 0.5716025 0.0972675 0.5932963 0.0972715 0.5741891 0.0972715 0.5741891 0.09726542 0.5561196 0.1027915 0.5716025 0.1027966 0.4734947 0.09725999 0.4818188 0.09725922 0.4593899 0.09725999 0.4818188 0.1027927 0.4923105 0.09726214 0.4998505 0.09726285 0.5167101 0.09726214 0.4998505 0.1027961 0.5086486 0.102796 0.5286636 0.09726494 0.5358517 0.09726285 0.5167101 0.1027915 0.5716025 0.1027863 0.5940425 0.0972675 0.5932963 0.09726542 0.5561196 0.09726494 0.5358517 0.1027961 0.5486822 0.09725981 0.6146818 0.0972675 0.5932963 0.1027861 0.6116546 0.1027848 0.6283146 0.09725981 0.6146818 0.1027861 0.6116546 0.09725981 0.6146818 0.1027848 0.6283146 0.0972597 0.6338052 0.1027848 0.6283146 0.1027878 0.651416 0.0972597 0.6338052 0.09725946 0.650731 0.0972597 0.6338052 0.1027878 0.651416 0.09725946 0.6675897 0.1027871 0.6686727 0.102786 0.6839433 0.102786 0.6839433 0.09725946 0.6867405 0.09725946 0.6675897 0.09725958 0.7070118 0.1027835 0.7264201 0.09725946 0.7283697 0.09725946 0.6867405 0.1027868 0.7027096 0.09725958 0.7070118 0.1027878 0.651416 0.09725946 0.6675897 0.09725946 0.650731 0.102786 0.6839433 0.1027868 0.7027096 0.09725946 0.6867405 0.01321464 0.1676706 0.01321464 0.1464043 0.009205937 0.1581401 0.009205937 0.1581401 0.008631944 0.1947007 0.01321464 0.1676706 0.01321464 0.1676706 0.008631944 0.1947007 0.01321464 0.1951684 0.4580544 0.7700851 0.4526274 0.7756137 0.439994 0.7700893 0.4126714 0.7756165 0.4072313 0.7700844 0.4241419 0.7700851 0.4338111 0.775615 0.4241419 0.7700851 0.439994 0.7700893 0.4338111 0.775615 0.439994 0.7700893 0.4526274 0.7756137 0.4126714 0.7756165 0.3949151 0.7700778 0.4072313 0.7700844 0.4752085 0.7756156 0.4783174 0.7700849 0.4963535 0.7700872 0.4988049 0.7756138 0.4963535 0.7700872 0.5144481 0.7700862 0.4752085 0.7756156 0.4580544 0.7700851 0.4783174 0.7700849 0.6611337 0.7700878 0.6580981 0.7755997 0.6430766 0.7700867 0.7028302 0.7700873 0.6843204 0.7756026 0.6791755 0.7700848 0.534031 0.7756133 0.5337207 0.7700951 0.5528702 0.7700983 0.609156 0.7700893 0.6239269 0.7700874 0.6116059 0.7756043 0.4988049 0.7756138 0.4752085 0.7756156 0.4963535 0.7700872 0.534031 0.7756133 0.5151857 0.775613 0.5144481 0.7700862 0.5528702 0.7700983 0.5564645 0.7756146 0.534031 0.7756133 0.5564645 0.7756146 0.5528702 0.7700983 0.5709036 0.770092 0.5337207 0.7700951 0.534031 0.7756133 0.5144481 0.7700862 0.4126714 0.7756165 0.4241419 0.7700851 0.4338111 0.775615 0.4580544 0.7700851 0.4752085 0.7756156 0.4526274 0.7756137 0.3949151 0.7700778 0.4126714 0.7756165 0.3949663 0.7756023 0.4988049 0.7756138 0.5144481 0.7700862 0.5151857 0.775613 0.5922426 0.7700927 0.5765027 0.7756162 0.5709036 0.770092 0.609156 0.7700893 0.6116059 0.7756043 0.5922426 0.7700927 0.6430766 0.7700867 0.6328802 0.7756016 0.6239269 0.7700874 0.6580981 0.7755997 0.6328802 0.7756016 0.6430766 0.7700867 0.6791755 0.7700848 0.6580981 0.7755997 0.6611337 0.7700878 0.6116059 0.7756043 0.5940862 0.7756108 0.5922426 0.7700927 0.5765027 0.7756162 0.5922426 0.7700927 0.5940862 0.7756108 0.6116059 0.7756043 0.6239269 0.7700874 0.6328802 0.7756016 0.6791755 0.7700848 0.6843204 0.7756026 0.6580981 0.7755997 0.6843204 0.7756026 0.7028302 0.7700873 0.7106527 0.7756084 0.5564645 0.7756146 0.5709036 0.770092 0.5765027 0.7756162 0.7218659 0.7700867 0.7106527 0.7756084 0.7028302 0.7700873 0.7218659 0.7700867 0.7366396 0.7700869 0.7106527 0.7756084 0.734534 0.7756161 0.7106527 0.7756084 0.7366396 0.7700869 0.7545914 0.7756143 0.7366396 0.7700869 0.756914 0.7700913 0.756914 0.7700913 0.7793719 0.7700905 0.7721146 0.7756131 0.7896777 0.7756132 0.7793719 0.7700905 0.795148 0.7700931 0.795148 0.7700931 0.8121065 0.7700968 0.8156846 0.775609 0.8121065 0.7700968 0.8334529 0.7700961 0.8156846 0.775609 0.8416007 0.7756078 0.8334529 0.7700961 0.8526656 0.7700867 0.8661795 0.7756056 0.8416007 0.7756078 0.8526656 0.7700867 0.8156846 0.775609 0.8334529 0.7700961 0.8416007 0.7756078 0.8526656 0.7700867 0.8718258 0.7700888 0.8661795 0.7756056 0.756914 0.7700913 0.7721146 0.7756131 0.7545914 0.7756143 0.734534 0.7756161 0.7366396 0.7700869 0.7545914 0.7756143 0.795148 0.7700931 0.8156846 0.775609 0.7896777 0.7756132 0.7896777 0.7756132 0.7721146 0.7756131 0.7793719 0.7700905 0.8888194 0.7700851 0.8951864 0.7756073 0.8718258 0.7700888 0.8951864 0.7756073 0.8661795 0.7756056 0.8718258 0.7700888 0.8888194 0.7700851 0.9079422 0.7700856 0.8951864 0.7756073 0.9260295 0.7700884 0.9198288 0.7756007 0.9079422 0.7700856 0.9458153 0.7756043 0.9260295 0.7700884 0.9430165 0.7700859 0.9430165 0.7700859 0.9575669 0.7700853 0.9458153 0.7756043 0.9260295 0.7700884 0.9458153 0.7756043 0.9198288 0.7756007 0.9721048 0.7700795 0.9714604 0.7756032 0.9575669 0.7700853 0.8951864 0.7756073 0.9079422 0.7700856 0.9198288 0.7756007 0.9458153 0.7756043 0.9575669 0.7700853 0.9714604 0.7756032 0.6036927 0.2576711 0.6059501 0.215213 0.6044895 0.216615 0.6022278 0.2591393 0.6036927 0.2576711 0.6044895 0.216615 0.4070662 0.2017859 0.3709051 0.1998651 0.3986283 0.2027249 0.3709051 0.1998651 0.3692855 0.2011646 0.3986283 0.2027249 0.3986283 0.2027249 0.4230945 0.203451 0.4070662 0.2017859 0.223645 0.2327973 0.2229763 0.2313767 0.1974228 0.2308464 0.2547618 0.2337812 0.2229763 0.2313767 0.223645 0.2327973 0.5672413 0.2465881 0.5686778 0.2095097 0.5667492 0.2297471 0.5653221 0.2668349 0.5672413 0.2465881 0.5667492 0.2297471 0.2198725 0.2815035 0.2367622 0.2810142 0.1998971 0.2796102 0.2543654 0.2829915 0.2367622 0.2810142 0.2198725 0.2815035 0.6909008 0.1452971 0.6921147 0.1224457 0.6906271 0.1242852 0.6918247 0.107716 0.6906271 0.1242852 0.6921147 0.1224457 0.6906271 0.1242852 0.6892919 0.1494138 0.6909008 0.1452971 0.6892919 0.1494138 0.6888601 0.172832 0.6909008 0.1452971 0.3826984 0.2677298 0.3617336 0.2668569 0.3846144 0.2692199 0.3846144 0.2692199 0.41122 0.2692456 0.3826984 0.2677298 0.41122 0.2692456 0.3846144 0.2692199 0.4221562 0.2707197 0.3948076 0.1108618 0.3945532 0.1094615 0.3671852 0.1091541 0.421453 0.111725 0.3945532 0.1094615 0.3948076 0.1108618 0.5311025 0.1318379 0.5315044 0.1092188 0.5296911 0.132338 0.5296911 0.132338 0.5299693 0.1531634 0.5311025 0.1318379 0.5283477 0.1659659 0.5299693 0.1531634 0.5296911 0.132338 0.678357 0.2467467 0.6797859 0.2099673 0.6778386 0.2304032 0.678357 0.2467467 0.6778386 0.2304032 0.6764478 0.2656674 0.2038913 0.2745393 0.2250453 0.2742773 0.1990499 0.2728962 0.2038913 0.2745393 0.2398055 0.2764489 0.2250453 0.2742773 0.2565757 0.2765945 0.2250453 0.2742773 0.2398055 0.2764489 0.1959055 0.2325561 0.1903697 0.2130253 0.1959011 0.2087164 0.1903733 0.1971175 0.1959006 0.1841223 0.1959011 0.2087164 0.195905 0.2738812 0.195908 0.2975957 0.1903772 0.2816791 0.1959055 0.2325561 0.1959049 0.2526203 0.1903701 0.2354556 0.1903726 0.2613956 0.1959049 0.2526203 0.195905 0.2738812 0.1903707 0.1643647 0.1958926 0.1520431 0.1958975 0.1661207 0.1903707 0.1643647 0.1958975 0.1661207 0.19037 0.1812459 0.1959006 0.1841223 0.19037 0.1812459 0.1958975 0.1661207 0.1903733 0.1971175 0.19037 0.1812459 0.1959006 0.1841223 0.1903697 0.2130253 0.1959055 0.2325561 0.1903701 0.2354556 0.1903726 0.2613956 0.1903701 0.2354556 0.1959049 0.2526203 0.1903772 0.2816791 0.1903726 0.2613956 0.195905 0.2738812 0.1903772 0.2816791 0.195908 0.2975957 0.1903828 0.2985122 0.1958978 0.3364568 0.195906 0.3540653 0.1903759 0.3560419 0.190376 0.3334797 0.1959048 0.320047 0.1958978 0.3364568 0.1903759 0.3560419 0.195906 0.3540653 0.1959059 0.3753305 0.1959048 0.320047 0.1903828 0.2985122 0.195908 0.2975957 0.190377 0.31655 0.1903828 0.2985122 0.1959048 0.320047 0.190377 0.31655 0.1959048 0.320047 0.190376 0.3334797 0.1959043 0.4202819 0.1959049 0.4403164 0.1903702 0.4248018 0.190371 0.4012069 0.1959066 0.3977215 0.1959043 0.4202819 0.190376 0.3334797 0.1958978 0.3364568 0.1903759 0.3560419 0.1903696 0.1520847 0.1958926 0.1520431 0.1903707 0.1643647 0.1903733 0.1971175 0.1959011 0.2087164 0.1903697 0.2130253 0.1959059 0.3753305 0.1959066 0.3977215 0.1903723 0.3787673 0.1903723 0.3787673 0.1903759 0.3560419 0.1959059 0.3753305 0.1903723 0.3787673 0.1959066 0.3977215 0.190371 0.4012069 0.1903702 0.4248018 0.190371 0.4012069 0.1959043 0.4202819 0.1903702 0.4248018 0.1959049 0.4403164 0.1903689 0.4450874 0.195905 0.514425 0.190371 0.5003395 0.1959058 0.4931715 0.1903689 0.4450874 0.1959055 0.460379 0.1903716 0.4631315 0.1959055 0.460379 0.1903689 0.4450874 0.1959049 0.4403164 0.1959029 0.4767929 0.1903716 0.4631315 0.1959055 0.460379 0.1903705 0.4811891 0.1959029 0.4767929 0.1959058 0.4931715 0.190371 0.5003395 0.1903705 0.4811891 0.1959058 0.4931715 0.1903752 0.51837 0.195905 0.514425 0.1959053 0.5369308 0.1903741 0.5409619 0.1959053 0.5369308 0.1959076 0.5606032 0.1903783 0.5636985 0.1903741 0.5409619 0.1959076 0.5606032 0.1959076 0.5606032 0.1959026 0.586997 0.1903824 0.5839365 0.1959065 0.6547825 0.1903688 0.6459509 0.1959045 0.6334598 0.1957457 0.6929477 0.1903703 0.6852675 0.1959016 0.6735456 0.1959046 0.6122074 0.1959045 0.6334598 0.1903709 0.6278674 0.1903824 0.5839365 0.1903783 0.5636985 0.1959076 0.5606032 0.1959026 0.586997 0.1903717 0.6064633 0.1903824 0.5839365 0.1959046 0.6122074 0.1903717 0.6064633 0.1959026 0.586997 0.1903709 0.6278674 0.1903717 0.6064633 0.1959046 0.6122074 0.1957457 0.6929477 0.1941801 0.7172602 0.1903678 0.7078208 0.1959053 0.5369308 0.1903741 0.5409619 0.1903752 0.51837 0.1903752 0.51837 0.190371 0.5003395 0.195905 0.514425 0.1903705 0.4811891 0.1903716 0.4631315 0.1959029 0.4767929 0.1959045 0.6334598 0.1903688 0.6459509 0.1903709 0.6278674 0.1903681 0.6629164 0.1903688 0.6459509 0.1959065 0.6547825 0.1941801 0.7172602 0.1924107 0.7293662 0.190367 0.7225883 0.1903681 0.6629164 0.1959065 0.6547825 0.1959016 0.6735456 0.1903703 0.6852675 0.1903681 0.6629164 0.1959016 0.6735456 0.1957457 0.6929477 0.1903678 0.7078208 0.1903703 0.6852675 0.1941801 0.7172602 0.190367 0.7225883 0.1903678 0.7078208 0.003754019 0.1832694 0.005768835 0.1678771 0.006351172 0.1463034 0.004138529 0.1981817 0.005768835 0.1678771 0.003754019 0.1832694 0.02572268 0.1643636 0.02020531 0.1577156 0.0256229 0.1465564 0.02512186 0.1850432 0.02020537 0.1748908 0.02572268 0.1643636 0.02020531 0.1577156 0.02572268 0.1643636 0.02020537 0.1748908 0.02020537 0.1748908 0.02512186 0.1850432 0.02020519 0.1914289 0.02512186 0.1850432 0.02283233 0.2119827 0.02020531 0.2109535 0.02020531 0.2109535 0.02020519 0.1914289 0.02512186 0.1850432 0.02116316 0.232717 0.02020531 0.2109535 0.02283233 0.2119827 0.1792766 0.168047 0.1848115 0.1521668 0.1848056 0.1758508 0.1792754 0.2215617 0.1848057 0.2183968 0.1848056 0.2364248 0.1848053 0.2511557 0.1792762 0.2397769 0.1848056 0.2364248 0.1848056 0.1758508 0.1848056 0.199262 0.1792774 0.1942025 0.1848057 0.2183968 0.1792774 0.1942025 0.1848056 0.199262 0.1792755 0.2573097 0.1848053 0.2511557 0.1848053 0.2658643 0.1848053 0.2658643 0.1847979 0.2814946 0.1792749 0.277322 0.1848062 0.4381266 0.1792851 0.4177426 0.1848058 0.4189811 0.184805 0.4009526 0.1848058 0.4189811 0.1792851 0.4177426 0.1848024 0.3659805 0.1792889 0.3709974 0.184801 0.3512488 0.1848037 0.381855 0.1792889 0.3709974 0.1848024 0.3659805 0.1848037 0.381855 0.184805 0.4009526 0.1792843 0.3934428 0.184801 0.3512488 0.1792894 0.3486605 0.1847992 0.3332366 0.179288 0.3262674 0.1847975 0.3152249 0.1847992 0.3332366 0.1848056 0.1758508 0.1792774 0.1942025 0.1792766 0.168047 0.1792885 0.1520779 0.1848115 0.1521668 0.1792766 0.168047 0.1847959 0.297211 0.1792823 0.299985 0.1847979 0.2814946 0.1792823 0.299985 0.1847959 0.297211 0.1847975 0.3152249 0.179288 0.3262674 0.1792823 0.299985 0.1847975 0.3152249 0.1792774 0.1942025 0.1848057 0.2183968 0.1792754 0.2215617 0.1792762 0.2397769 0.1792754 0.2215617 0.1848056 0.2364248 0.1848053 0.2511557 0.1792755 0.2573097 0.1792762 0.2397769 0.1792755 0.2573097 0.1848053 0.2658643 0.1792749 0.277322 0.1792823 0.299985 0.1792749 0.277322 0.1847979 0.2814946 0.184801 0.3512488 0.1792889 0.3709974 0.1792894 0.3486605 0.179288 0.3262674 0.1847992 0.3332366 0.1792894 0.3486605 0.179283 0.4543116 0.179283 0.4387258 0.1848062 0.4381266 0.1792843 0.3934428 0.184805 0.4009526 0.1792851 0.4177426 0.1848037 0.381855 0.1792843 0.3934428 0.1792889 0.3709974 0.1848062 0.4381266 0.179283 0.4387258 0.1792851 0.4177426 0.179283 0.4543116 0.1848062 0.4381266 0.1848061 0.4549959 0.1848061 0.4549959 0.1848058 0.4707736 0.179283 0.4543116 0.1848042 0.4910638 0.1792772 0.4726493 0.1848058 0.4707736 0.1848028 0.5113166 0.1848012 0.5293317 0.1792781 0.5126964 0.1848042 0.4910638 0.1848028 0.5113166 0.1792784 0.491467 0.1847996 0.5473465 0.1792808 0.534144 0.1848012 0.5293317 0.1792842 0.5525048 0.1847996 0.5473465 0.1847979 0.5653486 0.1792849 0.5706316 0.1847979 0.5653486 0.1847963 0.5833668 0.184806 0.6294018 0.1848064 0.6441548 0.1792877 0.6209577 0.1792884 0.6652961 0.1848064 0.6441548 0.1848065 0.6621828 0.1848065 0.7048479 0.1792859 0.6896308 0.1848065 0.6813347 0.1848065 0.7048479 0.1848129 0.7280921 0.179279 0.7125486 0.184806 0.6294018 0.1792877 0.6209577 0.1848059 0.6147055 0.1792857 0.5931991 0.1847963 0.5833668 0.1847984 0.5990681 0.1792857 0.5931991 0.1847984 0.5990681 0.1848059 0.6147055 0.1848065 0.6813347 0.1792884 0.6652961 0.1848065 0.6621828 0.1792842 0.5525048 0.1792808 0.534144 0.1847996 0.5473465 0.1792842 0.5525048 0.1847979 0.5653486 0.1792849 0.5706316 0.1792849 0.5706316 0.1847963 0.5833668 0.1792857 0.5931991 0.1792784 0.491467 0.1792772 0.4726493 0.1848042 0.4910638 0.1848058 0.4707736 0.1792772 0.4726493 0.179283 0.4543116 0.1792781 0.5126964 0.1792784 0.491467 0.1848028 0.5113166 0.1848012 0.5293317 0.1792808 0.534144 0.1792781 0.5126964 0.1792893 0.6440183 0.1792877 0.6209577 0.1848064 0.6441548 0.1792884 0.6652961 0.1792893 0.6440183 0.1848064 0.6441548 0.1848059 0.6147055 0.1792877 0.6209577 0.1792789 0.6067941 0.1792789 0.6067941 0.1792857 0.5931991 0.1848059 0.6147055 0.1792884 0.6652961 0.1848065 0.6813347 0.1792859 0.6896308 0.179279 0.7125486 0.1792859 0.6896308 0.1848065 0.7048479 0.1792883 0.728513 0.179279 0.7125486 0.1848129 0.7280921 0.2153576 0.1396278 0.2361941 0.1393481 0.1990292 0.137894 0.2361941 0.1393481 0.2153576 0.1396278 0.250528 0.1411579 0.4171741 0.9020067 0.4393958 0.901996 0.4186057 0.9075313 0.4993832 0.9019948 0.4958336 0.9075285 0.4794354 0.9019945 0.5159991 0.9075297 0.4993832 0.9019948 0.5206353 0.9019942 0.4407232 0.9075291 0.4393958 0.901996 0.4606425 0.9019949 0.4608753 0.907531 0.4407232 0.9075291 0.4606425 0.9019949 0.4606425 0.9019949 0.4794354 0.9019945 0.4608753 0.907531 0.4794354 0.9019945 0.480023 0.9075308 0.4608753 0.907531 0.4958336 0.9075285 0.480023 0.9075308 0.4794354 0.9019945 0.5406158 0.901994 0.5159991 0.9075297 0.5206353 0.9019942 0.5406077 0.9075257 0.5159991 0.9075297 0.5406158 0.901994 0.5406077 0.9075257 0.5406158 0.901994 0.5569872 0.9019957 0.5914111 0.9075242 0.5745491 0.9019948 0.5933164 0.9019937 0.5406077 0.9075257 0.5569872 0.9019957 0.5664836 0.9075196 0.5664836 0.9075196 0.5569872 0.9019957 0.5745491 0.9019948 0.5914111 0.9075242 0.5933164 0.9019937 0.6120428 0.9019963 0.6368791 0.9019926 0.6606054 0.9019942 0.6487453 0.9075289 0.684343 0.9019985 0.7095254 0.9019956 0.6994398 0.9075309 0.5664836 0.9075196 0.5745491 0.9019948 0.5914111 0.9075242 0.4958336 0.9075285 0.4993832 0.9019948 0.5159991 0.9075297 0.4186057 0.9075313 0.4393958 0.901996 0.4407232 0.9075291 0.6120428 0.9019963 0.6148847 0.9075236 0.5914111 0.9075242 0.6120428 0.9019963 0.6368791 0.9019926 0.6148847 0.9075236 0.6368791 0.9019926 0.6487453 0.9075289 0.6340263 0.9075277 0.6656504 0.9075284 0.6487453 0.9075289 0.6606054 0.9019942 0.6340263 0.9075277 0.6148847 0.9075236 0.6368791 0.9019926 0.68256 0.9075275 0.6656504 0.9075284 0.684343 0.9019985 0.684343 0.9019985 0.6656504 0.9075284 0.6606054 0.9019942 0.684343 0.9019985 0.6994398 0.9075309 0.68256 0.9075275 0.7707374 0.901993 0.7945018 0.9019942 0.7870487 0.9075247 0.7945018 0.9019942 0.8132693 0.9019942 0.8107998 0.9075223 0.7095254 0.9019956 0.71509 0.9075307 0.6994398 0.9075309 0.7282128 0.9019922 0.71509 0.9075307 0.7095254 0.9019956 0.7282128 0.9019922 0.7469515 0.901996 0.7296059 0.9075279 0.7633408 0.9075286 0.7469515 0.901996 0.7707374 0.901993 0.7707374 0.901993 0.7870487 0.9075247 0.7633408 0.9075286 0.8320172 0.9019941 0.8107998 0.9075223 0.8132693 0.9019942 0.7633408 0.9075286 0.7453685 0.9075282 0.7469515 0.901996 0.8478927 0.9075175 0.8320172 0.9019941 0.8532803 0.901995 0.8732233 0.9019951 0.8635854 0.9075221 0.8532803 0.901995 0.8792164 0.90753 0.8732233 0.9019951 0.8894666 0.9019891 0.8299019 0.9075222 0.8320172 0.9019941 0.8478927 0.9075175 0.9257341 0.902006 0.9277194 0.9075297 0.9069039 0.9019945 0.8635854 0.9075221 0.8478927 0.9075175 0.8532803 0.901995 0.9637386 0.9075276 0.9444671 0.9020078 0.9656904 0.9020103 0.9656904 0.9020103 0.9909711 0.9020062 0.9795022 0.9075292 0.8107998 0.9075223 0.7870487 0.9075247 0.7945018 0.9019942 0.8299019 0.9075222 0.8107998 0.9075223 0.8320172 0.9019941 0.8732233 0.9019951 0.8792164 0.90753 0.8635854 0.9075221 0.7453685 0.9075282 0.7296059 0.9075279 0.7469515 0.901996 0.7282128 0.9019922 0.7296059 0.9075279 0.71509 0.9075307 0.8894666 0.9019891 0.8938918 0.90753 0.8792164 0.90753 0.9086322 0.9075266 0.8938918 0.90753 0.9069039 0.9019945 0.9069039 0.9019945 0.8938918 0.90753 0.8894666 0.9019891 0.9069039 0.9019945 0.9277194 0.9075297 0.9086322 0.9075266 0.9257341 0.902006 0.9444671 0.9020078 0.9277194 0.9075297 0.9444671 0.9020078 0.9468273 0.90753 0.9277194 0.9075297 0.9444671 0.9020078 0.9637386 0.9075276 0.9468273 0.90753 0.9656904 0.9020103 0.9795022 0.9075292 0.9637386 0.9075276 0.9928968 0.9075306 0.9795022 0.9075292 0.9909711 0.9020062 0.3782183 0.2077534 0.3949763 0.2072554 0.3614702 0.2059187 0.3782183 0.2077534 0.4067996 0.2092711 0.3949763 0.2072554 0.4269677 0.2090779 0.3949763 0.2072554 0.4067996 0.2092711 0.3616767 0.1512585 0.3906767 0.1531856 0.379615 0.1514409 0.6279104 0.1468082 0.6300408 0.1287091 0.6306728 0.1073994 0.5542689 0.2322403 0.5563679 0.218869 0.5555158 0.2088392 0.554664 0.2509161 0.5563679 0.218869 0.5532341 0.2578015 0.5532341 0.2578015 0.5563679 0.218869 0.5542689 0.2322403 0.553615 0.2704814 0.5536239 0.2704814 0.5532341 0.2578015 0.5536239 0.2704814 0.5532341 0.2578015 0.5536239 0.2704814 0.5522401 0.2704812 0.5536239 0.2704814 0.553615 0.2704814 0.5536239 0.2704814 0.553615 0.2704814 0.5536239 0.2704814 0.5522401 0.2704812 0.553615 0.2704814 0.5532341 0.2578015 0.4833134 0.9242013 0.4827868 0.9297205 0.4630824 0.924202 0.4193143 0.9297181 0.4170386 0.9241941 0.4293243 0.9242005 0.4426249 0.9297221 0.4293243 0.9242005 0.4440029 0.9242013 0.461178 0.9297197 0.4440029 0.9242013 0.4630824 0.924202 0.5031288 0.9297304 0.500234 0.9242011 0.5182258 0.9242035 0.4827868 0.9297205 0.4833134 0.9242013 0.500234 0.9242011 0.5384628 0.9242033 0.5206723 0.9297285 0.5182258 0.9242035 0.461178 0.9297197 0.4630824 0.924202 0.4827868 0.9297205 0.6454839 0.9242036 0.6331933 0.9297199 0.6240478 0.9242066 0.6795726 0.929717 0.6645862 0.9242029 0.6825987 0.9242041 0.5558108 0.9297296 0.5384628 0.9242033 0.5610134 0.9242156 0.4293243 0.9242005 0.4426249 0.9297221 0.4193143 0.9297181 0.461178 0.9297197 0.4426249 0.9297221 0.4440029 0.9242013 0.4827868 0.9297205 0.500234 0.9242011 0.5031288 0.9297304 0.5206723 0.9297285 0.5031288 0.9297304 0.5182258 0.9242035 0.5370117 0.929728 0.5206723 0.9297285 0.5384628 0.9242033 0.5370117 0.929728 0.5384628 0.9242033 0.5558108 0.9297296 0.5822803 0.9242104 0.5781888 0.9297321 0.5610134 0.9242156 0.6014048 0.9242078 0.5981765 0.9297329 0.5822803 0.9242104 0.6157165 0.9297271 0.6014048 0.9242078 0.6240478 0.9242066 0.6544159 0.9297167 0.6645862 0.9242029 0.6795726 0.929717 0.6795726 0.929717 0.6825987 0.9242041 0.7005957 0.9242011 0.6454839 0.9242036 0.6645862 0.9242029 0.6544159 0.9297167 0.5981765 0.9297329 0.5781888 0.9297321 0.5822803 0.9242104 0.5981765 0.9297329 0.6014048 0.9242078 0.6157165 0.9297271 0.7008023 0.929719 0.6795726 0.929717 0.7005957 0.9242011 0.6157165 0.9297271 0.6240478 0.9242066 0.6331933 0.9297199 0.6454839 0.9242036 0.6544159 0.9297167 0.6331933 0.9297199 0.5610134 0.9242156 0.5781888 0.9297321 0.5558108 0.9297296 0.7005957 0.9242011 0.7208328 0.9242023 0.7183063 0.92972 0.7443625 0.9242026 0.7358 0.9297217 0.7208328 0.9242023 0.7520832 0.9297317 0.7443625 0.9242026 0.7667356 0.9242043 0.8005443 0.9242067 0.7981905 0.929731 0.7824848 0.9242094 0.7733539 0.9297319 0.7667356 0.9242043 0.7824848 0.9242094 0.8714734 0.9242025 0.8906596 0.9242042 0.878095 0.9297307 0.8605973 0.9297297 0.8544783 0.9242128 0.8714734 0.9242025 0.9457637 0.9297177 0.9299677 0.9242021 0.9501227 0.9242038 0.970306 0.9242017 0.992794 0.9241957 0.9910059 0.9297198 0.7005957 0.9242011 0.7183063 0.92972 0.7008023 0.929719 0.7358 0.9297217 0.7183063 0.92972 0.7208328 0.9242023 0.8162814 0.9242094 0.820625 0.9297308 0.8005443 0.9242067 0.8331985 0.9242133 0.820625 0.9297308 0.8162814 0.9242094 0.8544783 0.9242128 0.8418318 0.9297303 0.8331985 0.9242133 0.7667356 0.9242043 0.7733539 0.9297319 0.7520832 0.9297317 0.7824848 0.9242094 0.7981905 0.929731 0.7733539 0.9297319 0.7443625 0.9242026 0.7520832 0.9297317 0.7358 0.9297217 0.8331985 0.9242133 0.8418318 0.9297303 0.820625 0.9297308 0.8605973 0.9297297 0.8418318 0.9297303 0.8544783 0.9242128 0.820625 0.9297308 0.7981905 0.929731 0.8005443 0.9242067 0.9299677 0.9242021 0.9120197 0.9297309 0.9097219 0.9242014 0.9120197 0.9297309 0.8906596 0.9242042 0.9097219 0.9242014 0.970306 0.9242017 0.9657292 0.9297158 0.9501227 0.9242038 0.970306 0.9242017 0.9910059 0.9297198 0.9657292 0.9297158 0.9457637 0.9297177 0.9501227 0.9242038 0.9657292 0.9297158 0.8714734 0.9242025 0.878095 0.9297307 0.8605973 0.9297297 0.8944681 0.9297294 0.878095 0.9297307 0.8906596 0.9242042 0.9120197 0.9297309 0.8944681 0.9297294 0.8906596 0.9242042 0.9299677 0.9242021 0.9294063 0.9297192 0.9120197 0.9297309 0.9457637 0.9297177 0.9294063 0.9297192 0.9299677 0.9242021 0.5064886 0.8144983 0.4737563 0.8144984 0.4859874 0.818602 0.5064886 0.8144983 0.4859874 0.818602 0.5287452 0.8208744 0.5287452 0.8208744 0.5387266 0.8144984 0.5064886 0.8144983 0.6668391 0.1072829 0.6657721 0.1402348 0.6682202 0.107328 0.04509401 0.2117251 0.04667425 0.1729089 0.04162752 0.2116351 0.1328441 0.2799159 0.1314388 0.3005306 0.1317659 0.3205196 0.1298454 0.3376173 0.1317659 0.3205196 0.1314388 0.3005306 0.3921362 0.1276641 0.3614955 0.1266552 0.389755 0.128924 0.4272658 0.1295298 0.3921362 0.1276641 0.389755 0.128924 0.4269044 0.130894 0.4272658 0.1295298 0.389755 0.128924 0.3894631 0.2389094 0.3989747 0.2380298 0.3615455 0.2366842 0.3894631 0.2389094 0.426898 0.24024 0.3989747 0.2380298 0.1164642 0.1461804 0.1144325 0.1754785 0.1162561 0.1665456 0.1139307 0.1845687 0.1128867 0.2039036 0.1138058 0.2035577 0.3610242 0.2496228 0.3957284 0.2504751 0.3613469 0.248256 0.2017896 0.1749455 0.2228677 0.1772679 0.2465561 0.177141 0.2523798 0.1788266 0.2465561 0.177141 0.2228677 0.1772679 0.485849 0.9186552 0.477827 0.924192 0.4630503 0.918659 0.530704 0.9241918 0.5233827 0.9186549 0.5446282 0.9186554 0.5233827 0.9186549 0.5115856 0.9241919 0.5046757 0.9186573 0.5046757 0.9186573 0.4947056 0.9241921 0.485849 0.9186552 0.561003 0.9186615 0.5620241 0.9241824 0.5446282 0.9186554 0.4587146 0.924192 0.4431303 0.9186639 0.4630503 0.918659 0.4180394 0.9186685 0.4431303 0.9186639 0.4384344 0.9241918 0.5463367 0.9241845 0.5446282 0.9186554 0.5620241 0.9241824 0.6105512 0.9241871 0.597319 0.9186567 0.6185412 0.9186547 0.597319 0.9186567 0.5914458 0.9241848 0.5773204 0.9186567 0.6317706 0.9241887 0.6185412 0.9186547 0.6421043 0.9186543 0.5620241 0.9241824 0.5773204 0.9186567 0.5767473 0.9241847 0.561003 0.9186615 0.5773204 0.9186567 0.5620241 0.9241824 0.6421043 0.9186543 0.6646029 0.9186568 0.6520003 0.9241908 0.6845994 0.9186567 0.6700124 0.924192 0.6646029 0.9186568 0.688023 0.9241927 0.6845994 0.9186567 0.7045949 0.9186562 0.4384344 0.9241918 0.4174479 0.9241918 0.4180394 0.9186685 0.5233827 0.9186549 0.530704 0.9241918 0.5115856 0.9241919 0.5446282 0.9186554 0.5463367 0.9241845 0.530704 0.9241918 0.5115856 0.9241919 0.4947056 0.9241921 0.5046757 0.9186573 0.4630503 0.918659 0.477827 0.924192 0.4587146 0.924192 0.4431303 0.9186639 0.4587146 0.924192 0.4384344 0.9241918 0.4947056 0.9241921 0.477827 0.924192 0.485849 0.9186552 0.597319 0.9186567 0.6105512 0.9241871 0.5914458 0.9241848 0.5914458 0.9241848 0.5767473 0.9241847 0.5773204 0.9186567 0.6185412 0.9186547 0.6317706 0.9241887 0.6105512 0.9241871 0.6700124 0.924192 0.6520003 0.9241908 0.6646029 0.9186568 0.6317706 0.9241887 0.6421043 0.9186543 0.6520003 0.9241908 0.7045949 0.9186562 0.7071102 0.924193 0.688023 0.9241927 0.688023 0.9241927 0.6700124 0.924192 0.6845994 0.9186567 0.7372867 0.9186556 0.726239 0.9241927 0.7209652 0.9186579 0.7572812 0.9186556 0.7464724 0.9241921 0.7372867 0.9186556 0.8118959 0.9241867 0.8033154 0.918655 0.8245632 0.9186556 0.7938986 0.9241883 0.7796441 0.9186556 0.8033154 0.918655 0.8409292 0.9186605 0.8298923 0.924185 0.8245632 0.9186556 0.7796441 0.9186556 0.7713379 0.92419 0.7572812 0.9186556 0.7209652 0.9186579 0.7071102 0.924193 0.7045949 0.9186562 0.8245632 0.9186556 0.8298923 0.924185 0.8118959 0.9241867 0.8298923 0.924185 0.8409292 0.9186605 0.8478851 0.9241834 0.8409292 0.9186605 0.8572139 0.9186571 0.8478851 0.9241834 0.8572139 0.9186571 0.8808265 0.9186686 0.863582 0.9241856 0.9457352 0.9241937 0.9308848 0.9186694 0.9565448 0.9188142 0.8938928 0.9241932 0.8808265 0.9186686 0.9060023 0.9186696 0.8478851 0.9241834 0.8572139 0.9186571 0.863582 0.9241856 0.9308848 0.9186694 0.9086045 0.9241935 0.9060023 0.9186696 0.9565448 0.9188142 0.9788886 0.9202132 0.9783434 0.9241936 0.9788886 0.9202132 0.9928702 0.9232018 0.9783434 0.9241936 0.7713379 0.92419 0.7796441 0.9186556 0.7938986 0.9241883 0.8118959 0.9241867 0.7938986 0.9241883 0.8033154 0.918655 0.7209652 0.9186579 0.726239 0.9241927 0.7071102 0.924193 0.7464724 0.9241921 0.726239 0.9241927 0.7372867 0.9186556 0.7572812 0.9186556 0.7713379 0.92419 0.7464724 0.9241921 0.863582 0.9241856 0.8808265 0.9186686 0.8792005 0.924193 0.8792005 0.924193 0.8808265 0.9186686 0.8938928 0.9241932 0.9783434 0.9241936 0.9626144 0.9241938 0.9565448 0.9188142 0.9266174 0.9241937 0.9308848 0.9186694 0.9457352 0.9241937 0.8938928 0.9241932 0.9060023 0.9186696 0.9086045 0.9241935 0.9308848 0.9186694 0.9266174 0.9241937 0.9086045 0.9241935 0.9626144 0.9241938 0.9457352 0.9241937 0.9565448 0.9188142 0.2071379 0.1138535 0.2077321 0.1152717 0.2488558 0.11607 0.2497357 0.117342 0.2488558 0.11607 0.2077321 0.1152717 0.4113914 0.8324584 0.4058727 0.8335076 0.4112918 0.8146511 0.4113914 0.8324584 0.411315 0.8466873 0.4058727 0.8335076 0.411315 0.8466873 0.4100362 0.8622874 0.40587 0.8563948 0.411315 0.8466873 0.40587 0.8563948 0.4058727 0.8335076 0.4100362 0.8622874 0.4085035 0.8800617 0.4058727 0.873378 0.4058727 0.873378 0.40587 0.8563948 0.4100362 0.8622874 0.4085035 0.8800617 0.4070044 0.8954245 0.4058727 0.873378 0.4335802 0.8964095 0.4171561 0.8908807 0.4408178 0.8908866 0.4998584 0.8964154 0.4833188 0.8908866 0.5013284 0.8908867 0.5160439 0.890887 0.4998584 0.8964154 0.5013284 0.8908867 0.4408178 0.8908866 0.4641986 0.8908867 0.455456 0.8964204 0.5307366 0.890887 0.5221924 0.8964164 0.5160439 0.890887 0.5307366 0.890887 0.5463518 0.8908944 0.5421836 0.8964179 0.4773907 0.8964151 0.4641986 0.8908867 0.4833188 0.8908866 0.6634619 0.8908872 0.6534177 0.8964049 0.6385942 0.8908894 0.7028202 0.8908861 0.6998378 0.8964177 0.6836965 0.8908864 0.6634619 0.8908872 0.6836965 0.8908864 0.6772785 0.8964114 0.6385942 0.8908894 0.6159108 0.8964015 0.6160331 0.8908913 0.5980404 0.8908931 0.5910781 0.896404 0.580047 0.8908948 0.6160331 0.8908913 0.6159108 0.8964015 0.5980404 0.8908931 0.4335802 0.8964095 0.4171104 0.8964037 0.4171561 0.8908807 0.4773907 0.8964151 0.4833188 0.8908866 0.4998584 0.8964154 0.5620515 0.8908963 0.5648228 0.8964108 0.5463518 0.8908944 0.4641986 0.8908867 0.4773907 0.8964151 0.455456 0.8964204 0.4335802 0.8964095 0.4408178 0.8908866 0.455456 0.8964204 0.5221924 0.8964164 0.4998584 0.8964154 0.5160439 0.890887 0.5221924 0.8964164 0.5307366 0.890887 0.5421836 0.8964179 0.5648228 0.8964108 0.5421836 0.8964179 0.5463518 0.8908944 0.5620515 0.8908963 0.580047 0.8908948 0.5648228 0.8964108 0.5910781 0.896404 0.5980404 0.8908931 0.6159108 0.8964015 0.5648228 0.8964108 0.580047 0.8908948 0.5910781 0.896404 0.6385942 0.8908894 0.6346628 0.8964024 0.6159108 0.8964015 0.6346628 0.8964024 0.6385942 0.8908894 0.6534177 0.8964049 0.6772785 0.8964114 0.6534177 0.8964049 0.6634619 0.8908872 0.6836965 0.8908864 0.6998378 0.8964177 0.6772785 0.8964114 0.6998378 0.8964177 0.7028202 0.8908861 0.7198289 0.8964159 0.7028202 0.8908861 0.7196732 0.8908862 0.7198289 0.8964159 0.7198289 0.8964159 0.7196732 0.8908862 0.7354358 0.8908866 0.7557051 0.890888 0.7759342 0.8908894 0.7561083 0.8964146 0.7782931 0.8964129 0.7759342 0.8908894 0.7939355 0.890891 0.8080834 0.8964079 0.7939355 0.890891 0.811931 0.8908928 0.8299136 0.8908944 0.8268849 0.8964067 0.811931 0.8908928 0.8479146 0.8908959 0.8469831 0.8964084 0.8299136 0.8908944 0.7354358 0.8908866 0.7557051 0.890888 0.7373098 0.8964145 0.9152306 0.8908858 0.9321044 0.8908858 0.9284804 0.8964027 0.950731 0.8964051 0.9512246 0.8908858 0.9714997 0.8908858 0.9714997 0.8908858 0.9924898 0.8908794 0.9925435 0.8964041 0.8792304 0.8908864 0.8983527 0.8908861 0.8946233 0.8964036 0.8792304 0.8908864 0.8721975 0.8964044 0.8635966 0.8908938 0.9321044 0.8908858 0.9512246 0.8908858 0.950731 0.8964051 0.9152306 0.8908858 0.9109295 0.896403 0.8983527 0.8908861 0.7782931 0.8964129 0.7939355 0.890891 0.7944371 0.8964058 0.8080834 0.8964079 0.7944371 0.8964058 0.7939355 0.890891 0.8080834 0.8964079 0.811931 0.8908928 0.8268849 0.8964067 0.8268849 0.8964067 0.8299136 0.8908944 0.8469831 0.8964084 0.7557051 0.890888 0.7561083 0.8964146 0.7373098 0.8964145 0.7198289 0.8964159 0.7354358 0.8908866 0.7373098 0.8964145 0.7782931 0.8964129 0.7561083 0.8964146 0.7759342 0.8908894 0.9284804 0.8964027 0.9109295 0.896403 0.9152306 0.8908858 0.8946233 0.8964036 0.8983527 0.8908861 0.9109295 0.896403 0.9321044 0.8908858 0.950731 0.8964051 0.9284804 0.8964027 0.950731 0.8964051 0.9714997 0.8908858 0.9700952 0.8964031 0.9925435 0.8964041 0.9700952 0.8964031 0.9714997 0.8908858 0.8721975 0.8964044 0.8469831 0.8964084 0.8635966 0.8908938 0.8635966 0.8908938 0.8469831 0.8964084 0.8479146 0.8908959 0.8792304 0.8908864 0.8946233 0.8964036 0.8721975 0.8964044 0.2364511 0.1579833 0.2002858 0.1566938 0.2121933 0.1580815 0.2121933 0.1580815 0.2178907 0.1583796 0.2364511 0.1579833 0.2178907 0.1583796 0.2275737 0.1588969 0.2364511 0.1579833 0.2275737 0.1588969 0.2564092 0.1598947 0.2364511 0.1579833 0.08060765 0.3097229 0.0861358 0.2897078 0.08613717 0.3133674 0.08059918 0.2658263 0.08613502 0.2521102 0.08613592 0.2684633 0.08059859 0.175702 0.08612388 0.1537569 0.08612996 0.1837881 0.08612996 0.1837881 0.0861333 0.2126241 0.08059859 0.1992044 0.08060699 0.2871592 0.08613592 0.2684633 0.0861358 0.2897078 0.08059912 0.2511435 0.08613556 0.2357279 0.08613502 0.2521102 0.0861333 0.2126241 0.08613556 0.2357279 0.08059859 0.2183608 0.08613204 0.3321868 0.08060657 0.3310222 0.08613717 0.3133674 0.08613204 0.3321868 0.08613502 0.3485212 0.08060657 0.3310222 0.08613502 0.3485212 0.08613759 0.3709082 0.08060264 0.363776 0.08059895 0.4380789 0.08612811 0.4322525 0.08613759 0.4498339 0.08613681 0.3946041 0.08060193 0.3806726 0.08613759 0.3709082 0.08059918 0.4189463 0.08613508 0.4158727 0.08612811 0.4322525 0.08613508 0.4158727 0.0805999 0.3986532 0.08613681 0.3946041 0.0861333 0.2126241 0.08059859 0.2183608 0.08059859 0.1992044 0.08613502 0.2521102 0.08059918 0.2658263 0.08059912 0.2511435 0.08613592 0.2684633 0.08060699 0.2871592 0.08059918 0.2658263 0.08612996 0.1837881 0.08059859 0.1992044 0.08059859 0.175702 0.08612388 0.1537569 0.08059859 0.175702 0.08059841 0.1521527 0.08613556 0.2357279 0.08059912 0.2511435 0.08059871 0.236395 0.08059859 0.2183608 0.08613556 0.2357279 0.08059871 0.236395 0.08060765 0.3097229 0.08060699 0.2871592 0.0861358 0.2897078 0.08060657 0.3310222 0.08060765 0.3097229 0.08613717 0.3133674 0.08613502 0.3485212 0.08060264 0.363776 0.08060395 0.3479498 0.08060657 0.3310222 0.08613502 0.3485212 0.08060395 0.3479498 0.08060264 0.363776 0.08613759 0.3709082 0.08060193 0.3806726 0.08613681 0.3946041 0.0805999 0.3986532 0.08060193 0.3806726 0.0805999 0.3986532 0.08613508 0.4158727 0.08059918 0.4189463 0.08059895 0.4380789 0.08059918 0.4189463 0.08612811 0.4322525 0.08613759 0.4498339 0.08613651 0.4734937 0.08059924 0.4593897 0.08613622 0.5747442 0.08613693 0.5972351 0.0806092 0.583324 0.08060461 0.5347309 0.08613711 0.5261201 0.08613628 0.5510497 0.08613622 0.5747442 0.08060759 0.5653145 0.08613628 0.5510497 0.08613365 0.4996829 0.08060002 0.4818187 0.08613651 0.4734937 0.0806092 0.583324 0.08060759 0.5653145 0.08613622 0.5747442 0.08613365 0.4996829 0.08613711 0.5261201 0.08060407 0.5178653 0.08059984 0.6146805 0.08613693 0.5972351 0.08613598 0.6160428 0.08613598 0.6160428 0.08613747 0.6335571 0.08059984 0.6146805 0.08613747 0.6335571 0.0861293 0.6561596 0.08059966 0.6338034 0.0861293 0.6561596 0.08612173 0.6812211 0.08059948 0.6675918 0.08612173 0.6812211 0.08611804 0.7032848 0.08059948 0.6867436 0.08612239 0.7266947 0.0805996 0.7047724 0.08611804 0.7032848 0.0806092 0.583324 0.08613693 0.5972351 0.08060717 0.5990497 0.08613711 0.5261201 0.08060461 0.5347309 0.08060407 0.5178653 0.08613628 0.5510497 0.08060759 0.5653145 0.08060568 0.5505963 0.08613628 0.5510497 0.08060568 0.5505963 0.08060461 0.5347309 0.08059924 0.4593897 0.08613651 0.4734937 0.08060002 0.4818187 0.08060163 0.5020818 0.08060002 0.4818187 0.08613365 0.4996829 0.08613365 0.4996829 0.08060407 0.5178653 0.08060163 0.5020818 0.08059984 0.6146805 0.08060717 0.5990497 0.08613693 0.5972351 0.08059966 0.6338034 0.08059984 0.6146805 0.08613747 0.6335571 0.0861293 0.6561596 0.08059942 0.650727 0.08059966 0.6338034 0.08059948 0.6867436 0.08059948 0.6675918 0.08612173 0.6812211 0.0861293 0.6561596 0.08059948 0.6675918 0.08059942 0.650727 0.08059948 0.6867436 0.08611804 0.7032848 0.0805996 0.7047724 0.08059948 0.7279655 0.0805996 0.7047724 0.08612239 0.7266947 0.08059895 0.4380789 0.08613759 0.4498339 0.08059924 0.4593897 0.2167365 0.1893587 0.2285882 0.1886016 0.200385 0.1876253 0.2167365 0.1893587 0.2451581 0.1908688 0.2285882 0.1886016 0.2558133 0.1904441 0.2285882 0.1886016 0.2451581 0.1908688 0.3863529 0.2937628 0.3997026 0.2932022 0.3614807 0.2916989 0.653052 0.2321327 0.65388 0.2426509 0.6552475 0.2052789 0.6518819 0.2662824 0.65388 0.2426509 0.653052 0.2321327 0.4175272 0.9352692 0.4171559 0.929744 0.4384994 0.9297505 0.4384994 0.9297505 0.4587423 0.9297505 0.448873 0.935275 0.4778819 0.9297505 0.4947209 0.9297506 0.49461 0.9352813 0.4778819 0.9297505 0.469812 0.9352771 0.4587423 0.9297505 0.5146072 0.9352812 0.5116346 0.9297509 0.5307418 0.929751 0.5307418 0.929751 0.5463448 0.9297584 0.5370157 0.9352816 0.49461 0.9352813 0.4947209 0.9297506 0.5116346 0.9297509 0.6385787 0.9297538 0.6634563 0.9297516 0.6543037 0.9352676 0.6634563 0.9297516 0.6858696 0.9297509 0.6698265 0.9352676 0.6858696 0.9297509 0.7071562 0.9297507 0.6885486 0.9352676 0.6385787 0.9297538 0.6324846 0.935271 0.6160297 0.9297556 0.598039 0.9297574 0.5924289 0.9352735 0.580047 0.9297589 0.6160297 0.9297556 0.6103312 0.9352717 0.598039 0.9297574 0.7262734 0.929751 0.7170684 0.9352696 0.7071562 0.9297507 0.4175272 0.9352692 0.4384994 0.9297505 0.4338811 0.935271 0.5620522 0.9297605 0.5574674 0.9352721 0.5463448 0.9297584 0.5620522 0.9297605 0.5739188 0.9352712 0.5574674 0.9352721 0.5620522 0.9297605 0.580047 0.9297589 0.5739188 0.9352712 0.448873 0.935275 0.4587423 0.9297505 0.469812 0.9352771 0.448873 0.935275 0.4338811 0.935271 0.4384994 0.9297505 0.5146072 0.9352812 0.49461 0.9352813 0.5116346 0.9297509 0.5146072 0.9352812 0.5307418 0.929751 0.5370157 0.9352816 0.5370157 0.9352816 0.5463448 0.9297584 0.5574674 0.9352721 0.469812 0.9352771 0.4778819 0.9297505 0.49461 0.9352813 0.5924289 0.9352735 0.598039 0.9297574 0.6103312 0.9352717 0.6103312 0.9352717 0.6160297 0.9297556 0.6324846 0.935271 0.6324846 0.935271 0.6385787 0.9297538 0.6543037 0.9352676 0.6543037 0.9352676 0.6634563 0.9297516 0.6698265 0.9352676 0.6858696 0.9297509 0.6885486 0.9352676 0.6698265 0.9352676 0.580047 0.9297589 0.5924289 0.9352735 0.5739188 0.9352712 0.7071562 0.9297507 0.7170684 0.9352696 0.6885486 0.9352676 0.7414652 0.9352718 0.7262734 0.929751 0.7465417 0.9297518 0.7645046 0.9297538 0.7612439 0.9352719 0.7465417 0.9297518 0.7825099 0.9352706 0.7645046 0.9297538 0.7813747 0.9297546 0.7813747 0.9297546 0.800486 0.9297567 0.7825099 0.9352706 0.8173841 0.9297589 0.8094994 0.9352797 0.800486 0.9297567 0.8556945 0.9352801 0.8353834 0.9297598 0.8579247 0.9297592 0.8173841 0.9297589 0.8353834 0.9297598 0.8333027 0.9352782 0.8981038 0.9352831 0.8938973 0.9297514 0.9108092 0.929751 0.9623994 0.9352795 0.9512254 0.9297509 0.9714958 0.929751 0.9321076 0.929751 0.9207451 0.9352748 0.9108092 0.929751 0.8981038 0.9352831 0.8792347 0.9297513 0.8938973 0.9297514 0.8579247 0.9297592 0.8792347 0.9297513 0.878108 0.935282 0.943285 0.9352677 0.9321076 0.929751 0.9512254 0.9297509 0.9714958 0.929751 0.9927984 0.9297454 0.9779974 0.9352698 0.9512254 0.9297509 0.9623994 0.9352795 0.943285 0.9352677 0.7465417 0.9297518 0.7612439 0.9352719 0.7414652 0.9352718 0.7170684 0.9352696 0.7262734 0.929751 0.7414652 0.9352718 0.7825099 0.9352706 0.7612439 0.9352719 0.7645046 0.9297538 0.8173841 0.9297589 0.8333027 0.9352782 0.8094994 0.9352797 0.8094994 0.9352797 0.7825099 0.9352706 0.800486 0.9297567 0.8333027 0.9352782 0.8353834 0.9297598 0.8556945 0.9352801 0.9779974 0.9352698 0.9623994 0.9352795 0.9714958 0.929751 0.9207451 0.9352748 0.9321076 0.929751 0.943285 0.9352677 0.878108 0.935282 0.8556945 0.9352801 0.8579247 0.9297592 0.8792347 0.9297513 0.8981038 0.9352831 0.878108 0.935282 0.9839521 0.9352788 0.9927984 0.9297454 0.9924454 0.935269 0.9839521 0.9352788 0.9779974 0.9352698 0.9927984 0.9297454 0.9207451 0.9352748 0.8981038 0.9352831 0.9108092 0.929751 0.6088503 0.8517988 0.6082396 0.8568814 0.6252285 0.8517988 0.6250861 0.8564685 0.6252285 0.8517988 0.6082396 0.8568814 0.641804 0.8583934 0.6451088 0.8573689 0.6250861 0.8564685 0.6250861 0.8564685 0.6082396 0.8568814 0.641804 0.8583934 0.6740333 0.8591885 0.6451088 0.8573689 0.641804 0.8583934 0.1205437 0.1508414 0.1185938 0.1874667 0.121515 0.1587001 0.1187489 0.2029154 0.121515 0.1587001 0.1185938 0.1874667 0.4133247 0.1960071 0.3694413 0.1941816 0.3999469 0.1966835 0.42651 0.1980549 0.4133247 0.1960071 0.3999469 0.1966835 0.2391998 0.2566896 0.2019969 0.255216 0.2236456 0.2572484 0.2562483 0.2584828 0.2391998 0.2566896 0.2236456 0.2572484 0.6286621 0.226393 0.629351 0.2395446 0.6305501 0.2113782 0.6273046 0.2660297 0.629351 0.2395446 0.6271467 0.2549197 0.6271467 0.2549197 0.629351 0.2395446 0.6286621 0.226393 0.5786105 0.1395437 0.5773391 0.1649538 0.578756 0.16438 0.3777869 0.1160697 0.4023115 0.1159838 0.3647286 0.1146347 0.4151245 0.1178367 0.4023115 0.1159838 0.3777869 0.1160697 0.03262758 0.1684126 0.03391134 0.1646724 0.03447616 0.1463983 0.4659012 0.9075475 0.4630756 0.9130831 0.4456745 0.9075486 0.4858962 0.9075477 0.4778175 0.9130837 0.4659012 0.9075475 0.4924513 0.9130821 0.4858962 0.9075477 0.5046336 0.9075477 0.5149202 0.9130823 0.5046336 0.9075477 0.5246297 0.9075474 0.5458731 0.9075466 0.5405892 0.913079 0.5246297 0.9075474 0.4304115 0.9130828 0.4170674 0.9130837 0.429019 0.9075566 0.4170674 0.9130837 0.4170247 0.9075606 0.429019 0.9075566 0.429019 0.9075566 0.4456745 0.9075486 0.4304115 0.9130828 0.4461749 0.9130802 0.4456745 0.9075486 0.4630756 0.9130831 0.4858962 0.9075477 0.4924513 0.9130821 0.4778175 0.9130837 0.5149202 0.9130823 0.5246297 0.9075474 0.5405892 0.913079 0.5458731 0.9075466 0.5722782 0.9075521 0.5620369 0.9130712 0.5914598 0.9130765 0.5722782 0.9075521 0.600913 0.9075446 0.6891401 0.9130833 0.6748192 0.9075483 0.6909659 0.9075434 0.6509004 0.9075515 0.6748192 0.9075483 0.668956 0.9130809 0.5405892 0.913079 0.5458731 0.9075466 0.5620369 0.9130712 0.5767475 0.9130762 0.5620369 0.9130712 0.5722782 0.9075521 0.7083205 0.9075489 0.6891401 0.9130833 0.6909659 0.9075434 0.6105553 0.9130763 0.600913 0.9075446 0.6258149 0.9075495 0.646569 0.9130821 0.6258149 0.9075495 0.6509004 0.9075515 0.4304115 0.9130828 0.4456745 0.9075486 0.4461749 0.9130802 0.4924513 0.9130821 0.5046336 0.9075477 0.5149202 0.9130823 0.5767475 0.9130762 0.5722782 0.9075521 0.5914598 0.9130765 0.4630756 0.9130831 0.4659012 0.9075475 0.4778175 0.9130837 0.600913 0.9075446 0.6105553 0.9130763 0.5914598 0.9130765 0.6258149 0.9075495 0.6285851 0.9130787 0.6105553 0.9130763 0.646569 0.9130821 0.6285851 0.9130787 0.6258149 0.9075495 0.7083205 0.9075489 0.7049537 0.9130846 0.6891401 0.9130833 0.646569 0.9130821 0.6509004 0.9075515 0.668956 0.9130809 0.6748192 0.9075483 0.6891401 0.9130833 0.668956 0.9130809 0.7733938 0.9075477 0.7545538 0.9130824 0.7470552 0.9075482 0.8004298 0.9130784 0.7733938 0.9075477 0.7972913 0.9075482 0.721874 0.9130834 0.7049537 0.9130846 0.7083205 0.9075489 0.721874 0.9130834 0.7083205 0.9075489 0.7271227 0.9075458 0.7376776 0.9130807 0.7271227 0.9075458 0.7470552 0.9075482 0.721874 0.9130834 0.7271227 0.9075458 0.7376776 0.9130807 0.7545538 0.9130824 0.7376776 0.9130807 0.7470552 0.9075482 0.8004298 0.9130784 0.7758638 0.9130799 0.7733938 0.9075477 0.8004298 0.9130784 0.7972913 0.9075482 0.817241 0.9075487 0.9501234 0.9130851 0.9445428 0.9075486 0.9633046 0.9078707 0.879222 0.9130848 0.870965 0.9075595 0.8921398 0.9075612 0.8264381 0.9130758 0.8334798 0.9075424 0.8509166 0.9075483 0.8635949 0.9130754 0.8479005 0.9130727 0.8509166 0.9075483 0.879222 0.9130848 0.8635949 0.9130754 0.870965 0.9075595 0.8635949 0.9130754 0.8509166 0.9075483 0.870965 0.9075595 0.9354496 0.9130851 0.919516 0.9075546 0.9445428 0.9075486 0.9929081 0.9103242 0.9924753 0.9130856 0.9807793 0.9092687 0.817241 0.9075487 0.8334798 0.9075424 0.8264381 0.9130758 0.7758638 0.9130799 0.7545538 0.9130824 0.7733938 0.9075477 0.8509166 0.9075483 0.8479005 0.9130727 0.8264381 0.9130758 0.8004298 0.9130784 0.817241 0.9075487 0.8264381 0.9130758 0.8921398 0.9075612 0.8938905 0.9130837 0.879222 0.9130848 0.8921398 0.9075612 0.9129428 0.9130825 0.8938905 0.9130837 0.919516 0.9075546 0.9129428 0.9130825 0.8921398 0.9075612 0.9445428 0.9075486 0.9501234 0.9130851 0.9354496 0.9130851 0.9807793 0.9092687 0.9691153 0.9130838 0.9633046 0.9078707 0.9354496 0.9130851 0.9129428 0.9130825 0.919516 0.9075546 0.9501234 0.9130851 0.9633046 0.9078707 0.9691153 0.9130838 0.9691153 0.9130838 0.9807793 0.9092687 0.9924753 0.9130856 0.0146799 0.1639201 0.0201599 0.1719266 0.01467984 0.1897827 0.0201599 0.1719266 0.0146799 0.1639201 0.02010232 0.1470379 0.01867091 0.1961225 0.01467984 0.1897827 0.0201599 0.1719266 0.01867091 0.1961225 0.01728439 0.2172275 0.01467984 0.1897827 0.501328 0.9353019 0.4998603 0.9408305 0.4833189 0.9353018 0.4998603 0.9408305 0.501328 0.9353019 0.5160436 0.9353022 0.4401203 0.9408265 0.4408183 0.9353019 0.464202 0.9353019 0.4401203 0.9408265 0.4171563 0.9352959 0.4408183 0.9353019 0.464202 0.9353019 0.4833189 0.9353018 0.4773909 0.9408287 0.5221928 0.9408327 0.5160436 0.9353022 0.5307378 0.9353022 0.5421831 0.9408336 0.5307378 0.9353022 0.5463514 0.9353097 0.6534174 0.9408202 0.6385941 0.9353047 0.6634618 0.9353024 0.6998389 0.9408321 0.6836963 0.9353017 0.7028201 0.9353014 0.6634618 0.9353024 0.6836963 0.9353017 0.677277 0.9408257 0.5980398 0.9353083 0.616034 0.9353064 0.6159104 0.9408175 0.616034 0.9353064 0.6385941 0.9353047 0.6159104 0.9408175 0.4171656 0.940819 0.4171563 0.9352959 0.4401203 0.9408265 0.464202 0.9353019 0.461035 0.9408292 0.4401203 0.9408265 0.5620515 0.9353116 0.5648223 0.9408258 0.5463514 0.9353097 0.4833189 0.9353018 0.4998603 0.9408305 0.4773909 0.9408287 0.464202 0.9353019 0.4773909 0.9408287 0.461035 0.9408292 0.5221928 0.9408327 0.4998603 0.9408305 0.5160436 0.9353022 0.5307378 0.9353022 0.5421831 0.9408336 0.5221928 0.9408327 0.5648223 0.9408258 0.5421831 0.9408336 0.5463514 0.9353097 0.5620515 0.9353116 0.580047 0.9353099 0.5648223 0.9408258 0.6159104 0.9408175 0.5910788 0.9408181 0.5980398 0.9353083 0.5648223 0.9408258 0.580047 0.9353099 0.5910788 0.9408181 0.6159104 0.9408175 0.6385941 0.9353047 0.6346631 0.9408187 0.6534174 0.9408202 0.6346631 0.9408187 0.6385941 0.9353047 0.6534174 0.9408202 0.6634618 0.9353024 0.677277 0.9408257 0.677277 0.9408257 0.6836963 0.9353017 0.6998389 0.9408321 0.5980398 0.9353083 0.5910788 0.9408181 0.580047 0.9353099 0.7196731 0.9353014 0.7198293 0.9408314 0.7028201 0.9353014 0.7354357 0.9353017 0.7198293 0.9408314 0.7196731 0.9353014 0.7510911 0.9353027 0.7667482 0.9353037 0.7561048 0.9408317 0.7773148 0.9408307 0.7667482 0.9353037 0.7825015 0.9353062 0.7993823 0.9353067 0.7997081 0.9408313 0.7825015 0.9353062 0.7993823 0.9353067 0.8151897 0.9353077 0.7997081 0.9408313 0.8221177 0.940832 0.8151897 0.9353077 0.8299241 0.9353095 0.7373101 0.940831 0.7354357 0.9353017 0.7510911 0.9353027 0.9204382 0.9408165 0.9086383 0.9353011 0.9266551 0.935301 0.9692565 0.935301 0.9625375 0.9408291 0.9457846 0.935301 0.9692565 0.935301 0.9927954 0.9352943 0.9782361 0.9408275 0.8635959 0.9353091 0.8792303 0.9353016 0.8647611 0.9408255 0.8885626 0.940819 0.8792303 0.9353016 0.8939008 0.9353015 0.9086383 0.9353011 0.8885626 0.940819 0.8939008 0.9353015 0.9457846 0.935301 0.9424032 0.940817 0.9266551 0.935301 0.7561048 0.9408317 0.7373101 0.940831 0.7510911 0.9353027 0.7561048 0.9408317 0.7667482 0.9353037 0.7773148 0.9408307 0.8479174 0.9353111 0.8421174 0.940833 0.8299241 0.9353095 0.7825015 0.9353062 0.7997081 0.9408313 0.7773148 0.9408307 0.6998389 0.9408321 0.7028201 0.9353014 0.7198293 0.9408314 0.7354357 0.9353017 0.7373101 0.940831 0.7198293 0.9408314 0.8221177 0.940832 0.8299241 0.9353095 0.8421174 0.940833 0.8151897 0.9353077 0.8221177 0.940832 0.7997081 0.9408313 0.8421174 0.940833 0.8479174 0.9353111 0.8647611 0.9408255 0.8479174 0.9353111 0.8635959 0.9353091 0.8647611 0.9408255 0.8885626 0.940819 0.9086383 0.9353011 0.9047203 0.9408175 0.9086383 0.9353011 0.9204382 0.9408165 0.9047203 0.9408175 0.9204382 0.9408165 0.9266551 0.935301 0.9424032 0.940817 0.9424032 0.940817 0.9457846 0.935301 0.9625375 0.9408291 0.8792303 0.9353016 0.8885626 0.940819 0.8647611 0.9408255 0.9625375 0.9408291 0.9692565 0.935301 0.9782361 0.9408275 0.9782361 0.9408275 0.9927954 0.9352943 0.9927655 0.9408196 0.4058066 0.1772757 0.3883475 0.1777151 0.4204714 0.179071 0.08056998 0.1521842 0.08058047 0.1744288 0.07504552 0.153617 0.08058172 0.234476 0.0750482 0.2309232 0.08058208 0.214508 0.08058172 0.234476 0.08058267 0.2595129 0.07504707 0.2511091 0.08058267 0.2595129 0.08058202 0.2859613 0.075051 0.2757425 0.07504761 0.175757 0.08058047 0.1744288 0.08058196 0.1956987 0.07504564 0.1959296 0.07504761 0.175757 0.08058196 0.1956987 0.08058208 0.214508 0.07504564 0.1959296 0.08058196 0.1956987 0.08058208 0.214508 0.07504588 0.2150968 0.07504564 0.1959296 0.0750482 0.2309232 0.07504588 0.2150968 0.08058208 0.214508 0.075051 0.2757425 0.07504707 0.2511091 0.08058267 0.2595129 0.0805816 0.3097193 0.08058291 0.3285048 0.07505255 0.3265975 0.075051 0.2757425 0.08058202 0.2859613 0.07505714 0.3016446 0.0805816 0.3097193 0.07505714 0.3016446 0.08058202 0.2859613 0.07505255 0.3265975 0.08058291 0.3285048 0.08058071 0.3472471 0.08058422 0.3721094 0.08058202 0.3958585 0.07504785 0.3839895 0.08057838 0.4196237 0.08058124 0.4448293 0.07504564 0.4402531 0.07504707 0.2511091 0.0750482 0.2309232 0.08058172 0.234476 0.07505714 0.3016446 0.0805816 0.3097193 0.07505255 0.3265975 0.07504552 0.153617 0.08058047 0.1744288 0.07504761 0.175757 0.08058071 0.3472471 0.07505303 0.3500949 0.07505255 0.3265975 0.08058071 0.3472471 0.08058422 0.3721094 0.07505303 0.3500949 0.0750491 0.3692557 0.07505303 0.3500949 0.08058422 0.3721094 0.07504785 0.3839895 0.0750491 0.3692557 0.08058422 0.3721094 0.08058202 0.3958585 0.08057838 0.4196237 0.07504916 0.4042117 0.07504916 0.4042117 0.07504785 0.3839895 0.08058202 0.3958585 0.07504564 0.4402531 0.07504689 0.4244233 0.08057838 0.4196237 0.08057838 0.4196237 0.07504689 0.4244233 0.07504916 0.4042117 0.08058387 0.5061039 0.08058208 0.5261491 0.07505202 0.5224328 0.07504791 0.460507 0.08058124 0.4448293 0.08058434 0.4635367 0.07504814 0.4987009 0.0750485 0.4807104 0.08058053 0.4822946 0.08058053 0.4822946 0.07504791 0.460507 0.08058434 0.4635367 0.07504814 0.4987009 0.08058053 0.4822946 0.08058387 0.5061039 0.07504814 0.4987009 0.08058387 0.5061039 0.07505202 0.5224328 0.07505202 0.5224328 0.08058208 0.5261491 0.08058261 0.5461759 0.07505458 0.5653294 0.08058261 0.5461759 0.08058249 0.5686805 0.07505917 0.5833383 0.08058249 0.5686805 0.08058041 0.5888369 0.07504951 0.7092904 0.08057117 0.6925628 0.08058845 0.7125125 0.07504624 0.7284892 0.08058845 0.7125125 0.08056932 0.7284694 0.08057242 0.6081836 0.07505512 0.5990582 0.08058041 0.5888369 0.07504659 0.6146951 0.08057242 0.6081836 0.08057391 0.6323807 0.08055943 0.6763022 0.07504677 0.6675855 0.08057397 0.6573513 0.08057117 0.6925628 0.07504659 0.6867371 0.08055943 0.6763022 0.07505458 0.5653294 0.08058249 0.5686805 0.07505917 0.5833383 0.08058261 0.5461759 0.07505434 0.546208 0.07505202 0.5224328 0.07505458 0.5653294 0.07505434 0.546208 0.08058261 0.5461759 0.07505512 0.5990582 0.07505917 0.5833383 0.08058041 0.5888369 0.07504659 0.6146951 0.07505512 0.5990582 0.08057242 0.6081836 0.07504564 0.4402531 0.08058124 0.4448293 0.07504791 0.460507 0.07504791 0.460507 0.08058053 0.4822946 0.0750485 0.4807104 0.08057391 0.6323807 0.07504868 0.6338134 0.07504659 0.6146951 0.08057391 0.6323807 0.08057397 0.6573513 0.07504868 0.6338134 0.08057397 0.6573513 0.07504677 0.6675855 0.0750485 0.650748 0.08057397 0.6573513 0.0750485 0.650748 0.07504868 0.6338134 0.07504659 0.6867371 0.07504677 0.6675855 0.08055943 0.6763022 0.07504951 0.7092904 0.07504659 0.6867371 0.08057117 0.6925628 0.08058845 0.7125125 0.07504624 0.7284892 0.07504951 0.7092904 0.5921365 0.1449275 0.5933712 0.1122843 0.5916841 0.1273266 0.5900638 0.1654103 0.5921365 0.1449275 0.5916841 0.1273266 0.3935639 0.147458 0.4028394 0.146564 0.3613473 0.1450246 0.3935639 0.147458 0.4270653 0.1486994 0.4028394 0.146564 0.3616672 0.218727 0.3894625 0.2205717 0.382738 0.2188296 0.3894625 0.2205717 0.4186456 0.2207373 0.382738 0.2188296 0.4195725 0.222171 0.4186456 0.2207373 0.3894625 0.2205717 0.1050471 0.1692675 0.1063756 0.1703774 0.1066868 0.1463937 0.1027936 0.211718 0.1063756 0.1703774 0.1050471 0.1692675 0.104182 0.2116386 0.1063756 0.1703774 0.1027936 0.211718 0.4580543 0.7756367 0.4562839 0.7811668 0.4399939 0.7756411 0.4126735 0.781168 0.4072312 0.7756361 0.4241416 0.7756368 0.4338113 0.7811673 0.4241416 0.7756368 0.4399939 0.7756411 0.4338113 0.7811673 0.4399939 0.7756411 0.4562839 0.7811668 0.4126735 0.781168 0.3949152 0.7756295 0.4072312 0.7756361 0.4787992 0.7811661 0.4783172 0.7756365 0.4963535 0.7756388 0.4987969 0.7811668 0.4963535 0.7756388 0.5166405 0.7756386 0.4787992 0.7811661 0.4580543 0.7756367 0.4783172 0.7756365 0.6611338 0.7756394 0.6580994 0.7811522 0.6430763 0.7756383 0.6791753 0.7756364 0.7028301 0.7756388 0.6843238 0.7811531 0.6024377 0.7756419 0.6239269 0.7756391 0.6116066 0.7811555 0.4580543 0.7756367 0.4787992 0.7811661 0.4562839 0.7811668 0.4787992 0.7811661 0.4963535 0.7756388 0.4987969 0.7811668 0.5392469 0.775651 0.534031 0.7811663 0.5166405 0.7756386 0.5564638 0.7811667 0.5392469 0.775651 0.5605666 0.7756457 0.5392469 0.775651 0.5564638 0.7811667 0.534031 0.7811663 0.4126735 0.781168 0.4241416 0.7756368 0.4338113 0.7811673 0.3949152 0.7756295 0.4126735 0.781168 0.3949662 0.7811539 0.5166405 0.7756386 0.534031 0.7811663 0.5151882 0.7811669 0.4987969 0.7811668 0.5166405 0.7756386 0.5151882 0.7811669 0.5797385 0.7756432 0.5765021 0.7811673 0.5605666 0.7756457 0.6024377 0.7756419 0.594087 0.7811615 0.5797385 0.7756432 0.6430763 0.7756383 0.6580994 0.7811522 0.6328805 0.7811538 0.6430763 0.7756383 0.6328805 0.7811538 0.6239269 0.7756391 0.6791753 0.7756364 0.6580994 0.7811522 0.6611338 0.7756394 0.6580994 0.7811522 0.6791753 0.7756364 0.6843238 0.7811531 0.6024377 0.7756419 0.6116066 0.7811555 0.594087 0.7811615 0.5605666 0.7756457 0.5765021 0.7811673 0.5564638 0.7811667 0.5765021 0.7811673 0.5797385 0.7756432 0.594087 0.7811615 0.6116066 0.7811555 0.6239269 0.7756391 0.6328805 0.7811538 0.7218657 0.7756382 0.7106531 0.7811598 0.7028301 0.7756388 0.7546882 0.7756419 0.7727486 0.7756428 0.7583174 0.7811668 0.7345355 0.7811682 0.7106531 0.7811598 0.7366395 0.7756385 0.7366395 0.7756385 0.7106531 0.7811598 0.7218657 0.7756382 0.7583174 0.7811668 0.7366395 0.7756385 0.7546882 0.7756419 0.7858726 0.7811639 0.7727486 0.7756428 0.790782 0.7756435 0.8109856 0.7811639 0.790782 0.7756435 0.8077119 0.7756443 0.8707544 0.7756392 0.8877364 0.7756369 0.8789454 0.7811577 0.9238436 0.7756386 0.9242997 0.7811459 0.9057705 0.7756373 0.8297657 0.7811668 0.8257502 0.7756507 0.8494587 0.7756415 0.8109856 0.7811639 0.8077119 0.7756443 0.8257502 0.7756507 0.9570035 0.781156 0.957567 0.7756368 0.9717927 0.7756314 0.7028301 0.7756388 0.7106531 0.7811598 0.6843238 0.7811531 0.8109856 0.7811639 0.7858726 0.7811639 0.790782 0.7756435 0.8297657 0.7811668 0.8494587 0.7756415 0.851385 0.7811549 0.851385 0.7811549 0.8494587 0.7756415 0.8707544 0.7756392 0.851385 0.7811549 0.8707544 0.7756392 0.8789454 0.7811577 0.7858726 0.7811639 0.7583174 0.7811668 0.7727486 0.7756428 0.7366395 0.7756385 0.7583174 0.7811668 0.7345355 0.7811682 0.8109856 0.7811639 0.8257502 0.7756507 0.8297657 0.7811668 0.9057705 0.7756373 0.9030504 0.7811563 0.8877364 0.7756369 0.9242997 0.7811459 0.9030504 0.7811563 0.9057705 0.7756373 0.9242997 0.7811459 0.9238436 0.7756386 0.9430147 0.775637 0.957567 0.7756368 0.9570035 0.781156 0.9430147 0.775637 0.9430147 0.775637 0.9413358 0.781158 0.9242997 0.7811459 0.9722061 0.781154 0.9570035 0.781156 0.9717927 0.7756314 0.8789454 0.7811577 0.8877364 0.7756369 0.9030504 0.7811563 0.9413358 0.781158 0.9430147 0.775637 0.9570035 0.781156 0.1416257 0.1464031 0.1404962 0.1719616 0.1459257 0.1459546 0.1459257 0.1789249 0.1459257 0.1459546 0.1404962 0.1719616 0.141373 0.1781595 0.1459257 0.1789249 0.1404962 0.1719616 0.139498 0.2078608 0.141373 0.1781595 0.1404962 0.1719616 0.7041897 0.2253797 0.7044684 0.2054905 0.7022901 0.2349842 0.7022901 0.2349842 0.7026835 0.2537009 0.7041897 0.2253797 0.7026835 0.2537009 0.7022901 0.2349842 0.7012913 0.2685866 0.2144498 0.293443 0.2317903 0.2934522 0.1956568 0.2914982 0.3607827 0.1697651 0.4127188 0.1729151 0.3858215 0.1701023 0.4195342 0.1718929 0.3858215 0.1701023 0.4127188 0.1729151 0.6423884 0.1287084 0.6428121 0.1077163 0.6409673 0.1293877 0.6409673 0.1293877 0.6404395 0.1534501 0.6423884 0.1287084 0.7143544 0.1424915 0.7168782 0.1211304 0.7160282 0.11106 0.7151771 0.1531262 0.7168782 0.1211304 0.7143544 0.1424915 0.7134049 0.1728133 0.7151771 0.1531262 0.7143544 0.1424915 0.2015611 0.1444348 0.2231836 0.1462526 0.2361408 0.1455521 0.2361408 0.1455521 0.2231836 0.1462526 0.2551826 0.1475195 0.2420842 0.2643397 0.2083378 0.261161 0.2059198 0.2624177 0.2524073 0.2638881 0.2083378 0.261161 0.2420842 0.2643397 0.2235338 0.214452 0.2160124 0.2126656 0.195915 0.2122074 0.2398461 0.2139316 0.2160124 0.2126656 0.2235338 0.214452 0.2398461 0.2139316 0.2235338 0.214452 0.2610071 0.2156295 0.4225922 0.8089604 0.4163659 0.8144962 0.3973468 0.80897 0.4225922 0.8089604 0.446381 0.8089601 0.4366913 0.8144963 0.4558556 0.8144963 0.446381 0.8089601 0.4728738 0.8089606 0.4954657 0.8089606 0.4896985 0.8144962 0.4728738 0.8089606 0.5155076 0.8089609 0.5088648 0.8144961 0.4954657 0.8089606 0.5245366 0.8144888 0.5355531 0.808961 0.5402632 0.8144867 0.5155076 0.8089609 0.5355531 0.808961 0.5245366 0.8144888 0.5756455 0.808961 0.5697581 0.8144891 0.5555945 0.8089606 0.5889113 0.8144914 0.5756455 0.808961 0.595691 0.8089608 0.595691 0.8089608 0.6157392 0.8089607 0.6101843 0.8144931 0.6332605 0.8089602 0.6304644 0.8144952 0.6157392 0.8089607 0.6665769 0.814497 0.6532838 0.8089599 0.6758773 0.80896 0.5402632 0.8144867 0.5555945 0.8089606 0.5550231 0.8144891 0.5355531 0.808961 0.5555945 0.8089606 0.5402632 0.8144867 0.6532838 0.8089599 0.6485211 0.8144963 0.6332605 0.8089602 0.4163659 0.8144962 0.3950186 0.8144963 0.3973468 0.80897 0.4954657 0.8089606 0.5088648 0.8144961 0.4896985 0.8144962 0.5155076 0.8089609 0.5245366 0.8144888 0.5088648 0.8144961 0.4896985 0.8144962 0.4727764 0.8144964 0.4728738 0.8089606 0.446381 0.8089601 0.4558556 0.8144963 0.4366913 0.8144963 0.4225922 0.8089604 0.4366913 0.8144963 0.4163659 0.8144962 0.4727764 0.8144964 0.4558556 0.8144963 0.4728738 0.8089606 0.5756455 0.808961 0.5889113 0.8144914 0.5697581 0.8144891 0.5697581 0.8144891 0.5550231 0.8144891 0.5555945 0.8089606 0.6101843 0.8144931 0.5889113 0.8144914 0.595691 0.8089608 0.6332605 0.8089602 0.6485211 0.8144963 0.6304644 0.8144952 0.6101843 0.8144931 0.6157392 0.8089607 0.6304644 0.8144952 0.6857118 0.8144972 0.6665769 0.814497 0.6758773 0.80896 0.6532838 0.8089599 0.6665769 0.814497 0.6485211 0.8144963 0.8362401 0.808961 0.8268386 0.8144878 0.8161936 0.8089608 0.7048884 0.8144971 0.6983684 0.8089591 0.7220237 0.8089602 0.7251728 0.8144965 0.7220237 0.8089602 0.7396909 0.8089607 0.7560567 0.8089602 0.7501002 0.8144943 0.7396909 0.8089607 0.7560567 0.8089602 0.7773323 0.8089606 0.7727174 0.8144926 0.8088009 0.8144894 0.7973737 0.8089604 0.8161936 0.8089608 0.7973737 0.8089604 0.7907594 0.8144909 0.7773323 0.8089606 0.8161936 0.8089608 0.8268386 0.8144878 0.8088009 0.8144894 0.8757229 0.8089614 0.8582319 0.8144974 0.8562846 0.8089611 0.8362401 0.808961 0.8562846 0.8089611 0.8425765 0.8144899 0.8922595 0.8089659 0.8773853 0.8144976 0.8757229 0.8089614 0.8362401 0.808961 0.8425765 0.8144899 0.8268386 0.8144878 0.8943367 0.814498 0.8922595 0.8089659 0.9072931 0.8089655 0.9501647 0.809828 0.9484553 0.8144981 0.9276406 0.8089683 0.9706311 0.8144983 0.9501647 0.809828 0.971396 0.8116643 0.9276406 0.8089683 0.9112202 0.8144981 0.9072931 0.8089655 0.7727174 0.8144926 0.7501002 0.8144943 0.7560567 0.8089602 0.7773323 0.8089606 0.7907594 0.8144909 0.7727174 0.8144926 0.7907594 0.8144909 0.7973737 0.8089604 0.8088009 0.8144894 0.7048884 0.8144971 0.7220237 0.8089602 0.7251728 0.8144965 0.7048884 0.8144971 0.6857118 0.8144972 0.6983684 0.8089591 0.7501002 0.8144943 0.7251728 0.8144965 0.7396909 0.8089607 0.8425765 0.8144899 0.8562846 0.8089611 0.8582319 0.8144974 0.8582319 0.8144974 0.8757229 0.8089614 0.8773853 0.8144976 0.8773853 0.8144976 0.8922595 0.8089659 0.8943367 0.814498 0.8943367 0.814498 0.9072931 0.8089655 0.9112202 0.8144981 0.9276406 0.8089683 0.9304044 0.8144981 0.9112202 0.8144981 0.9484553 0.8144981 0.9304044 0.8144981 0.9276406 0.8089683 0.9484553 0.8144981 0.9501647 0.809828 0.9706311 0.8144983 0.6758773 0.80896 0.6983684 0.8089591 0.6857118 0.8144972 0.4003182 0.8275613 0.3947944 0.8315836 0.4003228 0.8145303 0.3947944 0.8315836 0.3948005 0.8144984 0.4003228 0.8145303 0.3947987 0.8548443 0.3947944 0.8315836 0.4002646 0.8442268 0.3947987 0.8548443 0.4002646 0.8442268 0.3989601 0.8623115 0.4003182 0.8275613 0.4002646 0.8442268 0.3947944 0.8315836 0.3972564 0.8820593 0.3947972 0.875821 0.3989601 0.8623115 0.3947972 0.875821 0.3947987 0.8548443 0.3989601 0.8623115 0.3947972 0.875821 0.3972564 0.8820593 0.3964481 0.8972054 0.5097405 0.8426246 0.50793 0.8587778 0.5070077 0.84259 0.05840504 0.2010357 0.06393229 0.2003762 0.06393128 0.2172806 0.06392925 0.1689105 0.06393074 0.1846199 0.05840438 0.1797509 0.05841189 0.154545 0.06393826 0.1521638 0.06392925 0.1689105 0.05840438 0.1797509 0.05841189 0.154545 0.06392925 0.1689105 0.05840504 0.2010357 0.06393074 0.1846199 0.06393229 0.2003762 0.05840325 0.2222787 0.06393128 0.2172806 0.06392961 0.2364127 0.05840325 0.2222787 0.06392961 0.2364127 0.0584132 0.2428696 0.05841171 0.2666187 0.0584132 0.2428696 0.063932 0.255532 0.05841171 0.2666187 0.063932 0.255532 0.06393039 0.2747017 0.0584132 0.2428696 0.06392961 0.2364127 0.063932 0.255532 0.05841171 0.2666187 0.06393039 0.2747017 0.05841267 0.2920378 0.06391519 0.2905983 0.05841267 0.2920378 0.06393039 0.2747017 0.05841267 0.2920378 0.06391519 0.2905983 0.06392186 0.3075381 0.05841648 0.3376035 0.06392484 0.3266555 0.06392508 0.348032 0.06393074 0.1846199 0.05840504 0.2010357 0.05840438 0.1797509 0.05840504 0.2010357 0.06393128 0.2172806 0.05840325 0.2222787 0.05841094 0.3128694 0.05841267 0.2920378 0.06392186 0.3075381 0.05841648 0.3376035 0.05841094 0.3128694 0.06392484 0.3266555 0.05841648 0.3376035 0.06392508 0.348032 0.05841583 0.3600323 0.06392508 0.348032 0.063928 0.3692539 0.05841583 0.3600323 0.06393057 0.3872724 0.05841523 0.37888 0.063928 0.3692539 0.06393057 0.3872724 0.05841332 0.4024668 0.05841523 0.37888 0.06392854 0.405285 0.05841332 0.4024668 0.06393057 0.3872724 0.05841052 0.4233701 0.05841332 0.4024668 0.0639311 0.4222327 0.06393259 0.4369678 0.05841052 0.4233701 0.0639311 0.4222327 0.06392854 0.405285 0.0639311 0.4222327 0.05841332 0.4024668 0.05841523 0.37888 0.05841583 0.3600323 0.063928 0.3692539 0.05841141 0.4446864 0.05841052 0.4233701 0.06393259 0.4369678 0.06392186 0.3075381 0.06392484 0.3266555 0.05841094 0.3128694 0.05841141 0.4446864 0.06393259 0.4369678 0.06393074 0.4539116 0.05841284 0.4649916 0.06393074 0.4539116 0.06392967 0.4763206 0.05840289 0.4823646 0.05841284 0.4649916 0.06392967 0.4763206 0.05840289 0.4823646 0.06392967 0.4763206 0.06393057 0.4987309 0.05840468 0.5012286 0.06393057 0.4987309 0.06392663 0.5167328 0.06392663 0.5167328 0.06392526 0.5347816 0.05840492 0.5277212 0.05840122 0.555131 0.06392526 0.5347816 0.0639252 0.5538991 0.05840462 0.7131056 0.06393027 0.7070232 0.06393963 0.7280942 0.05840122 0.555131 0.0639252 0.5538991 0.0639227 0.5719034 0.0639227 0.5719034 0.06391972 0.591068 0.05840069 0.5775467 0.05841785 0.6440264 0.063932 0.6294409 0.06393033 0.6496244 0.05840665 0.4566746 0.06393074 0.4539116 0.05841284 0.4649916 0.05840665 0.4566746 0.05841141 0.4446864 0.06393074 0.4539116 0.05840492 0.5277212 0.05840468 0.5012286 0.06392663 0.5167328 0.06393057 0.4987309 0.05840468 0.5012286 0.05840289 0.4823646 0.05840122 0.555131 0.05840492 0.5277212 0.06392526 0.5347816 0.05840927 0.6002342 0.05840069 0.5775467 0.06391972 0.591068 0.05840069 0.5775467 0.05840122 0.555131 0.0639227 0.5719034 0.05840927 0.6002342 0.06391972 0.591068 0.06393247 0.609161 0.063932 0.6294409 0.0584169 0.6240603 0.06393247 0.609161 0.05841785 0.6440264 0.0584169 0.6240603 0.063932 0.6294409 0.05841571 0.6665443 0.05841785 0.6440264 0.06393033 0.6496244 0.06393271 0.6665532 0.05841571 0.6665443 0.06393033 0.6496244 0.06393247 0.6856815 0.05841571 0.6665443 0.06393271 0.6665532 0.06393247 0.6856815 0.05840927 0.6927524 0.05841571 0.6665443 0.06393027 0.7070232 0.05840927 0.6927524 0.06393247 0.6856815 0.05840462 0.7131056 0.05840927 0.6927524 0.06393027 0.7070232 0.06393247 0.609161 0.0584169 0.6240603 0.05840927 0.6002342 0.05841499 0.7284985 0.05840462 0.7131056 0.06393963 0.7280942 0.2198724 0.2876169 0.2367624 0.2871276 0.1998977 0.2857235 0.2543646 0.2891051 0.2367624 0.2871276 0.2198724 0.2876169 0.3949091 0.7978658 0.4113308 0.7978529 0.3949441 0.80339 0.4241046 0.8033896 0.4113308 0.7978529 0.4348713 0.7978522 0.5188118 0.7978532 0.4996512 0.8033866 0.4975141 0.7978529 0.4804757 0.8033888 0.477506 0.7978528 0.4975141 0.7978529 0.3949441 0.80339 0.4113308 0.7978529 0.4072199 0.8033894 0.4113308 0.7978529 0.4241046 0.8033896 0.4072199 0.8033894 0.4432727 0.8033875 0.4241046 0.8033896 0.4348713 0.7978522 0.4348713 0.7978522 0.4586723 0.7978535 0.4432727 0.8033875 0.477506 0.7978528 0.4804757 0.8033888 0.4613411 0.8033893 0.5155207 0.803389 0.4996512 0.8033866 0.5188118 0.7978532 0.5155207 0.803389 0.5188118 0.7978532 0.5325327 0.8033793 0.477506 0.7978528 0.4613411 0.8033893 0.4586723 0.7978535 0.585241 0.797855 0.570865 0.803382 0.5589483 0.7978511 0.6341382 0.7978509 0.6578766 0.797852 0.6541683 0.8033862 0.5517319 0.8033765 0.537643 0.7978535 0.5589483 0.7978511 0.570865 0.803382 0.585241 0.797855 0.5900052 0.8033829 0.570865 0.803382 0.5517319 0.8033765 0.5589483 0.7978511 0.6722069 0.8033884 0.6578766 0.797852 0.6791749 0.7978537 0.6891143 0.8033896 0.6791749 0.7978537 0.6955701 0.7978594 0.6058458 0.8033807 0.585241 0.797855 0.610505 0.7978545 0.5188118 0.7978532 0.537643 0.7978535 0.5325327 0.8033793 0.5517319 0.8033765 0.5325327 0.8033793 0.537643 0.7978535 0.4996512 0.8033866 0.4804757 0.8033888 0.4975141 0.7978529 0.4586723 0.7978535 0.4613411 0.8033893 0.4432727 0.8033875 0.585241 0.797855 0.6058458 0.8033807 0.5900052 0.8033829 0.610505 0.7978545 0.6227768 0.8033868 0.6058458 0.8033807 0.6341382 0.7978509 0.6227768 0.8033868 0.610505 0.7978545 0.6341382 0.7978509 0.6396217 0.8033873 0.6227768 0.8033868 0.6341382 0.7978509 0.6541683 0.8033862 0.6396217 0.8033873 0.6791749 0.7978537 0.6891143 0.8033896 0.6722069 0.8033884 0.6722069 0.8033884 0.6541683 0.8033862 0.6578766 0.797852 0.7049042 0.8033869 0.6891143 0.8033896 0.6955701 0.7978594 0.7119637 0.7978535 0.7049042 0.8033869 0.6955701 0.7978594 0.7229526 0.8033866 0.7119637 0.7978535 0.7332181 0.7978513 0.7569252 0.7978529 0.7432296 0.8033871 0.7332181 0.7978513 0.7962103 0.8033818 0.792128 0.7978524 0.8118695 0.7978541 0.7569252 0.7978529 0.7623507 0.8033812 0.7432296 0.8033871 0.7119637 0.7978535 0.7229526 0.8033866 0.7049042 0.8033869 0.7229526 0.8033866 0.7332181 0.7978513 0.7432296 0.8033871 0.7623507 0.8033812 0.7569252 0.7978529 0.7757731 0.7978544 0.9122967 0.7978615 0.9134412 0.8033869 0.8949731 0.7978607 0.8504598 0.8033879 0.8358727 0.797863 0.8551613 0.7978625 0.871892 0.7978662 0.8949731 0.7978607 0.8831838 0.8033882 0.9293099 0.803386 0.9275788 0.7978627 0.9463772 0.7978616 0.9495024 0.8033888 0.9463772 0.7978616 0.9701283 0.797865 0.9275788 0.7978627 0.9134412 0.8033869 0.9122967 0.7978615 0.871892 0.7978662 0.8674468 0.8033863 0.8551613 0.7978625 0.792128 0.7978524 0.7962103 0.8033818 0.7781921 0.8033825 0.7781921 0.8033825 0.7757731 0.7978544 0.792128 0.7978524 0.8142484 0.8033766 0.7962103 0.8033818 0.8118695 0.7978541 0.8358727 0.797863 0.8142484 0.8033766 0.8118695 0.7978541 0.8358727 0.797863 0.8504598 0.8033879 0.8322979 0.8033775 0.8358727 0.797863 0.8322979 0.8033775 0.8142484 0.8033766 0.7757731 0.7978544 0.7781921 0.8033825 0.7623507 0.8033812 0.8674468 0.8033863 0.8504598 0.8033879 0.8551613 0.7978625 0.8977485 0.8033892 0.8831838 0.8033882 0.8949731 0.7978607 0.8831838 0.8033882 0.8674468 0.8033863 0.871892 0.7978662 0.9463772 0.7978616 0.9495024 0.8033888 0.9293099 0.803386 0.9720799 0.803389 0.9495024 0.8033888 0.9701283 0.797865 0.9134412 0.8033869 0.8977485 0.8033892 0.8949731 0.7978607 0.9275788 0.7978627 0.9293099 0.803386 0.9134412 0.8033869 0.5921406 0.2427182 0.593355 0.2099505 0.5916277 0.2262682 0.5901233 0.2621505 0.5921406 0.2427182 0.5916277 0.2262682 0.2412533 0.2078971 0.2050922 0.2059763 0.2328155 0.2088361 0.2050922 0.2059763 0.2034713 0.2072758 0.2328155 0.2088361 0.2328155 0.2088361 0.2572779 0.2095629 0.2412533 0.2078971 0.2482302 0.2279896 0.2528277 0.2268496 0.2186704 0.2254071 0.5806886 0.2258893 0.5808262 0.2095642 0.5786659 0.2378373 0.5791295 0.2552186 0.5806886 0.2258893 0.5786659 0.2378373 0.5776687 0.2668327 0.5791295 0.2552186 0.5786659 0.2378373 0.06395691 0.1720836 0.06949114 0.1526039 0.06948226 0.1779906 0.06395691 0.1720836 0.06948226 0.1779906 0.06395405 0.1933065 0.06395405 0.1933065 0.06948226 0.1779906 0.06948482 0.2004237 0.06948482 0.2004237 0.06948387 0.2241318 0.06395798 0.212086 0.0694825 0.2467258 0.06395375 0.2297255 0.06948387 0.2241318 0.06395494 0.2509534 0.06948435 0.2658437 0.06395608 0.2721115 0.06395494 0.2509534 0.0694825 0.2467258 0.06948435 0.2658437 0.06395769 0.289704 0.06947308 0.2825838 0.0694741 0.2983235 0.06947773 0.3501377 0.06395351 0.3333936 0.0694788 0.3343127 0.06948113 0.406407 0.06396985 0.401075 0.06948262 0.3883606 0.06396573 0.1525925 0.06949114 0.1526039 0.06395691 0.1720836 0.06395405 0.1933065 0.06948482 0.2004237 0.06395798 0.212086 0.06947541 0.3163193 0.06395471 0.3097174 0.0694741 0.2983235 0.0694741 0.2983235 0.06395471 0.3097174 0.06395769 0.289704 0.06948435 0.2658437 0.06947308 0.2825838 0.06395608 0.2721115 0.06948387 0.2241318 0.06395375 0.2297255 0.06395798 0.212086 0.06395608 0.2721115 0.06947308 0.2825838 0.06395769 0.289704 0.0694825 0.2467258 0.06395494 0.2509534 0.06395375 0.2297255 0.0694788 0.3343127 0.06395351 0.3333936 0.06947541 0.3163193 0.06948083 0.3681829 0.06396126 0.3560167 0.06947773 0.3501377 0.06947773 0.3501377 0.06396126 0.3560167 0.06395351 0.3333936 0.06948262 0.3883606 0.06396657 0.3798291 0.06948083 0.3681829 0.06396126 0.3560167 0.06948083 0.3681829 0.06396657 0.3798291 0.06948357 0.4233451 0.06396961 0.4198287 0.06948113 0.406407 0.06948488 0.4424481 0.06396728 0.4361127 0.06948357 0.4233451 0.06948113 0.406407 0.06396961 0.4198287 0.06396985 0.401075 0.06396985 0.401075 0.06396657 0.3798291 0.06948262 0.3883606 0.06948357 0.4233451 0.06396728 0.4361127 0.06396961 0.4198287 0.06396573 0.4548798 0.06396728 0.4361127 0.06948488 0.4424481 0.06395471 0.3097174 0.06947541 0.3163193 0.06395351 0.3333936 0.06948125 0.4615703 0.06396573 0.4548798 0.06948488 0.4424481 0.063955 0.4772567 0.06948125 0.4615703 0.06948304 0.4785146 0.06948226 0.4954565 0.063955 0.4772567 0.06948304 0.4785146 0.06948131 0.511281 0.0694766 0.5293371 0.06395512 0.5184915 0.06395542 0.4997155 0.06948226 0.4954565 0.06948131 0.511281 0.06395512 0.5184915 0.06395542 0.4997155 0.06948131 0.511281 0.06395709 0.5360184 0.0694766 0.5293371 0.06947821 0.5484207 0.06395661 0.5523712 0.06947821 0.5484207 0.06947571 0.5653344 0.06948429 0.6676258 0.06396341 0.6659676 0.06948089 0.65074 0.06947571 0.5653344 0.06947004 0.5855969 0.0639609 0.5732905 0.06396168 0.5980442 0.06947004 0.5855969 0.06948298 0.6103338 0.06948167 0.7070121 0.06948983 0.7280845 0.06396687 0.727865 0.06396573 0.4548798 0.06948125 0.4615703 0.063955 0.4772567 0.063955 0.4772567 0.06948226 0.4954565 0.06395542 0.4997155 0.06396389 0.6225994 0.06396168 0.5980442 0.06948298 0.6103338 0.0639609 0.5732905 0.06947004 0.5855969 0.06396168 0.5980442 0.0694766 0.5293371 0.06395709 0.5360184 0.06395512 0.5184915 0.06395709 0.5360184 0.06947821 0.5484207 0.06395661 0.5523712 0.0639609 0.5732905 0.06395661 0.5523712 0.06947571 0.5653344 0.06396389 0.6225994 0.06948274 0.6338562 0.06396299 0.644941 0.06948089 0.65074 0.06396299 0.644941 0.06948274 0.6338562 0.06948089 0.65074 0.06396341 0.6659676 0.06396299 0.644941 0.06948411 0.6867582 0.06396824 0.6880862 0.06396341 0.6659676 0.06948429 0.6676258 0.06948411 0.6867582 0.06396341 0.6659676 0.06948411 0.6867582 0.06948167 0.7070121 0.06396824 0.6880862 0.06396687 0.727865 0.06396484 0.7057762 0.06948167 0.7070121 0.06396824 0.6880862 0.06948167 0.7070121 0.06396484 0.7057762 0.06396389 0.6225994 0.06948298 0.6103338 0.06948274 0.6338562 0.05019456 0.1484476 0.04691344 0.1950186 0.05139863 0.1676706 0.05139863 0.1951684 0.05139863 0.1676706 0.04691344 0.1950186 0.7032487 0.1452966 0.7044628 0.1224459 0.7029751 0.1242851 0.7041727 0.107716 0.7029751 0.1242851 0.7044628 0.1224459 0.7029751 0.1242851 0.7016399 0.1494138 0.7032487 0.1452966 0.7016399 0.1494138 0.7012082 0.172832 0.7032487 0.1452966 0.382712 0.2616173 0.3617336 0.2607436 0.3846145 0.2631066 0.3846145 0.2631066 0.41122 0.2631323 0.382712 0.2616173 0.41122 0.2631323 0.3846145 0.2631066 0.4221895 0.2646073 0.2289951 0.2024249 0.2287399 0.2010246 0.2013759 0.2007178 0.2556385 0.2032889 0.2287399 0.2010246 0.2289951 0.2024249 0.3989686 0.299162 0.3659685 0.2980373 0.386354 0.2998765 0.4199849 0.3012197 0.3989686 0.299162 0.386354 0.2998765 0.6660097 0.2467468 0.6674385 0.2099673 0.6654913 0.2304033 0.6660097 0.2467468 0.6654913 0.2304033 0.6641028 0.2657324 0.2412561 0.2690253 0.2058585 0.2671447 0.2327979 0.2699637 0.2058585 0.2671447 0.2039251 0.2684279 0.2327979 0.2699637 0.2327979 0.2699637 0.2572682 0.2706908 0.2412561 0.2690253 0.6082853 0.8749716 0.6394169 0.8758139 0.625517 0.8745071 0.5922325 0.8600107 0.5925716 0.8422997 0.5908505 0.8618776 0.5922325 0.8600107 0.5908505 0.8618776 0.5915195 0.8747889 0.3103944 0.1566405 0.3271682 0.1569796 0.3271605 0.1441136 0.3737604 0.1558824 0.373369 0.1719205 0.3874158 0.1719132 0.5900285 0.1559874 0.5896583 0.1719205 0.603705 0.1719131 0.631628 0.5758092 0.6456626 0.5884373 0.6453734 0.5739492 0.4836764 0.6704912 0.4738706 0.6704912 0.4738679 0.6845375 0.3971605 0.5144191 0.453346 0.5018376 0.453346 0.5144191 0.4088841 0.627895 0.3942312 0.6138479 0.3942403 0.6278942 0.5412008 0.559256 0.5552471 0.5873486 0.5412008 0.5873486 0.4399144 0.5595802 0.4490214 0.5733021 0.4490168 0.5592562 0.3971605 0.4877912 0.453346 0.4877912 0.453346 0.5003728 0.4088461 0.6085867 0.4088459 0.5945409 0.4003227 0.5946199 0.5853857 0.559256 0.5853857 0.5873486 0.5713393 0.5873486 0.570471 0.7063626 0.5565547 0.6931366 0.555907 0.706089 0.570471 0.7063626 0.5704041 0.6930897 0.5565547 0.6931366 0.6158912 0.6768867 0.6307294 0.6636127 0.6137858 0.6639831 0.555696 0.6768867 0.5705341 0.6636127 0.5535905 0.6639831 0.495161 0.6331549 0.4755306 0.6331549 0.4952321 0.6472013 0.1317615 0.9473404 0.1317615 0.9332941 0.1070771 0.9332941 0.433424 0.7032058 0.4532171 0.6891593 0.4531368 0.7032057 0.3550148 0.9647626 0.4819142 0.9647626 0.4819142 0.9507163 0.4632885 0.6845375 0.4537117 0.6704912 0.4632845 0.6704912 0.4335456 0.6845375 0.4335455 0.6704912 0.4431217 0.6704912 0.4754743 0.6658694 0.4952352 0.6518231 0.4951552 0.6658694 0.05827271 0.7662619 0.07219147 0.7767663 0.05814468 0.7767378 0.07219183 0.7473756 0.07219147 0.7767663 0.05827271 0.7662619 0.3550148 0.5872535 0.3690611 0.5872535 0.3690611 0.5747227 0.4335452 0.633155 0.4429095 0.633155 0.4429095 0.6472013 0.1070695 0.9022594 0.1070271 0.9163063 0.1191197 0.9022595 0.3743799 0.6331551 0.3743805 0.6472013 0.3825058 0.6331549 0.3549637 0.7939724 0.3549909 0.7799262 0.3770462 0.7799262 0.3550148 0.6520165 0.3714711 0.6520165 0.3714711 0.6660628 0.3789781 0.7218738 0.3790372 0.7078275 0.401085 0.7078275 0.3207451 0.9485471 0.3207451 0.9356953 0.136349 0.9356953 0.3549389 0.7459067 0.354999 0.7318603 0.3770463 0.7318604 0.4747882 0.5962055 0.4912445 0.5962055 0.4912445 0.6102518 0.3549389 0.7218737 0.354999 0.7078275 0.3770463 0.7078275 0.2978942 0.2140169 0.3304722 0.2140169 0.3304722 0.2014353 0.3550102 0.633155 0.3631431 0.6472013 0.3631331 0.6331549 0.0120325 0.7808336 0.01196515 0.7948805 0.02408623 0.7808334 0.4638956 0.6518231 0.4543225 0.6518231 0.4638996 0.6658694 0.5072173 0.6845368 0.5072191 0.6704912 0.5123838 0.6845371 0.8592201 0.6740339 0.8592201 0.6599875 0.9709022 0.6740339 0.9526947 0.5880376 0.9667407 0.6262391 0.9526945 0.6262108 0.4685438 0.7304001 0.4545603 0.7299742 0.4545233 0.7075147 0.4685438 0.7304001 0.4545237 0.7441358 0.4545603 0.7299742 0.03991532 0.7639677 0.03991532 0.7935652 0.02586895 0.7935652 0.4530194 0.8668546 0.4209753 0.8670502 0.425485 0.8806526 0.08832877 0.7474328 0.08832877 0.7770303 0.0742824 0.7770303 0.9763473 0.6262333 0.9903936 0.5880935 0.9903936 0.6262024 0.8451737 0.5217291 0.8451737 0.5536869 0.8577553 0.5245815 0.8451737 0.5536869 0.8451737 0.5847328 0.8577553 0.5686975 0.3733695 0.1999705 0.3733695 0.187389 0.4850516 0.187389 0.3693189 0.6278942 0.3549776 0.6138479 0.369271 0.6138479 0.3549063 0.7699396 0.3772255 0.7558934 0.3769459 0.7699394 0 0.7988162 0 0.8355639 0.01258146 0.7987775 0.01258146 0.8677898 0.01258146 0.8329536 0 0.8355639 0 0.8704002 0 0.9045762 0.01258146 0.8677898 0.4959796 0.7032056 0.4737212 0.6891594 0.4958148 0.6891595 0.369319 0.608587 0.3550016 0.5945407 0.369271 0.5945407 0.3931744 0.7033991 0.3550032 0.6893528 0.3931434 0.6893527 0.3956957 0.4877912 0.3956957 0.5543346 0.3831142 0.5543346 0.04533362 0.7614791 -3.99244e-6 0.7474328 -5.15577e-6 0.7614791 0.434432 0.6287266 0.4494428 0.6146802 0.4494428 0.6287266 0.496557 0.7620284 0.4036212 0.7620297 0.4035975 0.776073 0.402194 0.6656761 0.3937464 0.6516298 0.3937464 0.665676 0.4493842 0.6102531 0.4493386 0.5962052 0.4344308 0.6102517 0.3789988 0.7459066 0.4011415 0.7318605 0.4010875 0.7459067 0.4747882 0.6146802 0.4912445 0.6146802 0.4912445 0.6287266 0.3789781 0.7939724 0.4011197 0.7799261 0.4010878 0.7939724 0.3207451 0.9628639 0.3207451 0.950012 0.136349 0.950012 -7.85332e-5 0.778014 0.02206629 0.7639677 0.0220341 0.778014 0.3937464 0.633155 0.4102027 0.633155 0.4102027 0.6472013 0.3789988 0.7699396 0.4011415 0.7558933 0.4010875 0.7699396 0.4454774 0.1598511 0.4595119 0.1718569 0.4592227 0.1580829 0.6161842 0.6049355 0.6168318 0.6178881 0.6307441 0.604662 0.6168318 0.6178881 0.6307022 0.6179351 0.6307441 0.604662 0.6018689 0.5716348 0.6014775 0.5885042 0.6155242 0.5884964 0.5179321 0.1559874 0.5175619 0.1719205 0.5316086 0.1719131 0.6158912 0.6621488 0.6307293 0.6488748 0.6137858 0.6492452 0.3690611 0.5685307 0.3690611 0.5724459 0.3550148 0.5724459 0.02334272 0.7988089 0.01402211 0.7988089 0.02337485 0.9392724 0.2979234 0.2330527 0.5617778 0.2295269 0.2978942 0.2295288 0.09585124 0.8774881 0.09132438 0.8671271 0.3489785 0.8760047 0.5440154 0.5251814 0.5440154 0.5158598 0.4007471 0.5252079 0.02437704 0.9392725 0.02480894 0.7988088 0.04232609 0.7988151 0.04232609 0.7988151 0.05614626 0.9395886 0.02437704 0.9392725 0.8592292 0.5445129 0.8592201 0.5262131 0.9985104 0.5402792 0.3971622 0.5373783 0.6602889 0.5373755 0.6599226 0.5578312 0.5297862 0.55926 0.5190098 0.5636785 0.5298258 0.7063626 0.9985352 0.697236 0.9985352 0.6864229 0.8595332 0.686453 0.3480035 0.5977715 0.3480035 0.6320288 0.3412188 0.5977718 0.3480035 0.6320288 0.3480035 0.6890676 0.3412188 0.6740533 0.3480035 0.6890676 0.3412188 0.7249548 0.3412188 0.6740533 0.3480035 0.7569677 0.3412187 0.7576491 0.3412188 0.7249548 0.6193739 0.2627614 0.5639645 0.385492 0.5639645 0.2629793 0.6193739 0.2627614 0.6193738 0.4048504 0.5639645 0.385492 0.6193739 0.5309119 0.5639645 0.5437546 0.5639645 0.385492 0.6193739 0.6698132 0.5639645 0.7194982 0.5639645 0.5437546 0.5639645 0.8583201 0.5639645 0.7194982 0.6193739 0.7818827 0.6193739 0.6698132 0.6193739 0.7818827 0.5639645 0.7194982 0.173609 0.5503415 0.173609 0.3691473 0.2290183 0.3949474 0.2290183 0.7157781 0.173609 0.7390109 0.173609 0.5503415 0.173609 0.8583216 0.173609 0.7390109 0.2290183 0.8583421 0.1035336 0.4512482 0.1035336 0.5608646 0.05249923 0.4509608 0.1035336 0.5608646 0.1035336 0.6849952 0.05249923 0.6090953 0.1035336 0.6849952 0.1035336 0.7720163 0.05249923 0.7042405 0.3397539 0.5977618 0.3397539 0.6435127 0.3329693 0.5978208 0.3397539 0.711965 0.3329693 0.7249549 0.3329693 0.6740535 0.3397539 0.757649 0.3329693 0.7576408 0.3329693 0.7249549 0.5340454 0.7620386 0.5272747 0.758083 0.5340495 0.7149725 0.5340495 0.7149725 0.5272747 0.758083 0.5272747 0.7057079 0.5340454 0.7620386 0.5340471 0.8127318 0.5272718 0.8027176 0.5340562 0.9175941 0.5272718 0.9181805 0.5340557 0.8635566 0.05103439 0.4513309 0.05103439 0.5181539 0 0.4511737 0.05103439 0.5181539 0.05103439 0.6333659 0 0.5939968 0.05103439 0.6333659 0 0.6948147 0 0.5939968 0.05103439 0.7724205 0 0.7719253 0 0.6948147 0.1049985 0.5089972 0.1049985 0.5527295 0.1327064 0.508949 0.1327064 0.5718227 0.1049985 0.5527295 0.1049985 0.6237591 0.3241933 0.9476984 0.3864659 0.9476984 0.3622718 0.9199904 0.4400956 0.9199904 0.3864659 0.9476984 0.4385815 0.9476984 0.3892475 0.7162185 0.4651187 0.7686129 0.3892661 0.7686129 0.5869947 0.7686129 0.4651187 0.7686129 0.4722436 0.7162185 0.6928641 0.768613 0.5869947 0.7686129 0.5908735 0.7162185 0.5318178 0.6623592 0.598407 0.7147536 0.513589 0.7147536 0.6287292 0.6623592 0.6930584 0.7147536 0.598407 0.7147536 1.64123e-6 0.1077185 0.05411523 0.1077185 -1.93125e-5 0 0.1944856 0 0.1332461 0.1077185 0.1944552 0.1077185 0.7251015 0.1077202 0.7251015 0.1564221 0.8328201 0.1076993 0.8328201 0.1615779 0.7251015 0.1564221 0.7251015 0.2313829 0.7251015 0.2313829 0.7251015 0.3018501 0.8328201 0.2391329 0.3058148 0.05385923 0.3023199 0.1062537 0.1959227 0.1062537 0.3058148 0.05385923 0.4308034 0.1062537 0.3023199 0.1062537 0.6281962 0.05385923 0.7598714 0.05385923 0.6723191 0.1062537 0.7597058 0.1062537 0.6723191 0.1062537 0.7598714 0.05385923 0.5500326 0.1062537 0.4308034 0.1062537 0.4845154 0.05385923 0.3273811 0 0.3087894 0.05239439 0.1959041 0.05239439 0.1959241 0 0.3273811 0 0.1959041 0.05239439 0.4937128 0 0.6374555 0.05239439 0.4594669 0.05239439 0.7597058 0.05239439 0.6374555 0.05239439 0.7597252 0 0.244657 0.1188049 0.218709 0.119005 0.2446044 0.1213914</float_array>
          <technique_common>
            <accessor source="#转换实体1_003-mesh-map-0-array" count="15960" stride="2">
              <param name="S" type="float"/>
              <param name="T" type="float"/>
            </accessor>
          </technique_common>
        </source>
        <vertices id="转换实体1_003-mesh-vertices">
          <input semantic="POSITION" source="#转换实体1_003-mesh-positions"/>
        </vertices>
        <lines count="147">
          <input semantic="VERTEX" source="#转换实体1_003-mesh-vertices" offset="0"/>
          <p>522 521 762 726 982 978 1028 992 716 710 1621 1620 1670 1671 1680 1681 3432 3431 1196 1195 1710 1711 1868 1843 3017 3018 1610 1611 1631 1630 1701 1700 1760 1761 1791 1790 2292 2263 2501 2471 1159 1160 1651 1650 1690 1691 1720 1721 1969 1968 2591 2590 1780 1781 1810 1811 3441 3440 1183 1184 1590 1591 1641 1640 1730 1731 1751 1750 2385 2384 2801 2800 3442 3441 1741 1740 1821 1820 1831 1830 1601 1600 1660 1661 1771 1770 2186 2185 2600 2599 3220 3219 3974 3973 4950 4949 5156 5155 5480 5479 5487 5486 5552 5551 5571 5570 5822 5820 6212 6211 6432 6431 3907 3906 3952 3951 3975 3974 4142 4141 4149 4148 4572 4571 4710 4709 4888 4887 5035 5034 5701 5700 5710 5709 5889 5888 6099 6100 6206 6208 6222 6221 4459 4458 4571 4570 4771 4772 4902 4901 5040 5039 5895 5894 6271 6270 6431 6430 3973 3972 4241 4240 4446 4445 4565 4564 4793 4791 4901 4900 5103 5102 5231 5230 5458 5457 5477 5475 5894 5893 6107 6108 6469 6468 4222 4221 4377 4376 5230 5229 5450 5449 5570 5569 5638 5637 5700 5699 5781 5780 6208 6207 6470 6469 4052 4051 4124 4123 4154 4153 4158 4157 4413 4412 4573 4572 4893 4892 5102 5101 5488 5487 5569 5568 5702 5701 5809 5808 6116 6115 6125 6124 6438 6439 4131 4130 4221 4220 4470 4469 4821 4820 4886 4888 4903 4902 5373 5372 5453 5452 5489 5488 5553 5552 5562 5561 5749 5748 5822 5821 5896 5895 6434 6433 4038 4037 4156 4158 4561 4560 4801 4800 4810 4809 5155 5154 5232 5231 5274 5273 5369 5368 5789 5790 5820 5819 5885 5884 5961 5959 6362 6361 1800 1801</p>
        </lines>
        <triangles material="金属_005-material" count="885">
          <input semantic="VERTEX" source="#转换实体1_003-mesh-vertices" offset="0"/>
          <input semantic="NORMAL" source="#转换实体1_003-mesh-normals" offset="1"/>
          <input semantic="TEXCOORD" source="#转换实体1_003-mesh-map-0" offset="2" set="0"/>
          <p>4 0 0 3 1 1 0 2 2 5 3 3 3 1 4 4 0 5 5 3 6 1 4 7 3 1 8 10 5 9 9 6 10 6 7 11 11 8 12 9 6 13 10 5 14 11 8 15 7 9 16 9 6 17 16 10 18 15 11 19 12 12 20 17 13 21 15 11 22 16 10 23 17 13 24 13 14 25 15 11 26 19 15 27 22 16 28 18 17 29 22 16 30 19 15 31 23 18 32 23 18 33 20 19 34 22 16 35 21 20 36 20 19 37 23 18 38 29 21 39 24 22 40 25 23 41 28 24 42 24 22 43 29 21 44 29 21 45 27 25 46 26 26 47 31 27 48 34 28 49 30 29 50 31 27 51 35 30 52 34 28 53 35 30 54 32 31 55 34 28 56 33 32 57 32 31 58 35 30 59 40 33 60 37 34 61 41 35 62 36 36 63 37 34 64 40 33 65 41 35 66 38 37 67 40 33 68 41 35 69 39 38 70 38 37 71 43 39 72 46 40 73 42 41 74 43 39 75 47 42 76 46 40 77 47 42 78 44 43 79 46 40 80 47 42 81 45 44 82 44 43 83 52 45 84 49 46 85 53 47 86 48 48 87 49 46 88 52 45 89 50 49 90 52 45 91 51 50 92 51 50 93 52 45 94 53 47 95 56 51 96 55 52 97 57 53 98 60 54 99 61 55 100 58 56 101 65 57 102 62 58 103 64 59 104 69 60 105 67 61 106 66 62 107 75 63 108 70 64 109 71 65 110 71 65 111 70 64 112 72 66 113 74 67 114 71 65 115 72 66 116 76 68 117 79 69 118 78 68 119 84 70 120 81 71 121 80 72 122 82 73 123 80 72 124 81 71 125 85 74 126 88 75 127 86 76 128 93 77 129 90 78 130 94 79 131 89 80 132 90 78 133 93 77 134 95 81 135 96 82 136 100 83 137 95 81 138 100 83 139 99 84 140 98 85 141 97 86 142 100 83 143 101 87 144 102 88 145 106 89 146 101 87 147 106 89 148 105 90 149 104 91 150 103 92 151 106 89 152 110 93 153 109 94 154 107 95 155 112 96 156 113 96 157 114 96 158 116 97 159 118 98 160 115 99 161 119 100 162 121 101 163 122 100 164 124 102 165 123 103 166 125 104 167 128 105 168 129 106 169 130 107 170 134 108 171 131 109 172 133 110 173 134 108 174 132 111 175 131 109 176 136 112 177 138 113 178 135 114 179 140 115 180 139 116 181 141 117 182 145 118 183 146 118 184 144 118 185 147 118 186 145 118 187 144 118 188 149 119 189 151 120 190 148 121 191 153 122 192 151 120 193 149 119 194 153 122 195 152 123 196 151 120 197 151 120 198 152 123 199 150 124 200 158 125 201 157 126 202 156 127 203 159 128 204 157 126 205 158 125 206 157 126 207 159 128 208 154 129 209 159 128 210 155 130 211 154 129 212 161 131 213 160 131 214 163 131 215 168 132 216 167 133 217 165 134 218 164 135 219 168 132 220 165 134 221 169 136 222 166 137 223 168 132 224 166 137 225 167 133 226 168 132 227 171 138 228 173 139 229 172 140 230 170 141 231 173 139 232 171 138 233 177 142 234 176 143 235 175 144 236 174 145 237 175 144 238 176 143 239 181 146 240 178 147 241 180 148 242 180 148 243 178 147 244 179 149 245 188 150 246 184 151 247 185 152 248 187 153 249 188 150 250 185 152 251 187 153 252 185 152 253 186 154 254 187 153 255 186 154 256 183 155 257 187 153 258 183 155 259 182 156 260 191 157 261 192 158 262 190 159 263 195 160 264 194 161 265 196 162 266 199 163 267 200 164 268 198 165 269 202 166 270 205 167 271 201 168 272 201 168 273 203 169 274 204 170 275 203 169 276 201 168 277 205 167 278 208 171 279 209 172 280 207 173 281 206 174 282 207 173 283 209 172 284 213 175 285 210 176 286 212 177 287 215 178 288 217 179 289 214 180 290 220 181 291 221 182 292 219 183 293 224 184 294 225 184 295 222 184 296 229 185 297 226 186 298 228 187 299 231 188 300 233 189 301 230 190 302 237 191 303 234 192 304 236 193 305 241 194 306 238 194 307 240 194 308 245 195 309 243 196 310 242 197 311 245 195 312 246 198 313 244 194 314 242 197 315 246 198 316 245 195 317 249 199 318 248 200 319 250 201 320 253 202 321 252 203 322 254 204 323 256 205 324 257 206 325 258 207 326 255 208 327 258 207 328 257 206 329 264 209 330 263 210 331 259 211 332 259 211 333 263 210 334 261 212 335 262 213 336 263 210 337 264 209 338 262 213 339 264 209 340 260 214 341 266 215 342 265 216 343 267 215 344 266 215 345 267 215 346 268 216 347 269 217 348 270 218 349 271 219 350 276 220 351 274 221 352 275 222 353 276 220 354 273 223 355 274 221 356 279 224 357 278 225 358 277 226 359 285 96 360 286 96 361 281 96 362 284 227 363 287 228 364 285 96 365 286 96 366 285 96 367 287 228 368 283 229 369 282 96 370 287 228 371 284 227 372 283 229 373 287 228 374 290 96 375 288 96 376 291 96 377 292 230 378 295 231 379 294 232 380 301 233 381 296 234 382 297 235 383 299 236 384 297 235 385 298 237 386 304 238 387 305 239 388 302 240 389 310 241 390 309 242 391 306 243 392 311 244 393 309 242 394 310 241 395 311 244 396 307 245 397 309 242 398 308 246 399 307 245 400 311 244 401 313 247 402 316 248 403 312 249 404 317 250 405 316 248 406 313 247 407 317 250 408 315 251 409 314 252 410 318 253 411 319 254 412 320 255 413 325 256 414 328 257 415 322 258 416 324 259 417 322 258 418 328 257 419 328 257 420 325 256 421 326 260 422 327 261 423 323 262 424 326 260 425 323 262 426 328 257 427 326 260 428 332 263 429 329 264 430 330 265 431 335 184 432 333 184 433 334 184 434 335 184 435 336 184 436 333 184 437 342 266 438 340 267 439 337 184 440 340 267 441 342 266 442 343 268 443 341 269 444 339 270 445 343 268 446 341 269 447 338 184 448 339 270 449 342 266 450 341 269 451 343 268 452 347 184 453 345 184 454 344 184 455 345 184 456 347 184 457 346 184 458 350 271 459 349 272 460 348 273 461 352 274 462 349 272 463 350 271 464 350 271 465 351 275 466 352 274 467 356 276 468 354 277 469 353 131 470 356 276 471 355 278 472 354 277 473 358 279 474 359 280 475 357 281 476 361 282 477 362 283 478 359 280 479 360 284 480 359 280 481 358 279 482 363 285 483 364 286 484 362 283 485 363 285 486 365 287 487 364 286 488 369 288 489 368 289 490 366 290 491 369 288 492 367 118 493 368 289 494 372 291 495 371 292 496 370 293 497 372 291 498 374 294 499 371 292 500 372 291 501 373 295 502 374 294 503 376 184 504 375 184 505 378 184 506 377 184 507 378 184 508 375 184 509 385 296 510 384 297 511 383 298 512 383 298 513 384 297 514 379 184 515 382 299 516 380 184 517 381 184 518 383 298 519 382 299 520 385 296 521 385 296 522 382 299 523 381 184 524 388 184 525 389 184 526 387 184 527 390 300 528 391 301 529 393 302 530 392 303 531 393 302 532 391 301 533 395 304 534 394 305 535 397 306 536 399 307 537 401 308 538 398 309 539 402 310 540 404 96 541 403 311 542 403 311 543 405 312 544 402 310 545 408 313 546 411 314 547 406 315 548 409 316 549 410 317 550 412 318 551 412 318 552 408 313 553 413 319 554 414 320 555 415 321 556 416 322 557 414 320 558 417 184 559 415 321 560 419 323 561 418 324 562 421 325 563 425 326 564 422 327 565 423 328 566 429 329 567 426 330 568 427 331 569 432 96 570 433 96 571 430 96 572 434 332 573 435 333 574 436 334 575 444 335 576 440 336 577 439 337 578 440 336 579 444 335 580 441 338 581 439 337 582 443 339 583 444 335 584 438 340 585 443 339 586 439 337 587 445 341 588 442 342 589 441 338 590 444 335 591 445 341 592 441 338 593 448 343 594 446 344 595 447 345 596 448 343 597 447 345 598 449 346 599 452 347 600 453 348 601 450 348 602 457 349 603 455 350 604 454 351 605 465 352 606 463 353 607 462 354 608 463 353 609 465 352 610 459 355 611 463 353 612 459 355 613 458 356 614 460 357 615 465 352 616 462 354 617 462 354 618 461 358 619 460 357 620 464 359 621 460 357 622 461 358 623 466 360 624 468 361 625 467 362 626 472 363 627 470 364 628 473 365 629 476 366 630 474 367 631 475 368 632 479 369 633 480 370 634 477 371 635 479 369 636 477 371 637 478 194 638 482 194 639 484 194 640 481 194 641 483 194 642 481 194 643 484 194 644 486 372 645 487 373 646 485 374 647 489 375 648 490 376 649 491 377 650 493 378 651 495 379 652 496 380 653 499 131 654 497 131 655 500 131 656 502 381 657 503 382 658 501 383 659 507 384 660 508 385 661 506 386 662 509 387 663 512 388 664 511 389 665 513 390 666 515 391 667 516 392 668 516 392 669 514 393 670 513 390 671 518 394 672 517 395 673 520 396 674 518 394 675 519 397 676 517 395 677 524 398 678 523 399 679 526 400 680 526 400 681 525 401 682 524 398 683 527 402 684 528 403 685 530 404 686 529 405 687 530 404 688 528 403 689 534 406 690 537 407 691 533 408 692 537 407 693 531 409 694 533 408 695 536 410 696 532 411 697 535 412 698 537 407 699 534 406 700 536 410 701 534 406 702 532 411 703 536 410 704 540 413 705 538 414 706 539 415 707 540 413 708 539 415 709 541 416 710 546 417 711 543 418 712 547 419 713 542 420 714 543 418 715 546 417 716 544 421 717 546 417 718 545 422 719 545 422 720 546 417 721 547 419 722 552 423 723 549 424 724 553 425 725 548 426 726 549 424 727 552 423 728 553 425 729 550 427 730 552 423 731 553 425 732 551 428 733 550 427 734 555 429 735 558 430 736 554 431 737 555 429 738 559 432 739 558 430 740 559 432 741 556 433 742 558 430 743 559 432 744 557 434 745 556 433 746 561 435 747 564 436 748 560 437 749 564 436 750 561 435 751 565 438 752 565 438 753 562 439 754 564 436 755 563 440 756 562 439 757 565 438 758 571 441 759 566 442 760 567 443 761 570 444 762 566 442 763 571 441 764 571 441 765 569 445 766 568 446 767 573 447 768 576 448 769 572 449 770 573 447 771 577 450 772 576 448 773 577 450 774 574 451 775 576 448 776 575 452 777 574 451 778 577 450 779 583 453 780 578 454 781 581 455 782 582 456 783 578 454 784 583 453 785 587 457 786 588 458 787 584 459 788 589 460 789 588 458 790 587 457 791 589 460 792 585 461 793 588 458 794 593 462 795 594 463 796 590 464 797 595 465 798 594 463 799 593 462 800 595 465 801 591 466 802 594 463 803 601 467 804 600 468 805 596 469 806 601 467 807 596 469 808 599 470 809 598 471 810 597 472 811 600 468 812 598 471 813 600 468 814 601 467 815 602 473 816 605 474 817 607 475 818 602 473 819 607 475 820 606 476 821 604 477 822 603 478 823 607 475 824 608 479 825 611 480 826 613 481 827 608 479 828 613 481 829 612 482 830 613 481 831 609 483 832 612 482 833 613 481 834 610 484 835 609 483 836 617 485 837 616 486 838 614 487 839 618 488 840 619 489 841 620 490 842 642 491 843 643 194 844 628 492 845 643 194 846 644 493 847 627 494 848 629 495 849 642 491 850 628 492 851 629 495 852 641 496 853 642 491 854 628 492 855 643 194 856 627 494 857 630 194 858 641 496 859 629 495 860 627 494 861 644 493 862 645 497 863 646 498 864 627 494 865 645 497 866 646 498 867 666 194 868 627 494 869 665 499 870 648 500 871 631 501 872 665 499 873 666 194 874 647 194 875 666 194 876 646 498 877 647 194 878 647 194 879 648 500 880 665 499 881 630 194 882 640 502 883 641 496 884 631 501 885 640 502 886 630 194 887 631 501 888 649 503 889 640 502 890 640 502 891 625 504 892 639 505 893 640 502 894 649 503 895 624 506 896 650 507 897 651 194 898 622 508 899 624 506 900 649 503 901 650 507 902 650 507 903 622 508 904 623 509 905 650 507 906 623 509 907 624 506 908 639 505 909 637 510 910 638 511 911 625 504 912 640 502 913 624 506 914 648 500 915 649 503 916 631 501 917 656 512 918 632 194 919 633 513 920 657 194 921 632 194 922 656 512 923 655 514 924 656 512 925 633 513 926 654 515 927 635 516 928 653 517 929 633 513 930 634 518 931 655 514 932 654 515 933 655 514 934 634 518 935 635 516 936 654 515 937 634 518 938 658 519 939 632 194 940 657 194 941 664 520 942 632 194 943 658 519 944 664 520 945 659 521 946 660 522 947 658 519 948 659 521 949 664 520 950 653 517 951 635 516 952 662 523 953 660 522 954 663 524 955 664 520 956 663 524 957 661 525 958 662 523 959 661 525 960 663 524 961 660 522 962 669 194 963 622 508 964 651 194 965 669 194 966 652 194 967 668 526 968 651 194 969 652 194 970 669 194 971 626 527 972 637 510 973 639 505 974 637 510 975 626 527 976 667 528 977 625 504 978 626 527 979 639 505 980 668 526 981 661 525 982 667 528 983 637 510 984 667 528 985 661 525 986 653 517 987 662 523 988 668 526 989 668 526 990 662 523 991 661 525 992 661 525 993 636 529 994 637 510 995 661 525 996 670 530 997 636 529 998 652 194 999 653 517 1000 668 526 1001 673 531 1002 674 532 1003 671 533 1004 683 534 1005 676 535 1006 677 536 1007 682 537 1008 680 538 1009 681 539 1010 680 538 1011 682 537 1012 677 536 1013 676 535 1014 684 184 1015 675 184 1016 677 536 1017 678 540 1018 679 541 1019 679 541 1020 680 538 1021 677 536 1022 683 534 1023 684 184 1024 676 535 1025 688 542 1026 685 543 1027 686 544 1028 688 542 1029 686 544 1030 687 545 1031 693 131 1032 694 546 1033 692 131 1034 695 547 1035 690 548 1036 694 546 1037 692 131 1038 694 546 1039 691 549 1040 694 546 1041 690 548 1042 691 549 1043 696 550 1044 689 551 1045 695 547 1046 696 550 1047 697 552 1048 698 553 1049 695 547 1050 689 551 1051 690 548 1052 696 550 1053 698 553 1054 689 551 1055 700 554 1056 699 555 1057 701 556 1058 715 557 1059 703 558 1060 704 559 1061 704 559 1062 705 560 1063 706 561 1064 706 561 1065 715 557 1066 704 559 1067 710 562 1068 715 557 1069 706 561 1070 713 563 1071 715 557 1072 710 562 1073 714 564 1074 715 557 1075 713 563 1076 710 562 1077 711 565 1078 712 566 1079 710 562 1080 712 566 1081 713 563 1082 710 562 1083 706 561 1084 718 567 1085 707 568 1086 718 567 1087 706 561 1088 718 567 1089 707 568 1090 717 569 1091 709 570 1092 710 562 1093 718 567 1094 708 571 1095 709 570 1096 718 567 1097 724 572 1098 719 573 1099 722 574 1100 723 575 1101 724 572 1102 722 574 1103 720 576 1104 721 577 1105 724 572 1106 723 575 1107 720 576 1108 724 572 1109 763 578 1110 743 579 1111 744 580 1112 743 579 1113 763 578 1114 742 581 1115 742 581 1116 763 578 1117 764 131 1118 747 582 1119 744 580 1120 745 583 1121 745 583 1122 746 584 1123 747 582 1124 763 578 1125 744 580 1126 741 585 1127 741 585 1128 747 582 1129 740 131 1130 748 586 1131 740 131 1132 747 582 1133 741 585 1134 744 580 1135 747 582 1136 765 131 1137 742 581 1138 764 131 1139 737 587 1140 742 581 1141 765 131 1142 740 131 1143 748 586 1144 739 588 1145 737 587 1146 749 589 1147 725 590 1148 742 581 1149 737 587 1150 725 590 1151 749 589 1152 738 591 1153 748 586 1154 739 588 1155 748 586 1156 738 591 1157 738 591 1158 749 589 1159 737 587 1160 767 131 1161 725 590 1162 749 589 1163 767 131 1164 750 131 1165 766 131 1166 736 592 1167 766 131 1168 751 593 1169 750 131 1170 751 593 1171 766 131 1172 767 131 1173 768 131 1174 725 590 1175 762 131 1176 725 590 1177 732 131 1178 725 590 1179 768 131 1180 732 131 1181 733 131 1182 762 131 1183 732 131 1184 735 594 1185 736 592 1186 751 593 1187 750 131 1188 767 131 1189 749 589 1190 757 595 1191 755 596 1192 756 597 1193 755 596 1194 769 598 1195 754 599 1196 731 131 1197 755 596 1198 759 600 1199 755 596 1200 731 131 1201 769 598 1202 730 601 1203 731 131 1204 759 600 1205 758 602 1206 759 600 1207 755 596 1208 760 603 1209 729 604 1210 730 601 1211 759 600 1212 760 603 1213 730 601 1214 757 595 1215 758 602 1216 755 596 1217 753 605 1218 761 606 1219 734 607 1220 734 607 1221 752 608 1222 753 605 1223 770 609 1224 754 599 1225 769 598 1226 771 610 1227 753 605 1228 754 599 1229 735 594 1230 752 608 1231 734 607 1232 762 131 1233 733 131 1234 761 606 1235 733 131 1236 734 607 1237 761 606 1238 751 593 1239 752 608 1240 735 594 1241 753 605 1242 727 611 1243 761 606 1244 771 610 1245 727 611 1246 753 605 1247 728 612 1248 729 604 1249 760 603 1250 761 606 1251 727 611 1252 728 612 1253 728 612 1254 760 603 1255 761 606 1256 770 609 1257 771 610 1258 754 599 1259 773 613 1260 774 614 1261 776 615 1262 808 616 1263 811 617 1264 789 618 1265 811 617 1266 812 619 1267 816 620 1268 808 616 1269 809 621 1270 810 622 1271 808 616 1272 810 622 1273 811 617 1274 811 617 1275 816 620 1276 789 618 1277 815 623 1278 816 620 1279 813 624 1280 814 625 1281 815 623 1282 813 624 1283 808 616 1284 789 618 1285 790 626 1286 807 118 1287 791 118 1288 792 118 1289 790 626 1290 791 118 1291 807 118 1292 808 616 1293 790 626 1294 807 118 1295 816 620 1296 812 619 1297 813 624 1298 798 118 1299 799 627 1300 797 118 1301 796 628 1302 797 118 1303 799 627 1304 796 628 1305 780 629 1306 795 630 1307 779 631 1308 796 628 1309 799 627 1310 799 627 1311 823 632 1312 779 631 1313 821 118 1314 822 118 1315 800 118 1316 823 632 1317 800 118 1318 822 118 1319 800 118 1320 823 632 1321 799 627 1322 795 630 1323 780 629 1324 794 633 1325 781 634 1326 794 633 1327 780 629 1328 782 118 1329 794 633 1330 781 634 1331 779 631 1332 780 629 1333 796 628 1334 792 118 1335 806 635 1336 807 118 1337 777 118 1338 805 636 1339 793 637 1340 793 637 1341 806 635 1342 792 118 1343 793 637 1344 805 636 1345 806 635 1346 793 637 1347 814 625 1348 777 118 1349 818 638 1350 804 639 1351 805 636 1352 818 638 1353 819 640 1354 804 639 1355 817 118 1356 818 638 1357 777 118 1358 818 638 1359 805 636 1360 777 118 1361 819 640 1362 784 641 1363 804 639 1364 817 118 1365 777 118 1366 788 118 1367 814 625 1368 813 624 1369 777 118 1370 820 642 1371 801 643 1372 802 644 1373 802 644 1374 778 645 1375 783 646 1376 821 118 1377 800 118 1378 801 643 1379 802 644 1380 783 646 1381 820 642 1382 821 118 1383 801 643 1384 820 642 1385 794 633 1386 783 646 1387 778 645 1388 803 118 1389 804 639 1390 785 647 1391 778 645 1392 787 648 1393 788 118 1394 803 118 1395 785 647 1396 786 649 1397 778 645 1398 786 649 1399 787 648 1400 786 649 1401 778 645 1402 802 644 1403 786 649 1404 802 644 1405 803 118 1406 778 645 1407 788 118 1408 777 118 1409 804 639 1410 784 641 1411 785 647 1412 782 118 1413 783 646 1414 794 633 1415 854 650 1416 882 651 1417 824 652 1418 826 653 1419 824 652 1420 882 651 1421 856 654 1422 882 651 1423 854 650 1424 881 655 1425 882 651 1426 856 654 1427 844 656 1428 824 652 1429 827 657 1430 843 658 1431 844 656 1432 827 657 1433 828 659 1434 843 658 1435 827 657 1436 828 659 1437 859 391 1438 843 658 1439 826 653 1440 827 657 1441 824 652 1442 881 655 1443 856 654 1444 880 391 1445 855 660 1446 856 654 1447 854 650 1448 857 391 1449 880 391 1450 856 654 1451 858 391 1452 828 659 1453 829 391 1454 829 391 1455 857 391 1456 858 391 1457 858 391 1458 859 391 1459 828 659 1460 857 391 1461 829 391 1462 830 391 1463 857 391 1464 830 391 1465 880 391 1466 852 661 1467 853 662 1468 824 652 1469 844 656 1470 851 663 1471 852 661 1472 851 663 1473 845 664 1474 850 665 1475 846 666 1476 874 667 1477 849 668 1478 850 665 1479 846 666 1480 849 668 1481 850 665 1482 845 664 1483 846 666 1484 824 652 1485 844 656 1486 852 661 1487 844 656 1488 845 664 1489 851 663 1490 846 666 1491 847 669 1492 874 667 1493 848 670 1494 874 667 1495 847 669 1496 859 391 1497 860 391 1498 843 658 1499 879 391 1500 865 391 1501 866 391 1502 865 391 1503 879 391 1504 831 391 1505 867 391 1506 868 391 1507 866 391 1508 864 391 1509 865 391 1510 832 391 1511 831 391 1512 832 391 1513 865 391 1514 833 391 1515 863 391 1516 864 391 1517 863 391 1518 840 391 1519 862 391 1520 866 391 1521 868 391 1522 877 391 1523 866 391 1524 878 391 1525 879 391 1526 877 391 1527 878 391 1528 866 391 1529 825 391 1530 877 391 1531 868 391 1532 871 391 1533 863 391 1534 833 391 1535 864 391 1536 832 391 1537 833 391 1538 835 391 1539 877 391 1540 825 391 1541 835 391 1542 825 391 1543 834 391 1544 870 391 1545 833 391 1546 834 391 1547 825 391 1548 870 391 1549 834 391 1550 843 658 1551 837 391 1552 842 391 1553 875 391 1554 876 391 1555 861 391 1556 861 391 1557 862 391 1558 875 391 1559 861 391 1560 876 391 1561 860 391 1562 876 391 1563 836 391 1564 860 391 1565 848 670 1566 841 671 1567 872 672 1568 872 672 1569 841 671 1570 842 391 1571 848 670 1572 873 673 1573 874 667 1574 838 391 1575 842 391 1576 837 391 1577 837 391 1578 843 658 1579 836 391 1580 842 391 1581 839 391 1582 872 672 1583 862 391 1584 840 391 1585 875 391 1586 869 391 1587 870 391 1588 825 391 1589 871 391 1590 839 391 1591 840 391 1592 833 391 1593 870 391 1594 871 391 1595 873 673 1596 848 670 1597 872 672 1598 863 391 1599 871 391 1600 840 391 1601 839 391 1602 871 391 1603 872 672 1604 839 391 1605 842 391 1606 838 391 1607 860 391 1608 836 391 1609 843 658 1610 883 674 1611 884 675 1612 888 676 1613 887 677 1614 884 675 1615 885 678 1616 887 677 1617 885 678 1618 886 679 1619 909 680 1620 895 391 1621 910 681 1622 910 681 1623 894 682 1624 911 683 1625 896 684 1626 895 391 1627 909 680 1628 896 684 1629 909 680 1630 908 685 1631 895 391 1632 894 682 1633 910 681 1634 897 686 1635 896 684 1636 908 685 1637 894 682 1638 912 687 1639 911 683 1640 913 688 1641 912 687 1642 894 682 1643 913 688 1644 894 682 1645 932 689 1646 932 689 1647 931 690 1648 914 691 1649 913 688 1650 932 689 1651 914 691 1652 914 691 1653 931 690 1654 915 692 1655 897 686 1656 908 685 1657 907 693 1658 915 692 1659 931 690 1660 898 694 1661 898 694 1662 897 686 1663 907 693 1664 898 694 1665 907 693 1666 916 695 1667 907 693 1668 906 696 1669 892 697 1670 915 692 1671 898 694 1672 916 695 1673 891 698 1674 917 699 1675 916 695 1676 907 693 1677 891 698 1678 916 695 1679 917 699 1680 891 698 1681 890 700 1682 906 696 1683 905 701 1684 904 702 1685 892 697 1686 891 698 1687 907 693 1688 890 700 1689 889 703 1690 917 699 1691 922 704 1692 900 705 1693 899 706 1694 923 391 1695 922 704 1696 899 706 1697 921 707 1698 900 705 1699 922 704 1700 921 707 1701 920 708 1702 902 709 1703 900 705 1704 921 707 1705 901 710 1706 921 707 1707 902 709 1708 901 710 1709 923 391 1710 899 706 1711 924 711 1712 930 712 1713 926 713 1714 925 714 1715 924 711 1716 930 712 1717 925 714 1718 924 711 1719 899 706 1720 930 712 1721 926 713 1722 930 712 1723 929 715 1724 929 715 1725 928 716 1726 927 717 1727 927 717 1728 926 713 1729 929 715 1730 928 716 1731 902 709 1732 920 708 1733 889 703 1734 935 718 1735 918 719 1736 934 720 1737 919 721 1738 935 718 1739 893 722 1740 906 696 1741 904 702 1742 904 702 1743 933 723 1744 893 722 1745 892 697 1746 906 696 1747 893 722 1748 904 702 1749 927 717 1750 933 723 1751 927 717 1752 934 720 1753 933 723 1754 918 719 1755 935 718 1756 919 721 1757 918 719 1758 917 699 1759 889 703 1760 920 708 1761 919 721 1762 934 720 1763 927 717 1764 928 716 1765 934 720 1766 928 716 1767 920 708 1768 934 720 1769 903 724 1770 927 717 1771 904 702 1772 927 717 1773 903 724 1774 936 725 1775 938 726 1776 937 727 1777 940 728 1778 940 728 1779 937 727 1780 939 729 1781 949 730 1782 948 731 1783 943 732 1784 948 731 1785 947 733 1786 946 734 1787 946 734 1788 943 732 1789 948 731 1790 942 735 1791 941 96 1792 950 736 1793 949 730 1794 943 732 1795 942 735 1796 943 732 1797 945 737 1798 944 738 1799 945 737 1800 943 732 1801 946 734 1802 949 730 1803 942 735 1804 950 736 1805 952 739 1806 953 740 1807 951 741 1808 959 118 1809 958 118 1810 960 742 1811 961 743 1812 960 742 1813 956 744 1814 958 118 1815 957 745 1816 960 742 1817 960 742 1818 957 745 1819 956 744 1820 962 746 1821 961 743 1822 955 747 1823 962 746 1824 964 748 1825 963 749 1826 961 743 1827 956 744 1828 955 747 1829 962 746 1830 955 747 1831 964 748 1832 970 750 1833 965 751 1834 969 752 1835 968 753 1836 965 751 1837 970 750 1838 966 754 1839 967 755 1840 970 750 1841 967 755 1842 968 753 1843 970 750 1844 974 756 1845 972 757 1846 986 758 1847 971 759 1848 986 758 1849 972 757 1850 974 756 1851 973 760 1852 972 757 1853 978 761 1854 974 756 1855 986 758 1856 986 758 1857 985 762 1858 981 763 1859 978 761 1860 981 763 1861 980 764 1862 978 761 1863 980 764 1864 979 765 1865 981 763 1866 978 761 1867 986 758 1868 978 761 1869 984 766 1870 974 756 1871 984 766 1872 983 767 1873 975 768 1874 984 766 1875 975 768 1876 974 756 1877 984 766 1878 977 769 1879 976 770 1880 984 766 1881 978 761 1882 977 769 1883 988 771 1884 987 772 1885 989 773 1886 1029 774 1887 1010 775 1888 1009 776 1889 1009 776 1890 1008 777 1891 1029 774 1892 1029 774 1893 1008 777 1894 1030 118 1895 1013 778 1896 1011 118 1897 1010 775 1898 1011 118 1899 1013 778 1900 1012 118 1901 1029 774 1902 1007 779 1903 1010 775 1904 1007 779 1905 1006 780 1906 1013 778 1907 1014 781 1908 1013 778 1909 1006 780 1910 1007 779 1911 1013 778 1912 1010 775 1913 1008 777 1914 991 782 1915 1003 118 1916 1031 118 1917 1008 777 1918 1003 118 1919 1005 783 1920 1014 781 1921 1006 780 1922 1015 784 1923 1003 118 1924 991 782 1925 1015 784 1926 1014 781 1927 1004 785 1928 1005 783 1929 1004 785 1930 1014 781 1931 1004 785 1932 1003 118 1933 1015 784 1934 1033 786 1935 1015 784 1936 991 782 1937 1030 118 1938 1008 777 1939 1031 118 1940 1032 787 1941 1016 788 1942 1033 786 1943 1032 787 1944 1002 118 1945 1017 118 1946 1017 118 1947 1016 788 1948 1032 787 1949 1034 789 1950 1033 786 1951 991 782 1952 1034 789 1953 1028 790 1954 998 791 1955 999 792 1956 998 791 1957 1028 790 1958 991 782 1959 1028 790 1960 1034 789 1961 1001 793 1962 1017 118 1963 1002 118 1964 1016 788 1965 1015 784 1966 1033 786 1967 1023 118 1968 1022 118 1969 1021 794 1970 1021 794 1971 1020 795 1972 1035 796 1973 997 797 1974 1025 798 1975 1021 794 1976 1021 794 1977 1035 796 1978 997 797 1979 996 799 1980 1025 798 1981 997 797 1982 1024 118 1983 1021 794 1984 1025 798 1985 1026 800 1986 996 799 1987 995 118 1988 1025 798 1989 996 799 1990 1026 800 1991 1023 118 1992 1021 794 1993 1024 118 1994 1019 118 1995 1000 118 1996 1027 801 1997 1000 118 1998 1019 118 1999 1018 802 2000 1036 803 2001 1035 796 2002 1020 795 2003 993 804 2004 1020 795 2005 1019 118 2006 1001 793 2007 1000 118 2008 1018 802 2009 1028 790 2010 1027 801 2011 999 792 2012 999 792 2013 1027 801 2014 1000 118 2015 1017 118 2016 1001 793 2017 1018 802 2018 1019 118 2019 1027 801 2020 993 804 2021 994 118 2022 1026 800 2023 995 118 2024 993 804 2025 1027 801 2026 994 118 2027 994 118 2028 1027 801 2029 1026 800 2030 1036 803 2031 1020 795 2032 993 804 2033 1039 805 2034 1038 806 2035 1040 807 2036 1071 808 2037 1052 809 2038 1074 810 2039 1074 810 2040 1079 811 2041 1075 812 2042 1071 808 2043 1073 813 2044 1072 814 2045 1071 808 2046 1074 810 2047 1073 813 2048 1074 810 2049 1052 809 2050 1079 811 2051 1078 131 2052 1076 815 2053 1079 811 2054 1077 816 2055 1076 815 2056 1078 131 2057 1071 808 2058 1053 817 2059 1052 809 2060 1070 818 2061 1055 819 2062 1054 131 2063 1053 817 2064 1070 818 2065 1054 131 2066 1071 808 2067 1070 818 2068 1053 817 2069 1079 811 2070 1076 815 2071 1075 812 2072 1061 131 2073 1060 131 2074 1062 820 2075 1059 821 2076 1062 820 2077 1060 131 2078 1059 821 2079 1058 822 2080 1043 823 2081 1042 824 2082 1062 820 2083 1059 821 2084 1063 825 2085 1086 826 2086 1085 827 2087 1085 827 2088 1084 828 2089 1063 825 2090 1063 825 2091 1062 820 2092 1086 826 2093 1057 829 2094 1043 823 2095 1058 822 2096 1042 824 2097 1059 821 2098 1043 823 2099 1045 131 2100 1044 131 2101 1057 829 2102 1043 823 2103 1057 829 2104 1044 131 2105 1062 820 2106 1042 824 2107 1086 826 2108 1069 830 2109 1056 831 2110 1055 819 2111 1087 832 2112 1056 831 2113 1068 833 2114 1056 831 2115 1069 830 2116 1068 833 2117 1081 834 2118 1068 833 2119 1067 835 2120 1056 831 2121 1087 832 2122 1077 816 2123 1081 834 2124 1067 835 2125 1082 836 2126 1068 833 2127 1081 834 2128 1087 832 2129 1080 837 2130 1087 832 2131 1081 834 2132 1047 838 2133 1082 836 2134 1066 839 2135 1067 835 2136 1066 839 2137 1082 836 2138 1048 840 2139 1047 838 2140 1066 839 2141 1077 816 2142 1087 832 2143 1076 815 2144 1083 841 2145 1065 842 2146 1064 843 2147 1049 844 2148 1066 839 2149 1065 842 2150 1065 842 2151 1046 845 2152 1041 846 2153 1064 843 2154 1084 828 2155 1083 841 2156 1046 845 2157 1065 842 2158 1083 841 2159 1084 828 2160 1064 843 2161 1063 825 2162 1057 829 2163 1041 846 2164 1046 845 2165 1087 832 2166 1051 847 2167 1050 848 2168 1080 837 2169 1051 847 2170 1087 832 2171 1066 839 2172 1049 844 2173 1048 840 2174 1065 842 2175 1041 846 2176 1049 844 2177 1041 846 2178 1087 832 2179 1050 848 2180 1050 848 2181 1049 844 2182 1041 846 2183 1045 131 2184 1057 829 2185 1046 845 2186 1069 830 2187 1055 819 2188 1070 818 2189 1117 849 2190 1146 850 2191 1145 851 2192 1119 852 2193 1117 849 2194 1145 851 2195 1145 851 2196 1144 853 2197 1119 852 2198 1145 851 2199 1146 850 2200 1089 854 2201 1089 854 2202 1146 850 2203 1090 855 2204 1107 194 2205 1090 855 2206 1146 850 2207 1090 855 2208 1106 856 2209 1091 857 2210 1143 858 2211 1119 852 2212 1144 853 2213 1093 194 2214 1120 859 2215 1143 858 2216 1118 194 2217 1117 849 2218 1119 852 2219 1119 852 2220 1143 858 2221 1120 859 2222 1120 859 2223 1093 194 2224 1092 194 2225 1121 194 2226 1092 194 2227 1091 857 2228 1092 194 2229 1121 194 2230 1120 859 2231 1106 856 2232 1122 860 2233 1091 857 2234 1121 194 2235 1091 857 2236 1122 860 2237 1123 861 2238 1122 860 2239 1106 856 2240 1107 194 2241 1115 862 2242 1114 194 2243 1113 194 2244 1108 194 2245 1114 194 2246 1107 194 2247 1114 194 2248 1108 194 2249 1115 862 2250 1146 850 2251 1116 863 2252 1112 864 2253 1109 865 2254 1113 194 2255 1109 865 2256 1108 194 2257 1113 194 2258 1146 850 2259 1115 862 2260 1107 194 2261 1109 865 2262 1112 864 2263 1110 866 2264 1110 866 2265 1112 864 2266 1137 194 2267 1111 867 2268 1110 866 2269 1137 194 2270 1107 194 2271 1106 856 2272 1090 855 2273 1123 861 2274 1106 856 2275 1099 868 2276 1142 869 2277 1141 870 2278 1129 871 2279 1128 872 2280 1094 873 2281 1142 869 2282 1129 871 2283 1128 872 2284 1142 869 2285 1131 874 2286 1130 194 2287 1129 871 2288 1126 875 2289 1125 194 2290 1103 876 2291 1127 877 2292 1095 878 2293 1128 872 2294 1094 873 2295 1128 872 2296 1095 878 2297 1096 879 2298 1127 877 2299 1126 875 2300 1127 877 2301 1096 879 2302 1095 878 2303 1129 871 2304 1140 880 2305 1131 874 2306 1140 880 2307 1129 871 2308 1141 870 2309 1131 874 2310 1140 880 2311 1088 881 2312 1134 882 2313 1096 879 2314 1126 875 2315 1133 883 2316 1097 884 2317 1096 879 2318 1098 885 2319 1088 881 2320 1140 880 2321 1098 885 2322 1097 884 2323 1088 881 2324 1123 861 2325 1099 868 2326 1139 194 2327 1106 856 2328 1105 886 2329 1100 887 2330 1138 194 2331 1124 194 2332 1139 194 2333 1105 886 2334 1101 888 2335 1100 887 2336 1124 194 2337 1138 194 2338 1125 194 2339 1139 194 2340 1124 194 2341 1123 861 2342 1111 867 2343 1135 889 2344 1104 890 2345 1135 889 2346 1105 886 2347 1104 890 2348 1111 867 2349 1137 194 2350 1136 891 2351 1102 892 2352 1101 888 2353 1105 886 2354 1100 887 2355 1099 868 2356 1106 856 2357 1103 876 2358 1125 194 2359 1138 194 2360 1135 889 2361 1102 892 2362 1105 886 2363 1134 882 2364 1133 883 2365 1096 879 2366 1088 881 2367 1133 883 2368 1132 893 2369 1134 882 2370 1103 876 2371 1102 892 2372 1136 891 2373 1135 889 2374 1111 867 2375 1126 875 2376 1103 876 2377 1134 882 2378 1102 892 2379 1135 889 2380 1134 882 2381 1097 884 2382 1133 883 2383 1088 881 2384 5 3 15537 2 5947 15538 1 4 15539 11 8 15540 8 5948 15541 7 9 15542 17 13 15543 14 5949 15544 13 14 15545 29 21 15546 26 26 15547 28 24 15548 56 51 15549 54 5950 15550 55 52 15551 58 56 15552 61 55 15553 59 5951 15554 64 59 15555 62 58 15556 63 5952 15557 66 62 15558 67 61 15559 68 5953 15560 71 65 15561 74 67 15562 73 5954 15563 76 68 15564 77 5955 15565 79 69 15566 82 73 15567 83 5956 15568 80 72 15569 85 74 15570 87 5957 15571 88 75 15572 92 5958 15573 93 77 15574 94 79 15575 92 5958 15576 91 5959 15577 93 77 15578 100 83 15579 97 86 15580 99 84 15581 106 89 15582 103 92 15583 105 90 15584 108 5960 15585 107 95 15586 109 94 15587 112 96 15588 111 96 15589 113 96 15590 115 99 15591 118 98 15592 117 5961 15593 122 100 15594 120 101 15595 119 100 15596 125 104 15597 123 103 15598 126 5962 15599 128 105 15600 127 5963 15601 129 106 15602 135 114 15603 138 113 15604 137 5964 15605 141 117 15606 143 5965 15607 142 5966 15608 139 116 15609 143 5965 15610 141 117 15611 161 131 15612 162 131 15613 160 131 15614 191 157 15615 189 5967 15616 192 158 15617 193 5968 15618 194 161 15619 195 160 15620 197 5969 15621 199 163 15622 198 165 15623 210 176 15624 211 5970 15625 212 177 15626 215 178 15627 216 5971 15628 217 179 15629 221 182 15630 218 5972 15631 219 183 15632 224 184 15633 223 184 15634 225 184 15635 226 186 15636 227 5973 15637 228 187 15638 231 188 15639 232 5974 15640 233 189 15641 234 192 15642 235 5975 15643 236 193 15644 241 194 15645 239 194 15646 238 194 15647 250 201 15648 248 200 15649 247 5976 15650 251 5977 15651 252 203 15652 253 202 15653 272 5978 15654 269 217 15655 271 219 15656 280 5979 15657 278 225 15658 279 224 15659 289 96 15660 290 96 15661 291 96 15662 294 232 15663 295 231 15664 293 5980 15665 297 235 15666 300 5981 15667 301 233 15668 297 235 15669 299 236 15670 300 5981 15671 304 238 15672 303 184 15673 305 239 15674 314 252 15675 316 248 15676 317 250 15677 318 253 15678 321 96 15679 319 254 15680 332 263 15681 330 265 15682 331 5982 15683 360 284 15684 361 282 15685 359 280 15686 361 282 15687 363 285 15688 362 283 15689 388 184 15690 386 184 15691 389 184 15692 397 306 15693 394 305 15694 396 5983 15695 398 309 15696 401 308 15697 400 5984 15698 407 5985 15699 408 313 15700 406 315 15701 412 318 15702 411 314 15703 408 313 15704 413 319 15705 409 316 15706 412 318 15707 421 325 15708 418 324 15709 420 5986 15710 425 326 15711 423 328 15712 424 5987 15713 429 329 15714 427 331 15715 428 5988 15716 432 96 15717 431 96 15718 433 96 15719 435 333 15720 434 332 15721 437 5989 15722 450 348 15723 453 348 15724 451 347 15725 454 351 15726 456 5990 15727 457 349 15728 468 361 15729 466 360 15730 469 5991 15731 471 5992 15732 473 365 15733 470 364 15734 485 374 15735 487 373 15736 488 5993 15737 489 375 15738 492 5994 15739 490 376 15740 496 380 15741 495 379 15742 494 5995 15743 499 131 15744 498 131 15745 497 131 15746 501 383 15747 503 382 15748 504 5996 15749 507 384 15750 505 5997 15751 508 385 15752 511 389 15753 512 388 15754 510 5998 15755 571 441 15756 568 446 15757 570 444 15758 582 456 15759 583 453 15760 579 5999 15761 583 453 15762 580 6000 15763 579 5999 15764 589 460 15765 586 6001 15766 585 461 15767 595 465 15768 592 6002 15769 591 466 15770 607 475 15771 603 478 15772 606 476 15773 617 485 15774 615 6003 15775 616 486 15776 621 6004 15777 618 488 15778 620 490 15779 673 531 15780 671 533 15781 672 6005 15782 682 537 15783 683 534 15784 677 536 15785 702 6006 15786 700 554 15787 701 556 15788 775 6007 15789 772 6008 15790 776 615 15791 776 615 15792 774 614 15793 775 6007 15794 887 677 15795 888 676 15796 884 675 15797 951 741 15798 954 6009 15799 952 739 15800 990 6010 15801 988 771 15802 989 773 15803 1039 805 15804 1037 6011 15805 1038 806 15806</p>
        </triangles>
        <triangles material="法兰盘_009-material" count="1928">
          <input semantic="VERTEX" source="#转换实体1_003-mesh-vertices" offset="0"/>
          <input semantic="NORMAL" source="#转换实体1_003-mesh-normals" offset="1"/>
          <input semantic="TEXCOORD" source="#转换实体1_003-mesh-map-0" offset="2" set="0"/>
          <p>1148 894 2385 1147 895 2386 1150 896 2387 1149 897 2388 1148 894 2389 1150 896 2390 1153 898 2391 1152 898 2392 1151 899 2393 1158 900 2394 1157 901 2395 1154 902 2396 1157 901 2397 1155 903 2398 1154 902 2399 1155 903 2400 1157 901 2401 1156 904 2402 1162 905 2403 1161 906 2404 1166 907 2405 1162 905 2406 1166 907 2407 1165 908 2408 1162 905 2409 1165 908 2410 1163 909 2411 1164 910 2412 1163 909 2413 1165 908 2414 1170 911 2415 1168 912 2416 1167 913 2417 1169 914 2418 1168 912 2419 1170 911 2420 1172 915 2421 1171 916 2422 1174 917 2423 1173 918 2424 1172 915 2425 1174 917 2426 1176 919 2427 1177 919 2428 1175 920 2429 1182 921 2430 1181 922 2431 1178 923 2432 1181 922 2433 1179 924 2434 1178 923 2435 1179 924 2436 1181 922 2437 1180 925 2438 1186 926 2439 1185 927 2440 1190 928 2441 1186 926 2442 1190 928 2443 1189 929 2444 1188 930 2445 1187 931 2446 1186 926 2447 1189 929 2448 1188 930 2449 1186 926 2450 1194 932 2451 1192 933 2452 1191 934 2453 1193 935 2454 1192 933 2455 1194 932 2456 1200 936 2457 1204 937 2458 1205 938 2459 1200 936 2460 1203 939 2461 1204 937 2462 1198 940 2463 1202 941 2464 1201 942 2465 1309 943 2466 1253 944 2467 1252 945 2468 1309 943 2469 1252 945 2470 1227 946 2471 1251 947 2472 1227 946 2473 1252 945 2474 1308 948 2475 1253 944 2476 1309 943 2477 1308 948 2478 1307 949 2479 1253 944 2480 1302 950 2481 1251 947 2482 1250 951 2483 1251 947 2484 1302 950 2485 1301 952 2486 1303 118 2487 1302 950 2488 1250 951 2489 1251 947 2490 1301 952 2491 1227 946 2492 1228 953 2493 1227 946 2494 1301 952 2495 1301 952 2496 1262 954 2497 1228 953 2498 1301 952 2499 1300 955 2500 1260 956 2501 1307 949 2502 1312 957 2503 1254 958 2504 1223 959 2505 1312 957 2506 1307 949 2507 1307 949 2508 1229 960 2509 1223 959 2510 1253 944 2511 1307 949 2512 1254 958 2513 1312 957 2514 1311 961 2515 1254 958 2516 1254 958 2517 1311 961 2518 1255 962 2519 1224 963 2520 1223 959 2521 1229 960 2522 1235 964 2523 1225 965 2524 1224 963 2525 1262 954 2526 1264 966 2527 1228 953 2528 1229 960 2529 1228 953 2530 1264 966 2531 1260 956 2532 1233 967 2533 1232 968 2534 1262 954 2535 1301 952 2536 1260 956 2537 1262 954 2538 1260 956 2539 1261 118 2540 1267 118 2541 1268 969 2542 1266 970 2543 1229 960 2544 1266 970 2545 1268 969 2546 1268 969 2547 1269 971 2548 1235 964 2549 1229 960 2550 1268 969 2551 1224 963 2552 1262 954 2553 1263 972 2554 1264 966 2555 1266 970 2556 1264 966 2557 1265 973 2558 1229 960 2559 1264 966 2560 1266 970 2561 1268 969 2562 1235 964 2563 1224 963 2564 1304 974 2565 1303 118 2566 1250 951 2567 1249 975 2568 1304 974 2569 1250 951 2570 1305 976 2571 1304 974 2572 1249 975 2573 1305 976 2574 1249 975 2575 1207 977 2576 1299 978 2577 1306 979 2578 1207 977 2579 1306 979 2580 1231 980 2581 1300 955 2582 1305 976 2583 1207 977 2584 1306 979 2585 1299 978 2586 1207 977 2587 1206 981 2588 1248 982 2589 1209 983 2590 1208 984 2591 1329 985 2592 1248 982 2593 1247 986 2594 1248 982 2595 1329 985 2596 1209 983 2597 1208 984 2598 1249 975 2599 1248 982 2600 1330 987 2601 1329 985 2602 1247 986 2603 1331 988 2604 1330 987 2605 1246 989 2606 1247 986 2607 1246 989 2608 1330 987 2609 1208 984 2610 1207 977 2611 1249 975 2612 1231 980 2613 1306 979 2614 1299 978 2615 1230 990 2616 1233 967 2617 1231 980 2618 1298 972 2619 1299 978 2620 1297 991 2621 1231 980 2622 1299 978 2623 1259 992 2624 1206 981 2625 1297 991 2626 1299 978 2627 1297 991 2628 1206 981 2629 1295 993 2630 1233 967 2631 1300 955 2632 1231 980 2633 1297 991 2634 1295 993 2635 1296 118 2636 1293 994 2637 1294 118 2638 1295 993 2639 1331 988 2640 1295 993 2641 1206 981 2642 1293 994 2643 1291 995 2644 1292 996 2645 1293 994 2646 1295 993 2647 1331 988 2648 1291 995 2649 1293 994 2650 1212 997 2651 1331 988 2652 1213 998 2653 1212 997 2654 1246 989 2655 1213 998 2656 1331 988 2657 1245 999 2658 1326 1000 2659 1246 989 2660 1246 989 2661 1326 1000 2662 1213 998 2663 1293 994 2664 1331 988 2665 1212 997 2666 1245 999 2667 1327 118 2668 1326 1000 2669 1211 1001 2670 1291 995 2671 1212 997 2672 1233 967 2673 1260 956 2674 1300 955 2675 1310 1002 2676 1255 962 2677 1311 961 2678 1270 1003 2679 1225 965 2680 1235 964 2681 1256 1004 2682 1255 962 2683 1310 1002 2684 1226 1005 2685 1256 1004 2686 1310 1002 2687 1226 1005 2688 1218 1006 2689 1314 1007 2690 1226 1005 2691 1225 965 2692 1218 1006 2693 1225 965 2694 1272 1008 2695 1218 1006 2696 1271 118 2697 1272 1008 2698 1270 1003 2699 1272 1008 2700 1225 965 2701 1270 1003 2702 1235 964 2703 1234 1009 2704 1270 1003 2705 1276 1010 2706 1274 1011 2707 1275 1012 2708 1272 1008 2709 1273 1013 2710 1274 1011 2711 1274 1011 2712 1218 1006 2713 1272 1008 2714 1219 1014 2715 1274 1011 2716 1276 1010 2717 1278 1015 2718 1276 1010 2719 1277 1016 2720 1274 1011 2721 1219 1014 2722 1218 1006 2723 1276 1010 2724 1278 1015 2725 1220 1017 2726 1278 1015 2727 1279 1018 2728 1280 1019 2729 1278 1015 2730 1280 1019 2731 1317 1020 2732 1280 1019 2733 1236 1021 2734 1281 1022 2735 1256 1004 2736 1226 1005 2737 1314 1007 2738 1313 1023 2739 1257 1024 2740 1314 1007 2741 1313 1023 2742 1222 1025 2743 1257 1024 2744 1257 1024 2745 1256 1004 2746 1314 1007 2747 1258 1026 2748 1257 1024 2749 1222 1025 2750 1222 1025 2751 1221 1027 2752 1258 1026 2753 1280 1019 2754 1318 1028 2755 1317 1020 2756 1278 1015 2757 1316 1029 2758 1220 1017 2759 1316 1029 2760 1278 1015 2761 1317 1020 2762 1258 1026 2763 1221 1027 2764 1220 1017 2765 1276 1010 2766 1220 1017 2767 1219 1014 2768 1258 1026 2769 1316 1029 2770 1239 1030 2771 1316 1029 2772 1258 1026 2773 1220 1017 2774 1315 1031 2775 1239 1030 2776 1316 1029 2777 1321 118 2778 1239 1030 2779 1315 1031 2780 1318 1028 2781 1280 1019 2782 1281 1022 2783 1285 1032 2784 1286 1033 2785 1287 1034 2786 1289 1035 2787 1287 1034 2788 1288 1036 2789 1291 995 2790 1238 1037 2791 1237 1038 2792 1291 995 2793 1211 1001 2794 1238 1037 2795 1238 1037 2796 1289 1035 2797 1290 1039 2798 1289 1035 2799 1238 1037 2800 1211 1001 2801 1289 1035 2802 1217 1040 2803 1287 1034 2804 1282 1041 2805 1283 1042 2806 1281 1022 2807 1283 1042 2808 1285 1032 2809 1216 1043 2810 1285 1032 2811 1283 1042 2812 1284 1044 2813 1216 1043 2814 1285 1032 2815 1287 1034 2816 1216 1043 2817 1287 1034 2818 1217 1040 2819 1318 1028 2820 1281 1022 2821 1283 1042 2822 1217 1040 2823 1211 1001 2824 1210 1045 2825 1244 1046 2826 1327 118 2827 1245 999 2828 1244 1046 2829 1328 1047 2830 1327 118 2831 1217 1040 2832 1210 1045 2833 1322 1048 2834 1328 1047 2835 1244 1046 2836 1243 1049 2837 1322 1048 2838 1210 1045 2839 1328 1047 2840 1243 1049 2841 1322 1048 2842 1328 1047 2843 1323 1050 2844 1322 1048 2845 1243 1049 2846 1289 1035 2847 1211 1001 2848 1217 1040 2849 1283 1042 2850 1216 1043 2851 1319 1051 2852 1319 1051 2853 1318 1028 2854 1283 1042 2855 1215 118 2856 1319 1051 2857 1216 1043 2858 1319 1051 2859 1215 118 2860 1320 118 2861 1240 118 2862 1321 118 2863 1320 118 2864 1241 1052 2865 1240 118 2866 1320 118 2867 1240 118 2868 1239 1030 2869 1321 118 2870 1320 118 2871 1215 118 2872 1241 1052 2873 1323 1050 2874 1243 1049 2875 1242 1053 2876 1323 1050 2877 1242 1053 2878 1324 1054 2879 1214 1055 2880 1241 1052 2881 1215 118 2882 1214 1055 2883 1325 1056 2884 1241 1052 2885 1242 1053 2886 1241 1052 2887 1325 1056 2888 1324 1054 2889 1242 1053 2890 1325 1056 2891 1338 1057 2892 1339 1058 2893 1340 1059 2894 1341 1060 2895 1334 1061 2896 1340 1059 2897 1336 1062 2898 1342 1063 2899 1335 1064 2900 1343 1065 2901 1350 1066 2902 1344 1067 2903 1350 1066 2904 1343 1065 2905 1351 1068 2906 1346 1069 2907 1351 1068 2908 1345 1070 2909 1352 1071 2910 1346 1069 2911 1345 1070 2912 1347 1072 2913 1349 1073 2914 1352 1071 2915 1380 1074 2916 1430 1075 2917 1391 1076 2918 1380 1074 2919 1392 1077 2920 1379 1078 2921 1380 1074 2922 1391 1076 2923 1392 1077 2924 1380 1074 2925 1429 1079 2926 1430 1075 2927 1381 1080 2928 1429 1079 2929 1380 1074 2930 1365 1081 2931 1379 1078 2932 1392 1077 2933 1365 1081 2934 1392 1077 2935 1423 1082 2936 1378 1083 2937 1379 1078 2938 1366 1084 2939 1367 1085 2940 1368 1086 2941 1378 1083 2942 1366 1084 2943 1367 1085 2944 1378 1083 2945 1366 1084 2946 1379 1078 2947 1365 1081 2948 1365 1081 2949 1423 1082 2950 1425 1087 2951 1393 1088 2952 1423 1082 2953 1392 1077 2954 1429 1079 2955 1381 1080 2956 1428 1089 2957 1381 1080 2958 1382 1090 2959 1395 1091 2960 1394 1092 2961 1395 1091 2962 1382 1090 2963 1381 1080 2964 1395 1091 2965 1428 1089 2966 1395 1091 2967 1396 1093 2968 1421 1094 2969 1382 1090 2970 1434 1095 2971 1394 1092 2972 1431 1096 2973 1421 1094 2974 1396 1093 2975 1427 1097 2976 1422 1098 2977 1426 1099 2978 1422 1098 2979 1393 1088 2980 1426 1099 2981 1423 1082 2982 1393 1088 2983 1422 1098 2984 1422 1098 2985 1427 1097 2986 1428 1089 2987 1431 1096 2988 1420 1100 2989 1421 1094 2990 1421 1094 2991 1422 1098 2992 1428 1089 2993 1428 1089 2994 1395 1091 2995 1421 1094 2996 1378 1083 2997 1368 1086 2998 1388 1101 2999 1377 1102 3000 1378 1083 3001 1388 1101 3002 1389 1103 3003 1377 1102 3004 1388 1101 3005 1424 1104 3006 1425 1087 3007 1423 1082 3008 1424 1104 3009 1423 1082 3010 1411 1105 3011 1390 1106 3012 1411 1105 3013 1389 1103 3014 1390 1106 3015 1424 1104 3016 1411 1105 3017 1377 1102 3018 1389 1103 3019 1376 1107 3020 1375 1108 3021 1376 1107 3022 1451 1109 3023 1376 1107 3024 1354 1110 3025 1355 1111 3026 1376 1107 3027 1355 1111 3028 1451 1109 3029 1450 1112 3030 1353 1113 3031 1411 1105 3032 1376 1107 3033 1389 1103 3034 1354 1110 3035 1375 1108 3036 1451 1109 3037 1408 1114 3038 1354 1110 3039 1389 1103 3040 1353 1113 3041 1389 1103 3042 1411 1105 3043 1353 1113 3044 1450 1112 3045 1412 1115 3046 1449 1116 3047 1412 1115 3048 1450 1112 3049 1411 1105 3050 1412 1115 3051 1356 1117 3052 1409 1118 3053 1410 1119 3054 1412 1115 3055 1409 1118 3056 1412 1115 3057 1410 1119 3058 1449 1116 3059 1412 1115 3060 1413 1120 3061 1356 1117 3062 1409 1118 3063 1375 1108 3064 1408 1114 3065 1356 1117 3066 1357 1121 3067 1409 1118 3068 1357 1121 3069 1374 1122 3070 1375 1108 3071 1357 1121 3072 1375 1108 3073 1409 1118 3074 1446 1123 3075 1356 1117 3076 1413 1120 3077 1357 1121 3078 1447 1124 3079 1374 1122 3080 1420 1100 3081 1431 1096 3082 1432 1125 3083 1433 1126 3084 1434 1095 3085 1383 1127 3086 1383 1127 3087 1434 1095 3088 1382 1090 3089 1420 1100 3090 1432 1125 3091 1364 1128 3092 1383 1127 3093 1364 1128 3094 1433 1126 3095 1383 1127 3096 1384 1129 3097 1364 1128 3098 1397 1130 3099 1364 1128 3100 1384 1129 3101 1397 1130 3102 1384 1129 3103 1385 1131 3104 1364 1128 3105 1398 1132 3106 1419 1133 3107 1420 1100 3108 1364 1128 3109 1419 1133 3110 1419 1133 3111 1436 1134 3112 1418 1135 3113 1398 1132 3114 1435 1136 3115 1419 1133 3116 1398 1132 3117 1364 1128 3118 1397 1130 3119 1436 1134 3120 1419 1133 3121 1435 1136 3122 1418 1135 3123 1361 1137 3124 1417 1138 3125 1385 1131 3126 1437 1139 3127 1397 1130 3128 1361 1137 3129 1418 1135 3130 1436 1134 3131 1400 1140 3132 1417 1138 3133 1361 1137 3134 1400 1140 3135 1401 1141 3136 1417 1138 3137 1400 1140 3138 1361 1137 3139 1362 1142 3140 1385 1131 3141 1363 1143 3142 1437 1139 3143 1386 1144 3144 1362 1142 3145 1363 1143 3146 1386 1144 3147 1400 1140 3148 1362 1142 3149 1387 1145 3150 1400 1140 3151 1386 1144 3152 1386 1144 3153 1363 1143 3154 1385 1131 3155 1417 1138 3156 1401 1141 3157 1438 1146 3158 1417 1138 3159 1438 1146 3160 1416 1147 3161 1439 1148 3162 1416 1147 3163 1438 1146 3164 1399 1149 3165 1400 1140 3166 1387 1145 3167 1387 1145 3168 1360 1150 3169 1399 1149 3170 1441 1151 3171 1414 1152 3172 1415 1153 3173 1446 1123 3174 1413 1120 3175 1445 1154 3176 1414 1152 3177 1441 1151 3178 1442 1155 3179 1407 1156 3180 1413 1120 3181 1414 1152 3182 1415 1153 3183 1440 1157 3184 1441 1151 3185 1416 1147 3186 1404 1158 3187 1415 1153 3188 1442 1155 3189 1406 1159 3190 1414 1152 3191 1407 1156 3192 1445 1154 3193 1413 1120 3194 1373 1160 3195 1448 1161 3196 1405 1162 3197 1374 1122 3198 1448 1161 3199 1373 1160 3200 1447 1124 3201 1448 1161 3202 1374 1122 3203 1406 1159 3204 1407 1156 3205 1414 1152 3206 1442 1155 3207 1372 1163 3208 1406 1159 3209 1405 1162 3210 1406 1159 3211 1372 1163 3212 1372 1163 3213 1373 1160 3214 1405 1162 3215 1372 1163 3216 1442 1155 3217 1443 1164 3218 1439 1148 3219 1358 1165 3220 1416 1147 3221 1403 1166 3222 1416 1147 3223 1358 1165 3224 1359 1167 3225 1360 1150 3226 1387 1145 3227 1359 1167 3228 1369 1168 3229 1358 1165 3230 1359 1167 3231 1387 1145 3232 1369 1168 3233 1404 1158 3234 1440 1157 3235 1415 1153 3236 1416 1147 3237 1403 1166 3238 1404 1158 3239 1444 1169 3240 1371 1170 3241 1443 1164 3242 1372 1163 3243 1443 1164 3244 1371 1170 3245 1402 1171 3246 1403 1166 3247 1370 1172 3248 1369 1168 3249 1370 1172 3250 1403 1166 3251 1370 1172 3252 1444 1169 3253 1402 1171 3254 1371 1170 3255 1444 1169 3256 1370 1172 3257 1369 1168 3258 1403 1166 3259 1358 1165 3260 1459 1173 3261 1460 1174 3262 1457 1175 3263 1457 1175 3264 1453 1176 3265 1459 1173 3266 1458 1177 3267 1456 1178 3268 1453 1176 3269 1455 1179 3270 1456 1178 3271 1454 1180 3272 1464 1181 3273 1469 1182 3274 1462 1183 3275 1464 1181 3276 1468 1184 3277 1469 1182 3278 1463 1185 3279 1467 1186 3280 1465 1187 3281 1464 1181 3282 1465 1187 3283 1468 1184 3284 1479 1188 3285 1480 1189 3286 1488 1190 3287 1473 1191 3288 1478 1192 3289 1489 1193 3290 1489 1193 3291 1478 1192 3292 1479 1188 3293 1480 1189 3294 1481 1194 3295 1488 1190 3296 1479 1188 3297 1488 1190 3298 1489 1193 3299 1488 1190 3300 1481 1194 3301 1487 1195 3302 1489 1193 3303 1472 1196 3304 1473 1191 3305 1471 1197 3306 1472 1196 3307 1490 1198 3308 1489 1193 3309 1490 1198 3310 1472 1196 3311 1490 1198 3312 1491 1199 3313 1471 1197 3314 1491 1199 3315 1470 1200 3316 1471 1197 3317 1491 1199 3318 1477 1201 3319 1470 1200 3320 1481 1194 3321 1482 1202 3322 1487 1195 3323 1487 1195 3324 1482 1202 3325 1486 1203 3326 1484 1204 3327 1485 1205 3328 1486 1203 3329 1486 1203 3330 1482 1202 3331 1483 1206 3332 1486 1203 3333 1483 1206 3334 1484 1204 3335 1474 1207 3336 1485 1205 3337 1484 1204 3338 1493 1208 3339 1476 1209 3340 1492 1210 3341 1475 1211 3342 1493 1208 3343 1485 1205 3344 1492 1210 3345 1476 1209 3346 1477 1201 3347 1492 1210 3348 1477 1201 3349 1491 1199 3350 1475 1211 3351 1485 1205 3352 1474 1207 3353 1475 1211 3354 1476 1209 3355 1493 1208 3356 1503 1212 3357 1494 1213 3358 1504 1214 3359 1502 1215 3360 1504 1214 3361 1505 1216 3362 1502 1215 3363 1503 1212 3364 1504 1214 3365 1506 1217 3366 1501 1218 3367 1505 1216 3368 1501 1218 3369 1502 1215 3370 1505 1216 3371 1503 1212 3372 1495 1219 3373 1494 1213 3374 1507 1220 3375 1499 1221 3376 1500 1222 3377 1508 1223 3378 1509 1224 3379 1498 1225 3380 1498 1225 3381 1499 1221 3382 1508 1223 3383 1497 1226 3384 1498 1225 3385 1509 1224 3386 1517 1227 3387 1515 1228 3388 1516 1229 3389 1517 1227 3390 1514 1230 3391 1515 1228 3392 1511 1231 3393 1513 1232 3394 1518 1233 3395 1519 1234 3396 1524 1235 3397 1523 1236 3398 1523 1236 3399 1522 1237 3400 1521 1238 3401 1526 1239 3402 1528 1240 3403 1525 1241 3404 1530 1242 3405 1529 1243 3406 1528 1240 3407 1553 1244 3408 1552 1245 3409 1551 1246 3410 1533 1247 3411 1553 1244 3412 1551 1246 3413 1550 118 3414 1549 1248 3415 1551 1246 3416 1549 1248 3417 1532 1249 3418 1551 1246 3419 1555 1250 3420 1557 1251 3421 1556 1252 3422 1553 1244 3423 1533 1247 3424 1555 1250 3425 1554 1253 3426 1553 1244 3427 1555 1250 3428 1547 1254 3429 1532 1249 3430 1549 1248 3431 1531 1255 3432 1547 1254 3433 1545 1256 3434 1547 1254 3435 1546 1257 3436 1545 1256 3437 1547 1254 3438 1531 1255 3439 1532 1249 3440 1533 1247 3441 1551 1246 3442 1532 1249 3443 1531 1255 3444 1545 1256 3445 1543 1258 3446 1548 1259 3447 1547 1254 3448 1549 1248 3449 1533 1247 3450 1557 1251 3451 1555 1250 3452 1559 1260 3453 1558 1261 3454 1557 1251 3455 1557 1251 3456 1534 1262 3457 1559 1260 3458 1534 1262 3459 1561 1263 3460 1559 1260 3461 1534 1262 3462 1557 1251 3463 1533 1247 3464 1559 1260 3465 1561 1263 3466 1560 1264 3467 1535 1265 3468 1563 1266 3469 1561 1263 3470 1563 1266 3471 1565 1267 3472 1564 1268 3473 1561 1263 3474 1563 1266 3475 1562 1269 3476 1563 1266 3477 1535 1265 3478 1565 1267 3479 1567 1270 3480 1535 1265 3481 1536 1271 3482 1567 1270 3483 1566 1272 3484 1565 1267 3485 1565 1267 3486 1535 1265 3487 1567 1270 3488 1567 1270 3489 1540 1273 3490 1568 1274 3491 1567 1270 3492 1536 1271 3493 1540 1273 3494 1534 1262 3495 1535 1265 3496 1561 1263 3497 1541 1275 3498 1531 1255 3499 1543 1258 3500 1543 1258 3501 1542 1276 3502 1541 1275 3503 1541 1275 3504 1539 1277 3505 1531 1255 3506 1539 1277 3507 1582 1278 3508 1538 1279 3509 1588 1280 3510 1539 1277 3511 1541 1275 3512 1586 1281 3513 1539 1277 3514 1588 1280 3515 1541 1275 3516 1589 1282 3517 1588 1280 3518 1588 1280 3519 1587 1283 3520 1586 1281 3521 1584 1284 3522 1586 1281 3523 1585 1285 3524 1582 1278 3525 1539 1277 3526 1584 1284 3527 1584 1284 3528 1583 1286 3529 1582 1278 3530 1580 1287 3531 1538 1279 3532 1582 1278 3533 1584 1284 3534 1539 1277 3535 1586 1281 3536 1581 1288 3537 1580 1287 3538 1582 1278 3539 1537 1289 3540 1570 1290 3541 1536 1271 3542 1538 1279 3543 1576 1291 3544 1537 1289 3545 1572 1292 3546 1537 1289 3547 1574 1293 3548 1570 1290 3549 1569 1294 3550 1540 1273 3551 1571 1295 3552 1570 1290 3553 1572 1292 3554 1570 1290 3555 1540 1273 3556 1536 1271 3557 1570 1290 3558 1537 1289 3559 1572 1292 3560 1580 1287 3561 1578 1296 3562 1538 1279 3563 1538 1279 3564 1578 1296 3565 1576 1291 3566 1578 1296 3567 1580 1287 3568 1579 1297 3569 1574 1293 3570 1573 1298 3571 1572 1292 3572 1578 1296 3573 1577 1299 3574 1576 1291 3575 1574 1293 3576 1576 1291 3577 1575 1300 3578 1576 1291 3579 1574 1293 3580 1537 1289 3581 1543 1258 3582 1545 1256 3583 1544 118 3584 1592 1301 3585 1594 1302 3586 1595 1303 3587 1593 1304 3588 1595 1303 3589 1594 1302 3590 1596 1305 3591 1599 1306 3592 1598 1307 3593 1596 1305 3594 1597 1308 3595 1599 1306 3596 1602 1309 3597 1605 1310 3598 1604 1311 3599 1602 1309 3600 1604 1311 3601 1603 1312 3602 1606 1313 3603 1608 1314 3604 1609 1315 3605 1607 1316 3606 1608 1314 3607 1606 1313 3608 1612 1317 3609 1613 1318 3610 1615 1319 3611 1612 1317 3612 1614 1320 3613 1613 1318 3614 1616 1321 3615 1619 1322 3616 1618 1323 3617 1617 1324 3618 1619 1322 3619 1616 1321 3620 1623 1325 3621 1624 1326 3622 1622 1326 3623 1624 1326 3624 1623 1325 3625 1625 1325 3626 1629 1327 3627 1628 1328 3628 1626 1329 3629 1627 1330 3630 1629 1327 3631 1626 1329 3632 1634 1331 3633 1632 1332 3634 1633 1333 3635 1634 1331 3636 1633 1333 3637 1635 1334 3638 1636 1335 3639 1639 1336 3640 1637 1337 3641 1637 1337 3642 1639 1336 3643 1638 1338 3644 1642 1339 3645 1644 1340 3646 1645 1341 3647 1643 1342 3648 1645 1341 3649 1644 1340 3650 1646 1343 3651 1649 1344 3652 1647 1345 3653 1647 1345 3654 1649 1344 3655 1648 1346 3656 1652 1347 3657 1655 1348 3658 1654 1349 3659 1652 1347 3660 1654 1349 3661 1653 1350 3662 1656 1351 3663 1657 1352 3664 1658 1353 3665 1658 1353 3666 1657 1352 3667 1659 1354 3668 1664 1355 3669 1663 1356 3670 1665 1357 3671 1662 1358 3672 1665 1357 3673 1663 1356 3674 1666 1359 3675 1669 1360 3676 1668 1361 3677 1666 1359 3678 1668 1361 3679 1667 1362 3680 1674 1363 3681 1672 1364 3682 1675 1365 3683 1672 1364 3684 1674 1363 3685 1673 1366 3686 1677 1367 3687 1679 1368 3688 1676 1369 3689 1676 1369 3690 1679 1368 3691 1678 1370 3692 1684 1371 3693 1683 1372 3694 1685 1373 3695 1682 1374 3696 1685 1373 3697 1683 1372 3698 1689 1375 3699 1688 1376 3700 1686 1377 3701 1686 1377 3702 1688 1376 3703 1687 1378 3704 1694 1379 3705 1693 1380 3706 1695 1381 3707 1692 1382 3708 1695 1381 3709 1693 1380 3710 1697 1383 3711 1699 1384 3712 1696 1385 3713 1696 1385 3714 1699 1384 3715 1698 1386 3716 1704 1387 3717 1703 1388 3718 1705 1389 3719 1702 1390 3720 1705 1389 3721 1703 1388 3722 1707 1391 3723 1709 1392 3724 1706 1393 3725 1706 1393 3726 1709 1392 3727 1708 1394 3728 1715 1395 3729 1712 1396 3730 1713 1397 3731 1713 1397 3732 1714 1398 3733 1715 1395 3734 1716 1399 3735 1719 1400 3736 1718 1401 3737 1716 1399 3738 1718 1401 3739 1717 1402 3740 1722 1403 3741 1723 1404 3742 1725 1405 3743 1723 1404 3744 1724 1406 3745 1725 1405 3746 1726 1407 3747 1727 1408 3748 1729 1409 3749 1726 1407 3750 1729 1409 3751 1728 1410 3752 1735 1411 3753 1734 1412 3754 1732 1413 3755 1733 1414 3756 1735 1411 3757 1732 1413 3758 1736 1415 3759 1737 1416 3760 1739 1417 3761 1736 1415 3762 1739 1417 3763 1738 1418 3764 1742 1419 3765 1743 1420 3766 1745 1421 3767 1743 1420 3768 1744 1422 3769 1745 1421 3770 1748 1423 3771 1747 1424 3772 1749 1425 3773 1746 1426 3774 1749 1425 3775 1747 1424 3776 1754 1427 3777 1753 1428 3778 1755 1429 3779 1752 1430 3780 1754 1427 3781 1755 1429 3782 1757 1431 3783 1759 1432 3784 1756 1433 3785 1756 1433 3786 1759 1432 3787 1758 1434 3788 1765 1435 3789 1764 1436 3790 1762 1437 3791 1763 1438 3792 1765 1435 3793 1762 1437 3794 1767 1439 3795 1768 1440 3796 1766 1441 3797 1767 1439 3798 1769 1442 3799 1768 1440 3800 1775 1443 3801 1774 1444 3802 1772 1445 3803 1773 1446 3804 1775 1443 3805 1772 1445 3806 1778 1447 3807 1776 1448 3808 1779 1449 3809 1777 1450 3810 1779 1449 3811 1776 1448 3812 1782 1451 3813 1783 1452 3814 1785 1453 3815 1783 1452 3816 1784 1454 3817 1785 1453 3818 1789 1455 3819 1786 1456 3820 1787 1457 3821 1787 1457 3822 1788 1458 3823 1789 1455 3824 1794 1459 3825 1793 1460 3826 1795 1461 3827 1792 1462 3828 1794 1459 3829 1795 1461 3830 1797 1463 3831 1799 1464 3832 1796 1465 3833 1797 1463 3834 1798 1466 3835 1799 1464 3836 1802 1467 3837 1804 1468 3838 1805 1469 3839 1803 1470 3840 1804 1468 3841 1802 1467 3842 1808 1471 3843 1806 1472 3844 1809 1473 3845 1807 1474 3846 1809 1473 3847 1806 1472 3848 1815 1475 3849 1812 1476 3850 1813 1477 3851 1813 1477 3852 1814 1478 3853 1815 1475 3854 1819 1479 3855 1818 1480 3856 1816 1481 3857 1817 1482 3858 1819 1479 3859 1816 1481 3860 1825 1483 3861 1822 1484 3862 1823 1485 3863 1823 1485 3864 1824 1486 3865 1825 1483 3866 1826 1487 3867 1827 1488 3868 1828 1489 3869 1827 1488 3870 1829 1490 3871 1828 1489 3872 1832 1491 3873 1834 1492 3874 1835 1493 3875 1833 1494 3876 1835 1493 3877 1834 1492 3878 1839 1495 3879 1838 1496 3880 1836 1497 3881 1837 1498 3882 1839 1495 3883 1836 1497 3884 1871 1499 3885 1858 1500 3886 1870 1501 3887 1857 1502 3888 1871 1499 3889 1860 1503 3890 1860 1503 3891 1861 1504 3892 1856 1505 3893 1864 1506 3894 1852 1507 3895 1863 1508 3896 1861 1504 3897 1862 1509 3898 1855 1510 3899 1863 1508 3900 1853 1511 3901 1869 1512 3902 1869 1512 3903 1853 1511 3904 1862 1509 3905 1858 1500 3906 1859 1513 3907 1870 1501 3908 1858 1500 3909 1871 1499 3910 1857 1502 3911 1856 1505 3912 1857 1502 3913 1860 1503 3914 1861 1504 3915 1855 1510 3916 1856 1505 3917 1854 1514 3918 1855 1510 3919 1862 1509 3920 1854 1514 3921 1862 1509 3922 1853 1511 3923 1853 1511 3924 1863 1508 3925 1852 1507 3926 1840 1515 3927 1848 1516 3928 1866 1517 3929 1841 1518 3930 1847 1519 3931 1840 1515 3932 1851 1520 3933 1864 1506 3934 1865 1521 3935 1850 1522 3936 1865 1521 3937 1866 1517 3938 1846 1523 3939 1841 1518 3940 1842 1524 3941 1845 1525 3942 1842 1524 3943 1867 1526 3944 1867 1526 3945 1843 1527 3946 1844 1528 3947 1845 1525 3948 1867 1526 3949 1844 1528 3950 1865 1521 3951 1850 1522 3952 1851 1520 3953 1851 1520 3954 1852 1507 3955 1864 1506 3956 1850 1522 3957 1866 1517 3958 1849 1529 3959 1848 1516 3960 1849 1529 3961 1866 1517 3962 1840 1515 3963 1847 1519 3964 1848 1516 3965 1846 1523 3966 1847 1519 3967 1841 1518 3968 1845 1525 3969 1846 1523 3970 1842 1524 3971 1873 1530 3972 1872 1531 3973 1876 1532 3974 1876 1532 3975 1875 1533 3976 1873 1530 3977 1874 1534 3978 1873 1530 3979 1875 1533 3980 1913 1535 3981 1883 1536 3982 1884 1537 3983 1909 1538 3984 1880 1539 3985 1881 1540 3986 1882 1541 3987 1883 1536 3988 1908 1542 3989 1908 1542 3990 1881 1540 3991 1882 1541 3992 1912 1543 3993 1884 1537 3994 1885 1544 3995 1906 1545 3996 1886 1546 3997 1887 1547 3998 1887 1547 3999 1888 1548 4000 1905 1549 4001 1907 1550 4002 1912 1543 4003 1885 1544 4004 1909 1538 4005 1881 1540 4006 1908 1542 4007 1910 1551 4008 1880 1539 4009 1909 1538 4010 1913 1535 4011 1884 1537 4012 1912 1543 4013 1908 1542 4014 1883 1536 4015 1913 1535 4016 1888 1548 4017 1889 1552 4018 1904 1553 4019 1903 1554 4020 1904 1553 4021 1889 1552 4022 1886 1546 4023 1906 1545 4024 1907 1550 4025 1887 1547 4026 1905 1549 4027 1906 1545 4028 1904 1553 4029 1905 1549 4030 1888 1548 4031 1886 1546 4032 1907 1550 4033 1885 1544 4034 1903 1554 4035 1889 1552 4036 1890 1555 4037 1902 1556 4038 1903 1554 4039 1890 1555 4040 1892 1557 4041 1911 1558 4042 1891 1559 4043 1902 1556 4044 1890 1555 4045 1891 1559 4046 1893 1560 4047 1894 1561 4048 1900 1562 4049 1877 1563 4050 1898 1564 4051 1896 1565 4052 1892 1557 4053 1893 1560 4054 1901 1566 4055 1911 1558 4056 1892 1557 4057 1901 1566 4058 1893 1560 4059 1900 1562 4060 1901 1566 4061 1911 1558 4062 1902 1556 4063 1891 1559 4064 1895 1567 4065 1899 1568 4066 1900 1562 4067 1894 1561 4068 1895 1567 4069 1900 1562 4070 1896 1565 4071 1899 1568 4072 1895 1567 4073 1879 1569 4074 1897 1570 4075 1878 1571 4076 1877 1563 4077 1878 1571 4078 1897 1570 4079 1899 1568 4080 1896 1565 4081 1898 1564 4082 1877 1563 4083 1897 1570 4084 1898 1564 4085 1928 1572 4086 1941 1573 4087 1942 1574 4088 1938 1575 4089 1939 1576 4090 1932 1577 4091 1930 1578 4092 1940 1579 4093 1941 1573 4094 1940 1579 4095 1931 1580 4096 1939 1576 4097 1945 1581 4098 1946 1582 4099 1936 1583 4100 1924 1584 4101 1946 1582 4102 1947 1585 4103 1943 1586 4104 1927 1587 4105 1942 1574 4106 1944 1588 4107 1926 1589 4108 1943 1586 4109 1926 1589 4110 1944 1588 4111 1945 1581 4112 1947 1585 4113 1948 1590 4114 1923 1591 4115 1932 1577 4116 1933 1592 4117 1938 1575 4118 1939 1576 4119 1931 1580 4120 1932 1577 4121 1940 1579 4122 1930 1578 4123 1931 1580 4124 1928 1572 4125 1929 1593 4126 1941 1573 4127 1933 1592 4128 1937 1594 4129 1938 1575 4130 1928 1572 4131 1942 1574 4132 1927 1587 4133 1941 1573 4134 1929 1593 4135 1930 1578 4136 1926 1589 4137 1927 1587 4138 1943 1586 4139 1926 1589 4140 1945 1581 4141 1925 1595 4142 1925 1595 4143 1945 1581 4144 1936 1583 4145 1924 1584 4146 1947 1585 4147 1923 1591 4148 1936 1583 4149 1946 1582 4150 1924 1584 4151 1923 1591 4152 1948 1590 4153 1922 1596 4154 1949 1597 4155 1922 1596 4156 1948 1590 4157 1953 1598 4158 1935 1599 4159 1952 1600 4160 1950 1601 4161 1921 1602 4162 1949 1597 4163 1951 1603 4164 1921 1602 4165 1950 1601 4166 1952 1600 4167 1920 1604 4168 1951 1603 4169 1955 1605 4170 1956 1606 4171 1917 1607 4172 1914 1608 4173 1916 1609 4174 1957 1610 4175 1957 1610 4176 1916 1609 4177 1956 1606 4178 1954 1611 4179 1934 1612 4180 1953 1598 4181 1954 1611 4182 1955 1605 4183 1918 1613 4184 1920 1604 4185 1921 1602 4186 1951 1603 4187 1919 1614 4188 1920 1604 4189 1952 1600 4190 1922 1596 4191 1949 1597 4192 1921 1602 4193 1953 1598 4194 1934 1612 4195 1935 1599 4196 1952 1600 4197 1935 1599 4198 1919 1614 4199 1917 1607 4200 1918 1613 4201 1955 1605 4202 1916 1609 4203 1914 1608 4204 1915 1615 4205 1934 1612 4206 1954 1611 4207 1918 1613 4208 1917 1607 4209 1956 1606 4210 1916 1609 4211 1960 1616 4212 1962 1617 4213 1961 1618 4214 1960 1616 4215 1958 1619 4216 1962 1617 4217 1958 1619 4218 1960 1616 4219 1959 1620 4220 1964 1621 4221 1963 1622 4222 1967 1623 4223 1965 1624 4224 1964 1621 4225 1966 1625 4226 1966 1625 4227 1964 1621 4228 1967 1623 4229 2005 1626 4230 2008 1627 4231 2002 1628 4232 1972 1629 4233 2000 1630 4234 2009 1631 4235 2009 1631 4236 2001 1632 4237 2008 1627 4238 2005 1626 4239 1970 1633 4240 1971 1634 4241 2004 1635 4242 1970 1633 4243 2005 1626 4244 2004 1635 4245 2005 1626 4246 2003 1636 4247 2002 1628 4248 2008 1627 4249 2001 1632 4250 2003 1636 4251 2005 1626 4252 2002 1628 4253 2001 1632 4254 2009 1631 4255 2000 1630 4256 1997 1637 4257 1973 1638 4258 1974 1639 4259 1997 1637 4260 1974 1639 4261 1975 1640 4262 1975 1640 4263 1976 1641 4264 1995 1642 4265 1976 1641 4266 2006 1643 4267 1995 1642 4268 2000 1630 4269 1972 1629 4270 1999 1644 4271 1973 1638 4272 1999 1644 4273 1972 1629 4274 1973 1638 4275 1998 1645 4276 1999 1644 4277 1973 1638 4278 1997 1637 4279 1998 1645 4280 1975 1640 4281 1996 1646 4282 1997 1637 4283 1995 1642 4284 1996 1646 4285 1975 1640 4286 2006 1643 4287 1994 1647 4288 1995 1642 4289 1977 1648 4290 1993 1649 4291 2006 1643 4292 1990 1650 4293 1991 1651 4294 1980 1652 4295 1993 1649 4296 1994 1647 4297 2006 1643 4298 1993 1649 4299 1978 1653 4300 1992 1654 4301 1993 1649 4302 1977 1648 4303 1978 1653 4304 1978 1653 4305 1979 1655 4306 1992 1654 4307 1991 1651 4308 1979 1655 4309 1980 1652 4310 1991 1651 4311 1992 1654 4312 1979 1655 4313 1982 1656 4314 2007 1657 4315 1987 1658 4316 2007 1657 4317 1983 1659 4318 1987 1658 4319 1981 1660 4320 1982 1656 4321 1989 1661 4322 1983 1659 4323 1984 1662 4324 1986 1663 4325 1980 1652 4326 1981 1660 4327 1989 1661 4328 1980 1652 4329 1989 1661 4330 1990 1650 4331 1982 1656 4332 1988 1664 4333 1989 1661 4334 1983 1659 4335 1986 1663 4336 1987 1658 4337 1984 1662 4338 1985 1665 4339 1986 1663 4340 1987 1658 4341 1988 1664 4342 1982 1656 4343 2013 1666 4344 2010 1667 4345 2012 1668 4346 2011 1669 4347 2013 1666 4348 2012 1668 4349 2014 1670 4350 2017 1671 4351 2016 1672 4352 2016 1672 4353 2015 1673 4354 2014 1670 4355 2021 1674 4356 2020 1675 4357 2022 1676 4358 2019 1677 4359 2022 1676 4360 2020 1675 4361 2019 1677 4362 2018 1678 4363 2022 1676 4364 2023 1679 4365 2025 1680 4366 2026 1681 4367 2025 1680 4368 2024 1682 4369 2026 1681 4370 2029 1683 4371 2028 1684 4372 2027 1685 4373 2027 1685 4374 2030 1686 4375 2029 1683 4376 2031 1687 4377 2033 1688 4378 2032 1689 4379 2031 1687 4380 2034 1690 4381 2033 1688 4382 2038 1691 4383 2037 1692 4384 2036 1693 4385 2035 1694 4386 2037 1692 4387 2038 1691 4388 2039 1695 4389 2042 1696 4390 2041 1697 4391 2041 1697 4392 2040 1698 4393 2039 1695 4394 2047 1699 4395 2046 1700 4396 2044 1701 4397 2045 1702 4398 2044 1701 4399 2046 1700 4400 2047 1699 4401 2044 1701 4402 2043 1703 4403 2049 1704 4404 2051 1705 4405 2050 1706 4406 2050 1706 4407 2051 1705 4408 2048 1707 4409 2053 1708 4410 2055 1709 4411 2054 1710 4412 2052 1711 4413 2055 1709 4414 2053 1708 4415 2085 1712 4416 2086 1713 4417 2072 1714 4418 2070 1715 4419 2086 1713 4420 2073 1716 4421 2074 1717 4422 2075 1718 4423 2068 1719 4424 2069 1720 4425 2073 1716 4426 2074 1717 4427 2067 1721 4428 2076 1722 4429 2066 1723 4430 2076 1722 4431 2067 1721 4432 2075 1718 4433 2077 1724 4434 2066 1723 4435 2076 1722 4436 2073 1716 4437 2069 1720 4438 2070 1715 4439 2070 1715 4440 2071 1725 4441 2086 1713 4442 2075 1718 4443 2067 1721 4444 2068 1719 4445 2069 1720 4446 2074 1717 4447 2068 1719 4448 2071 1725 4449 2072 1714 4450 2086 1713 4451 2066 1723 4452 2077 1724 4453 2065 1726 4454 2077 1724 4455 2064 1727 4456 2065 1726 4457 2063 1728 4458 2078 1729 4459 2079 1730 4460 2080 1731 4461 2062 1732 4462 2079 1730 4463 2081 1733 4464 2082 1734 4465 2060 1735 4466 2061 1736 4467 2080 1731 4468 2081 1733 4469 2059 1737 4470 2082 1734 4471 2083 1738 4472 2057 1739 4473 2083 1738 4474 2084 1740 4475 2057 1739 4476 2058 1741 4477 2083 1738 4478 2057 1739 4479 2084 1740 4480 2056 1742 4481 2078 1729 4482 2063 1728 4483 2064 1727 4484 2079 1730 4485 2062 1732 4486 2063 1728 4487 2061 1736 4488 2062 1732 4489 2080 1731 4490 2059 1737 4491 2060 1735 4492 2082 1734 4493 2060 1735 4494 2061 1736 4495 2081 1733 4496 2058 1741 4497 2059 1737 4498 2083 1738 4499 2077 1724 4500 2078 1729 4501 2064 1727 4502 2088 1743 4503 2087 1744 4504 2090 1745 4505 2090 1745 4506 2091 1746 4507 2088 1743 4508 2091 1746 4509 2089 1747 4510 2088 1743 4511 2092 1748 4512 2096 1749 4513 2093 1750 4514 2094 1751 4515 2093 1750 4516 2095 1752 4517 2093 1750 4518 2096 1749 4519 2095 1752 4520 2129 1753 4521 2101 1754 4522 2102 1755 4523 2130 1756 4524 2100 1757 4525 2101 1754 4526 2104 1758 4527 2127 1759 4528 2103 1760 4529 2128 1761 4530 2102 1755 4531 2103 1760 4532 2105 1762 4533 2126 1763 4534 2104 1758 4535 2107 1764 4536 2125 1765 4537 2106 1766 4538 2107 1764 4539 2108 1767 4540 2124 1768 4541 2103 1760 4542 2127 1759 4543 2128 1761 4544 2101 1754 4545 2129 1753 4546 2130 1756 4547 2131 1769 4548 2100 1757 4549 2130 1756 4550 2128 1761 4551 2129 1753 4552 2102 1755 4553 2127 1759 4554 2104 1758 4555 2126 1763 4556 2126 1763 4557 2106 1766 4558 2125 1765 4559 2125 1765 4560 2107 1764 4561 2124 1768 4562 2123 1770 4563 2108 1767 4564 2109 1771 4565 2124 1768 4566 2108 1767 4567 2123 1770 4568 2105 1762 4569 2106 1766 4570 2126 1763 4571 2111 1772 4572 2121 1773 4573 2110 1774 4574 2110 1774 4575 2122 1775 4576 2109 1771 4577 2120 1776 4578 2111 1772 4579 2112 1777 4580 2120 1776 4581 2112 1777 4582 2113 1778 4583 2114 1779 4584 2119 1780 4585 2113 1778 4586 2114 1779 4587 2115 1781 4588 2118 1782 4589 2117 1783 4590 2115 1781 4591 2097 1784 4592 2097 1784 4593 2098 1785 4594 2116 1786 4595 2111 1772 4596 2120 1776 4597 2121 1773 4598 2122 1775 4599 2110 1774 4600 2121 1773 4601 2120 1776 4602 2113 1778 4603 2119 1780 4604 2099 1787 4605 2116 1786 4606 2098 1785 4607 2117 1783 4608 2118 1782 4609 2115 1781 4610 2117 1783 4611 2097 1784 4612 2116 1786 4613 2114 1779 4614 2118 1782 4615 2119 1780 4616 2123 1770 4617 2109 1771 4618 2122 1775 4619 2146 1788 4620 2155 1789 4621 2156 1790 4622 2156 1790 4623 2157 1791 4624 2145 1792 4625 2153 1793 4626 2148 1794 4627 2149 1795 4628 2148 1794 4629 2153 1793 4630 2154 1796 4631 2155 1789 4632 2147 1797 4633 2154 1796 4634 2159 1798 4635 2160 1799 4636 2152 1800 4637 2161 1801 4638 2143 1802 4639 2160 1799 4640 2158 1803 4641 2144 1804 4642 2157 1791 4643 2159 1798 4644 2152 1800 4645 2158 1803 4646 2148 1794 4647 2154 1796 4648 2147 1797 4649 2155 1789 4650 2146 1788 4651 2147 1797 4652 2152 1800 4653 2160 1799 4654 2143 1802 4655 2142 1805 4656 2143 1802 4657 2161 1801 4658 2146 1788 4659 2156 1790 4660 2145 1792 4661 2152 1800 4662 2144 1804 4663 2158 1803 4664 2144 1804 4665 2145 1792 4666 2157 1791 4667 2142 1805 4668 2161 1801 4669 2162 1806 4670 2140 1807 4671 2162 1806 4672 2163 1808 4673 2139 1809 4674 2163 1808 4675 2164 1810 4676 2139 1809 4677 2164 1810 4678 2165 1811 4679 2166 1812 4680 2138 1813 4681 2165 1811 4682 2170 1814 4683 2135 1815 4684 2169 1816 4685 2170 1814 4686 2171 1817 4687 2134 1818 4688 2132 1819 4689 2134 1818 4690 2171 1817 4691 2168 1820 4692 2137 1821 4693 2167 1822 4694 2168 1820 4695 2169 1816 4696 2136 1823 4697 2150 1824 4698 2166 1812 4699 2167 1822 4700 2162 1806 4701 2141 1825 4702 2142 1805 4703 2141 1825 4704 2162 1806 4705 2140 1807 4706 2140 1807 4707 2163 1808 4708 2139 1809 4709 2139 1809 4710 2165 1811 4711 2138 1813 4712 2151 1826 4713 2138 1813 4714 2166 1812 4715 2150 1824 4716 2151 1826 4717 2166 1812 4718 2168 1820 4719 2136 1823 4720 2137 1821 4721 2133 1827 4722 2134 1818 4723 2132 1819 4724 2170 1814 4725 2134 1818 4726 2135 1815 4727 2150 1824 4728 2167 1822 4729 2137 1821 4730 2169 1816 4731 2135 1815 4732 2136 1823 4733 2172 1828 4734 2174 1829 4735 2173 1830 4736 2178 1831 4737 2175 1832 4738 2177 1833 4739 2178 1831 4740 2177 1833 4741 2176 1834 4742 2179 1835 4743 2181 1836 4744 2182 1837 4745 2179 1835 4746 2182 1837 4747 2184 1838 4748 2184 1838 4749 2180 1839 4750 2183 1840 4751 2180 1839 4752 2184 1838 4753 2182 1837 4754 2188 1841 4755 2226 1842 4756 2225 1843 4757 2188 1841 4758 2225 1843 4759 2187 1844 4760 2228 1845 4761 2189 1846 4762 2223 1847 4763 2224 1848 4764 2226 1842 4765 2228 1845 4766 2189 1846 4767 2190 1849 4768 2222 1850 4769 2221 1851 4770 2190 1849 4771 2191 1852 4772 2220 1853 4773 2191 1852 4774 2192 1854 4775 2217 1855 4776 2194 1856 4777 2227 1857 4778 2193 1858 4779 2219 1859 4780 2192 1854 4781 2218 1860 4782 2193 1858 4783 2194 1856 4784 2224 1848 4785 2225 1843 4786 2226 1842 4787 2228 1845 4788 2223 1847 4789 2224 1848 4790 2222 1850 4791 2223 1847 4792 2189 1846 4793 2221 1851 4794 2222 1850 4795 2190 1849 4796 2220 1853 4797 2221 1851 4798 2191 1852 4799 2219 1859 4800 2220 1853 4801 2192 1854 4802 2218 1860 4803 2219 1859 4804 2193 1858 4805 2194 1856 4806 2217 1855 4807 2218 1860 4808 2215 1861 4809 2195 1862 4810 2196 1863 4811 2196 1863 4812 2197 1864 4813 2214 1865 4814 2198 1866 4815 2213 1867 4816 2197 1864 4817 2217 1855 4818 2227 1857 4819 2216 1868 4820 2216 1868 4821 2227 1857 4822 2195 1862 4823 2195 1862 4824 2215 1861 4825 2216 1868 4826 2199 1869 4827 2200 1870 4828 2212 1871 4829 2201 1872 4830 2202 1873 4831 2209 1874 4832 2210 1875 4833 2200 1870 4834 2201 1872 4835 2205 1876 4836 2203 1877 4837 2204 1878 4838 2207 1879 4839 2202 1873 4840 2203 1877 4841 2213 1867 4842 2198 1866 4843 2199 1869 4844 2214 1865 4845 2215 1861 4846 2196 1863 4847 2197 1864 4848 2213 1867 4849 2214 1865 4850 2212 1871 4851 2213 1867 4852 2199 1869 4853 2211 1880 4854 2212 1871 4855 2200 1870 4856 2201 1872 4857 2209 1874 4858 2210 1875 4859 2211 1880 4860 2200 1870 4861 2210 1875 4862 2209 1874 4863 2202 1873 4864 2208 1881 4865 2203 1877 4866 2206 1882 4867 2207 1879 4868 2203 1877 4869 2205 1876 4870 2206 1882 4871 2208 1881 4872 2202 1873 4873 2207 1879 4874 2231 1883 4875 2230 1884 4876 2232 1885 4877 2232 1885 4878 2229 1886 4879 2233 1887 4880 2232 1885 4881 2230 1884 4882 2229 1886 4883 2234 1888 4884 2238 1889 4885 2237 1890 4886 2234 1888 4887 2237 1890 4888 2235 1891 4889 2236 1892 4890 2235 1891 4891 2237 1890 4892 2243 1893 4893 2242 1894 4894 2240 1895 4895 2240 1895 4896 2242 1894 4897 2241 1896 4898 2243 1893 4899 2240 1895 4900 2239 1897 4901 2247 1898 4902 2246 1899 4903 2245 1900 4904 2245 1900 4905 2244 1901 4906 2247 1898 4907 2247 1898 4908 2244 1901 4909 2248 1902 4910 2250 1903 4911 2252 1904 4912 2249 1905 4913 2250 1903 4914 2249 1905 4915 2251 1906 4916 2256 1907 4917 2255 1908 4918 2254 1909 4919 2256 1907 4920 2254 1909 4921 2253 1910 4922 2258 1911 4923 2261 1912 4924 2260 1913 4925 2259 1914 4926 2258 1911 4927 2260 1913 4928 2257 1915 4929 2262 1916 4930 2261 1912 4931 2261 1912 4932 2258 1911 4933 2257 1915 4934 2293 1917 4935 2280 1918 4936 2278 1919 4937 2283 1920 4938 2275 1921 4939 2282 1922 4940 2281 1923 4941 2282 1922 4942 2276 1924 4943 2277 1925 4944 2280 1918 4945 2281 1923 4946 2274 1926 4947 2283 1920 4948 2284 1927 4949 2273 1928 4950 2284 1927 4951 2285 1929 4952 2286 1930 4953 2271 1931 4954 2285 1929 4955 2277 1925 4956 2281 1923 4957 2276 1924 4958 2277 1925 4959 2278 1919 4960 2280 1918 4961 2276 1924 4962 2282 1922 4963 2275 1921 4964 2278 1919 4965 2279 1932 4966 2293 1917 4967 2274 1926 4968 2284 1927 4969 2273 1928 4970 2272 1933 4971 2273 1928 4972 2285 1929 4973 2271 1931 4974 2272 1933 4975 2285 1929 4976 2275 1921 4977 2283 1920 4978 2274 1926 4979 2286 1930 4980 2287 1934 4981 2270 1935 4982 2288 1936 4983 2269 1937 4984 2287 1934 4985 2289 1938 4986 2290 1939 4987 2267 1940 4988 2268 1941 4989 2288 1936 4990 2289 1938 4991 2290 1939 4992 2291 1942 4993 2265 1943 4994 2264 1944 4995 2265 1943 4996 2291 1942 4997 2291 1942 4998 2263 1945 4999 2264 1944 5000 2271 1931 5001 2286 1930 5002 2270 1935 5003 2287 1934 5004 2269 1937 5005 2270 1935 5006 2268 1941 5007 2269 1937 5008 2288 1936 5009 2267 1940 5010 2268 1941 5011 2289 1938 5012 2290 1939 5013 2266 1946 5014 2267 1940 5015 2265 1943 5016 2266 1946 5017 2290 1939 5018 2295 1947 5019 2294 1948 5020 2297 1949 5021 2298 1950 5022 2295 1947 5023 2297 1949 5024 2296 1951 5025 2295 1947 5026 2298 1950 5027 2303 1952 5028 2333 1953 5029 2302 1954 5030 2331 1955 5031 2305 1956 5032 2306 1957 5033 2304 1958 5034 2334 1959 5035 2303 1952 5036 2304 1958 5037 2305 1956 5038 2332 1960 5039 2330 1961 5040 2306 1957 5041 2307 1962 5042 2328 1963 5043 2308 1964 5044 2309 1965 5045 2309 1965 5046 2310 1966 5047 2327 1967 5048 2334 1959 5049 2304 1958 5050 2332 1960 5051 2303 1952 5052 2334 1959 5053 2333 1953 5054 2305 1956 5055 2331 1955 5056 2332 1960 5057 2330 1961 5058 2331 1955 5059 2306 1957 5060 2330 1961 5061 2307 1962 5062 2329 1968 5063 2308 1964 5064 2329 1968 5065 2307 1962 5066 2310 1966 5067 2326 1969 5068 2327 1967 5069 2311 1970 5070 2326 1969 5071 2310 1966 5072 2308 1964 5073 2328 1963 5074 2329 1968 5075 2327 1967 5076 2328 1963 5077 2309 1965 5078 2325 1971 5079 2311 1970 5080 2312 1972 5081 2324 1973 5082 2325 1971 5083 2312 1972 5084 2312 1972 5085 2313 1974 5086 2324 1973 5087 2323 1975 5088 2313 1974 5089 2314 1976 5090 2311 1970 5091 2325 1971 5092 2326 1969 5093 2314 1976 5094 2315 1977 5095 2321 1978 5096 2299 1979 5097 2319 1980 5098 2317 1981 5099 2322 1982 5100 2323 1975 5101 2314 1976 5102 2323 1975 5103 2324 1973 5104 2313 1974 5105 2321 1978 5106 2322 1982 5107 2314 1976 5108 2320 1983 5109 2321 1978 5110 2316 1984 5111 2320 1983 5112 2316 1984 5113 2317 1981 5114 2299 1979 5115 2300 1985 5116 2318 1986 5117 2317 1981 5118 2319 1980 5119 2320 1983 5120 2301 1987 5121 2318 1986 5122 2300 1985 5123 2319 1980 5124 2299 1979 5125 2318 1986 5126 2316 1984 5127 2321 1978 5128 2315 1977 5129 2353 1988 5130 2355 1989 5131 2356 1990 5132 2357 1991 5133 2351 1992 5134 2356 1990 5135 2351 1992 5136 2357 1991 5137 2358 1993 5138 2358 1993 5139 2350 1994 5140 2351 1992 5141 2356 1990 5142 2351 1992 5143 2352 1995 5144 2349 1996 5145 2350 1994 5146 2359 1997 5147 2359 1997 5148 2350 1994 5149 2358 1993 5150 2352 1995 5151 2353 1988 5152 2356 1990 5153 2360 1998 5154 2348 1999 5155 2349 1996 5156 2348 1999 5157 2360 1998 5158 2361 2000 5159 2361 2000 5160 2362 2001 5161 2347 2002 5162 2363 2003 5163 2346 2004 5164 2362 2001 5165 2363 2003 5166 2345 2005 5167 2346 2004 5168 2364 2006 5169 2345 2005 5170 2363 2003 5171 2344 2007 5172 2345 2005 5173 2364 2006 5174 2347 2002 5175 2348 1999 5176 2361 2000 5177 2347 2002 5178 2362 2001 5179 2346 2004 5180 2349 1996 5181 2359 1997 5182 2360 1998 5183 2365 2008 5184 2344 2007 5185 2364 2006 5186 2342 2009 5187 2366 2010 5188 2367 2011 5189 2343 2012 5190 2365 2008 5191 2366 2010 5192 2354 2013 5193 2341 2014 5194 2368 2015 5195 2341 2014 5196 2367 2011 5197 2368 2015 5198 2374 2016 5199 2335 2017 5200 2336 2018 5201 2340 2019 5202 2354 2013 5203 2368 2015 5204 2339 2020 5205 2369 2021 5206 2370 2022 5207 2340 2019 5208 2368 2015 5209 2369 2021 5210 2366 2010 5211 2342 2009 5212 2343 2012 5213 2365 2008 5214 2343 2012 5215 2344 2007 5216 2340 2019 5217 2369 2021 5218 2339 2020 5219 2341 2014 5220 2342 2009 5221 2367 2011 5222 2371 2023 5223 2339 2020 5224 2370 2022 5225 2338 2024 5226 2339 2020 5227 2371 2023 5228 2371 2023 5229 2372 2025 5230 2338 2024 5231 2337 2026 5232 2373 2027 5233 2374 2016 5234 2337 2026 5235 2372 2025 5236 2373 2027 5237 2372 2025 5238 2337 2026 5239 2338 2024 5240 2374 2016 5241 2336 2018 5242 2337 2026 5243 2375 2028 5244 2377 2029 5245 2376 2029 5246 2378 2030 5247 2381 2031 5248 2379 2032 5249 2382 2033 5250 2379 2032 5251 2381 2031 5252 2380 2034 5253 2383 2035 5254 2382 2033 5255 2380 2034 5256 2382 2033 5257 2381 2031 5258 2415 2036 5259 2420 2037 5260 2421 2038 5261 2414 2039 5262 2421 2038 5263 2422 2040 5264 2423 2041 5265 2414 2039 5266 2422 2040 5267 2387 2042 5268 2418 2043 5269 2386 2044 5270 2419 2045 5271 2420 2037 5272 2417 2046 5273 2418 2043 5274 2419 2045 5275 2417 2046 5276 2419 2045 5277 2418 2043 5278 2387 2042 5279 2417 2046 5280 2420 2037 5281 2416 2047 5282 2415 2036 5283 2421 2038 5284 2414 2039 5285 2416 2047 5286 2420 2037 5287 2415 2036 5288 2414 2039 5289 2423 2041 5290 2413 2048 5291 2412 2049 5292 2424 2050 5293 2425 2051 5294 2428 2052 5295 2410 2053 5296 2425 2051 5297 2412 2049 5298 2413 2048 5299 2424 2050 5300 2424 2050 5301 2413 2048 5302 2423 2041 5303 2388 2054 5304 2409 2055 5305 2428 2052 5306 2425 2051 5307 2411 2056 5308 2412 2049 5309 2425 2051 5310 2410 2053 5311 2411 2056 5312 2409 2055 5313 2410 2053 5314 2428 2052 5315 2388 2054 5316 2389 2057 5317 2409 2055 5318 2389 2057 5319 2408 2058 5320 2409 2055 5321 2390 2059 5322 2408 2058 5323 2389 2057 5324 2407 2060 5325 2390 2059 5326 2391 2061 5327 2392 2062 5328 2406 2063 5329 2391 2061 5330 2390 2059 5331 2407 2060 5332 2408 2058 5333 2407 2060 5334 2391 2061 5335 2406 2063 5336 2392 2062 5337 2393 2064 5338 2405 2065 5339 2405 2065 5340 2406 2063 5341 2392 2062 5342 2404 2066 5343 2405 2065 5344 2393 2064 5345 2394 2067 5346 2404 2066 5347 2393 2064 5348 2394 2067 5349 2426 2068 5350 2403 2069 5351 2426 2068 5352 2427 2070 5353 2403 2069 5354 2395 2071 5355 2401 2072 5356 2427 2070 5357 2396 2073 5358 2397 2074 5359 2399 2075 5360 2395 2071 5361 2396 2073 5362 2400 2076 5363 2394 2067 5364 2403 2069 5365 2404 2066 5366 2427 2070 5367 2402 2077 5368 2403 2069 5369 2402 2077 5370 2427 2070 5371 2401 2072 5372 2399 2075 5373 2400 2076 5374 2396 2073 5375 2395 2071 5376 2400 2076 5377 2401 2072 5378 2399 2075 5379 2397 2074 5380 2398 2078 5381 2431 2079 5382 2432 2080 5383 2429 2081 5384 2430 2082 5385 2432 2080 5386 2431 2079 5387 2433 2083 5388 2435 2084 5389 2434 2085 5390 2436 2086 5391 2435 2084 5392 2433 2083 5393 2438 2087 5394 2440 2088 5395 2439 2089 5396 2440 2088 5397 2437 2090 5398 2441 2091 5399 2438 2087 5400 2437 2090 5401 2440 2088 5402 2443 2092 5403 2445 2093 5404 2442 2094 5405 2444 2095 5406 2443 2092 5407 2442 2094 5408 2448 2096 5409 2447 2097 5410 2446 2098 5411 2446 2098 5412 2449 2099 5413 2448 2096 5414 2452 2100 5415 2451 2101 5416 2453 2102 5417 2450 2103 5418 2453 2102 5419 2451 2101 5420 2450 2103 5421 2454 2104 5422 2453 2102 5423 2459 2105 5424 2456 2106 5425 2455 2107 5426 2459 2105 5427 2455 2107 5428 2460 2108 5429 2458 2109 5430 2457 2110 5431 2456 2106 5432 2459 2105 5433 2458 2109 5434 2456 2106 5435 2465 2111 5436 2464 2112 5437 2461 2113 5438 2464 2112 5439 2462 2114 5440 2461 2113 5441 2462 2114 5442 2464 2112 5443 2463 2115 5444 2469 2116 5445 2468 2117 5446 2467 2118 5447 2470 2119 5448 2469 2116 5449 2467 2118 5450 2470 2119 5451 2467 2118 5452 2466 2120 5453 2490 2121 5454 2502 2122 5455 2484 2123 5456 2489 2124 5457 2490 2121 5458 2485 2125 5459 2489 2124 5460 2486 2126 5461 2488 2127 5462 2481 2128 5463 2491 2129 5464 2492 2130 5465 2492 2130 5466 2493 2131 5467 2480 2132 5468 2485 2125 5469 2486 2126 5470 2489 2124 5471 2488 2127 5472 2486 2126 5473 2487 2133 5474 2490 2121 5475 2484 2123 5476 2485 2125 5477 2484 2123 5478 2502 2122 5479 2483 2134 5480 2481 2128 5481 2482 2135 5482 2491 2129 5483 2480 2132 5484 2481 2128 5485 2492 2130 5486 2483 2134 5487 2491 2129 5488 2482 2135 5489 2491 2129 5490 2483 2134 5491 2502 2122 5492 2495 2136 5493 2477 2137 5494 2494 2138 5495 2497 2139 5496 2498 2140 5497 2475 2141 5498 2477 2137 5499 2495 2136 5500 2496 2142 5501 2475 2141 5502 2498 2140 5503 2474 2143 5504 2479 2144 5505 2493 2131 5506 2494 2138 5507 2497 2139 5508 2476 2145 5509 2496 2142 5510 2475 2141 5511 2476 2145 5512 2497 2139 5513 2498 2140 5514 2499 2146 5515 2474 2143 5516 2499 2146 5517 2500 2147 5518 2473 2148 5519 2500 2147 5520 2471 2149 5521 2472 2150 5522 2473 2148 5523 2474 2143 5524 2499 2146 5525 2472 2150 5526 2473 2148 5527 2500 2147 5528 2494 2138 5529 2478 2151 5530 2479 2144 5531 2478 2151 5532 2494 2138 5533 2477 2137 5534 2479 2144 5535 2480 2132 5536 2493 2131 5537 2476 2145 5538 2477 2137 5539 2496 2142 5540 2507 2152 5541 2506 2153 5542 2503 2154 5543 2504 2155 5544 2503 2154 5545 2506 2153 5546 2504 2155 5547 2506 2153 5548 2505 2156 5549 2513 2157 5550 2541 2158 5551 2512 2159 5552 2545 2160 5553 2511 2161 5554 2512 2159 5555 2514 2162 5556 2540 2163 5557 2513 2157 5558 2515 2164 5559 2516 2165 5560 2538 2166 5561 2519 2167 5562 2544 2168 5563 2518 2169 5564 2517 2170 5565 2518 2169 5566 2537 2171 5567 2520 2172 5568 2544 2168 5569 2519 2167 5570 2514 2162 5571 2539 2173 5572 2540 2163 5573 2511 2161 5574 2545 2160 5575 2542 2174 5576 2541 2158 5577 2513 2157 5578 2540 2163 5579 2515 2164 5580 2538 2166 5581 2539 2173 5582 2539 2173 5583 2514 2162 5584 2515 2164 5585 2512 2159 5586 2541 2158 5587 2545 2160 5588 2516 2165 5589 2517 2170 5590 2537 2171 5591 2516 2165 5592 2537 2171 5593 2538 2166 5594 2518 2169 5595 2536 2175 5596 2537 2171 5597 2520 2172 5598 2543 2176 5599 2544 2168 5600 2544 2168 5601 2536 2175 5602 2518 2169 5603 2543 2176 5604 2520 2172 5605 2521 2177 5606 2535 2178 5607 2521 2177 5608 2522 2179 5609 2523 2180 5610 2535 2178 5611 2522 2179 5612 2534 2181 5613 2523 2180 5614 2524 2182 5615 2534 2181 5616 2535 2178 5617 2523 2180 5618 2508 2183 5619 2529 2184 5620 2527 2185 5621 2524 2182 5622 2525 2186 5623 2533 2187 5624 2543 2176 5625 2521 2177 5626 2535 2178 5627 2532 2188 5628 2533 2187 5629 2525 2186 5630 2524 2182 5631 2533 2187 5632 2534 2181 5633 2527 2185 5634 2530 2189 5635 2526 2190 5636 2532 2188 5637 2526 2190 5638 2531 2191 5639 2508 2183 5640 2509 2192 5641 2528 2193 5642 2526 2190 5643 2530 2189 5644 2531 2191 5645 2530 2189 5646 2527 2185 5647 2529 2184 5648 2529 2184 5649 2508 2183 5650 2528 2193 5651 2528 2193 5652 2509 2192 5653 2510 2194 5654 2526 2190 5655 2532 2188 5656 2525 2186 5657 2562 2195 5658 2574 2196 5659 2575 2197 5660 2574 2196 5661 2563 2198 5662 2573 2199 5663 2567 2200 5664 2570 2201 5665 2571 2202 5666 2573 2199 5667 2564 2203 5668 2572 2204 5669 2572 2204 5670 2565 2205 5671 2571 2202 5672 2558 2206 5673 2578 2207 5674 2579 2208 5675 2580 2209 5676 2557 2210 5677 2579 2208 5678 2576 2211 5679 2561 2212 5680 2575 2197 5681 2559 2213 5682 2577 2214 5683 2578 2207 5684 2566 2215 5685 2567 2200 5686 2571 2202 5687 2566 2215 5688 2571 2202 5689 2565 2205 5690 2562 2195 5691 2563 2198 5692 2574 2196 5693 2565 2205 5694 2572 2204 5695 2564 2203 5696 2564 2203 5697 2573 2199 5698 2563 2198 5699 2575 2197 5700 2561 2212 5701 2562 2195 5702 2560 2216 5703 2561 2212 5704 2576 2211 5705 2559 2213 5706 2560 2216 5707 2577 2214 5708 2576 2211 5709 2577 2214 5710 2560 2216 5711 2557 2210 5712 2580 2209 5713 2556 2217 5714 2578 2207 5715 2558 2206 5716 2559 2213 5717 2558 2206 5718 2579 2208 5719 2557 2210 5720 2556 2217 5721 2580 2209 5722 2555 2218 5723 2581 2219 5724 2555 2218 5725 2580 2209 5726 2584 2220 5727 2585 2221 5728 2553 2222 5729 2582 2223 5730 2569 2224 5731 2581 2219 5732 2584 2220 5733 2568 2225 5734 2583 2226 5735 2583 2226 5736 2569 2224 5737 2582 2223 5738 2546 2227 5739 2548 2228 5740 2589 2229 5741 2589 2229 5742 2549 2230 5743 2588 2231 5744 2585 2221 5745 2586 2232 5746 2552 2233 5747 2587 2234 5748 2551 2235 5749 2586 2232 5750 2588 2231 5751 2550 2236 5752 2587 2234 5753 2569 2224 5754 2583 2226 5755 2568 2225 5756 2584 2220 5757 2554 2237 5758 2568 2225 5759 2555 2218 5760 2581 2219 5761 2569 2224 5762 2584 2220 5763 2553 2222 5764 2554 2237 5765 2547 2238 5766 2548 2228 5767 2546 2227 5768 2549 2230 5769 2589 2229 5770 2548 2228 5771 2552 2233 5772 2553 2222 5773 2585 2221 5774 2552 2233 5775 2586 2232 5776 2551 2235 5777 2588 2231 5778 2549 2230 5779 2550 2236 5780 2550 2236 5781 2551 2235 5782 2587 2234 5783 2596 2239 5784 2592 2240 5785 2595 2241 5786 2595 2241 5787 2592 2240 5788 2593 2242 5789 2595 2241 5790 2597 2243 5791 2596 2239 5792 2597 2243 5793 2595 2241 5794 2598 2244 5795 2594 2245 5796 2598 2244 5797 2595 2241 5798 2633 2246 5799 2635 2247 5800 2636 2248 5801 2635 2247 5802 2634 2249 5803 2602 2250 5804 2637 2251 5805 2631 2252 5806 2636 2248 5807 2634 2249 5808 2601 2253 5809 2602 2250 5810 2633 2246 5811 2634 2249 5812 2635 2247 5813 2632 2254 5814 2636 2248 5815 2631 2252 5816 2632 2254 5817 2633 2246 5818 2636 2248 5819 2637 2251 5820 2638 2255 5821 2630 2256 5822 2631 2252 5823 2637 2251 5824 2630 2256 5825 2630 2256 5826 2638 2255 5827 2629 2257 5828 2640 2258 5829 2628 2259 5830 2639 2260 5831 2639 2260 5832 2629 2257 5833 2638 2255 5834 2603 2261 5835 2626 2262 5836 2642 2263 5837 2640 2258 5838 2642 2263 5839 2627 2264 5840 2603 2261 5841 2604 2265 5842 2625 2266 5843 2640 2258 5844 2627 2264 5845 2628 2259 5846 2642 2263 5847 2626 2262 5848 2627 2264 5849 2625 2266 5850 2626 2262 5851 2603 2261 5852 2604 2265 5853 2624 2267 5854 2625 2266 5855 2628 2259 5856 2629 2257 5857 2639 2260 5858 2606 2268 5859 2607 2269 5860 2622 2270 5861 2607 2269 5862 2608 2271 5863 2621 2272 5864 2624 2267 5865 2604 2265 5866 2605 2273 5867 2624 2267 5868 2605 2273 5869 2623 2274 5870 2623 2274 5871 2606 2268 5872 2622 2270 5873 2623 2274 5874 2605 2273 5875 2606 2268 5876 2621 2272 5877 2622 2270 5878 2607 2269 5879 2608 2271 5880 2641 2275 5881 2620 2276 5882 2617 2277 5883 2610 2278 5884 2611 2279 5885 2609 2280 5886 2619 2281 5887 2641 2275 5888 2619 2281 5889 2620 2276 5890 2641 2275 5891 2621 2272 5892 2608 2271 5893 2620 2276 5894 2613 2282 5895 2615 2283 5896 2612 2284 5897 2609 2280 5898 2618 2285 5899 2619 2281 5900 2610 2278 5901 2617 2277 5902 2618 2285 5903 2610 2278 5904 2618 2285 5905 2609 2280 5906 2612 2284 5907 2615 2283 5908 2611 2279 5909 2616 2286 5910 2611 2279 5911 2615 2283 5912 2616 2286 5913 2617 2277 5914 2611 2279 5915 2613 2282 5916 2614 2287 5917 2615 2283 5918 2645 2288 5919 2646 2289 5920 2643 2290 5921 2645 2288 5922 2644 2291 5923 2646 2289 5924 2647 2292 5925 2649 2293 5926 2648 2294 5927 2649 2293 5928 2647 2292 5929 2650 2295 5930 2655 2296 5931 2654 2297 5932 2652 2298 5933 2654 2297 5934 2653 2299 5935 2652 2298 5936 2655 2296 5937 2652 2298 5938 2651 2300 5939 2658 2301 5940 2659 2302 5941 2656 2303 5942 2657 2304 5943 2659 2302 5944 2658 2301 5945 2662 2305 5946 2661 2306 5947 2663 2307 5948 2660 2308 5949 2663 2307 5950 2661 2306 5951 2667 2309 5952 2666 2310 5953 2665 2311 5954 2665 2311 5955 2664 2312 5956 2667 2309 5957 2664 2312 5958 2668 2313 5959 2667 2309 5960 2671 2314 5961 2670 2315 5962 2672 2316 5963 2669 2317 5964 2672 2316 5965 2670 2315 5966 2674 2318 5967 2676 2319 5968 2675 2320 5969 2673 2321 5970 2674 2318 5971 2675 2320 5972 2680 2322 5973 2678 2323 5974 2677 2324 5975 2681 2325 5976 2680 2322 5977 2677 2324 5978 2679 2326 5979 2678 2323 5980 2680 2322 5981 2685 2327 5982 2684 2328 5983 2683 2329 5984 2685 2327 5985 2683 2329 5986 2682 2330 5987 2705 2331 5988 2714 2332 5989 2715 2333 5990 2703 2334 5991 2716 2335 5992 2707 2336 5993 2703 2334 5994 2704 2337 5995 2716 2335 5996 2715 2333 5997 2716 2335 5998 2704 2337 5999 2707 2336 6000 2708 2338 6001 2702 2339 6002 2699 2340 6003 2709 2341 6004 2710 2342 6005 2709 2341 6006 2701 2343 6007 2708 2338 6008 2705 2331 6009 2715 2333 6010 2704 2337 6011 2702 2339 6012 2703 2334 6013 2707 2336 6014 2706 2344 6015 2714 2332 6016 2705 2331 6017 2708 2338 6018 2701 2343 6019 2702 2339 6020 2701 2343 6021 2709 2341 6022 2700 2345 6023 2699 2340 6024 2700 2345 6025 2709 2341 6026 2710 2342 6027 2698 2346 6028 2699 2340 6029 2710 2342 6030 2711 2347 6031 2698 2346 6032 2712 2348 6033 2686 2349 6034 2696 2350 6035 2697 2351 6036 2711 2347 6037 2712 2348 6038 2686 2349 6039 2687 2352 6040 2695 2353 6041 2688 2354 6042 2689 2355 6043 2692 2356 6044 2691 2357 6045 2692 2356 6046 2689 2355 6047 2689 2355 6048 2713 2358 6049 2691 2357 6050 2690 2359 6051 2691 2357 6052 2713 2358 6053 2694 2360 6054 2687 2352 6055 2688 2354 6056 2697 2351 6057 2698 2346 6058 2711 2347 6059 2694 2360 6060 2695 2353 6061 2687 2352 6062 2712 2348 6063 2696 2350 6064 2697 2351 6065 2695 2353 6066 2696 2350 6067 2686 2349 6068 2693 2361 6069 2694 2360 6070 2688 2354 6071 2688 2354 6072 2692 2356 6073 2693 2361 6074 2720 2362 6075 2717 2363 6076 2718 2364 6077 2719 2365 6078 2718 2364 6079 2717 2363 6080 2755 2366 6081 2724 2367 6082 2725 2368 6083 2752 2369 6084 2726 2370 6085 2727 2371 6086 2754 2372 6087 2725 2368 6088 2726 2370 6089 2728 2373 6090 2729 2374 6091 2751 2375 6092 2750 2376 6093 2730 2377 6094 2731 2378 6095 2731 2378 6096 2732 2379 6097 2756 2380 6098 2755 2366 6099 2725 2368 6100 2754 2372 6101 2754 2372 6102 2726 2370 6103 2753 2381 6104 2728 2373 6105 2751 2375 6106 2752 2369 6107 2752 2369 6108 2727 2371 6109 2728 2373 6110 2726 2370 6111 2752 2369 6112 2753 2381 6113 2730 2377 6114 2750 2376 6115 2729 2374 6116 2732 2379 6117 2749 2382 6118 2756 2380 6119 2749 2382 6120 2732 2379 6121 2733 2383 6122 2751 2375 6123 2729 2374 6124 2750 2376 6125 2750 2376 6126 2731 2378 6127 2756 2380 6128 2748 2384 6129 2733 2383 6130 2734 2385 6131 2747 2386 6132 2748 2384 6133 2734 2385 6134 2736 2387 6135 2746 2388 6136 2735 2389 6137 2747 2386 6138 2734 2385 6139 2735 2389 6140 2737 2390 6141 2738 2391 6142 2744 2392 6143 2721 2393 6144 2742 2394 6145 2740 2395 6146 2736 2387 6147 2737 2390 6148 2745 2396 6149 2746 2388 6150 2736 2387 6151 2745 2396 6152 2737 2390 6153 2744 2392 6154 2745 2396 6155 2748 2384 6156 2749 2382 6157 2733 2383 6158 2747 2386 6159 2735 2389 6160 2746 2388 6161 2739 2397 6162 2743 2398 6163 2744 2392 6164 2738 2391 6165 2739 2397 6166 2744 2392 6167 2740 2395 6168 2743 2398 6169 2739 2397 6170 2723 2399 6171 2741 2400 6172 2722 2401 6173 2721 2393 6174 2722 2401 6175 2741 2400 6176 2743 2398 6177 2740 2395 6178 2742 2394 6179 2721 2393 6180 2741 2400 6181 2742 2394 6182 2761 2402 6183 2776 2403 6184 2777 2404 6185 2761 2402 6186 2777 2404 6187 2760 2405 6188 2777 2404 6189 2778 2406 6190 2760 2405 6191 2779 2407 6192 2760 2405 6193 2778 2406 6194 2759 2408 6195 2760 2405 6196 2779 2407 6197 2780 2409 6198 2774 2410 6199 2759 2408 6200 2781 2411 6201 2773 2412 6202 2774 2410 6203 2774 2410 6204 2780 2409 6205 2781 2411 6206 2780 2409 6207 2759 2408 6208 2779 2407 6209 2762 2413 6210 2776 2403 6211 2761 2402 6212 2773 2412 6213 2781 2411 6214 2782 2414 6215 2783 2415 6216 2772 2416 6217 2782 2414 6218 2784 2417 6219 2770 2418 6220 2771 2419 6221 2785 2420 6222 2770 2418 6223 2784 2417 6224 2769 2421 6225 2770 2418 6226 2785 2420 6227 2786 2422 6228 2769 2421 6229 2785 2420 6230 2771 2419 6231 2783 2415 6232 2784 2417 6233 2772 2416 6234 2773 2412 6235 2782 2414 6236 2772 2416 6237 2783 2415 6238 2771 2419 6239 2775 2423 6240 2786 2422 6241 2787 2424 6242 2768 2425 6243 2788 2426 6244 2789 2427 6245 2768 2425 6246 2787 2424 6247 2788 2426 6248 2766 2428 6249 2789 2427 6250 2790 2429 6251 2787 2424 6252 2768 2425 6253 2775 2423 6254 2775 2423 6255 2769 2421 6256 2786 2422 6257 2766 2428 6258 2767 2430 6259 2789 2427 6260 2767 2430 6261 2768 2425 6262 2789 2427 6263 2791 2431 6264 2764 2432 6265 2765 2433 6266 2790 2429 6267 2791 2431 6268 2765 2433 6269 2764 2432 6270 2791 2431 6271 2792 2434 6272 2793 2435 6273 2763 2436 6274 2792 2434 6275 2794 2437 6276 2763 2436 6277 2793 2435 6278 2757 2438 6279 2758 2439 6280 2794 2437 6281 2763 2436 6282 2764 2432 6283 2792 2434 6284 2790 2429 6285 2765 2433 6286 2766 2428 6287 2758 2439 6288 2763 2436 6289 2794 2437 6290 2796 2440 6291 2795 2441 6292 2799 2442 6293 2797 2443 6294 2796 2440 6295 2798 2444 6296 2798 2444 6297 2796 2440 6298 2799 2442 6299 2836 2445 6300 2837 2446 6301 2833 2447 6302 2836 2445 6303 2834 2448 6304 2835 2449 6305 2802 2450 6306 2803 2451 6307 2836 2445 6308 2835 2449 6309 2802 2450 6310 2836 2445 6311 2834 2448 6312 2836 2445 6313 2833 2447 6314 2833 2447 6315 2837 2446 6316 2838 2452 6317 2839 2453 6318 2840 2454 6319 2830 2455 6320 2831 2456 6321 2838 2452 6322 2839 2453 6323 2839 2453 6324 2830 2455 6325 2831 2456 6326 2828 2457 6327 2842 2458 6328 2804 2459 6329 2842 2458 6330 2829 2460 6331 2840 2454 6332 2827 2461 6333 2804 2459 6334 2805 2462 6335 2805 2462 6336 2806 2463 6337 2826 2464 6338 2833 2447 6339 2838 2452 6340 2832 2465 6341 2832 2465 6342 2838 2452 6343 2831 2456 6344 2840 2454 6345 2829 2460 6346 2830 2455 6347 2804 2459 6348 2827 2461 6349 2828 2457 6350 2805 2462 6351 2826 2464 6352 2827 2461 6353 2828 2457 6354 2829 2460 6355 2842 2458 6356 2806 2463 6357 2825 2466 6358 2826 2464 6359 2806 2463 6360 2807 2467 6361 2825 2466 6362 2809 2468 6363 2823 2469 6364 2808 2470 6365 2824 2471 6366 2825 2466 6367 2807 2467 6368 2824 2471 6369 2808 2470 6370 2823 2469 6371 2824 2471 6372 2807 2467 6373 2808 2470 6374 2822 2472 6375 2823 2469 6376 2809 2468 6377 2812 2473 6378 2818 2474 6379 2811 2475 6380 2818 2474 6381 2812 2473 6382 2813 2476 6383 2821 2477 6384 2809 2468 6385 2841 2478 6386 2810 2479 6387 2821 2477 6388 2841 2478 6389 2809 2468 6390 2821 2477 6391 2822 2472 6392 2814 2480 6393 2815 2481 6394 2816 2482 6395 2810 2479 6396 2811 2475 6397 2820 2483 6398 2821 2477 6399 2810 2479 6400 2820 2483 6401 2811 2475 6402 2819 2484 6403 2820 2483 6404 2817 2485 6405 2818 2474 6406 2813 2476 6407 2814 2480 6408 2816 2482 6409 2813 2476 6410 2818 2474 6411 2819 2484 6412 2811 2475 6413 2816 2482 6414 2817 2485 6415 2813 2476 6416 2843 2486 6417 2845 2487 6418 2844 2488 6419 2846 2489 6420 2843 2486 6421 2844 2488 6422 2850 2490 6423 2849 2491 6424 2848 2492 6425 2850 2490 6426 2848 2492 6427 2847 2493 6428 2854 2494 6429 2853 2495 6430 2852 2496 6431 2851 2497 6432 2854 2494 6433 2852 2496 6434 2855 2498 6435 2857 2499 6436 2856 2500 6437 2858 2501 6438 2855 2498 6439 2856 2500 6440 2861 2502 6441 2860 2503 6442 2859 2504 6443 2862 2505 6444 2861 2502 6445 2859 2504 6446 2867 2506 6447 2866 2507 6448 2865 2508 6449 2865 2508 6450 2864 2509 6451 2867 2506 6452 2864 2509 6453 2868 2510 6454 2867 2506 6455 2863 2511 6456 2868 2510 6457 2864 2509 6458 2872 2512 6459 2869 2513 6460 2870 2514 6461 2871 2515 6462 2870 2514 6463 2869 2513 6464 2873 2516 6465 2876 2517 6466 2875 2518 6467 2875 2518 6468 2874 2519 6469 2873 2516 6470 2878 2520 6471 2877 2521 6472 2881 2522 6473 2878 2520 6474 2881 2522 6475 2880 2523 6476 2880 2523 6477 2879 2524 6478 2878 2520 6479 2886 2525 6480 2885 2526 6481 2883 2527 6482 2885 2526 6483 2884 2528 6484 2883 2527 6485 2887 2529 6486 2886 2525 6487 2882 2530 6488 2883 2527 6489 2882 2530 6490 2886 2525 6491 2890 2531 6492 2892 2532 6493 2891 2533 6494 2890 2531 6495 2888 2534 6496 2892 2532 6497 2888 2534 6498 2890 2531 6499 2889 2535 6500 2921 2536 6501 2922 2537 6502 2909 2538 6503 2907 2539 6504 2922 2537 6505 2910 2540 6506 2911 2541 6507 2912 2542 6508 2905 2543 6509 2906 2544 6510 2910 2540 6511 2911 2541 6512 2904 2545 6513 2913 2546 6514 2903 2547 6515 2913 2546 6516 2904 2545 6517 2912 2542 6518 2914 2548 6519 2903 2547 6520 2913 2546 6521 2910 2540 6522 2906 2544 6523 2907 2539 6524 2907 2539 6525 2908 2549 6526 2922 2537 6527 2906 2544 6528 2911 2541 6529 2905 2543 6530 2908 2549 6531 2909 2538 6532 2922 2537 6533 2912 2542 6534 2904 2545 6535 2905 2543 6536 2903 2547 6537 2914 2548 6538 2902 2550 6539 2914 2548 6540 2901 2551 6541 2902 2550 6542 2915 2552 6543 2916 2553 6544 2900 2554 6545 2917 2555 6546 2918 2556 6547 2897 2557 6548 2916 2553 6549 2917 2555 6550 2899 2558 6551 2896 2559 6552 2918 2556 6553 2919 2560 6554 2894 2561 6555 2919 2560 6556 2920 2562 6557 2894 2561 6558 2895 2563 6559 2919 2560 6560 2894 2561 6561 2920 2562 6562 2893 2564 6563 2915 2552 6564 2900 2554 6565 2901 2551 6566 2916 2553 6567 2899 2558 6568 2900 2554 6569 2898 2565 6570 2899 2558 6571 2917 2555 6572 2896 2559 6573 2897 2557 6574 2918 2556 6575 2897 2557 6576 2898 2565 6577 2917 2555 6578 2895 2563 6579 2896 2559 6580 2919 2560 6581 2914 2548 6582 2915 2552 6583 2901 2551 6584 2924 2566 6585 2923 2567 6586 2926 2568 6587 2926 2568 6588 2927 2569 6589 2924 2566 6590 2925 2570 6591 2924 2566 6592 2927 2569 6593 2932 2571 6594 2929 2572 6595 2928 2573 6596 2930 2574 6597 2929 2572 6598 2931 2575 6599 2929 2572 6600 2932 2571 6601 2931 2575 6602 2965 2576 6603 2936 2577 6604 2937 2578 6605 2940 2579 6606 2962 2580 6607 2939 2581 6608 2941 2582 6609 2961 2583 6610 2940 2579 6611 2960 2584 6612 2941 2582 6613 2942 2585 6614 2943 2586 6615 2967 2587 6616 2942 2585 6617 2943 2586 6618 2944 2588 6619 2967 2587 6620 2958 2589 6621 2959 2590 6622 2945 2591 6623 2962 2580 6624 2963 2592 6625 2939 2581 6626 2939 2581 6627 2963 2592 6628 2938 2593 6629 2937 2578 6630 2964 2594 6631 2965 2576 6632 2938 2593 6633 2964 2594 6634 2937 2578 6635 2966 2595 6636 2936 2577 6637 2965 2576 6638 2963 2592 6639 2964 2594 6640 2938 2593 6641 2962 2580 6642 2940 2579 6643 2961 2583 6644 2960 2584 6645 2942 2585 6646 2967 2587 6647 2944 2588 6648 2959 2590 6649 2967 2587 6650 2961 2583 6651 2941 2582 6652 2960 2584 6653 2945 2591 6654 2959 2590 6655 2944 2588 6656 2947 2596 6657 2957 2597 6658 2946 2598 6659 2946 2598 6660 2958 2589 6661 2945 2591 6662 2947 2596 6663 2948 2599 6664 2956 2600 6665 2949 2601 6666 2955 2602 6667 2948 2599 6668 2950 2603 6669 2955 2602 6670 2949 2601 6671 2950 2603 6672 2951 2604 6673 2954 2605 6674 2933 2606 6675 2934 2607 6676 2952 2608 6677 2933 2606 6678 2953 2609 6679 2951 2604 6680 2956 2600 6681 2957 2597 6682 2947 2596 6683 2948 2599 6684 2955 2602 6685 2956 2600 6686 2946 2598 6687 2957 2597 6688 2958 2589 6689 2935 2610 6690 2952 2608 6691 2934 2607 6692 2955 2602 6693 2950 2603 6694 2954 2605 6695 2953 2609 6696 2954 2605 6697 2951 2604 6698 2953 2609 6699 2933 2606 6700 2952 2608 6701 2982 2611 6702 2991 2612 6703 2992 2613 6704 2992 2613 6705 2993 2614 6706 2981 2615 6707 2989 2616 6708 2985 2617 6709 2986 2618 6710 2990 2619 6711 2984 2620 6712 2989 2616 6713 2991 2612 6714 2983 2621 6715 2990 2619 6716 2995 2622 6717 2996 2623 6718 2979 2624 6719 2997 2625 6720 2977 2626 6721 2996 2623 6722 2994 2627 6723 2980 2628 6724 2993 2614 6725 2995 2622 6726 2979 2624 6727 2994 2627 6728 2984 2620 6729 2985 2617 6730 2989 2616 6731 2984 2620 6732 2990 2619 6733 2983 2621 6734 2983 2621 6735 2991 2612 6736 2982 2611 6737 2979 2624 6738 2996 2623 6739 2978 2629 6740 2977 2626 6741 2978 2629 6742 2996 2623 6743 2992 2613 6744 2981 2615 6745 2982 2611 6746 2980 2628 6747 2994 2627 6748 2979 2624 6749 2980 2628 6750 2981 2615 6751 2993 2614 6752 2977 2626 6753 2997 2625 6754 2976 2630 6755 2976 2630 6756 2997 2625 6757 2998 2631 6758 3002 2632 6759 2974 2633 6760 3001 2634 6761 2999 2635 6762 2988 2636 6763 2998 2631 6764 2999 2635 6765 3000 2637 6766 2975 2638 6767 3001 2634 6768 2974 2633 6769 3000 2637 6770 3003 2639 6771 2973 2640 6772 3002 2632 6773 2968 2641 6774 2970 2642 6775 3006 2643 6776 3006 2643 6777 2987 2644 6778 3005 2645 6779 3003 2639 6780 3004 2646 6781 2972 2647 6782 3005 2645 6783 2971 2648 6784 3004 2646 6785 2998 2631 6786 2988 2636 6787 2976 2630 6788 2975 2638 6789 3000 2637 6790 2974 2633 6791 2975 2638 6792 2988 2636 6793 2999 2635 6794 2987 2644 6795 2971 2648 6796 3005 2645 6797 2987 2644 6798 3006 2643 6799 2970 2642 6800 2969 2649 6801 2970 2642 6802 2968 2641 6803 2973 2640 6804 3003 2639 6805 2972 2647 6806 3002 2632 6807 2973 2640 6808 2974 2633 6809 3004 2646 6810 2971 2648 6811 2972 2647 6812 3007 2650 6813 3009 2651 6814 3008 2651 6815 3010 2652 6816 3011 2653 6817 3014 2654 6818 3014 2654 6819 3011 2653 6820 3015 2655 6821 3016 2656 6822 3015 2655 6823 3013 2657 6824 3013 2657 6825 3015 2655 6826 3011 2653 6827 3012 2658 6828 3016 2656 6829 3013 2657 6830 3053 2659 6831 3019 2660 6832 3020 2661 6833 3054 2662 6834 3055 2663 6835 3050 2664 6836 3051 2665 6837 3053 2659 6838 3054 2662 6839 3019 2660 6840 3053 2659 6841 3052 2666 6842 3051 2665 6843 3052 2666 6844 3053 2659 6845 3049 2667 6846 3050 2664 6847 3055 2663 6848 3055 2663 6849 3056 2668 6850 3049 2667 6851 3051 2665 6852 3054 2662 6853 3050 2664 6854 3056 2668 6855 3059 2669 6856 3048 2670 6857 3059 2669 6858 3021 2671 6859 3047 2672 6860 3023 2673 6861 3045 2674 6862 3022 2675 6863 3022 2675 6864 3046 2676 6865 3021 2671 6866 3049 2667 6867 3056 2668 6868 3048 2670 6869 3021 2671 6870 3046 2676 6871 3047 2672 6872 3045 2674 6873 3046 2676 6874 3022 2675 6875 3044 2677 6876 3045 2674 6877 3023 2673 6878 3023 2673 6879 3024 2678 6880 3044 2677 6881 3043 2679 6882 3044 2677 6883 3024 2678 6884 3047 2672 6885 3048 2670 6886 3059 2669 6887 3041 2680 6888 3026 2681 6889 3057 2682 6890 3043 2679 6891 3024 2678 6892 3025 2683 6893 3043 2679 6894 3025 2683 6895 3042 2684 6896 3042 2684 6897 3025 2683 6898 3026 2681 6899 3041 2680 6900 3042 2684 6901 3026 2681 6902 3040 2685 6903 3041 2680 6904 3057 2682 6905 3039 2686 6906 3040 2685 6907 3057 2682 6908 3058 2687 6909 3039 2686 6910 3057 2682 6911 3039 2686 6912 3058 2687 6913 3038 2688 6914 3031 2689 6915 3032 2690 6916 3030 2691 6917 3027 2692 6918 3037 2693 6919 3058 2687 6920 3037 2693 6921 3038 2688 6922 3058 2687 6923 3027 2692 6924 3028 2694 6925 3037 2693 6926 3028 2694 6927 3036 2695 6928 3037 2693 6929 3035 2696 6930 3028 2694 6931 3034 2697 6932 3029 2698 6933 3034 2697 6934 3028 2694 6935 3033 2699 6936 3034 2697 6937 3030 2691 6938 3029 2698 6939 3030 2691 6940 3034 2697 6941 3030 2691 6942 3032 2690 6943 3033 2699 6944 3035 2696 6945 3036 2695 6946 3028 2694 6947 3060 2700 6948 3062 2701 6949 3061 2702 6950 3061 2702 6951 3063 2703 6952 3060 2700 6953 3065 2704 6954 3064 2705 6955 3066 2706 6956 3066 2706 6957 3064 2705 6958 3067 2707 6959 3068 2708 6960 3071 2709 6961 3070 2710 6962 3068 2708 6963 3070 2710 6964 3069 2711 6965 3074 2712 6966 3073 2713 6967 3075 2714 6968 3075 2714 6969 3073 2713 6970 3072 2715 6971 3076 2716 6972 3078 2717 6973 3079 2718 6974 3078 2717 6975 3077 2719 6976 3079 2718 6977 3083 2720 6978 3082 2721 6979 3081 2722 6980 3080 2723 6981 3084 2724 6982 3083 2720 6983 3083 2720 6984 3081 2722 6985 3080 2723 6986 3085 2725 6987 3087 2726 6988 3088 2727 6989 3086 2728 6990 3088 2727 6991 3087 2726 6992 3092 2729 6993 3091 2730 6994 3090 2731 6995 3090 2731 6996 3089 2732 6997 3092 2729 6998 3094 2733 6999 3093 2734 7000 3098 2735 7001 3097 2736 7002 3094 2733 7003 3098 2735 7004 3094 2733 7005 3097 2736 7006 3095 2737 7007 3096 2738 7008 3095 2737 7009 3097 2736 7010 3114 2739 7011 3115 2740 7012 3113 2741 7013 3129 2742 7014 3115 2740 7015 3114 2739 7016 3115 2740 7017 3116 2743 7018 3113 2741 7019 3113 2741 7020 3116 2743 7021 3112 2744 7022 3111 2745 7023 3116 2743 7024 3117 2746 7025 3119 2747 7026 3109 2748 7027 3118 2749 7028 3110 2750 7029 3117 2746 7030 3118 2749 7031 3111 2745 7032 3112 2744 7033 3116 2743 7034 3117 2746 7035 3110 2750 7036 3111 2745 7037 3118 2749 7038 3109 2748 7039 3110 2750 7040 3120 2751 7041 3108 2752 7042 3119 2747 7043 3107 2753 7044 3120 2751 7045 3127 2754 7046 3108 2752 7047 3109 2748 7048 3119 2747 7049 3108 2752 7050 3120 2751 7051 3107 2753 7052 3106 2755 7053 3107 2753 7054 3127 2754 7055 3106 2755 7056 3127 2754 7057 3128 2756 7058 3105 2757 7059 3106 2755 7060 3128 2756 7061 3128 2756 7062 3121 2758 7063 3105 2757 7064 3122 2759 7065 3104 2760 7066 3121 2758 7067 3123 2761 7068 3102 2762 7069 3122 2759 7070 3101 2763 7071 3124 2764 7072 3100 2765 7073 3124 2764 7074 3101 2763 7075 3123 2761 7076 3102 2762 7077 3103 2766 7078 3122 2759 7079 3102 2762 7080 3123 2761 7081 3101 2763 7082 3100 2765 7083 3124 2764 7084 3125 2767 7085 3104 2760 7086 3105 2757 7087 3121 2758 7088 3103 2766 7089 3104 2760 7090 3122 2759 7091 3099 2768 7092 3125 2767 7093 3126 2769 7094 3099 2768 7095 3100 2765 7096 3125 2767 7097 3134 2770 7098 3131 2771 7099 3130 2772 7100 3134 2770 7101 3133 2773 7102 3131 2771 7103 3132 2774 7104 3131 2771 7105 3133 2773 7106 3166 2775 7107 3139 2776 7108 3140 2777 7109 3165 2778 7110 3140 2777 7111 3141 2779 7112 3142 2780 7113 3164 2781 7114 3141 2779 7115 3139 2776 7116 3167 2782 7117 3138 2783 7118 3169 2784 7119 3143 2785 7120 3144 2786 7121 3162 2787 7122 3142 2780 7123 3143 2785 7124 3145 2788 7125 3161 2789 7126 3144 2786 7127 3146 2790 7128 3161 2789 7129 3145 2788 7130 3139 2776 7131 3166 2775 7132 3167 2782 7133 3140 2777 7134 3165 2778 7135 3166 2775 7136 3165 2778 7137 3141 2779 7138 3164 2781 7139 3164 2781 7140 3142 2780 7141 3163 2791 7142 3162 2787 7143 3163 2791 7144 3142 2780 7145 3143 2785 7146 3169 2784 7147 3162 2787 7148 3169 2784 7149 3144 2786 7150 3161 2789 7151 3161 2789 7152 3146 2790 7153 3160 2792 7154 3147 2793 7155 3159 2794 7156 3160 2792 7157 3146 2790 7158 3147 2793 7159 3160 2792 7160 3150 2795 7161 3157 2796 7162 3149 2797 7163 3151 2798 7164 3156 2799 7165 3150 2795 7166 3149 2797 7167 3157 2796 7168 3148 2800 7169 3147 2793 7170 3148 2800 7171 3159 2794 7172 3151 2798 7173 3152 2801 7174 3156 2799 7175 3152 2801 7176 3153 2802 7177 3168 2803 7178 3135 2804 7179 3136 2805 7180 3154 2806 7181 3135 2804 7182 3154 2806 7183 3153 2802 7184 3158 2807 7185 3159 2794 7186 3148 2800 7187 3148 2800 7188 3157 2796 7189 3158 2807 7190 3156 2799 7191 3157 2796 7192 3150 2795 7193 3168 2803 7194 3156 2799 7195 3152 2801 7196 3155 2808 7197 3168 2803 7198 3153 2802 7199 3155 2808 7200 3153 2802 7201 3154 2806 7202 3137 2809 7203 3154 2806 7204 3136 2805 7205 3186 2810 7206 3190 2811 7207 3191 2812 7208 3184 2813 7209 3191 2812 7210 3192 2814 7211 3183 2815 7212 3193 2816 7213 3194 2817 7214 3184 2813 7215 3192 2814 7216 3193 2816 7217 3184 2813 7218 3193 2816 7219 3183 2815 7220 3191 2812 7221 3184 2813 7222 3185 2818 7223 3195 2819 7224 3182 2820 7225 3194 2817 7226 3195 2819 7227 3181 2821 7228 3182 2820 7229 3196 2822 7230 3181 2821 7231 3195 2819 7232 3183 2815 7233 3194 2817 7234 3182 2820 7235 3185 2818 7236 3186 2810 7237 3191 2812 7238 3196 2822 7239 3197 2823 7240 3180 2824 7241 3196 2822 7242 3180 2824 7243 3181 2821 7244 3198 2825 7245 3179 2826 7246 3197 2823 7247 3188 2827 7248 3189 2828 7249 3200 2829 7250 3200 2829 7251 3189 2828 7252 3199 2830 7253 3189 2828 7254 3198 2825 7255 3199 2830 7256 3180 2824 7257 3197 2823 7258 3179 2826 7259 3179 2826 7260 3198 2825 7261 3189 2828 7262 3176 2831 7263 3203 2832 7264 3204 2833 7265 3188 2827 7266 3200 2829 7267 3201 2834 7268 3177 2835 7269 3201 2834 7270 3202 2836 7271 3202 2836 7272 3203 2832 7273 3176 2831 7274 3175 2837 7275 3176 2831 7276 3204 2833 7277 3177 2835 7278 3202 2836 7279 3176 2831 7280 3175 2837 7281 3204 2833 7282 3205 2838 7283 3206 2839 7284 3174 2840 7285 3205 2838 7286 3208 2841 7287 3187 2842 7288 3207 2843 7289 3175 2837 7290 3205 2838 7291 3174 2840 7292 3178 2844 7293 3188 2827 7294 3201 2834 7295 3201 2834 7296 3177 2835 7297 3178 2844 7298 3207 2843 7299 3173 2845 7300 3206 2839 7301 3206 2839 7302 3173 2845 7303 3174 2840 7304 3208 2841 7305 3172 2846 7306 3187 2842 7307 3209 2847 7308 3172 2846 7309 3208 2841 7310 3170 2848 7311 3171 2849 7312 3209 2847 7313 3171 2849 7314 3172 2846 7315 3209 2847 7316 3173 2845 7317 3207 2843 7318 3187 2842 7319 3210 2850 7320 3212 2851 7321 3211 2852 7322 3216 2853 7323 3214 2854 7324 3213 2855 7325 3217 2856 7326 3214 2854 7327 3216 2853 7328 3215 2857 7329 3218 2858 7330 3217 2856 7331 3215 2857 7332 3217 2856 7333 3216 2853 7334 3260 2859 7335 3255 2860 7336 3259 2861 7337 3258 2862 7338 3221 2863 7339 3222 2864 7340 3261 2865 7341 3255 2860 7342 3260 2859 7343 3259 2861 7344 3257 2866 7345 3258 2862 7346 3254 2867 7347 3261 2865 7348 3264 2868 7349 3253 2869 7350 3264 2868 7351 3265 2870 7352 3224 2871 7353 3225 2872 7354 3250 2873 7355 3223 2874 7356 3224 2871 7357 3250 2873 7358 3265 2870 7359 3223 2874 7360 3251 2875 7361 3227 2876 7362 3247 2877 7363 3226 2878 7364 3248 2879 7365 3225 2872 7366 3226 2878 7367 3257 2866 7368 3221 2863 7369 3258 2862 7370 3257 2866 7371 3259 2861 7372 3256 2880 7373 3255 2860 7374 3256 2880 7375 3259 2861 7376 3255 2860 7377 3261 2865 7378 3254 2867 7379 3254 2867 7380 3264 2868 7381 3253 2869 7382 3253 2869 7383 3265 2870 7384 3252 2881 7385 3252 2881 7386 3265 2870 7387 3251 2875 7388 3250 2873 7389 3251 2875 7390 3223 2874 7391 3250 2873 7392 3225 2872 7393 3249 2882 7394 3249 2882 7395 3225 2872 7396 3248 2879 7397 3226 2878 7398 3247 2877 7399 3248 2879 7400 3228 2883 7401 3262 2884 7402 3246 2885 7403 3230 2886 7404 3244 2887 7405 3229 2888 7406 3228 2883 7407 3247 2877 7408 3227 2876 7409 3229 2888 7410 3245 2889 7411 3262 2884 7412 3231 2890 7413 3243 2891 7414 3230 2886 7415 3235 2892 7416 3236 2893 7417 3263 2894 7418 3239 2895 7419 3233 2896 7420 3234 2897 7421 3233 2896 7422 3240 2898 7423 3232 2899 7424 3238 2900 7425 3234 2897 7426 3263 2894 7427 3232 2899 7428 3241 2901 7429 3231 2890 7430 3228 2883 7431 3246 2885 7432 3247 2877 7433 3245 2889 7434 3246 2885 7435 3262 2884 7436 3229 2888 7437 3244 2887 7438 3245 2889 7439 3231 2890 7440 3242 2902 7441 3243 2891 7442 3230 2886 7443 3243 2891 7444 3244 2887 7445 3241 2901 7446 3242 2902 7447 3231 2890 7448 3232 2899 7449 3240 2898 7450 3241 2901 7451 3239 2895 7452 3240 2898 7453 3233 2896 7454 3238 2900 7455 3239 2895 7456 3234 2897 7457 3263 2894 7458 3237 2903 7459 3238 2900 7460 3236 2893 7461 3237 2903 7462 3263 2894 7463 3269 2904 7464 3266 2905 7465 3268 2906 7466 3268 2906 7467 3267 2907 7468 3269 2904 7469 3272 2908 7470 3271 2909 7471 3270 2910 7472 3270 2910 7473 3273 2911 7474 3272 2908 7475 3277 2912 7476 3276 2913 7477 3275 2914 7478 3277 2912 7479 3274 2915 7480 3278 2916 7481 3277 2912 7482 3275 2914 7483 3274 2915 7484 3280 2917 7485 3279 2918 7486 3281 2919 7487 3281 2919 7488 3279 2918 7489 3282 2920 7490 3285 2921 7491 3283 2922 7492 3284 2923 7493 3284 2923 7494 3286 2924 7495 3285 2921 7496 3291 2925 7497 3290 2926 7498 3288 2927 7499 3289 2928 7500 3288 2927 7501 3290 2926 7502 3287 2929 7503 3292 2930 7504 3291 2925 7505 3287 2929 7506 3291 2925 7507 3288 2927 7508 3296 2931 7509 3293 2932 7510 3294 2933 7511 3293 2932 7512 3295 2934 7513 3294 2933 7514 3300 2935 7515 3299 2936 7516 3298 2937 7517 3298 2937 7518 3297 2938 7519 3300 2935 7520 3305 2939 7521 3302 2940 7522 3301 2941 7523 3305 2939 7524 3304 2942 7525 3302 2940 7526 3304 2942 7527 3303 2943 7528 3302 2940 7529 3307 2944 7530 3309 2945 7531 3306 2946 7532 3308 2947 7533 3307 2944 7534 3306 2946 7535 3313 2948 7536 3312 2949 7537 3310 2950 7538 3310 2950 7539 3312 2949 7540 3311 2951 7541 3333 2952 7542 3327 2953 7543 3332 2954 7544 3333 2952 7545 3334 2955 7546 3325 2956 7547 3331 2957 7548 3328 2958 7549 3329 2959 7550 3330 2960 7551 3331 2957 7552 3329 2959 7553 3327 2953 7554 3328 2958 7555 3332 2954 7556 3328 2958 7557 3331 2957 7558 3332 2954 7559 3333 2952 7560 3326 2961 7561 3327 2953 7562 3323 2962 7563 3335 2963 7564 3343 2964 7565 3343 2964 7566 3344 2965 7567 3322 2966 7568 3335 2963 7569 3324 2967 7570 3334 2955 7571 3325 2956 7572 3326 2961 7573 3333 2952 7574 3324 2967 7575 3325 2956 7576 3334 2955 7577 3344 2965 7578 3321 2968 7579 3322 2966 7580 3324 2967 7581 3335 2963 7582 3323 2962 7583 3343 2964 7584 3322 2966 7585 3323 2962 7586 3336 2969 7587 3320 2970 7588 3344 2965 7589 3321 2968 7590 3344 2965 7591 3320 2970 7592 3336 2969 7593 3337 2971 7594 3320 2970 7595 3319 2972 7596 3337 2971 7597 3338 2973 7598 3318 2974 7599 3338 2973 7600 3317 2975 7601 3317 2975 7602 3338 2973 7603 3339 2976 7604 3340 2977 7605 3316 2978 7606 3339 2976 7607 3341 2979 7608 3315 2980 7609 3340 2977 7610 3317 2975 7611 3339 2976 7612 3316 2978 7613 3315 2980 7614 3316 2978 7615 3340 2977 7616 3319 2972 7617 3320 2970 7618 3337 2971 7619 3318 2974 7620 3319 2972 7621 3338 2973 7622 3314 2981 7623 3341 2979 7624 3342 2982 7625 3314 2981 7626 3315 2980 7627 3341 2979 7628 3346 2983 7629 3350 2984 7630 3347 2985 7631 3346 2983 7632 3349 2986 7633 3350 2984 7634 3350 2984 7635 3348 2987 7636 3347 2985 7637 3345 2988 7638 3348 2987 7639 3350 2984 7640 3383 2989 7641 3353 2990 7642 3354 2991 7643 3357 2992 7644 3381 2993 7645 3356 2994 7646 3357 2992 7647 3358 2995 7648 3386 2996 7649 3361 2997 7650 3378 2998 7651 3360 2999 7652 3359 3000 7653 3360 2999 7654 3378 2998 7655 3353 2990 7656 3383 2989 7657 3384 3001 7658 3355 3002 7659 3382 3003 7660 3354 2991 7661 3356 2994 7662 3381 2993 7663 3355 3002 7664 3358 2995 7665 3380 3004 7666 3386 2996 7667 3381 2993 7668 3357 2992 7669 3386 2996 7670 3354 2991 7671 3382 3003 7672 3383 2989 7673 3355 3002 7674 3381 2993 7675 3382 3003 7676 3359 3000 7677 3380 3004 7678 3358 2995 7679 3359 3000 7680 3379 3005 7681 3380 3004 7682 3362 3006 7683 3377 3007 7684 3361 2997 7685 3359 3000 7686 3378 2998 7687 3379 3005 7688 3377 3007 7689 3378 2998 7690 3361 2997 7691 3364 3008 7692 3375 3009 7693 3363 3010 7694 3363 3010 7695 3376 3011 7696 3362 3006 7697 3365 3012 7698 3374 3013 7699 3364 3008 7700 3385 3014 7701 3365 3012 7702 3366 3015 7703 3368 3016 7704 3372 3017 7705 3367 3018 7706 3369 3019 7707 3371 3020 7708 3368 3016 7709 3369 3019 7710 3351 3021 7711 3371 3020 7712 3373 3022 7713 3366 3015 7714 3367 3018 7715 3377 3007 7716 3362 3006 7717 3376 3011 7718 3375 3009 7719 3376 3011 7720 3363 3010 7721 3374 3013 7722 3365 3012 7723 3385 3014 7724 3375 3009 7725 3364 3008 7726 3374 3013 7727 3373 3022 7728 3385 3014 7729 3366 3015 7730 3372 3017 7731 3373 3022 7732 3367 3018 7733 3368 3016 7734 3371 3020 7735 3372 3017 7736 3370 3023 7737 3371 3020 7738 3351 3021 7739 3352 3024 7740 3370 3023 7741 3351 3021 7742 3413 3025 7743 3414 3026 7744 3403 3027 7745 3402 3028 7746 3414 3026 7747 3415 3029 7748 3411 3030 7749 3412 3031 7750 3405 3032 7751 3407 3033 7752 3410 3034 7753 3411 3030 7754 3413 3025 7755 3404 3035 7756 3412 3031 7757 3398 3036 7758 3418 3037 7759 3419 3038 7760 3409 3039 7761 3419 3038 7762 3420 3040 7763 3416 3041 7764 3401 3042 7765 3415 3029 7766 3400 3043 7767 3416 3041 7768 3417 3044 7769 3417 3044 7770 3418 3037 7771 3399 3045 7772 3420 3040 7773 3421 3046 7774 3397 3047 7775 3406 3048 7776 3407 3033 7777 3411 3030 7778 3406 3048 7779 3411 3030 7780 3405 3032 7781 3403 3027 7782 3414 3026 7783 3402 3028 7784 3405 3032 7785 3412 3031 7786 3404 3035 7787 3404 3035 7788 3413 3025 7789 3403 3027 7790 3415 3029 7791 3401 3042 7792 3402 3028 7793 3416 3041 7794 3400 3043 7795 3401 3042 7796 3399 3045 7797 3400 3043 7798 3417 3044 7799 3418 3037 7800 3398 3036 7801 3399 3045 7802 3409 3039 7803 3420 3040 7804 3397 3047 7805 3419 3038 7806 3409 3039 7807 3398 3036 7808 3425 3049 7809 3426 3050 7810 3392 3051 7811 3425 3049 7812 3393 3052 7813 3424 3053 7814 3422 3054 7815 3396 3055 7816 3421 3046 7817 3423 3056 7818 3395 3057 7819 3422 3054 7820 3424 3053 7821 3394 3058 7822 3423 3056 7823 3429 3059 7824 3390 3060 7825 3428 3061 7826 3389 3062 7827 3429 3059 7828 3430 3063 7829 3430 3063 7830 3387 3064 7831 3388 3065 7832 3426 3050 7833 3427 3066 7834 3408 3067 7835 3408 3067 7836 3427 3066 7837 3428 3061 7838 3421 3046 7839 3396 3055 7840 3397 3047 7841 3395 3057 7842 3423 3056 7843 3394 3058 7844 3394 3058 7845 3424 3053 7846 3393 3052 7847 3396 3055 7848 3422 3054 7849 3395 3057 7850 3425 3049 7851 3392 3051 7852 3393 3052 7853 3391 3068 7854 3392 3051 7855 3426 3050 7856 3428 3061 7857 3390 3060 7858 3408 3067 7859 3408 3067 7860 3391 3068 7861 3426 3050 7862 3390 3060 7863 3429 3059 7864 3389 3062 7865 3389 3062 7866 3430 3063 7867 3388 3065 7868 3437 3069 7869 3433 3070 7870 3436 3071 7871 3436 3071 7872 3433 3070 7873 3434 3072 7874 3436 3071 7875 3438 3073 7876 3437 3069 7877 3438 3073 7878 3436 3071 7879 3439 3074 7880 3435 3075 7881 3439 3074 7882 3436 3071 7883 3476 3076 7884 3443 3077 7885 3444 3078 7886 3472 3079 7887 3478 3080 7888 3483 3081 7889 3476 3076 7890 3475 3082 7891 3443 3077 7892 3475 3082 7893 3477 3083 7894 3474 3084 7895 3473 3085 7896 3474 3084 7897 3478 3080 7898 3475 3082 7899 3476 3076 7900 3477 3083 7901 3477 3083 7902 3478 3080 7903 3474 3084 7904 3472 3079 7905 3473 3085 7906 3478 3080 7907 3446 3086 7908 3447 3087 7909 3469 3088 7910 3468 3089 7911 3447 3087 7912 3448 3090 7913 3448 3090 7914 3449 3091 7915 3467 3092 7916 3449 3091 7917 3450 3093 7918 3467 3092 7919 3472 3079 7920 3483 3081 7921 3471 3094 7922 3483 3081 7923 3445 3095 7924 3471 3094 7925 3445 3095 7926 3446 3086 7927 3470 3096 7928 3445 3095 7929 3470 3096 7930 3471 3094 7931 3446 3086 7932 3469 3088 7933 3470 3096 7934 3447 3087 7935 3468 3089 7936 3469 3088 7937 3467 3092 7938 3468 3089 7939 3448 3090 7940 3450 3093 7941 3466 3097 7942 3467 3092 7943 3452 3098 7944 3463 3099 7945 3451 3100 7946 3464 3101 7947 3480 3102 7948 3451 3100 7949 3479 3103 7950 3465 3104 7951 3450 3093 7952 3465 3104 7953 3466 3097 7954 3450 3093 7955 3480 3102 7956 3465 3104 7957 3479 3103 7958 3465 3104 7959 3480 3102 7960 3464 3101 7961 3463 3099 7962 3464 3101 7963 3451 3100 7964 3454 3105 7965 3461 3106 7966 3453 3107 7967 3455 3108 7968 3459 3109 7969 3454 3105 7970 3459 3109 7971 3455 3108 7972 3481 3110 7973 3458 3111 7974 3481 3110 7975 3482 3112 7976 3453 3107 7977 3461 3106 7978 3452 3098 7979 3462 3113 7980 3463 3099 7981 3452 3098 7982 3452 3098 7983 3461 3106 7984 3462 3113 7985 3454 3105 7986 3460 3114 7987 3461 3106 7988 3481 3110 7989 3458 3111 7990 3459 3109 7991 3456 3115 7992 3457 3116 7993 3458 3111 7994 3482 3112 7995 3456 3115 7996 3458 3111 7997 3459 3109 7998 3460 3114 7999 3454 3105 8000 3485 3117 8001 3484 3118 8002 3486 3119 8003 3485 3117 8004 3487 3120 8005 3484 3118 8006 3490 3121 8007 3489 3122 8008 3488 3123 8009 3488 3123 8010 3491 3124 8011 3490 3121 8012 3494 3125 8013 3493 3126 8014 3495 3127 8015 3493 3126 8016 3492 3128 8017 3495 3127 8018 3492 3128 8019 3496 3129 8020 3495 3127 8021 3499 3130 8022 3498 3131 8023 3497 3132 8024 3497 3132 8025 3500 3133 8026 3499 3130 8027 3504 3134 8028 3501 3135 8029 3503 3136 8030 3503 3136 8031 3502 3137 8032 3504 3134 8033 3507 3138 8034 3506 3139 8035 3508 3140 8036 3506 3139 8037 3509 3141 8038 3508 3140 8039 3506 3139 8040 3505 3142 8041 3509 3141 8042 3513 3143 8043 3512 3144 8044 3511 3145 8045 3513 3143 8046 3510 3146 8047 3512 3144 8048 3516 3147 8049 3515 3148 8050 3514 3149 8051 3514 3149 8052 3517 3150 8053 3516 3147 8054 3522 3151 8055 3521 3152 8056 3518 3153 8057 3518 3153 8058 3521 3152 8059 3520 3154 8060 3519 3155 8061 3518 3153 8062 3520 3154 8063 3523 3156 8064 3524 3157 8065 3526 3158 8066 3524 3157 8067 3523 3156 8068 3525 3159 8069 3527 3160 8070 3530 3161 8071 3529 3162 8072 3528 3163 8073 3527 3160 8074 3529 3162 8075 1197 6012 15807 1200 936 15808 1205 938 15809 1200 936 15810 1201 942 15811 1203 939 15812 1201 942 15813 1202 941 15814 1203 939 15815 1198 940 15816 1199 6013 15817 1202 941 15818 1332 6014 15819 1338 1057 15820 1333 6015 15821 1332 6014 15822 1339 1058 15823 1338 1057 15824 1340 1059 15825 1334 1061 15826 1338 1057 15827 1341 1060 15828 1337 6016 15829 1334 1061 15830 1336 1062 15831 1337 6016 15832 1342 1063 15833 1341 1060 15834 1342 1063 15835 1337 6016 15836 1346 1069 15837 1350 1066 15838 1351 1068 15839 1352 1071 15840 1349 1073 15841 1346 1069 15842 1348 6017 15843 1349 1073 15844 1347 1072 15845 1452 6018 15846 1457 1175 15847 1460 1174 15848 1457 1175 15849 1458 1177 15850 1453 1176 15851 1458 1177 15852 1454 1180 15853 1456 1178 15854 1461 6019 15855 1464 1181 15856 1462 1183 15857 1465 1187 15858 1467 1186 15859 1468 1184 15860 1463 1185 15861 1466 6020 15862 1467 1186 15863 1507 1220 15864 1500 1222 15865 1506 1217 15866 1506 1217 15867 1500 1222 15868 1501 1218 15869 1507 1220 15870 1508 1223 15871 1499 1221 15872 1496 6021 15873 1497 1226 15874 1509 1224 15875 1510 6022 15876 1517 1227 15877 1516 1229 15878 1517 1227 15879 1518 1233 15880 1514 1230 15881 1518 1233 15882 1513 1232 15883 1514 1230 15884 1511 1231 15885 1512 6023 15886 1513 1232 15887 1520 6024 15888 1524 1235 15889 1519 1234 15890 1523 1236 15891 1524 1235 15892 1522 1237 15893 1526 1239 15894 1530 1242 15895 1528 1240 15896 1529 1243 15897 1530 1242 15898 1527 6025 15899</p>
        </triangles>
        <triangles material="法兰盘_008-material" count="2507">
          <input semantic="VERTEX" source="#转换实体1_003-mesh-vertices" offset="0"/>
          <input semantic="NORMAL" source="#转换实体1_003-mesh-normals" offset="1"/>
          <input semantic="TEXCOORD" source="#转换实体1_003-mesh-map-0" offset="2" set="0"/>
          <p>3533 3164 8076 3531 3165 8077 3535 3166 8078 3532 3167 8079 3533 3164 8080 3534 3168 8081 3533 3164 8082 3535 3166 8083 3534 3168 8084 3537 3169 8085 3536 3170 8086 3540 3171 8087 3538 3172 8088 3537 3169 8089 3539 3173 8090 3539 3173 8091 3537 3169 8092 3540 3171 8093 3545 3174 8094 3543 3175 8095 3541 3176 8096 3545 3174 8097 3541 3176 8098 3546 3177 8099 3545 3174 8100 3542 3178 8101 3543 3175 8102 3545 3174 8103 3544 3179 8104 3542 3178 8105 3551 3180 8106 3549 3181 8107 3547 3182 8108 3548 3183 8109 3549 3181 8110 3550 3184 8111 3549 3181 8112 3551 3180 8113 3550 3184 8114 3553 3185 8115 3552 3186 8116 3556 3187 8117 3554 3188 8118 3553 3185 8119 3555 3189 8120 3555 3189 8121 3553 3185 8122 3556 3187 8123 3561 3190 8124 3559 3191 8125 3557 3192 8126 3561 3190 8127 3557 3192 8128 3562 3193 8129 3561 3190 8130 3558 3194 8131 3559 3191 8132 3561 3190 8133 3560 3195 8134 3558 3194 8135 3568 3196 8136 3570 3197 8137 3563 3198 8138 3569 3199 8139 3568 3196 8140 3565 3200 8141 3567 3201 8142 3565 3200 8143 3566 3202 8144 3572 3203 8145 3571 3204 8146 3578 3205 8147 3573 3206 8148 3574 3207 8149 3578 3205 8150 3578 3205 8151 3574 3207 8152 3572 3203 8153 3579 3208 8154 3577 3209 8155 3573 3206 8156 3575 3210 8157 3576 3211 8158 3579 3208 8159 3585 118 8160 3603 3212 8161 3584 3213 8162 3593 3214 8163 3584 3213 8164 3603 3212 8165 3601 3215 8166 3586 3216 8167 3587 3217 8168 3586 3216 8169 3601 3215 8170 3602 3218 8171 3603 3212 8172 3585 118 8173 3602 3218 8174 3602 3218 8175 3585 118 8176 3586 3216 8177 3593 3214 8178 3583 3219 8179 3584 3213 8180 3594 3220 8181 3583 3219 8182 3593 3214 8183 3582 3221 8184 3583 3219 8185 3594 3220 8186 3594 3220 8187 3595 3222 8188 3582 3221 8189 3582 3221 8190 3595 3222 8191 3581 3223 8192 3595 3222 8193 3580 3224 8194 3581 3223 8195 3595 3222 8196 3596 3225 8197 3580 3224 8198 3588 3226 8199 3601 3215 8200 3587 3217 8201 3601 3215 8202 3588 3226 8203 3600 3227 8204 3600 3227 8205 3588 3226 8206 3599 3228 8207 3599 3228 8208 3590 3229 8209 3598 118 8210 3599 3228 8211 3589 3230 8212 3590 3229 8213 3588 3226 8214 3589 3230 8215 3599 3228 8216 3597 118 8217 3592 3231 8218 3596 3225 8219 3580 3224 8220 3596 3225 8221 3592 3231 8222 3598 118 8223 3591 118 8224 3597 118 8225 3590 3229 8226 3591 118 8227 3598 118 8228 3592 3231 8229 3597 118 8230 3591 118 8231 3611 3232 8232 3608 3233 8233 3604 3234 8234 3610 3235 8235 3608 3233 8236 3611 3232 8237 3610 3235 8238 3609 3236 8239 3608 3233 8240 3610 3235 8241 3606 3237 8242 3609 3236 8243 3619 3238 8244 3616 3239 8245 3612 3240 8246 3616 3239 8247 3618 3241 8248 3617 3242 8249 3617 3242 8250 3615 3243 8251 3614 3244 8252 3666 3245 8253 3665 3246 8254 3705 3247 8255 3628 3248 8256 3705 3247 8257 3665 3246 8258 3701 3249 8259 3665 3246 8260 3664 3250 8261 3705 3247 8262 3704 3251 8263 3666 3245 8264 3629 3252 8265 3628 3248 8266 3700 3253 8267 3628 3248 8268 3665 3246 8269 3700 3253 8270 3701 3249 8271 3664 3250 8272 3702 131 8273 3695 131 8274 3702 131 8275 3663 3254 8276 3663 3254 8277 3702 131 8278 3664 3250 8279 3701 3249 8280 3700 3253 8281 3665 3246 8282 3700 3253 8283 3699 3255 8284 3657 3256 8285 3623 3257 8286 3668 3258 8287 3667 3259 8288 3703 3260 8289 3667 3259 8290 3666 3245 8291 3667 3259 8292 3703 3260 8293 3623 3257 8294 3623 3257 8295 3703 3260 8296 3624 3261 8297 3668 3258 8298 3623 3257 8299 3708 3262 8300 3708 3262 8301 3707 3263 8302 3668 3258 8303 3625 3264 8304 3624 3261 8305 3655 3265 8306 3666 3245 8307 3704 3251 8308 3703 3260 8309 3656 3266 8310 3630 3267 8311 3629 3252 8312 3656 3266 8313 3631 3268 8314 3630 3267 8315 3703 3260 8316 3631 3268 8317 3624 3261 8318 3631 3268 8319 3655 3265 8320 3624 3261 8321 3656 3266 8322 3629 3252 8323 3657 3256 8324 3655 3265 8325 3631 3268 8326 3656 3266 8327 3655 3265 8328 3654 3269 8329 3625 3264 8330 3629 3252 8331 3700 3253 8332 3657 3256 8333 3645 3270 8334 3657 3256 8335 3699 3255 8336 3696 3271 8337 3695 131 8338 3663 3254 8339 3662 3272 8340 3697 3273 8341 3663 3254 8342 3663 3254 8343 3697 3273 8344 3696 3271 8345 3634 3274 8346 3698 3275 8347 3697 3273 8348 3698 3275 8349 3633 3276 8350 3645 3270 8351 3634 3274 8352 3697 3273 8353 3662 3272 8354 3633 3276 8355 3698 3275 8356 3634 3274 8357 3662 3272 8358 3635 3277 8359 3634 3274 8360 3692 3278 8361 3662 3272 8362 3661 3279 8363 3662 3272 8364 3692 3278 8365 3635 3277 8366 3661 3279 8367 3693 3280 8368 3692 3278 8369 3660 3281 8370 3693 3280 8371 3661 3279 8372 3647 3282 8373 3633 3276 8374 3632 3283 8375 3694 3284 8376 3693 3280 8377 3640 3285 8378 3646 3286 8379 3645 3270 8380 3633 3276 8381 3646 3286 8382 3633 3276 8383 3647 3282 8384 3639 3287 8385 3632 3283 8386 3694 3284 8387 3632 3283 8388 3639 3287 8389 3647 3282 8390 3639 3287 8391 3648 3288 8392 3647 3282 8393 3639 3287 8394 3638 3289 8395 3648 3288 8396 3693 3280 8397 3660 3281 8398 3640 3285 8399 3640 3285 8400 3660 3281 8401 3659 3290 8402 3691 3291 8403 3640 3285 8404 3659 3290 8405 3640 3285 8406 3639 3287 8407 3694 3284 8408 3658 3292 8409 3689 3293 8410 3659 3290 8411 3659 3290 8412 3689 3293 8413 3691 3291 8414 3645 3270 8415 3699 3255 8416 3698 3275 8417 3669 3294 8418 3707 3263 8419 3706 3295 8420 3669 3294 8421 3706 3295 8422 3627 3296 8423 3627 3296 8424 3711 3297 8425 3669 3294 8426 3626 3298 8427 3712 3299 8428 3627 3296 8429 3668 3258 8430 3707 3263 8431 3669 3294 8432 3711 3297 8433 3670 3300 8434 3669 3294 8435 3626 3298 8436 3625 3264 8437 3654 3269 8438 3653 3301 8439 3652 3302 8440 3620 3303 8441 3652 3302 8442 3651 3304 8443 3685 3305 8444 3654 3269 8445 3653 3301 8446 3626 3298 8447 3620 3303 8448 3712 3299 8449 3626 3298 8450 3626 3298 8451 3653 3301 8452 3620 3303 8453 3711 3297 8454 3627 3296 8455 3712 3299 8456 3711 3297 8457 3710 3306 8458 3670 3300 8459 3671 3307 8460 3710 3306 8461 3709 3308 8462 3622 3309 8463 3621 3310 8464 3672 3311 8465 3671 3307 8466 3670 3300 8467 3710 3306 8468 3709 3308 8469 3622 3309 8470 3671 3307 8471 3672 3311 8472 3671 3307 8473 3622 3309 8474 3652 3302 8475 3685 3305 8476 3621 3310 8477 3621 3310 8478 3685 3305 8479 3684 3312 8480 3621 3310 8481 3620 3303 8482 3652 3302 8483 3683 3313 8484 3673 3314 8485 3684 3312 8486 3672 3311 8487 3684 3312 8488 3673 3314 8489 3673 3314 8490 3683 3313 8491 3682 3315 8492 3684 3312 8493 3672 3311 8494 3621 3310 8495 3678 3316 8496 3685 3305 8497 3651 3304 8498 3650 3317 8499 3649 3318 8500 3644 3319 8501 3649 3318 8502 3648 3288 8503 3638 3289 8504 3637 3320 8505 3644 3319 8506 3649 3318 8507 3679 3321 8508 3650 3317 8509 3642 3322 8510 3650 3317 8511 3644 3319 8512 3643 131 8513 3650 3317 8514 3643 131 8515 3642 3322 8516 3687 3323 8517 3644 3319 8518 3637 3320 8519 3678 3316 8520 3651 3304 8521 3650 3317 8522 3638 3289 8523 3637 3320 8524 3649 3318 8525 3690 131 8526 3689 3293 8527 3658 3292 8528 3690 131 8529 3658 3292 8530 3636 3324 8531 3637 3320 8532 3636 3324 8533 3687 3323 8534 3636 3324 8535 3677 3325 8536 3687 3323 8537 3688 3326 8538 3687 3323 8539 3677 3325 8540 3688 3326 8541 3677 3325 8542 3676 3327 8543 3677 3325 8544 3636 3324 8545 3658 3292 8546 3678 3316 8547 3650 3317 8548 3679 3321 8549 3642 3322 8550 3680 3328 8551 3679 3321 8552 3674 3329 8553 3682 3315 8554 3681 3330 8555 3674 3329 8556 3681 3330 8557 3680 3328 8558 3682 3315 8559 3674 3329 8560 3673 3314 8561 3642 3322 8562 3641 3331 8563 3680 3328 8564 3688 3326 8565 3676 3327 8566 3686 3332 8567 3641 3331 8568 3675 3333 8569 3674 3329 8570 3641 3331 8571 3674 3329 8572 3680 3328 8573 3686 3332 8574 3676 3327 8575 3675 3333 8576 3675 3333 8577 3641 3331 8578 3686 3332 8579 3719 3334 8580 3714 3335 8581 3713 3336 8582 3715 3337 8583 3716 3338 8584 3719 3334 8585 3720 3339 8586 3722 3340 8587 3715 3337 8588 3720 3339 8589 3721 3341 8590 3722 3340 8591 3731 3342 8592 3726 3343 8593 3730 3344 8594 3732 3345 8595 3726 3343 8596 3731 3342 8597 3733 3346 8598 3729 3347 8599 3732 3345 8600 3727 3348 8601 3729 3347 8602 3733 3346 8603 3830 3349 8604 3756 3350 8605 3810 3351 8606 3755 3352 8607 3800 3353 8608 3754 3354 8609 3755 3352 8610 3830 3349 8611 3800 3353 8612 3830 3349 8613 3755 3352 8614 3756 3350 8615 3809 3355 8616 3810 3351 8617 3756 3350 8618 3809 3355 8619 3756 3350 8620 3808 3356 8621 3804 3357 8622 3800 3353 8623 3830 3349 8624 3800 3353 8625 3804 3357 8626 3738 3358 8627 3802 3359 8628 3803 3360 8629 3753 3361 8630 3802 3359 8631 3753 3361 8632 3754 3354 8633 3801 3362 8634 3802 3359 8635 3754 3354 8636 3738 3358 8637 3799 3363 8638 3800 3353 8639 3799 3363 8640 3738 3358 8641 3798 3364 8642 3800 3353 8643 3801 3362 8644 3754 3354 8645 3758 3365 8646 3831 3366 8647 3757 3367 8648 3757 3367 8649 3807 3368 8650 3808 3356 8651 3757 3367 8652 3831 3366 8653 3807 3368 8654 3757 3367 8655 3808 3356 8656 3756 3350 8657 3831 3366 8658 3758 3365 8659 3817 3369 8660 3811 3370 8661 3806 3371 8662 3831 3366 8663 3812 3372 8664 3735 3373 8665 3811 3370 8666 3737 3374 8667 3738 3358 8668 3804 3357 8669 3805 3375 8670 3737 3374 8671 3804 3357 8672 3831 3366 8673 3806 3371 8674 3807 3368 8675 3735 3373 8676 3736 3376 8677 3811 3370 8678 3736 3376 8679 3805 3375 8680 3806 3371 8681 3736 3376 8682 3737 3374 8683 3805 3375 8684 3811 3370 8685 3736 3376 8686 3806 3371 8687 3734 3377 8688 3735 3373 8689 3812 3372 8690 3753 3361 8691 3803 3360 8692 3829 3378 8693 3829 3378 8694 3752 3379 8695 3753 3361 8696 3739 3380 8697 3798 3364 8698 3738 3358 8699 3797 3381 8700 3798 3364 8701 3739 3380 8702 3797 3381 8703 3793 3382 8704 3829 3378 8705 3793 3382 8706 3752 3379 8707 3829 3378 8708 3739 3380 8709 3793 3382 8710 3797 3381 8711 3792 3383 8712 3793 3382 8713 3740 3384 8714 3752 3379 8715 3794 3385 8716 3751 3386 8717 3750 3387 8718 3751 3386 8719 3796 3388 8720 3751 3386 8721 3794 3385 8722 3795 3389 8723 3793 3382 8724 3794 3385 8725 3752 3379 8726 3828 3390 8727 3750 3387 8728 3796 3388 8729 3795 3389 8730 3796 3388 8731 3751 3386 8732 3739 3380 8733 3740 3384 8734 3793 3382 8735 3791 3391 8736 3792 3383 8737 3740 3384 8738 3791 3391 8739 3741 3392 8740 3790 3393 8741 3740 3384 8742 3741 3392 8743 3791 3391 8744 3742 3394 8745 3785 3395 8746 3741 3392 8747 3786 3396 8748 3828 3390 8749 3790 3393 8750 3741 3392 8751 3786 3396 8752 3790 3393 8753 3784 3397 8754 3785 3395 8755 3742 3394 8756 3750 3387 8757 3828 3390 8758 3786 3396 8759 3749 3398 8760 3750 3387 8761 3786 3396 8762 3786 3396 8763 3787 3399 8764 3749 3398 8765 3749 3398 8766 3787 3399 8767 3748 3400 8768 3787 3399 8769 3788 3401 8770 3748 3400 8771 3789 3402 8772 3748 3400 8773 3788 3401 8774 3786 3396 8775 3741 3392 8776 3785 3395 8777 3817 3369 8778 3758 3365 8779 3816 3403 8780 3758 3365 8781 3759 3404 8782 3816 3403 8783 3816 3403 8784 3759 3404 8785 3815 3405 8786 3759 3404 8787 3760 3406 8788 3815 3405 8789 3832 3407 8790 3814 3408 8791 3760 3406 8792 3814 3408 8793 3815 3405 8794 3760 3406 8795 3813 3409 8796 3734 3377 8797 3812 3372 8798 3734 3377 8799 3814 3408 8800 3747 3410 8801 3734 3377 8802 3813 3409 8803 3814 3408 8804 3747 3410 8805 3819 3411 8806 3746 3412 8807 3832 3407 8808 3818 3413 8809 3814 3408 8810 3818 3413 8811 3747 3410 8812 3814 3408 8813 3746 3412 8814 3820 3414 8815 3745 3415 8816 3820 3414 8817 3746 3412 8818 3819 3411 8819 3818 3413 8820 3819 3411 8821 3747 3410 8822 3760 3406 8823 3824 3416 8824 3832 3407 8825 3761 3417 8826 3824 3416 8827 3760 3406 8828 3761 3417 8829 3762 3418 8830 3823 3419 8831 3762 3418 8832 3822 3420 8833 3823 3419 8834 3761 3417 8835 3823 3419 8836 3824 3416 8837 3762 3418 8838 3821 3421 8839 3822 3420 8840 3821 3421 8841 3769 3422 8842 3745 3415 8843 3820 3414 8844 3821 3421 8845 3745 3415 8846 3821 3421 8847 3825 3423 8848 3769 3422 8849 3770 3424 8850 3745 3415 8851 3769 3422 8852 3762 3418 8853 3763 3425 8854 3825 3423 8855 3764 3426 8856 3825 3423 8857 3763 3425 8858 3764 3426 8859 3775 3427 8860 3825 3423 8861 3825 3423 8862 3821 3421 8863 3762 3418 8864 3783 3428 8865 3742 3394 8866 3743 3429 8867 3778 3430 8868 3779 3431 8869 3743 3429 8870 3743 3429 8871 3779 3431 8872 3780 3432 8873 3778 3430 8874 3743 3429 8875 3777 3433 8876 3783 3428 8877 3743 3429 8878 3780 3432 8879 3777 3433 8880 3743 3429 8881 3744 3434 8882 3783 3428 8883 3784 3397 8884 3742 3394 8885 3748 3400 8886 3789 3402 8887 3827 3435 8888 3780 3432 8889 3781 3436 8890 3768 3437 8891 3780 3432 8892 3827 3435 8893 3783 3428 8894 3768 3437 8895 3748 3400 8896 3827 3435 8897 3827 3435 8898 3780 3432 8899 3768 3437 8900 3768 3437 8901 3781 3436 8902 3767 3438 8903 3745 3415 8904 3770 3424 8905 3744 3434 8906 3744 3434 8907 3770 3424 8908 3771 3439 8909 3777 3433 8910 3744 3434 8911 3771 3439 8912 3772 3440 8913 3776 3441 8914 3771 3439 8915 3764 3426 8916 3773 3442 8917 3774 3443 8918 3774 3443 8919 3775 3427 8920 3764 3426 8921 3772 3440 8922 3773 3442 8923 3765 3444 8924 3765 3444 8925 3773 3442 8926 3764 3426 8927 3776 3441 8928 3777 3433 8929 3771 3439 8930 3782 3445 8931 3767 3438 8932 3781 3436 8933 3772 3440 8934 3766 3446 8935 3776 3441 8936 3766 3446 8937 3826 3447 8938 3776 3441 8939 3766 3446 8940 3772 3440 8941 3765 3444 8942 3767 3438 8943 3782 3445 8944 3826 3447 8945 3826 3447 8946 3766 3446 8947 3767 3438 8948 3837 3448 8949 3888 3449 8950 3836 3450 8951 3889 3451 8952 3835 3452 8953 3836 3450 8954 3834 3453 8955 3835 3452 8956 3891 3454 8957 3886 3455 8958 3837 3448 8959 3838 3456 8960 3838 3456 8961 3839 3457 8962 3885 3458 8963 3884 3459 8964 3840 3460 8965 3883 3461 8966 3840 3460 8967 3884 3459 8968 3839 3457 8969 3840 3460 8970 3841 3462 8971 3883 3461 8972 3880 3463 8973 3842 3464 8974 3843 3465 8975 3843 3465 8976 3844 3466 8977 3879 3467 8978 3845 3468 8979 3846 3469 8980 3877 3470 8981 3847 3471 8982 3876 3472 8983 3846 3469 8984 3841 3462 8985 3842 3464 8986 3881 3473 8987 3845 3468 8988 3879 3467 8989 3844 3466 8990 3883 3461 8991 3841 3462 8992 3882 3474 8993 3890 3475 8994 3891 3454 8995 3835 3452 8996 3886 3455 8997 3838 3456 8998 3885 3458 8999 3884 3459 9000 3885 3458 9001 3839 3457 9002 3889 3451 9003 3836 3450 9004 3888 3449 9005 3887 3476 9006 3837 3448 9007 3886 3455 9008 3835 3452 9009 3889 3451 9010 3890 3475 9011 3887 3476 9012 3888 3449 9013 3837 3448 9014 3880 3463 9015 3881 3473 9016 3842 3464 9017 3881 3473 9018 3882 3474 9019 3841 3462 9020 3879 3467 9021 3880 3463 9022 3843 3465 9023 3845 3468 9024 3877 3470 9025 3878 3477 9026 3879 3467 9027 3845 3468 9028 3878 3477 9029 3875 3478 9030 3876 3472 9031 3847 3471 9032 3846 3469 9033 3876 3472 9034 3877 3470 9035 3850 3479 9036 3872 3480 9037 3849 3481 9038 3852 3482 9039 3870 3483 9040 3851 3484 9041 3871 3485 9042 3850 3479 9043 3851 3484 9044 3848 3486 9045 3849 3481 9046 3873 3487 9047 3848 3486 9048 3875 3478 9049 3847 3471 9050 3852 3482 9051 3853 3488 9052 3869 3489 9053 3852 3482 9054 3869 3489 9055 3870 3483 9056 3869 3489 9057 3853 3488 9058 3868 3490 9059 3856 3491 9060 3865 3492 9061 3855 3493 9062 3855 3493 9063 3867 3494 9064 3854 3495 9065 3857 3496 9066 3858 3497 9067 3863 3498 9068 3859 3499 9069 3862 3500 9070 3858 3497 9071 3857 3496 9072 3864 3501 9073 3856 3491 9074 3867 3494 9075 3868 3490 9076 3854 3495 9077 3854 3495 9078 3868 3490 9079 3853 3488 9080 3859 3499 9081 3833 3502 9082 3860 3503 9083 3872 3480 9084 3850 3479 9085 3871 3485 9086 3870 3483 9087 3871 3485 9088 3851 3484 9089 3874 3504 9090 3848 3486 9091 3873 3487 9092 3874 3504 9093 3875 3478 9094 3848 3486 9095 3872 3480 9096 3873 3487 9097 3849 3481 9098 3867 3494 9099 3855 3493 9100 3866 3505 9101 3866 3505 9102 3855 3493 9103 3865 3492 9104 3864 3501 9105 3865 3492 9106 3856 3491 9107 3858 3497 9108 3862 3500 9109 3863 3498 9110 3860 3503 9111 3861 3506 9112 3859 3499 9113 3864 3501 9114 3857 3496 9115 3863 3498 9116 3861 3506 9117 3862 3500 9118 3859 3499 9119 3895 3507 9120 3893 3508 9121 3892 3509 9122 3894 3510 9123 3893 3508 9124 3895 3507 9125 3904 3511 9126 3902 3512 9127 3903 3513 9128 3896 3514 9129 3901 3515 9130 3904 3511 9131 3902 3512 9132 3904 3511 9133 3901 3515 9134 3901 3515 9135 3896 3514 9136 3900 3516 9137 3896 3514 9138 3897 3517 9139 3899 3518 9140 3899 3518 9141 3900 3516 9142 3896 3514 9143 3898 3519 9144 3899 3518 9145 3897 3517 9146 3905 3520 9147 3906 3521 9148 3908 3520 9149 3915 3522 9150 3912 3523 9151 3914 3524 9152 3971 3525 9153 3917 3526 9154 3918 3527 9155 3919 3528 9156 3970 3529 9157 3918 3527 9158 3915 3522 9159 3916 3530 9160 3911 3531 9161 3917 3526 9162 3911 3531 9163 3916 3530 9164 3969 3532 9165 3919 3528 9166 3920 3533 9167 3921 3534 9168 3968 3535 9169 3920 3533 9170 3963 3536 9171 3927 3537 9172 3928 3538 9173 3929 3539 9174 3930 3540 9175 3962 3541 9176 3962 3541 9177 3928 3538 9178 3929 3539 9179 3926 3542 9180 3964 3543 9181 3925 3544 9182 3964 3543 9183 3926 3542 9184 3927 3537 9185 3925 3544 9186 3965 3545 9187 3924 3546 9188 3966 3547 9189 3923 3548 9190 3924 3546 9191 3915 3522 9192 3911 3531 9193 3912 3523 9194 3913 3549 9195 3914 3524 9196 3912 3523 9197 3922 3550 9198 3967 3551 9199 3921 3534 9200 3967 3551 9201 3922 3550 9202 3923 3548 9203 3967 3551 9204 3923 3548 9205 3966 3547 9206 3911 3531 9207 3917 3526 9208 3971 3525 9209 3970 3529 9210 3971 3525 9211 3918 3527 9212 3919 3528 9213 3969 3532 9214 3970 3529 9215 3969 3532 9216 3920 3533 9217 3968 3535 9218 3967 3551 9219 3968 3535 9220 3921 3534 9221 3925 3544 9222 3964 3543 9223 3965 3545 9224 3965 3545 9225 3966 3547 9226 3924 3546 9227 3960 3552 9228 3961 3553 9229 3930 3540 9230 3963 3536 9231 3928 3538 9232 3962 3541 9233 3927 3537 9234 3963 3536 9235 3964 3543 9236 3930 3540 9237 3961 3553 9238 3962 3541 9239 3930 3540 9240 3931 3554 9241 3960 3552 9242 3932 3555 9243 3959 3556 9244 3931 3554 9245 3932 3555 9246 3933 3557 9247 3958 3558 9248 3955 3559 9249 3956 3560 9250 3936 3561 9251 3933 3557 9252 3934 3562 9253 3957 3563 9254 3956 3560 9255 3934 3562 9256 3935 3564 9257 3956 3560 9258 3935 3564 9259 3936 3561 9260 3955 3559 9261 3936 3561 9262 3937 3565 9263 3954 3566 9264 3937 3565 9265 3938 3567 9266 3941 3568 9267 3942 3569 9268 3950 3570 9269 3948 3571 9270 3942 3569 9271 3943 3572 9272 3945 3573 9273 3947 3574 9274 3944 3575 9275 3945 3573 9276 3909 3576 9277 3946 3577 9278 3941 3568 9279 3950 3570 9280 3940 3578 9281 3953 3579 9282 3938 3567 9283 3939 3580 9284 3953 3579 9285 3939 3580 9286 3940 3578 9287 3944 3575 9288 3948 3571 9289 3943 3572 9290 3953 3579 9291 3954 3566 9292 3938 3567 9293 3955 3559 9294 3937 3565 9295 3954 3566 9296 3958 3558 9297 3959 3556 9298 3932 3555 9299 3931 3554 9300 3959 3556 9301 3960 3552 9302 3957 3563 9303 3958 3558 9304 3933 3557 9305 3934 3562 9306 3956 3560 9307 3957 3563 9308 3949 3581 9309 3950 3570 9310 3942 3569 9311 3942 3569 9312 3948 3571 9313 3949 3581 9314 3950 3570 9315 3951 3582 9316 3940 3578 9317 3951 3582 9318 3953 3579 9319 3940 3578 9320 3948 3571 9321 3944 3575 9322 3947 3574 9323 3946 3577 9324 3947 3574 9325 3945 3573 9326 3910 3583 9327 3946 3577 9328 3909 3576 9329 4001 3584 9330 4002 3585 9331 4035 3586 9332 3976 3587 9333 4031 3588 9334 4004 3589 9335 4030 3590 9336 3976 3587 9337 3977 3591 9338 4034 3592 9339 4002 3585 9340 4003 3593 9341 4033 3594 9342 4034 3592 9343 4003 3593 9344 4003 3593 9345 4004 3589 9346 4033 3594 9347 4004 3589 9348 4032 3595 9349 4033 3594 9350 4031 3588 9351 4032 3595 9352 4004 3589 9353 3978 3596 9354 4030 3590 9355 3977 3591 9356 4029 3597 9357 4030 3590 9358 3978 3596 9359 4029 3597 9360 3978 3596 9361 3979 3598 9362 4029 3597 9363 3979 3598 9364 4028 3599 9365 3980 3600 9366 4028 3599 9367 3979 3598 9368 4027 3601 9369 3980 3600 9370 3981 3602 9371 3982 3603 9372 3983 3604 9373 4024 3605 9374 3984 3606 9375 3985 3607 9376 4021 3608 9377 4028 3599 9378 3980 3600 9379 4027 3601 9380 4031 3588 9381 3976 3587 9382 4030 3590 9383 4035 3586 9384 4002 3585 9385 4034 3592 9386 3981 3602 9387 4026 3609 9388 4027 3601 9389 3981 3602 9390 3982 3603 9391 4026 3609 9392 3982 3603 9393 4024 3605 9394 4025 3610 9395 4023 3611 9396 4024 3605 9397 3983 3604 9398 4025 3610 9399 4026 3609 9400 3982 3603 9401 4022 3612 9402 4023 3611 9403 3984 3606 9404 3984 3606 9405 4023 3611 9406 3983 3604 9407 3984 3606 9408 4021 3608 9409 4022 3612 9410 3988 3613 9411 3989 3614 9412 4016 3615 9413 3989 3614 9414 3990 3616 9415 4015 3617 9416 3985 3607 9417 4020 3618 9418 4021 3608 9419 3986 3619 9420 4020 3618 9421 3985 3607 9422 3986 3619 9423 3987 3620 9424 4019 3621 9425 4017 3622 9426 3987 3620 9427 3988 3613 9428 3988 3613 9429 4016 3615 9430 4017 3622 9431 3991 3623 9432 4015 3617 9433 3990 3616 9434 4017 3622 9435 4018 3624 9436 3987 3620 9437 4013 3625 9438 3991 3623 9439 3992 3626 9440 3993 3627 9441 4012 3628 9442 3992 3626 9443 4011 3629 9444 3993 3627 9445 3994 3630 9446 4014 3631 9447 3991 3623 9448 4013 3625 9449 4012 3628 9450 4013 3625 9451 3992 3626 9452 3996 3632 9453 4008 3633 9454 3995 3634 9455 3996 3632 9456 3997 3635 9457 4007 3636 9458 4006 3637 9459 3997 3635 9460 3998 3638 9461 3999 3639 9462 4000 3640 9463 3998 3638 9464 4015 3617 9465 4016 3615 9466 3989 3614 9467 4014 3631 9468 4015 3617 9469 3991 3623 9470 3993 3627 9471 4011 3629 9472 4012 3628 9473 4018 3624 9474 4019 3621 9475 3987 3620 9476 3986 3619 9477 4019 3621 9478 4020 3618 9479 3994 3630 9480 4010 3641 9481 4011 3629 9482 4009 3642 9483 4010 3641 9484 3994 3630 9485 3995 3634 9486 4009 3642 9487 3994 3630 9488 3995 3634 9489 4008 3633 9490 4009 3642 9491 3996 3632 9492 4007 3636 9493 4008 3633 9494 3997 3635 9495 4006 3637 9496 4007 3636 9497 3998 3638 9498 4005 3643 9499 4006 3637 9500 4000 3640 9501 4005 3643 9502 3998 3638 9503 4039 3644 9504 4037 3644 9505 4036 3645 9506 4044 3646 9507 4041 3647 9508 4040 3648 9509 4044 3646 9510 4043 3649 9511 4041 3647 9512 4042 3650 9513 4041 3647 9514 4043 3649 9515 4048 3651 9516 4045 3652 9517 4046 3653 9518 4047 3654 9519 4046 3653 9520 4045 3652 9521 4051 3655 9522 4050 3656 9523 4049 3657 9524 4055 3658 9525 4053 3659 9526 4056 3660 9527 4054 3661 9528 4053 3659 9529 4055 3658 9530 4059 3662 9531 4058 3663 9532 4060 3664 9533 4060 3664 9534 4058 3663 9535 4057 3665 9536 4118 3666 9537 4065 3667 9538 4066 3668 9539 4116 3669 9540 4067 3670 9541 4068 3671 9542 4115 3672 9543 4068 3671 9544 4069 3673 9545 4067 3670 9546 4117 3674 9547 4066 3668 9548 4120 3675 9549 4063 3676 9550 4064 3677 9551 4064 3677 9552 4065 3667 9553 4119 3678 9554 4069 3673 9555 4070 3679 9556 4115 3672 9557 4070 3679 9558 4071 3680 9559 4114 3681 9560 4076 3682 9561 4077 3683 9562 4109 3684 9563 4079 3685 9564 4107 3686 9565 4078 3687 9566 4077 3683 9567 4078 3687 9568 4108 3688 9569 4073 3689 9570 4074 3690 9571 4112 3691 9572 4076 3682 9573 4110 3692 9574 4075 3693 9575 4075 3693 9576 4111 3694 9577 4074 3690 9578 4119 3678 9579 4120 3675 9580 4064 3677 9581 4065 3667 9582 4118 3666 9583 4119 3678 9584 4116 3669 9585 4117 3674 9586 4067 3670 9587 4068 3671 9588 4115 3672 9589 4116 3669 9590 4114 3681 9591 4115 3672 9592 4070 3679 9593 4066 3668 9594 4117 3674 9595 4118 3666 9596 4071 3680 9597 4072 3695 9598 4113 3696 9599 4072 3695 9600 4073 3689 9601 4112 3691 9602 4110 3692 9603 4076 3682 9604 4109 3684 9605 4109 3684 9606 4077 3683 9607 4108 3688 9608 4108 3688 9609 4078 3687 9610 4107 3686 9611 4079 3685 9612 4106 3697 9613 4107 3686 9614 4113 3696 9615 4114 3681 9616 4071 3680 9617 4113 3696 9618 4072 3695 9619 4112 3691 9620 4075 3693 9621 4110 3692 9622 4111 3694 9623 4112 3691 9624 4074 3690 9625 4111 3694 9626 4079 3685 9627 4080 3698 9628 4106 3697 9629 4081 3699 9630 4105 3700 9631 4080 3698 9632 4082 3701 9633 4104 3702 9634 4081 3699 9635 4083 3703 9636 4103 3704 9637 4082 3701 9638 4084 3705 9639 4101 3706 9640 4083 3703 9641 4093 3707 9642 4094 3708 9643 4092 3709 9644 4096 3710 9645 4090 3711 9646 4091 3712 9647 4089 3713 9648 4090 3711 9649 4097 3714 9650 4088 3715 9651 4089 3713 9652 4097 3714 9653 4088 3715 9654 4098 3716 9655 4087 3717 9656 4095 3718 9657 4091 3712 9658 4092 3709 9659 4062 3719 9660 4093 3707 9661 4061 3720 9662 4106 3697 9663 4080 3698 9664 4105 3700 9665 4086 3721 9666 4100 3722 9667 4085 3723 9668 4083 3703 9669 4102 3724 9670 4103 3704 9671 4104 3702 9672 4105 3700 9673 4081 3699 9674 4104 3702 9675 4082 3701 9676 4103 3704 9677 4101 3706 9678 4084 3705 9679 4085 3723 9680 4101 3706 9681 4085 3723 9682 4100 3722 9683 4101 3706 9684 4102 3724 9685 4083 3703 9686 4086 3721 9687 4099 3725 9688 4100 3722 9689 4086 3721 9690 4087 3717 9691 4099 3725 9692 4091 3712 9693 4095 3718 9694 4096 3710 9695 4093 3707 9696 4062 3719 9697 4094 3708 9698 4095 3718 9699 4092 3709 9700 4094 3708 9701 4099 3725 9702 4087 3717 9703 4098 3716 9704 4098 3716 9705 4088 3715 9706 4097 3714 9707 4090 3711 9708 4096 3710 9709 4097 3714 9710 4121 3726 9711 4123 3727 9712 4122 3728 9713 4129 3729 9714 4125 3730 9715 4128 3731 9716 4129 3729 9717 4128 3731 9718 4127 3732 9719 4127 3732 9720 4126 3733 9721 4129 3729 9722 4132 3734 9723 4134 3735 9724 4135 3736 9725 4133 3737 9726 4135 3736 9727 4134 3735 9728 4138 3738 9729 4137 3739 9730 4140 3740 9731 4139 3741 9732 4138 3738 9733 4140 3740 9734 4136 3742 9735 4139 3741 9736 4140 3740 9737 4144 3743 9738 4143 3744 9739 4142 3745 9740 4145 3746 9741 4151 3747 9742 4146 3748 9743 4151 3747 9744 4150 3749 9745 4146 3748 9746 4147 3750 9747 4146 3748 9748 4150 3749 9749 4148 3751 9750 4147 3750 9751 4150 3749 9752 4155 3752 9753 4153 3753 9754 4152 3754 9755 4162 3755 9756 4214 3756 9757 4161 3757 9758 4217 3758 9759 4218 3759 9760 4219 3760 9761 4219 3760 9762 4161 3757 9763 4215 3761 9764 4164 3762 9765 4212 3763 9766 4163 3764 9767 4214 3756 9768 4162 3755 9769 4163 3764 9770 4211 3765 9771 4164 3762 9772 4165 3766 9773 4209 3767 9774 4210 3768 9775 4166 3769 9776 4165 3766 9777 4166 3769 9778 4210 3768 9779 4206 3770 9780 4168 3771 9781 4169 3772 9782 4207 3773 9783 4167 3774 9784 4168 3771 9785 4204 3775 9786 4170 3776 9787 4171 3777 9788 4171 3777 9789 4172 3778 9790 4203 3779 9791 4205 3780 9792 4169 3772 9793 4170 3776 9794 4202 3781 9795 4172 3778 9796 4173 3782 9797 4209 3767 9798 4167 3774 9799 4208 3783 9800 4166 3769 9801 4167 3774 9802 4209 3767 9803 4216 3784 9804 4217 3758 9805 4219 3760 9806 4214 3756 9807 4215 3761 9808 4161 3757 9809 4211 3765 9810 4212 3763 9811 4164 3762 9812 4211 3765 9813 4165 3766 9814 4210 3768 9815 4213 3785 9816 4163 3764 9817 4212 3763 9818 4216 3784 9819 4219 3760 9820 4215 3761 9821 4214 3756 9822 4163 3764 9823 4213 3785 9824 4168 3771 9825 4206 3770 9826 4207 3773 9827 4207 3773 9828 4208 3783 9829 4167 3774 9830 4169 3772 9831 4205 3780 9832 4206 3770 9833 4203 3779 9834 4204 3775 9835 4171 3777 9836 4205 3780 9837 4170 3776 9838 4204 3775 9839 4203 3779 9840 4172 3778 9841 4202 3781 9842 4202 3781 9843 4173 3782 9844 4201 3786 9845 4176 3787 9846 4199 3788 9847 4175 3789 9848 4196 3790 9849 4178 3791 9850 4179 3792 9851 4197 3793 9852 4177 3794 9853 4178 3791 9854 4200 3795 9855 4174 3796 9856 4175 3789 9857 4177 3794 9858 4198 3797 9859 4176 3787 9860 4174 3796 9861 4201 3786 9862 4173 3782 9863 4179 3792 9864 4180 3798 9865 4195 3799 9866 4196 3790 9867 4179 3792 9868 4195 3799 9869 4195 3799 9870 4180 3798 9871 4194 3800 9872 4194 3800 9873 4180 3798 9874 4181 3801 9875 4181 3801 9876 4182 3802 9877 4193 3803 9878 4191 3804 9879 4182 3802 9880 4183 3805 9881 4194 3800 9882 4181 3801 9883 4193 3803 9884 4185 3806 9885 4190 3807 9886 4183 3805 9887 4184 3808 9888 4188 3809 9889 4185 3806 9890 4159 3810 9891 4160 3811 9892 4186 3812 9893 4187 3813 9894 4184 3808 9895 4159 3810 9896 4198 3797 9897 4199 3788 9898 4176 3787 9899 4198 3797 9900 4177 3794 9901 4197 3793 9902 4196 3790 9903 4197 3793 9904 4178 3791 9905 4175 3789 9906 4199 3788 9907 4200 3795 9908 4201 3786 9909 4174 3796 9910 4200 3795 9911 4193 3803 9912 4182 3802 9913 4192 3814 9914 4192 3814 9915 4182 3802 9916 4191 3804 9917 4186 3812 9918 4187 3813 9919 4159 3810 9920 4189 3815 9921 4185 3806 9922 4188 3809 9923 4191 3804 9924 4183 3805 9925 4190 3807 9926 4185 3806 9927 4189 3815 9928 4190 3807 9929 4187 3813 9930 4188 3809 9931 4184 3808 9932 4223 3816 9933 4225 3817 9934 4224 3818 9935 4226 3819 9936 4227 3820 9937 4228 3821 9938 4238 3822 9939 4234 3823 9940 4235 3824 9941 4238 3822 9942 4229 3825 9943 4237 3826 9944 4238 3822 9945 4237 3826 9946 4234 3823 9947 4230 3827 9948 4236 3828 9949 4237 3826 9950 4230 3827 9951 4237 3826 9952 4229 3825 9953 4230 3827 9954 4231 3829 9955 4233 3830 9956 4232 3831 9957 4233 3830 9958 4231 3829 9959 4233 3830 9960 4236 3828 9961 4230 3827 9962 4239 3832 9963 4240 3833 9964 4242 3834 9965 4245 3835 9966 4247 3836 9967 4248 3837 9968 4301 3838 9969 4250 3839 9970 4251 3840 9971 4252 3841 9972 4300 3842 9973 4251 3840 9974 4248 3837 9975 4249 3843 9976 4245 3835 9977 4253 3844 9978 4299 3845 9979 4252 3841 9980 4253 3844 9981 4254 3846 9982 4298 3847 9983 4302 3848 9984 4249 3843 9985 4250 3839 9986 4260 3849 9987 4294 3850 9988 4259 3851 9989 4262 3852 9990 4292 3853 9991 4261 3854 9992 4260 3849 9993 4261 3854 9994 4293 3855 9995 4259 3851 9996 4296 3856 9997 4258 3857 9998 4257 3858 9999 4297 3859 10000 4256 3860 10001 4258 3857 10002 4296 3856 10003 4257 3858 10004 4245 3835 10005 4246 3861 10006 4247 3836 10007 4300 3842 10008 4301 3838 10009 4251 3840 10010 4255 3862 10011 4303 3863 10012 4254 3846 10013 4249 3843 10014 4302 3848 10015 4245 3835 10016 4301 3838 10017 4302 3848 10018 4250 3839 10019 4299 3845 10020 4300 3842 10021 4252 3841 10022 4299 3845 10023 4253 3844 10024 4298 3847 10025 4303 3863 10026 4298 3847 10027 4254 3846 10028 4255 3862 10029 4256 3860 10030 4303 3863 10031 4297 3859 10032 4257 3858 10033 4296 3856 10034 4303 3863 10035 4256 3860 10036 4297 3859 10037 4259 3851 10038 4295 3864 10039 4296 3856 10040 4295 3864 10041 4259 3851 10042 4294 3850 10043 4293 3855 10044 4294 3850 10045 4260 3849 10046 4261 3854 10047 4292 3853 10048 4293 3855 10049 4292 3853 10050 4262 3852 10051 4291 3865 10052 4262 3852 10053 4263 3866 10054 4291 3865 10055 4291 3865 10056 4263 3866 10057 4264 3867 10058 4265 3868 10059 4266 3869 10060 4289 3870 10061 4288 3871 10062 4266 3869 10063 4267 3872 10064 4286 3873 10065 4267 3872 10066 4268 3874 10067 4269 3875 10068 4285 3876 10069 4268 3874 10070 4270 3877 10071 4284 3878 10072 4269 3875 10073 4264 3867 10074 4265 3868 10075 4290 3879 10076 4274 3880 10077 4275 3881 10078 4280 3882 10079 4279 3883 10080 4276 3884 10081 4277 3885 10082 4277 3885 10083 4243 3886 10084 4244 3887 10085 4272 3888 10086 4273 3889 10087 4282 3890 10088 4272 3888 10089 4283 3891 10090 4271 3892 10091 4275 3881 10092 4276 3884 10093 4279 3883 10094 4274 3880 10095 4281 3893 10096 4273 3889 10097 4288 3871 10098 4267 3872 10099 4287 3894 10100 4286 3873 10101 4287 3894 10102 4267 3872 10103 4286 3873 10104 4268 3874 10105 4285 3876 10106 4285 3876 10107 4269 3875 10108 4284 3878 10109 4265 3868 10110 4289 3870 10111 4290 3879 10112 4291 3865 10113 4264 3867 10114 4290 3879 10115 4288 3871 10116 4289 3870 10117 4266 3869 10118 4280 3882 10119 4281 3893 10120 4274 3880 10121 4281 3893 10122 4282 3890 10123 4273 3889 10124 4275 3881 10125 4279 3883 10126 4280 3882 10127 4279 3883 10128 4277 3885 10129 4278 3895 10130 4244 3887 10131 4278 3895 10132 4277 3885 10133 4283 3891 10134 4284 3878 10135 4271 3892 10136 4271 3892 10137 4284 3878 10138 4270 3877 10139 4272 3888 10140 4282 3890 10141 4283 3891 10142 4307 3896 10143 4306 3897 10144 4308 3898 10145 4305 3899 10146 4308 3898 10147 4306 3897 10148 4308 3898 10149 4305 3899 10150 4304 3900 10151 4337 3901 10152 4309 3902 10153 4365 3903 10154 4312 3904 10155 4363 3905 10156 4311 3906 10157 4309 3902 10158 4310 3907 10159 4364 3908 10160 4362 3909 10161 4363 3905 10162 4312 3904 10163 4335 3910 10164 4368 3911 10165 4338 3912 10166 4368 3911 10167 4335 3910 10168 4336 3913 10169 4336 3913 10170 4367 3914 10171 4368 3911 10172 4367 3914 10173 4336 3913 10174 4337 3901 10175 4367 3914 10176 4337 3901 10177 4366 3915 10178 4337 3901 10179 4365 3903 10180 4366 3915 10181 4311 3906 10182 4364 3908 10183 4310 3907 10184 4363 3905 10185 4364 3908 10186 4311 3906 10187 4361 3916 10188 4313 3917 10189 4314 3918 10190 4315 3919 10191 4361 3916 10192 4314 3918 10193 4362 3909 10194 4312 3904 10195 4313 3917 10196 4316 3920 10197 4317 3921 10198 4358 3922 10199 4319 3923 10200 4355 3924 10201 4318 3925 10202 4360 3926 10203 4361 3916 10204 4315 3919 10205 4364 3908 10206 4365 3903 10207 4309 3902 10208 4362 3909 10209 4313 3917 10210 4361 3916 10211 4315 3919 10212 4316 3920 10213 4360 3926 10214 4359 3927 10215 4360 3926 10216 4316 3920 10217 4358 3922 10218 4359 3927 10219 4316 3920 10220 4317 3921 10221 4318 3925 10222 4357 3928 10223 4357 3928 10224 4358 3922 10225 4317 3921 10226 4356 3929 10227 4357 3928 10228 4318 3925 10229 4319 3923 10230 4354 3930 10231 4355 3924 10232 4355 3924 10233 4356 3929 10234 4318 3925 10235 4322 3931 10236 4323 3932 10237 4350 3933 10238 4323 3932 10239 4324 3934 10240 4349 3935 10241 4354 3930 10242 4319 3923 10243 4320 3936 10244 4351 3937 10245 4352 3938 10246 4321 3939 10247 4321 3939 10248 4353 3940 10249 4320 3936 10250 4321 3939 10251 4322 3931 10252 4351 3937 10253 4351 3937 10254 4322 3931 10255 4350 3933 10256 4348 3941 10257 4324 3934 10258 4325 3942 10259 4326 3943 10260 4347 3944 10261 4325 3942 10262 4346 3945 10263 4326 3943 10264 4327 3946 10265 4328 3947 10266 4345 3948 10267 4327 3946 10268 4328 3947 10269 4329 3949 10270 4343 3950 10271 4331 3951 10272 4341 3952 10273 4330 3953 10274 4348 3941 10275 4325 3942 10276 4347 3944 10277 4346 3945 10278 4347 3944 10279 4326 3943 10280 4340 3954 10281 4331 3951 10282 4332 3955 10283 4339 3956 10284 4332 3955 10285 4333 3957 10286 4323 3932 10287 4349 3935 10288 4350 3933 10289 4349 3935 10290 4324 3934 10291 4348 3941 10292 4327 3946 10293 4345 3948 10294 4346 3945 10295 4353 3940 10296 4321 3939 10297 4352 3938 10298 4353 3940 10299 4354 3930 10300 4320 3936 10301 4344 3958 10302 4345 3948 10303 4328 3947 10304 4329 3949 10305 4342 3959 10306 4343 3950 10307 4330 3953 10308 4341 3952 10309 4342 3959 10310 4330 3953 10311 4342 3959 10312 4329 3949 10313 4340 3954 10314 4341 3952 10315 4331 3951 10316 4332 3955 10317 4339 3956 10318 4340 3954 10319 4333 3957 10320 4334 3960 10321 4339 3956 10322 4343 3950 10323 4344 3958 10324 4328 3947 10325 4369 3961 10326 4375 3962 10327 4370 3963 10328 4371 3964 10329 4370 3963 10330 4375 3962 10331 4374 3965 10332 4372 3966 10333 4371 3964 10334 4371 3964 10335 4375 3962 10336 4374 3965 10337 4373 3967 10338 4372 3966 10339 4374 3965 10340 4442 3968 10341 4381 3969 10342 4382 3970 10343 4382 3970 10344 4383 3971 10345 4441 3972 10346 4384 3973 10347 4385 3974 10348 4438 3975 10349 4384 3973 10350 4439 3976 10351 4383 3971 10352 4437 3977 10353 4386 3978 10354 4387 3979 10355 4387 3979 10356 4388 3980 10357 4436 3981 10358 4438 3975 10359 4385 3974 10360 4386 3978 10361 4393 3982 10362 4394 3983 10363 4430 3984 10364 4394 3983 10365 4395 3985 10366 4429 3986 10367 4395 3985 10368 4396 3987 10369 4428 3988 10370 4393 3982 10371 4431 3989 10372 4392 3990 10373 4391 3991 10374 4433 3992 10375 4390 3993 10376 4392 3990 10377 4432 3994 10378 4391 3991 10379 4397 3995 10380 4427 3996 10381 4396 3987 10382 4383 3971 10383 4440 3997 10384 4441 3972 10385 4441 3972 10386 4442 3968 10387 4382 3970 10388 4439 3976 10389 4440 3997 10390 4383 3971 10391 4389 3998 10392 4435 3999 10393 4388 3980 10394 4389 3998 10395 4434 4000 10396 4435 3999 10397 4389 3998 10398 4390 3993 10399 4434 4000 10400 4442 3968 10401 4380 4001 10402 4381 3969 10403 4437 3977 10404 4438 3975 10405 4386 3978 10406 4437 3977 10407 4387 3979 10408 4436 3981 10409 4436 3981 10410 4388 3980 10411 4435 3999 10412 4439 3976 10413 4384 3973 10414 4438 3975 10415 4433 3992 10416 4391 3991 10417 4432 3994 10418 4432 3994 10419 4392 3990 10420 4431 3989 10421 4431 3989 10422 4393 3982 10423 4430 3984 10424 4430 3984 10425 4394 3983 10426 4429 3986 10427 4395 3985 10428 4428 3988 10429 4429 3986 10430 4427 3996 10431 4428 3988 10432 4396 3987 10433 4390 3993 10434 4433 3992 10435 4434 4000 10436 4427 3996 10437 4397 3995 10438 4426 4002 10439 4425 4003 10440 4397 3995 10441 4398 4004 10442 4399 4005 10443 4424 4006 10444 4398 4004 10445 4423 4007 10446 4399 4005 10447 4400 4008 10448 4400 4008 10449 4401 4009 10450 4423 4007 10451 4421 4010 10452 4402 4011 10453 4403 4012 10454 4402 4011 10455 4422 4013 10456 4401 4009 10457 4403 4012 10458 4404 4014 10459 4421 4010 10460 4420 4015 10461 4404 4014 10462 4405 4016 10463 4418 4017 10464 4407 4018 10465 4408 4019 10466 4415 4020 10467 4410 4021 10468 4411 4022 10469 4409 4023 10470 4417 4024 10471 4408 4019 10472 4418 4017 10473 4406 4025 10474 4407 4018 10475 4405 4016 10476 4406 4025 10477 4419 4026 10478 4416 4027 10479 4409 4023 10480 4410 4021 10481 4411 4022 10482 4378 4028 10483 4414 4029 10484 4410 4021 10485 4415 4020 10486 4416 4027 10487 4398 4004 10488 4424 4006 10489 4425 4003 10490 4426 4002 10491 4397 3995 10492 4425 4003 10493 4423 4007 10494 4424 4006 10495 4399 4005 10496 4402 4011 10497 4421 4010 10498 4422 4013 10499 4422 4013 10500 4423 4007 10501 4401 4009 10502 4421 4010 10503 4404 4014 10504 4420 4015 10505 4414 4029 10506 4415 4020 10507 4411 4022 10508 4417 4024 10509 4409 4023 10510 4416 4027 10511 4419 4026 10512 4420 4015 10513 4405 4016 10514 4406 4025 10515 4418 4017 10516 4419 4026 10517 4412 4030 10518 4378 4028 10519 4379 4031 10520 4412 4030 10521 4414 4029 10522 4378 4028 10523 4417 4024 10524 4418 4017 10525 4408 4019 10526 4443 4032 10527 4446 4033 10528 4444 4034 10529 4451 4035 10530 4448 4036 10531 4447 4037 10532 4451 4035 10533 4450 4038 10534 4448 4036 10535 4448 4036 10536 4450 4038 10537 4449 4039 10538 4456 4040 10539 4453 4041 10540 4452 4042 10541 4456 4040 10542 4455 4043 10543 4453 4041 10544 4454 4044 10545 4453 4041 10546 4455 4043 10547 4460 4045 10548 4458 4046 10549 4457 4047 10550 4464 4048 10551 4462 4049 10552 4461 4050 10553 4463 4051 10554 4462 4049 10555 4464 4048 10556 4471 4052 10557 4469 4053 10558 4467 4054 10559 4469 4053 10560 4466 4055 10561 4467 4054 10562 4468 4056 10563 4467 4054 10564 4466 4055 10565 4466 4055 10566 4465 4057 10567 4468 4056 10568 4472 4058 10569 4474 4059 10570 4473 4060 10571 4476 4061 10572 4475 4062 10573 4477 4063 10574 4479 4064 10575 4478 4065 10576 4481 4066 10577 4480 4067 10578 4479 4064 10579 4481 4066 10580 4483 4068 10581 4482 4069 10582 4485 4070 10583 4484 4071 10584 4483 4068 10585 4485 4070 10586 4489 4072 10587 4487 4073 10588 4486 4074 10589 4488 4075 10590 4487 4073 10591 4489 4072 10592 4491 4076 10593 4490 4077 10594 4493 4078 10595 4493 4078 10596 4492 4079 10597 4491 4076 10598 4497 4080 10599 4495 4081 10600 4494 4082 10601 4496 4083 10602 4495 4081 10603 4497 4080 10604 4501 4084 10605 4555 4085 10606 4500 4086 10607 4502 4087 10608 4554 4088 10609 4501 4084 10610 4551 4089 10611 4503 4090 10612 4504 4091 10613 4505 4092 10614 4550 4093 10615 4504 4091 10616 4503 4090 10617 4552 4094 10618 4502 4087 10619 4556 4095 10620 4557 4096 10621 4558 4097 10622 4558 4097 10623 4500 4086 10624 4555 4085 10625 4556 4095 10626 4558 4097 10627 4555 4085 10628 4554 4088 10629 4555 4085 10630 4501 4084 10631 4502 4087 10632 4553 4098 10633 4554 4088 10634 4553 4098 10635 4502 4087 10636 4552 4094 10637 4551 4089 10638 4504 4091 10639 4550 4093 10640 4551 4089 10641 4552 4094 10642 4503 4090 10643 4505 4092 10644 4506 4099 10645 4549 4100 10646 4542 4101 10647 4511 4102 10648 4512 4103 10649 4510 4104 10650 4511 4102 10651 4543 4105 10652 4506 4099 10653 4507 4106 10654 4548 4107 10655 4550 4093 10656 4505 4092 10657 4549 4100 10658 4548 4107 10659 4549 4100 10660 4506 4099 10661 4513 4108 10662 4542 4101 10663 4512 4103 10664 4546 4109 10665 4507 4106 10666 4508 4110 10667 4546 4109 10668 4508 4110 10669 4509 4111 10670 4544 4112 10671 4509 4111 10672 4510 4104 10673 4548 4107 10674 4507 4106 10675 4547 4113 10676 4507 4106 10677 4546 4109 10678 4547 4113 10679 4509 4111 10680 4545 4114 10681 4546 4109 10682 4544 4112 10683 4545 4114 10684 4509 4111 10685 4513 4108 10686 4541 4115 10687 4542 4101 10688 4544 4112 10689 4510 4104 10690 4543 4105 10691 4511 4102 10692 4542 4101 10693 4543 4105 10694 4516 4116 10695 4538 4117 10696 4515 4118 10697 4537 4119 10698 4516 4116 10699 4517 4120 10700 4518 4121 10701 4536 4122 10702 4517 4120 10703 4540 4123 10704 4541 4115 10705 4513 4108 10706 4540 4123 10707 4513 4108 10708 4514 4124 10709 4539 4125 10710 4514 4124 10711 4515 4118 10712 4540 4123 10713 4514 4124 10714 4539 4125 10715 4538 4117 10716 4539 4125 10717 4515 4118 10718 4537 4119 10719 4517 4120 10720 4536 4122 10721 4519 4126 10722 4535 4127 10723 4518 4121 10724 4534 4128 10725 4535 4127 10726 4519 4126 10727 4534 4128 10728 4519 4126 10729 4520 4129 10730 4522 4130 10731 4532 4131 10732 4521 4132 10733 4528 4133 10734 4524 4134 10735 4525 4135 10736 4534 4128 10737 4520 4129 10738 4521 4132 10739 4531 4136 10740 4522 4130 10741 4559 4137 10742 4532 4131 10743 4533 4138 10744 4521 4132 10745 4532 4131 10746 4522 4130 10747 4531 4136 10748 4529 4139 10749 4523 4140 10750 4524 4134 10751 4499 4141 10752 4526 4142 10753 4498 4143 10754 4537 4119 10755 4538 4117 10756 4516 4116 10757 4536 4122 10758 4518 4121 10759 4535 4127 10760 4521 4132 10761 4533 4138 10762 4534 4128 10763 4559 4137 10764 4530 4144 10765 4531 4136 10766 4523 4140 10767 4530 4144 10768 4559 4137 10769 4524 4134 10770 4528 4133 10771 4529 4139 10772 4498 4143 10773 4527 4145 10774 4525 4135 10775 4529 4139 10776 4530 4144 10777 4523 4140 10778 4528 4133 10779 4525 4135 10780 4527 4145 10781 4527 4145 10782 4498 4143 10783 4526 4142 10784 4568 4146 10785 4567 4147 10786 4562 4148 10787 4568 4146 10788 4569 4149 10789 4567 4147 10790 4569 4149 10791 4566 4150 10792 4567 4147 10793 4566 4150 10794 4569 4149 10795 4563 4151 10796 4566 4150 10797 4563 4151 10798 4564 4152 10799 4581 4153 10800 4631 4154 10801 4580 4155 10802 4631 4154 10803 4581 4153 10804 4582 4156 10805 4634 4157 10806 4578 4158 10807 4579 4159 10808 4634 4157 10809 4577 4160 10810 4578 4158 10811 4579 4159 10812 4580 4155 10813 4632 4161 10814 4630 4162 10815 4582 4156 10816 4583 4163 10817 4629 4164 10818 4583 4163 10819 4584 4165 10820 4624 4166 10821 4589 4167 10822 4590 4168 10823 4622 4169 10824 4591 4170 10825 4592 4171 10826 4590 4168 10827 4591 4170 10828 4623 4172 10829 4587 4173 10830 4588 4174 10831 4626 4175 10832 4588 4174 10833 4589 4167 10834 4626 4175 10835 4576 4176 10836 4577 4160 10837 4634 4157 10838 4579 4159 10839 4633 4177 10840 4634 4157 10841 4585 4178 10842 4628 4179 10843 4584 4165 10844 4580 4155 10845 4631 4154 10846 4632 4161 10847 4579 4159 10848 4632 4161 10849 4633 4177 10850 4630 4162 10851 4631 4154 10852 4582 4156 10853 4583 4163 10854 4629 4164 10855 4630 4162 10856 4628 4179 10857 4629 4164 10858 4584 4165 10859 4585 4178 10860 4586 4180 10861 4628 4179 10862 4626 4175 10863 4627 4181 10864 4587 4173 10865 4628 4179 10866 4586 4180 10867 4627 4181 10868 4626 4175 10869 4589 4167 10870 4625 4182 10871 4589 4167 10872 4624 4166 10873 4625 4182 10874 4624 4166 10875 4590 4168 10876 4623 4172 10877 4623 4172 10878 4591 4170 10879 4622 4169 10880 4587 4173 10881 4627 4181 10882 4586 4180 10883 4593 4183 10884 4621 4184 10885 4592 4171 10886 4594 4185 10887 4621 4184 10888 4593 4183 10889 4595 4186 10890 4596 4187 10891 4619 4188 10892 4618 4189 10893 4596 4187 10894 4597 4190 10895 4598 4191 10896 4617 4192 10897 4597 4190 10898 4598 4191 10899 4599 4193 10900 4617 4192 10901 4616 4194 10902 4599 4193 10903 4600 4195 10904 4620 4196 10905 4594 4185 10906 4595 4186 10907 4605 4197 10908 4606 4198 10909 4611 4199 10910 4609 4200 10911 4607 4201 10912 4608 4202 10913 4608 4202 10914 4574 4203 10915 4609 4200 10916 4602 4204 10917 4603 4205 10918 4614 4206 10919 4613 4207 10920 4603 4205 10921 4604 4208 10922 4605 4197 10923 4612 4209 10924 4604 4208 10925 4606 4198 10926 4607 4201 10927 4610 4210 10928 4619 4188 10929 4620 4196 10930 4595 4186 10931 4619 4188 10932 4596 4187 10933 4618 4189 10934 4601 4211 10935 4615 4212 10936 4600 4195 10937 4597 4190 10938 4617 4192 10939 4618 4189 10940 4622 4169 10941 4592 4171 10942 4621 4184 10943 4594 4185 10944 4620 4196 10945 4621 4184 10946 4616 4194 10947 4600 4195 10948 4615 4212 10949 4599 4193 10950 4616 4194 10951 4617 4192 10952 4615 4212 10953 4601 4211 10954 4614 4206 10955 4601 4211 10956 4602 4204 10957 4614 4206 10958 4612 4209 10959 4613 4207 10960 4604 4208 10961 4605 4197 10962 4611 4199 10963 4612 4209 10964 4610 4210 10965 4611 4199 10966 4606 4198 10967 4610 4210 10968 4607 4201 10969 4609 4200 10970 4613 4207 10971 4614 4206 10972 4603 4205 10973 4609 4200 10974 4574 4203 10975 4575 4213 10976 4640 4214 10977 4639 4215 10978 4637 4216 10979 4638 4217 10980 4637 4216 10981 4639 4215 10982 4640 4214 10983 4636 4218 10984 4635 4219 10985 4637 4216 10986 4636 4218 10987 4640 4214 10988 4646 4220 10989 4696 4221 10990 4645 4222 10991 4645 4222 10992 4697 4223 10993 4644 4224 10994 4700 4225 10995 4642 4226 10996 4643 4227 10997 4702 4228 10998 4669 4229 10999 4670 4230 11000 4701 4231 11001 4641 4232 11002 4642 4226 11003 4641 4232 11004 4702 4228 11005 4670 4230 11006 4696 4221 11007 4646 4220 11008 4695 4233 11009 4698 4234 11010 4643 4227 11011 4644 4224 11012 4695 4233 11013 4646 4220 11014 4647 4235 11015 4648 4236 11016 4693 4237 11017 4647 4235 11018 4648 4236 11019 4649 4238 11020 4692 4239 11021 4692 4239 11022 4649 4238 11023 4650 4240 11024 4654 4241 11025 4687 4242 11026 4653 4243 11027 4650 4240 11028 4651 4244 11029 4690 4245 11030 4689 4246 11031 4651 4244 11032 4652 4247 11033 4688 4248 11034 4652 4247 11035 4653 4243 11036 4695 4233 11037 4647 4235 11038 4694 4249 11039 4642 4226 11040 4700 4225 11041 4701 4231 11042 4644 4224 11043 4697 4223 11044 4698 4234 11045 4645 4222 11046 4696 4221 11047 4697 4223 11048 4641 4232 11049 4701 4231 11050 4702 4228 11051 4669 4229 11052 4702 4228 11053 4671 4250 11054 4643 4227 11055 4698 4234 11056 4699 4251 11057 4700 4225 11058 4643 4227 11059 4699 4251 11060 4692 4239 11061 4693 4237 11062 4648 4236 11063 4694 4249 11064 4647 4235 11065 4693 4237 11066 4690 4245 11067 4651 4244 11068 4689 4246 11069 4691 4252 11070 4650 4240 11071 4690 4245 11072 4650 4240 11073 4691 4252 11074 4692 4239 11075 4688 4248 11076 4689 4246 11077 4652 4247 11078 4687 4242 11079 4688 4248 11080 4653 4243 11081 4654 4241 11082 4655 4253 11083 4686 4254 11084 4682 4255 11085 4657 4256 11086 4658 4257 11087 4680 4258 11088 4658 4257 11089 4659 4259 11090 4684 4260 11091 4656 4261 11092 4657 4256 11093 4656 4261 11094 4685 4262 11095 4655 4253 11096 4679 4263 11097 4659 4259 11098 4660 4264 11099 4678 4265 11100 4660 4264 11101 4661 4266 11102 4662 4267 11103 4663 4268 11104 4675 4269 11105 4665 4270 11106 4666 4271 11107 4672 4272 11108 4668 4273 11109 4666 4271 11110 4667 4274 11111 4661 4266 11112 4662 4267 11113 4677 4275 11114 4663 4268 11115 4664 4276 11116 4674 4277 11117 4664 4276 11118 4665 4270 11119 4673 4278 11120 4682 4255 11121 4683 4279 11122 4657 4256 11123 4658 4257 11124 4680 4258 11125 4681 4280 11126 4679 4263 11127 4680 4258 11128 4659 4259 11129 4658 4257 11130 4681 4280 11131 4682 4255 11132 4655 4253 11133 4685 4262 11134 4686 4254 11135 4686 4254 11136 4687 4242 11137 4654 4241 11138 4684 4260 11139 4685 4262 11140 4656 4261 11141 4657 4256 11142 4683 4279 11143 4684 4260 11144 4677 4275 11145 4678 4265 11146 4661 4266 11147 4662 4267 11148 4676 4281 11149 4677 4275 11150 4676 4281 11151 4662 4267 11152 4675 4269 11153 4678 4265 11154 4679 4263 11155 4660 4264 11156 4674 4277 11157 4664 4276 11158 4673 4278 11159 4666 4271 11160 4668 4273 11161 4672 4272 11162 4672 4272 11163 4673 4278 11164 4665 4270 11165 4663 4268 11166 4674 4277 11167 4675 4269 11168 4705 4282 11169 4706 4283 11170 4703 4284 11171 4703 4284 11172 4706 4283 11173 4704 4285 11174 4708 4286 11175 4707 4287 11176 4706 4283 11177 4718 4288 11178 4768 4289 11179 4717 4290 11180 4770 4291 11181 4715 4292 11182 4716 4293 11183 4769 4294 11184 4716 4293 11185 4717 4290 11186 4769 4294 11187 4717 4290 11188 4768 4289 11189 4770 4291 11190 4714 4295 11191 4715 4292 11192 4767 4296 11193 4719 4297 11194 4720 4298 11195 4766 4299 11196 4720 4298 11197 4721 4300 11198 4767 4296 11199 4718 4288 11200 4719 4297 11201 4728 4301 11202 4758 4302 11203 4727 4303 11204 4729 4304 11205 4730 4305 11206 4757 4306 11207 4725 4307 11208 4726 4308 11209 4760 4309 11210 4767 4296 11211 4720 4298 11212 4766 4299 11213 4722 4310 11214 4764 4311 11215 4721 4300 11216 4763 4312 11217 4722 4310 11218 4723 4313 11219 4722 4310 11220 4763 4312 11221 4764 4311 11222 4770 4291 11223 4716 4293 11224 4769 4294 11225 4718 4288 11226 4767 4296 11227 4768 4289 11228 4714 4295 11229 4770 4291 11230 4713 4314 11231 4721 4300 11232 4764 4311 11233 4765 4315 11234 4766 4299 11235 4721 4300 11236 4765 4315 11237 4724 4316 11238 4762 4317 11239 4723 4313 11240 4725 4307 11241 4761 4318 11242 4724 4316 11243 4727 4303 11244 4758 4302 11245 4759 4319 11246 4727 4303 11247 4759 4319 11248 4726 4308 11249 4729 4304 11250 4758 4302 11251 4728 4301 11252 4758 4302 11253 4729 4304 11254 4757 4306 11255 4725 4307 11256 4760 4309 11257 4761 4318 11258 4723 4313 11259 4762 4317 11260 4763 4312 11261 4762 4317 11262 4724 4316 11263 4761 4318 11264 4760 4309 11265 4726 4308 11266 4759 4319 11267 4731 4320 11268 4756 4321 11269 4730 4305 11270 4754 4322 11271 4733 4323 11272 4734 4324 11273 4755 4325 11274 4756 4321 11275 4732 4326 11276 4732 4326 11277 4756 4321 11278 4731 4320 11279 4754 4322 11280 4732 4326 11281 4733 4323 11282 4753 4327 11283 4734 4324 11284 4735 4328 11285 4752 4329 11286 4735 4328 11287 4736 4330 11288 4739 4331 11289 4740 4332 11290 4749 4333 11291 4742 4334 11292 4747 4335 11293 4741 4336 11294 4751 4337 11295 4737 4338 11296 4738 4339 11297 4752 4329 11298 4736 4330 11299 4737 4338 11300 4745 4340 11301 4744 4341 11302 4711 4342 11303 4730 4305 11304 4756 4321 11305 4757 4306 11306 4752 4329 11307 4753 4327 11308 4735 4328 11309 4751 4337 11310 4738 4339 11311 4750 4343 11312 4750 4343 11313 4738 4339 11314 4739 4331 11315 4750 4343 11316 4739 4331 11317 4749 4333 11318 4753 4327 11319 4754 4322 11320 4734 4324 11321 4732 4326 11322 4754 4322 11323 4755 4325 11324 4752 4329 11325 4737 4338 11326 4751 4337 11327 4741 4336 11328 4748 4344 11329 4740 4332 11330 4747 4335 11331 4748 4344 11332 4741 4336 11333 4747 4335 11334 4742 4334 11335 4743 4345 11336 4744 4341 11337 4745 4340 11338 4743 4345 11339 4743 4345 11340 4746 4346 11341 4747 4335 11342 4712 4347 11343 4745 4340 11344 4711 4342 11345 4749 4333 11346 4740 4332 11347 4748 4344 11348 4746 4346 11349 4743 4345 11350 4745 4340 11351 4774 4348 11352 4773 4349 11353 4776 4350 11354 4775 4351 11355 4774 4348 11356 4776 4350 11357 4778 4352 11358 4777 4353 11359 4780 4354 11360 4780 4354 11361 4779 4355 11362 4778 4352 11363 4781 4356 11364 4785 4357 11365 4782 4358 11366 4785 4357 11367 4783 4359 11368 4782 4358 11369 4784 4360 11370 4783 4359 11371 4785 4357 11372 4790 4361 11373 4788 4362 11374 4787 4363 11375 4786 4364 11376 4788 4362 11377 4790 4361 11378 4789 4365 11379 4788 4362 11380 4786 4364 11381 4794 4366 11382 4793 4367 11383 4792 4368 11384 4796 4369 11385 4798 4370 11386 4797 4371 11387 4795 4372 11388 4798 4370 11389 4796 4369 11390 4802 4373 11391 4800 4374 11392 4799 4373 11393 4803 4375 11394 4806 4376 11395 4804 4377 11396 4805 4378 11397 4804 4377 11398 4806 4376 11399 4809 4379 11400 4808 4380 11401 4807 4381 11402 4814 4382 11403 4811 4383 11404 4815 4384 11405 4812 4385 11406 4811 4383 11407 4814 4382 11408 4813 4386 11409 4812 4385 11410 4814 4382 11411 4819 4387 11412 4817 4388 11413 4816 4389 11414 4817 4388 11415 4819 4387 11416 4818 4390 11417 4824 4391 11418 4823 4392 11419 4822 4393 11420 4884 4394 11421 4827 4395 11422 4828 4396 11423 4829 4397 11424 4882 4398 11425 4828 4396 11426 4829 4397 11427 4830 4399 11428 4881 4400 11429 4881 4400 11430 4830 4399 11431 4831 4401 11432 4827 4395 11433 4884 4394 11434 4885 4402 11435 4884 4394 11436 4828 4396 11437 4883 4403 11438 4882 4398 11439 4883 4403 11440 4828 4396 11441 4880 4404 11442 4881 4400 11443 4831 4401 11444 4880 4404 11445 4832 4405 11446 4879 4406 11447 4880 4404 11448 4831 4401 11449 4832 4405 11450 4878 4407 11451 4879 4406 11452 4833 4408 11453 4879 4406 11454 4832 4405 11455 4833 4408 11456 4835 4409 11457 4877 4410 11458 4834 4411 11459 4836 4412 11460 4837 4413 11461 4874 4414 11462 4833 4408 11463 4834 4411 11464 4878 4407 11465 4836 4412 11466 4875 4415 11467 4835 4409 11468 4873 4416 11469 4837 4413 11470 4838 4417 11471 4878 4407 11472 4834 4411 11473 4877 4410 11474 4876 4418 11475 4877 4410 11476 4835 4409 11477 4876 4418 11478 4835 4409 11479 4875 4415 11480 4840 4419 11481 4841 4420 11482 4870 4421 11483 4882 4398 11484 4829 4397 11485 4881 4400 11486 4874 4414 11487 4875 4415 11488 4836 4412 11489 4837 4413 11490 4873 4416 11491 4874 4414 11492 4838 4417 11493 4872 4422 11494 4873 4416 11495 4839 4423 11496 4871 4424 11497 4872 4422 11498 4839 4423 11499 4872 4422 11500 4838 4417 11501 4870 4421 11502 4839 4423 11503 4840 4419 11504 4870 4421 11505 4871 4424 11506 4839 4423 11507 4870 4421 11508 4841 4420 11509 4869 4425 11510 4844 4426 11511 4845 4427 11512 4866 4428 11513 4869 4425 11514 4841 4420 11515 4842 4429 11516 4869 4425 11517 4842 4429 11518 4868 4430 11519 4868 4430 11520 4842 4429 11521 4843 4431 11522 4867 4432 11523 4843 4431 11524 4844 4426 11525 4866 4428 11526 4867 4432 11527 4844 4426 11528 4865 4433 11529 4845 4427 11530 4846 4434 11531 4864 4435 11532 4846 4434 11533 4847 4436 11534 4864 4435 11535 4847 4436 11536 4863 4437 11537 4850 4438 11538 4860 4439 11539 4849 4440 11540 4848 4441 11541 4862 4442 11542 4847 4436 11543 4859 4443 11544 4851 4444 11545 4852 4445 11546 4848 4441 11547 4849 4440 11548 4862 4442 11549 4863 4437 11550 4847 4436 11551 4862 4442 11552 4861 4446 11553 4862 4442 11554 4849 4440 11555 4853 4447 11556 4857 4448 11557 4852 4445 11558 4865 4433 11559 4846 4434 11560 4864 4435 11561 4849 4440 11562 4860 4439 11563 4861 4446 11564 4867 4432 11565 4868 4430 11566 4843 4431 11567 4866 4428 11568 4845 4427 11569 4865 4433 11570 4852 4445 11571 4858 4449 11572 4859 4443 11573 4859 4443 11574 4850 4438 11575 4851 4444 11576 4825 4450 11577 4855 4451 11578 4853 4447 11579 4853 4447 11580 4855 4451 11581 4856 4452 11582 4825 4450 11583 4826 4453 11584 4855 4451 11585 4860 4439 11586 4850 4438 11587 4859 4443 11588 4858 4449 11589 4852 4445 11590 4857 4448 11591 4857 4448 11592 4853 4447 11593 4856 4452 11594 4826 4453 11595 4854 4454 11596 4855 4451 11597 4889 4455 11598 4896 4456 11599 4899 4457 11600 4896 4456 11601 4897 4458 11602 4898 4459 11603 4899 4457 11604 4896 4456 11605 4898 4459 11606 4895 4460 11607 4896 4456 11608 4889 4455 11609 4895 4460 11610 4889 4455 11611 4890 4461 11612 4891 4462 11613 4894 4463 11614 4890 4461 11615 4894 4463 11616 4895 4460 11617 4890 4461 11618 4894 4463 11619 4891 4462 11620 4892 4464 11621 4907 4465 11622 4964 4466 11623 4906 4467 11624 4907 4465 11625 4908 4468 11626 4962 4469 11627 4911 4470 11628 4959 4471 11629 4910 4472 11630 4909 4473 11631 4910 4472 11632 4960 4474 11633 4960 4474 11634 4910 4472 11635 4959 4471 11636 4912 4475 11637 4959 4471 11638 4911 4470 11639 4958 4476 11640 4912 4475 11641 4913 4477 11642 4913 4477 11643 4914 4478 11644 4958 4476 11645 4961 4479 11646 4908 4468 11647 4909 4473 11648 4919 4480 11649 4920 4481 11650 4954 4482 11651 4952 4483 11652 4921 4484 11653 4922 4485 11654 4920 4481 11655 4921 4484 11656 4953 4486 11657 4914 4478 11658 4915 4487 11659 4957 4488 11660 4915 4487 11661 4916 4489 11662 4956 4490 11663 4918 4491 11664 4919 4480 11665 4954 4482 11666 4955 4492 11667 4917 4493 11668 4918 4491 11669 4917 4493 11670 4955 4492 11671 4916 4489 11672 4958 4476 11673 4959 4471 11674 4912 4475 11675 4907 4465 11676 4963 4494 11677 4964 4466 11678 4963 4494 11679 4907 4465 11680 4962 4469 11681 4961 4479 11682 4962 4469 11683 4908 4468 11684 4961 4479 11685 4909 4473 11686 4960 4474 11687 4915 4487 11688 4956 4490 11689 4957 4488 11690 4955 4492 11691 4956 4490 11692 4916 4489 11693 4954 4482 11694 4955 4492 11695 4918 4491 11696 4953 4486 11697 4954 4482 11698 4920 4481 11699 4958 4476 11700 4914 4478 11701 4957 4488 11702 4951 4495 11703 4952 4483 11704 4922 4485 11705 4921 4484 11706 4952 4483 11707 4953 4486 11708 4951 4495 11709 4922 4485 11710 4923 4496 11711 4948 4497 11712 4923 4496 11713 4924 4498 11714 4946 4499 11715 4925 4500 11716 4926 4501 11717 4925 4500 11718 4947 4502 11719 4924 4498 11720 4926 4501 11721 4927 4503 11722 4945 4504 11723 4928 4505 11724 4945 4504 11725 4927 4503 11726 4930 4506 11727 4943 4507 11728 4929 4508 11729 4929 4508 11730 4944 4509 11731 4928 4505 11732 4941 4510 11733 4933 4511 11734 4934 4512 11735 4935 4513 11736 4940 4514 11737 4934 4512 11738 4937 4515 11739 4938 4516 11740 4936 4517 11741 4937 4515 11742 4904 4518 11743 4965 4519 11744 4932 4520 11745 4933 4511 11746 4941 4510 11747 4931 4521 11748 4942 4522 11749 4930 4506 11750 4932 4520 11751 4942 4522 11752 4931 4521 11753 4936 4517 11754 4939 4523 11755 4935 4513 11756 4904 4518 11757 4905 4524 11758 4965 4519 11759 4923 4496 11760 4949 4525 11761 4951 4495 11762 4923 4496 11763 4948 4497 11764 4949 4525 11765 4947 4502 11766 4948 4497 11767 4924 4498 11768 4946 4499 11769 4947 4502 11770 4925 4500 11771 4926 4501 11772 4945 4504 11773 4946 4499 11774 4928 4505 11775 4944 4509 11776 4945 4504 11777 4941 4510 11778 4934 4512 11779 4940 4514 11780 4940 4514 11781 4935 4513 11782 4939 4523 11783 4938 4516 11784 4939 4523 11785 4936 4517 11786 4943 4507 11787 4944 4509 11788 4929 4508 11789 4942 4522 11790 4943 4507 11791 4930 4506 11792 4932 4520 11793 4941 4510 11794 4942 4522 11795 4938 4516 11796 4937 4515 11797 4965 4519 11798 4969 4526 11799 4968 4527 11800 4967 4528 11801 4967 4528 11802 4970 4529 11803 4969 4526 11804 4967 4528 11805 4966 4530 11806 4970 4529 11807 4972 4531 11808 5032 4532 11809 4971 4533 11810 4972 4531 11811 4973 4534 11812 5031 4535 11813 4975 4536 11814 5029 4537 11815 4974 4538 11816 4973 4534 11817 4974 4538 11818 5030 4539 11819 5025 4540 11820 4977 4541 11821 4978 4542 11822 4977 4541 11823 5026 4543 11824 4976 4544 11825 4976 4544 11826 5027 4545 11827 4975 4536 11828 4971 4533 11829 5032 4532 11830 5001 4546 11831 5026 4543 11832 4977 4541 11833 5025 4540 11834 5025 4540 11835 4978 4542 11836 5024 4547 11837 4982 4548 11838 5020 4549 11839 4981 4550 11840 5021 4551 11841 4980 4552 11842 4981 4550 11843 5023 4553 11844 4979 4554 11845 4980 4552 11846 4983 4555 11847 5019 4556 11848 4982 4548 11849 4985 4557 11850 5017 4558 11851 4984 4559 11852 4985 4557 11853 4986 4560 11854 5016 4561 11855 5024 4547 11856 4978 4542 11857 4979 4554 11858 5023 4553 11859 5024 4547 11860 4979 4554 11861 4983 4555 11862 4984 4559 11863 5018 4562 11864 4973 4534 11865 5030 4539 11866 5031 4535 11867 4976 4544 11868 5026 4543 11869 5027 4545 11870 5027 4545 11871 5028 4563 11872 4975 4536 11873 5032 4532 11874 4972 4531 11875 5031 4535 11876 5001 4546 11877 5032 4532 11878 5002 4564 11879 5030 4539 11880 4974 4538 11881 5029 4537 11882 5028 4563 11883 5029 4537 11884 4975 4536 11885 5022 4565 11886 5023 4553 11887 4980 4552 11888 5021 4551 11889 5022 4565 11890 4980 4552 11891 5020 4549 11892 5021 4551 11893 4981 4550 11894 5019 4556 11895 5020 4549 11896 4982 4548 11897 5019 4556 11898 4983 4555 11899 5018 4562 11900 5017 4558 11901 4985 4557 11902 5016 4561 11903 5018 4562 11904 4984 4559 11905 5017 4558 11906 4988 4566 11907 5014 4567 11908 4987 4568 11909 4989 4569 11910 5013 4570 11911 4988 4566 11912 4989 4569 11913 4990 4571 11914 5012 4572 11915 5011 4573 11916 4990 4571 11917 4991 4574 11918 5015 4575 11919 4986 4560 11920 4987 4568 11921 4992 4576 11922 4993 4577 11923 5009 4578 11924 5005 4579 11925 4995 4580 11926 4996 4581 11927 5003 4582 11928 4998 4583 11929 4999 4584 11930 4991 4574 11931 5009 4578 11932 5010 4585 11933 5010 4585 11934 5011 4573 11935 4991 4574 11936 4986 4560 11937 5015 4575 11938 5016 4561 11939 5015 4575 11940 4987 4568 11941 5014 4567 11942 5013 4570 11943 5014 4567 11944 4988 4566 11945 4989 4569 11946 5012 4572 11947 5013 4570 11948 4991 4574 11949 4992 4576 11950 5009 4578 11951 5011 4573 11952 5012 4572 11953 4990 4571 11954 5008 4586 11955 5009 4578 11956 4993 4577 11957 4994 4587 11958 5008 4586 11959 4993 4577 11960 5008 4586 11961 4994 4587 11962 5007 4588 11963 4994 4587 11964 4995 4580 11965 5007 4588 11966 5006 4589 11967 5007 4588 11968 4995 4580 11969 5005 4579 11970 4996 4581 11971 4997 4590 11972 4997 4590 11973 5004 4591 11974 5005 4579 11975 5003 4582 11976 4999 4584 11977 5000 4592 11978 5004 4591 11979 4998 4583 11980 5003 4582 11981 4995 4580 11982 5005 4579 11983 5006 4589 11984 4997 4590 11985 4998 4583 11986 5004 4591 11987 5036 4593 11988 5033 4594 11989 5038 4595 11990 5038 4595 11991 5034 4596 11992 5036 4593 11993 5036 4593 11994 5034 4596 11995 5037 4597 11996 5048 4598 11997 5098 4599 11998 5047 4600 11999 5100 4601 12000 5045 4602 12001 5046 4603 12002 5099 4604 12003 5046 4603 12004 5047 4600 12005 5099 4604 12006 5047 4600 12007 5098 4599 12008 5100 4601 12009 5044 4605 12010 5045 4602 12011 5097 4606 12012 5049 4607 12013 5050 4608 12014 5096 4609 12015 5050 4608 12016 5051 4610 12017 5097 4606 12018 5048 4598 12019 5049 4607 12020 5059 4611 12021 5088 4612 12022 5058 4613 12023 5061 4614 12024 5087 4615 12025 5060 4616 12026 5094 4617 12027 5052 4618 12028 5053 4619 12029 5056 4620 12030 5057 4621 12031 5090 4622 12032 5096 4609 12033 5097 4606 12034 5050 4608 12035 5094 4617 12036 5095 4623 12037 5051 4610 12038 5053 4619 12039 5093 4624 12040 5094 4617 12041 5093 4624 12042 5053 4619 12043 5054 4625 12044 5052 4618 12045 5094 4617 12046 5051 4610 12047 5100 4601 12048 5046 4603 12049 5099 4604 12050 5048 4598 12051 5097 4606 12052 5098 4599 12053 5044 4605 12054 5100 4601 12055 5043 4626 12056 5096 4609 12057 5051 4610 12058 5095 4623 12059 5055 4627 12060 5092 4628 12061 5054 4625 12062 5056 4620 12063 5090 4622 12064 5055 4627 12065 5058 4613 12066 5089 4629 12067 5057 4621 12068 5088 4612 12069 5089 4629 12070 5058 4613 12071 5060 4616 12072 5088 4612 12073 5059 4611 12074 5090 4622 12075 5091 4630 12076 5055 4627 12077 5092 4628 12078 5055 4627 12079 5091 4630 12080 5090 4622 12081 5057 4621 12082 5089 4629 12083 5060 4616 12084 5087 4615 12085 5088 4612 12086 5087 4615 12087 5061 4614 12088 5086 4631 12089 5093 4624 12090 5054 4625 12091 5092 4628 12092 5062 4632 12093 5086 4631 12094 5061 4614 12095 5062 4632 12096 5063 4633 12097 5086 4631 12098 5085 4634 12099 5086 4631 12100 5063 4633 12101 5084 4635 12102 5063 4633 12103 5064 4636 12104 5064 4636 12105 5065 4637 12106 5083 4638 12107 5082 4639 12108 5065 4637 12109 5066 4640 12110 5066 4640 12111 5067 4641 12112 5081 4642 12113 5067 4641 12114 5068 4643 12115 5081 4642 12116 5080 4644 12117 5068 4643 12118 5069 4645 12119 5079 4646 12120 5080 4644 12121 5069 4645 12122 5081 4642 12123 5068 4643 12124 5080 4644 12125 5069 4645 12126 5070 4647 12127 5079 4646 12128 5064 4636 12129 5083 4638 12130 5084 4635 12131 5085 4634 12132 5063 4633 12133 5084 4635 12134 5066 4640 12135 5081 4642 12136 5082 4639 12137 5082 4639 12138 5083 4638 12139 5065 4637 12140 5071 4648 12141 5078 4649 12142 5070 4647 12143 5078 4649 12144 5079 4646 12145 5070 4647 12146 5071 4648 12147 5072 4650 12148 5078 4649 12149 5073 4651 12150 5077 4652 12151 5072 4650 12152 5076 4653 12153 5073 4651 12154 5074 4654 12155 5074 4654 12156 5075 4655 12157 5076 4653 12158 5073 4651 12159 5076 4653 12160 5077 4652 12161 5041 4656 12162 5042 4657 12163 5075 4655 12164 5078 4649 12165 5072 4650 12166 5077 4652 12167 5076 4653 12168 5075 4655 12169 5042 4657 12170 5105 4658 12171 5104 4659 12172 5107 4660 12173 5106 4661 12174 5105 4658 12175 5107 4660 12176 5109 4662 12177 5108 4663 12178 5111 4664 12179 5108 4663 12180 5112 4665 12181 5111 4664 12182 5111 4664 12183 5110 4666 12184 5109 4662 12185 5116 4667 12186 5114 4668 12187 5113 4669 12188 5115 4670 12189 5114 4668 12190 5116 4667 12191 5118 4671 12192 5117 4672 12193 5120 4673 12194 5119 4674 12195 5118 4671 12196 5120 4673 12197 5124 4675 12198 5123 4676 12199 5122 4677 12200 5121 4678 12201 5123 4676 12202 5124 4675 12203 5130 4679 12204 5129 4680 12205 5127 4681 12206 5128 4682 12207 5127 4681 12208 5129 4680 12209 5127 4681 12210 5126 4683 12211 5130 4679 12212 5126 4683 12213 5125 4684 12214 5130 4679 12215 5132 4685 12216 5131 4686 12217 5135 4687 12218 5135 4687 12219 5133 4688 12220 5132 4685 12221 5133 4688 12222 5135 4687 12223 5134 4689 12224 5139 4690 12225 5137 4691 12226 5136 4692 12227 5138 4693 12228 5137 4691 12229 5139 4690 12230 5141 4694 12231 5140 4695 12232 5144 4696 12233 5144 4696 12234 5142 4697 12235 5141 4694 12236 5143 4698 12237 5142 4697 12238 5144 4696 12239 5146 4699 12240 5145 4700 12241 5148 4701 12242 5146 4699 12243 5148 4701 12244 5147 4702 12245 5153 4703 12246 5150 4704 12247 5149 4705 12248 5153 4703 12249 5152 4706 12250 5150 4704 12251 5151 4707 12252 5150 4704 12253 5152 4706 12254 5163 4708 12255 5211 4709 12256 5162 4710 12257 5212 4711 12258 5161 4712 12259 5162 4710 12260 5165 4713 12261 5166 4714 12262 5208 4715 12263 5163 4708 12264 5164 4716 12265 5210 4717 12266 5209 4718 12267 5164 4716 12268 5165 4713 12269 5214 4719 12270 5159 4720 12271 5160 4721 12272 5214 4719 12273 5160 4721 12274 5213 4722 12275 5161 4712 12276 5213 4722 12277 5160 4721 12278 5212 4711 12279 5213 4722 12280 5161 4712 12281 5211 4709 12282 5163 4708 12283 5210 4717 12284 5209 4718 12285 5210 4717 12286 5164 4716 12287 5208 4715 12288 5209 4718 12289 5165 4713 12290 5208 4715 12291 5166 4714 12292 5207 4723 12293 5168 4724 12294 5169 4725 12295 5204 4726 12296 5205 4727 12297 5167 4728 12298 5168 4724 12299 5204 4726 12300 5169 4725 12301 5170 4729 12302 5167 4728 12303 5207 4723 12304 5166 4714 12305 5206 4730 12306 5207 4723 12307 5167 4728 12308 5206 4730 12309 5167 4728 12310 5205 4727 12311 5172 4731 12312 5173 4732 12313 5201 4733 12314 5202 4734 12315 5171 4735 12316 5172 4731 12317 5205 4727 12318 5168 4724 12319 5204 4726 12320 5215 4736 12321 5159 4720 12322 5214 4719 12323 5212 4711 12324 5162 4710 12325 5211 4709 12326 5170 4729 12327 5171 4735 12328 5203 4737 12329 5203 4737 12330 5204 4726 12331 5170 4729 12332 5203 4737 12333 5171 4735 12334 5202 4734 12335 5201 4733 12336 5202 4734 12337 5172 4731 12338 5201 4733 12339 5173 4732 12340 5200 4738 12341 5177 4739 12342 5197 4740 12343 5176 4741 12344 5200 4738 12345 5174 4742 12346 5199 4743 12347 5174 4742 12348 5200 4738 12349 5173 4732 12350 5175 4744 12351 5199 4743 12352 5174 4742 12353 5198 4745 12354 5175 4744 12355 5176 4741 12356 5197 4740 12357 5198 4745 12358 5176 4741 12359 5196 4746 12360 5177 4739 12361 5178 4747 12362 5195 4748 12363 5178 4747 12364 5179 4749 12365 5194 4750 12366 5195 4748 12367 5179 4749 12368 5179 4749 12369 5180 4751 12370 5193 4752 12371 5183 4753 12372 5190 4754 12373 5182 4755 12374 5185 4756 12375 5188 4757 12376 5184 4758 12377 5181 4759 12378 5182 4755 12379 5191 4760 12380 5193 4752 12381 5194 4750 12382 5179 4749 12383 5180 4751 12384 5192 4761 12385 5193 4752 12386 5181 4759 12387 5192 4761 12388 5180 4751 12389 5191 4760 12390 5192 4761 12391 5181 4759 12392 5185 4756 12393 5157 4762 12394 5187 4763 12395 5178 4747 12396 5195 4748 12397 5196 4746 12398 5196 4746 12399 5197 4740 12400 5177 4739 12401 5198 4745 12402 5199 4743 12403 5175 4744 12404 5182 4755 12405 5190 4754 12406 5191 4760 12407 5189 4764 12408 5190 4754 12409 5183 4753 12410 5157 4762 12411 5158 4765 12412 5186 4766 12413 5189 4764 12414 5183 4753 12415 5184 4758 12416 5188 4757 12417 5189 4764 12418 5184 4758 12419 5185 4756 12420 5187 4763 12421 5188 4757 12422 5157 4762 12423 5186 4766 12424 5187 4763 12425 5219 4767 12426 5217 4768 12427 5216 4769 12428 5218 4770 12429 5217 4768 12430 5219 4767 12431 5228 4771 12432 5226 4772 12433 5227 4773 12434 5220 4774 12435 5225 4775 12436 5228 4771 12437 5226 4772 12438 5228 4771 12439 5225 4775 12440 5225 4775 12441 5220 4774 12442 5224 4776 12443 5220 4774 12444 5221 4777 12445 5223 4778 12446 5223 4778 12447 5224 4776 12448 5220 4774 12449 5222 4779 12450 5223 4778 12451 5221 4777 12452 5292 4780 12453 5236 4781 12454 5237 4782 12455 5290 4783 12456 5239 4784 12457 5240 4785 12458 5241 4786 12459 5289 4787 12460 5240 4785 12461 5237 4782 12462 5238 4788 12463 5291 4789 12464 5239 4784 12465 5291 4789 12466 5238 4788 12467 5288 4790 12468 5241 4786 12469 5242 4791 12470 5242 4791 12471 5243 4792 12472 5287 4793 12473 5252 4794 12474 5281 4795 12475 5251 4796 12476 5250 4797 12477 5251 4796 12478 5281 4795 12479 5248 4798 12480 5283 4799 12481 5247 4800 12482 5249 4801 12483 5283 4799 12484 5248 4798 12485 5249 4801 12486 5250 4797 12487 5282 4802 12488 5247 4800 12489 5284 4803 12490 5246 4804 12491 5285 4805 12492 5245 4806 12493 5246 4804 12494 5237 4782 12495 5291 4789 12496 5292 4780 12497 5235 4807 12498 5236 4781 12499 5292 4780 12500 5244 4808 12501 5286 4809 12502 5243 4792 12503 5286 4809 12504 5244 4808 12505 5245 4806 12506 5285 4805 12507 5286 4809 12508 5245 4806 12509 5291 4789 12510 5239 4784 12511 5290 4783 12512 5289 4787 12513 5290 4783 12514 5240 4785 12515 5241 4786 12516 5288 4790 12517 5289 4787 12518 5288 4790 12519 5242 4791 12520 5287 4793 12521 5286 4809 12522 5287 4793 12523 5243 4792 12524 5247 4800 12525 5283 4799 12526 5284 4803 12527 5285 4805 12528 5246 4804 12529 5284 4803 12530 5279 4810 12531 5280 4811 12532 5252 4794 12533 5282 4802 12534 5250 4797 12535 5281 4795 12536 5249 4801 12537 5282 4802 12538 5283 4799 12539 5252 4794 12540 5280 4811 12541 5281 4795 12542 5279 4810 12543 5252 4794 12544 5253 4812 12545 5253 4812 12546 5254 4813 12547 5279 4810 12548 5255 4814 12549 5278 4815 12550 5254 4813 12551 5256 4816 12552 5257 4817 12553 5276 4818 12554 5255 4814 12555 5256 4816 12556 5277 4819 12557 5258 4820 12558 5275 4821 12559 5257 4817 12560 5295 4822 12561 5258 4820 12562 5259 4823 12563 5294 4824 12564 5259 4823 12565 5260 4825 12566 5263 4826 12567 5264 4827 12568 5272 4828 12569 5270 4829 12570 5264 4827 12571 5265 4830 12572 5267 4831 12573 5269 4832 12574 5266 4833 12575 5267 4831 12576 5233 4834 12577 5268 4835 12578 5263 4826 12579 5272 4828 12580 5262 4836 12581 5293 4837 12582 5260 4825 12583 5261 4838 12584 5293 4837 12585 5261 4838 12586 5262 4836 12587 5266 4833 12588 5270 4829 12589 5265 4830 12590 5295 4822 12591 5275 4821 12592 5258 4820 12593 5295 4822 12594 5259 4823 12595 5294 4824 12596 5294 4824 12597 5260 4825 12598 5293 4837 12599 5277 4819 12600 5278 4815 12601 5255 4814 12602 5254 4813 12603 5278 4815 12604 5279 4810 12605 5276 4818 12606 5277 4819 12607 5256 4816 12608 5257 4817 12609 5275 4821 12610 5276 4818 12611 5271 4839 12612 5272 4828 12613 5264 4827 12614 5270 4829 12615 5271 4839 12616 5264 4827 12617 5262 4836 12618 5272 4828 12619 5273 4840 12620 5273 4840 12621 5293 4837 12622 5262 4836 12623 5270 4829 12624 5266 4833 12625 5269 4832 12626 5268 4835 12627 5269 4832 12628 5267 4831 12629 5234 4841 12630 5268 4835 12631 5233 4834 12632 5297 4842 12633 5299 4843 12634 5298 4844 12635 5299 4843 12636 5297 4842 12637 5296 4845 12638 5321 4846 12639 5322 4847 12640 5360 4848 12641 5325 4849 12642 5356 4850 12643 5324 4851 12644 5355 4852 12645 5325 4849 12646 5326 4853 12647 5359 4854 12648 5322 4847 12649 5323 4855 12650 5358 4856 12651 5359 4854 12652 5323 4855 12653 5323 4855 12654 5324 4851 12655 5358 4856 12656 5324 4851 12657 5357 4857 12658 5358 4856 12659 5356 4850 12660 5357 4857 12661 5324 4851 12662 5327 4858 12663 5355 4852 12664 5326 4853 12665 5354 4859 12666 5355 4852 12667 5327 4858 12668 5354 4859 12669 5327 4858 12670 5328 4860 12671 5352 4861 12672 5329 4862 12673 5300 4863 12674 5354 4859 12675 5328 4860 12676 5353 4864 12677 5353 4864 12678 5328 4860 12679 5329 4862 12680 5352 4861 12681 5300 4863 12682 5301 4865 12683 5302 4866 12684 5303 4867 12685 5349 4868 12686 5304 4869 12687 5305 4870 12688 5346 4871 12689 5353 4864 12690 5329 4862 12691 5352 4861 12692 5356 4850 12693 5325 4849 12694 5355 4852 12695 5360 4848 12696 5322 4847 12697 5359 4854 12698 5301 4865 12699 5351 4872 12700 5352 4861 12701 5301 4865 12702 5302 4866 12703 5351 4872 12704 5302 4866 12705 5349 4868 12706 5350 4873 12707 5348 4874 12708 5349 4868 12709 5303 4867 12710 5350 4873 12711 5351 4872 12712 5302 4866 12713 5347 4875 12714 5348 4874 12715 5304 4869 12716 5304 4869 12717 5348 4874 12718 5303 4867 12719 5304 4869 12720 5346 4871 12721 5347 4875 12722 5308 4876 12723 5309 4877 12724 5341 4878 12725 5309 4877 12726 5310 4879 12727 5340 4880 12728 5305 4870 12729 5345 4881 12730 5346 4871 12731 5306 4882 12732 5345 4881 12733 5305 4870 12734 5306 4882 12735 5307 4883 12736 5344 4884 12737 5342 4885 12738 5307 4883 12739 5308 4876 12740 5308 4876 12741 5341 4878 12742 5342 4885 12743 5311 4886 12744 5340 4880 12745 5310 4879 12746 5342 4885 12747 5343 4887 12748 5307 4883 12749 5338 4888 12750 5311 4886 12751 5312 4889 12752 5313 4890 12753 5337 4891 12754 5312 4889 12755 5336 4892 12756 5313 4890 12757 5314 4893 12758 5339 4894 12759 5311 4886 12760 5338 4888 12761 5316 4895 12762 5333 4896 12763 5315 4897 12764 5337 4891 12765 5338 4888 12766 5312 4889 12767 5331 4898 12768 5317 4899 12769 5318 4900 12770 5318 4900 12771 5319 4901 12772 5330 4902 12773 5340 4880 12774 5341 4878 12775 5309 4877 12776 5339 4894 12777 5340 4880 12778 5311 4886 12779 5313 4890 12780 5336 4892 12781 5337 4891 12782 5343 4887 12783 5344 4884 12784 5307 4883 12785 5306 4882 12786 5344 4884 12787 5345 4881 12788 5314 4893 12789 5335 4903 12790 5336 4892 12791 5334 4904 12792 5335 4903 12793 5315 4897 12794 5315 4897 12795 5335 4903 12796 5314 4893 12797 5315 4897 12798 5333 4896 12799 5334 4904 12800 5316 4895 12801 5317 4899 12802 5333 4896 12803 5317 4899 12804 5332 4905 12805 5333 4896 12806 5317 4899 12807 5331 4898 12808 5332 4905 12809 5318 4900 12810 5330 4902 12811 5331 4898 12812 5320 4906 12813 5330 4902 12814 5319 4901 12815 5365 4907 12816 5362 4908 12817 5361 4909 12818 5365 4907 12819 5364 4910 12820 5362 4908 12821 5363 4911 12822 5362 4908 12823 5364 4910 12824 5366 4912 12825 5368 4913 12826 5367 4914 12827 5372 4915 12828 5371 4915 12829 5370 4915 12830 5379 4916 12831 5376 4917 12832 5380 4918 12833 5377 4919 12834 5376 4917 12835 5378 4920 12836 5378 4920 12837 5376 4917 12838 5379 4916 12839 5381 4921 12840 5382 4922 12841 5378 4920 12842 5374 4923 12843 5378 4920 12844 5382 4922 12845 5375 4924 12846 5374 4923 12847 5381 4921 12848 5382 4922 12849 5381 4921 12850 5374 4923 12851 5375 4924 12852 5381 4921 12853 5378 4920 12854 5393 4925 12855 5385 4926 12856 5392 4927 12857 5388 4928 12858 5389 4929 12859 5390 4930 12860 5387 4931 12861 5390 4930 12862 5391 4932 12863 5386 4933 12864 5391 4932 12865 5392 4927 12866 5443 4934 12867 5394 4935 12868 5395 4936 12869 5385 4926 12870 5393 4925 12871 5394 4935 12872 5396 4937 12873 5442 4938 12874 5395 4936 12875 5386 4933 12876 5392 4927 12877 5385 4926 12878 5401 4939 12879 5436 4940 12880 5400 4941 12881 5434 4942 12882 5402 4943 12883 5403 4944 12884 5440 4945 12885 5396 4937 12886 5397 4946 12887 5390 4930 12888 5387 4931 12889 5388 4928 12890 5386 4933 12891 5387 4931 12892 5391 4932 12893 5385 4926 12894 5394 4935 12895 5443 4934 12896 5442 4938 12897 5443 4934 12898 5395 4936 12899 5441 4947 12900 5442 4938 12901 5396 4937 12902 5441 4947 12903 5396 4937 12904 5440 4945 12905 5398 4948 12906 5439 4949 12907 5397 4946 12908 5399 4950 12909 5438 4951 12910 5398 4948 12911 5437 4952 12912 5399 4950 12913 5400 4941 12914 5435 4953 12915 5402 4943 12916 5434 4942 12917 5434 4942 12918 5403 4944 12919 5404 4954 12920 5401 4939 12921 5402 4943 12922 5435 4953 12923 5438 4951 12924 5439 4949 12925 5398 4948 12926 5438 4951 12927 5399 4950 12928 5437 4952 12929 5433 4955 12930 5434 4942 12931 5404 4954 12932 5437 4952 12933 5400 4941 12934 5436 4940 12935 5401 4939 12936 5435 4953 12937 5436 4940 12938 5397 4946 12939 5439 4949 12940 5440 4945 12941 5404 4954 12942 5405 4956 12943 5432 4957 12944 5406 4958 12945 5431 4959 12946 5405 4956 12947 5430 4960 12948 5406 4958 12949 5407 4961 12950 5409 4962 12951 5428 4963 12952 5408 4964 12953 5429 4965 12954 5407 4961 12955 5408 4964 12956 5413 4966 12957 5414 4967 12958 5424 4968 12959 5425 4969 12960 5412 4970 12961 5413 4966 12962 5420 4971 12963 5416 4972 12964 5417 4973 12965 5418 4974 12966 5383 4975 12967 5384 4976 12968 5404 4954 12969 5432 4957 12970 5433 4955 12971 5431 4959 12972 5432 4957 12973 5405 4956 12974 5410 4977 12975 5427 4978 12976 5409 4962 12977 5411 4979 12978 5427 4978 12979 5410 4977 12980 5412 4970 12981 5426 4980 12982 5411 4979 12983 5407 4961 12984 5429 4965 12985 5430 4960 12986 5408 4964 12987 5428 4963 12988 5429 4965 12989 5406 4958 12990 5430 4960 12991 5431 4959 12992 5411 4979 12993 5426 4980 12994 5427 4978 12995 5425 4969 12996 5426 4980 12997 5412 4970 12998 5427 4978 12999 5428 4963 13000 5409 4962 13001 5416 4972 13002 5422 4981 13003 5415 4982 13004 5422 4981 13005 5414 4967 13006 5415 4982 13007 5418 4974 13008 5419 4983 13009 5417 4973 13010 5418 4974 13011 5384 4976 13012 5419 4983 13013 5420 4971 13014 5417 4973 13015 5419 4983 13016 5413 4966 13017 5424 4968 13018 5425 4969 13019 5423 4984 13020 5424 4968 13021 5414 4967 13022 5422 4981 13023 5423 4984 13024 5414 4967 13025 5416 4972 13026 5421 4985 13027 5422 4981 13028 5420 4971 13029 5421 4985 13030 5416 4972 13031 5448 4986 13032 5444 4987 13033 5447 4988 13034 5448 4986 13035 5447 4988 13036 5446 4989 13037 5446 4989 13038 5445 4990 13039 5448 4986 13040 5454 4991 13041 5452 4992 13042 5451 4993 13043 5455 4994 13044 5457 4994 13045 5456 4994 13046 5459 4995 13047 5462 4996 13048 5460 4997 13049 5461 4998 13050 5460 4997 13051 5462 4996 13052 5465 4999 13053 5464 5000 13054 5467 5001 13055 5466 5002 13056 5465 4999 13057 5467 5001 13058 5463 5003 13059 5466 5002 13060 5467 5001 13061 5471 5004 13062 5469 5005 13063 5468 5006 13064 5471 5004 13065 5470 5007 13066 5469 5005 13067 5472 5008 13068 5476 5009 13069 5473 5010 13070 5476 5009 13071 5475 5011 13072 5474 5012 13073 5481 5013 13074 5479 5013 13075 5478 5013 13076 5483 5014 13077 5485 5015 13078 5484 5016 13079 5482 5017 13080 5484 5016 13081 5485 5015 13082 5492 5018 13083 5544 5019 13084 5550 5020 13085 5541 5021 13086 5494 5022 13087 5495 5023 13088 5494 5022 13089 5542 5024 13090 5493 5025 13091 5493 5025 13092 5543 5026 13093 5492 5018 13094 5496 5027 13095 5539 5028 13096 5495 5023 13097 5545 5029 13098 5549 5030 13099 5550 5020 13100 5548 5031 13101 5549 5030 13102 5546 5032 13103 5540 5033 13104 5495 5023 13105 5539 5028 13106 5536 5034 13107 5498 5035 13108 5499 5036 13109 5498 5035 13110 5537 5037 13111 5497 5038 13112 5535 5039 13113 5499 5036 13114 5500 5040 13115 5539 5028 13116 5497 5038 13117 5538 5041 13118 5496 5027 13119 5497 5038 13120 5539 5028 13121 5500 5040 13122 5501 5042 13123 5534 5043 13124 5502 5044 13125 5533 5045 13126 5501 5042 13127 5532 5046 13128 5502 5044 13129 5503 5047 13130 5546 5032 13131 5547 5048 13132 5548 5031 13133 5494 5022 13134 5541 5021 13135 5542 5024 13136 5495 5023 13137 5540 5033 13138 5541 5021 13139 5542 5024 13140 5543 5026 13141 5493 5025 13142 5550 5020 13143 5544 5019 13144 5545 5029 13145 5549 5030 13146 5545 5029 13147 5546 5032 13148 5543 5026 13149 5544 5019 13150 5492 5018 13151 5498 5035 13152 5536 5034 13153 5537 5037 13154 5537 5037 13155 5538 5041 13156 5497 5038 13157 5499 5036 13158 5535 5039 13159 5536 5034 13160 5533 5045 13161 5534 5043 13162 5501 5042 13163 5535 5039 13164 5500 5040 13165 5534 5043 13166 5503 5047 13167 5531 5049 13168 5532 5046 13169 5532 5046 13170 5533 5045 13171 5502 5044 13172 5505 5050 13173 5530 5051 13174 5504 5052 13175 5506 5053 13176 5529 5054 13177 5505 5050 13178 5526 5055 13179 5508 5056 13180 5509 5057 13181 5527 5058 13182 5507 5059 13183 5508 5056 13184 5510 5060 13185 5525 5061 13186 5509 5057 13187 5507 5059 13188 5528 5062 13189 5506 5053 13190 5504 5052 13191 5531 5049 13192 5503 5047 13193 5509 5057 13194 5525 5061 13195 5526 5055 13196 5525 5061 13197 5510 5060 13198 5524 5063 13199 5510 5060 13200 5511 5064 13201 5524 5063 13202 5511 5064 13203 5512 5065 13204 5523 5066 13205 5518 5067 13206 5514 5068 13207 5515 5069 13208 5521 5070 13209 5512 5065 13210 5513 5071 13211 5524 5063 13212 5511 5064 13213 5523 5066 13214 5514 5068 13215 5520 5072 13216 5513 5071 13217 5515 5069 13218 5490 5073 13219 5516 5074 13220 5490 5073 13221 5491 5075 13222 5516 5074 13223 5528 5062 13224 5507 5059 13225 5527 5058 13226 5526 5055 13227 5527 5058 13228 5508 5056 13229 5504 5052 13230 5530 5051 13231 5531 5049 13232 5529 5054 13233 5530 5051 13234 5505 5050 13235 5506 5053 13236 5528 5062 13237 5529 5054 13238 5523 5066 13239 5512 5065 13240 5522 5076 13241 5522 5076 13242 5512 5065 13243 5521 5070 13244 5516 5074 13245 5517 5077 13246 5515 5069 13247 5519 5078 13248 5514 5068 13249 5518 5067 13250 5521 5070 13251 5513 5071 13252 5520 5072 13253 5514 5068 13254 5519 5078 13255 5520 5072 13256 5517 5077 13257 5518 5067 13258 5515 5069 13259 5554 5079 13260 5557 5080 13261 5555 5081 13262 5556 5082 13263 5555 5081 13264 5557 5080 13265 5567 5083 13266 5565 5084 13267 5566 5085 13268 5567 5083 13269 5558 5086 13270 5565 5084 13271 5558 5086 13272 5559 5087 13273 5564 5088 13274 5558 5086 13275 5564 5088 13276 5565 5084 13277 5559 5087 13278 5560 5089 13279 5563 5090 13280 5563 5090 13281 5564 5088 13282 5559 5087 13283 5560 5089 13284 5561 5091 13285 5563 5090 13286 5631 5092 13287 5575 5093 13288 5576 5094 13289 5629 5095 13290 5578 5096 13291 5579 5097 13292 5580 5098 13293 5629 5095 13294 5579 5097 13295 5576 5094 13296 5577 5099 13297 5630 5100 13298 5581 5101 13299 5628 5102 13300 5580 5098 13301 5581 5101 13302 5582 5103 13303 5627 5104 13304 5632 5105 13305 5577 5099 13306 5578 5096 13307 5588 5106 13308 5622 5107 13309 5587 5108 13310 5590 5109 13311 5620 5110 13312 5589 5111 13313 5588 5106 13314 5589 5111 13315 5621 5112 13316 5587 5108 13317 5624 5113 13318 5586 5114 13319 5585 5115 13320 5625 5116 13321 5584 5117 13322 5586 5114 13323 5624 5113 13324 5585 5115 13325 5631 5092 13326 5574 5118 13327 5575 5093 13328 5632 5105 13329 5578 5096 13330 5629 5095 13331 5583 5119 13332 5626 5120 13333 5582 5103 13334 5577 5099 13335 5632 5105 13336 5630 5100 13337 5631 5092 13338 5576 5094 13339 5630 5100 13340 5628 5102 13341 5629 5095 13342 5580 5098 13343 5628 5102 13344 5581 5101 13345 5627 5104 13346 5626 5120 13347 5627 5104 13348 5582 5103 13349 5583 5119 13350 5584 5117 13351 5626 5120 13352 5625 5116 13353 5585 5115 13354 5624 5113 13355 5626 5120 13356 5584 5117 13357 5625 5116 13358 5587 5108 13359 5623 5121 13360 5624 5113 13361 5623 5121 13362 5587 5108 13363 5622 5107 13364 5621 5112 13365 5622 5107 13366 5588 5106 13367 5589 5111 13368 5620 5110 13369 5621 5112 13370 5620 5110 13371 5590 5109 13372 5619 5122 13373 5590 5109 13374 5591 5123 13375 5619 5122 13376 5619 5122 13377 5591 5123 13378 5592 5124 13379 5593 5125 13380 5594 5126 13381 5617 5127 13382 5616 5128 13383 5594 5126 13384 5595 5129 13385 5614 5130 13386 5595 5129 13387 5596 5131 13388 5597 5132 13389 5613 5133 13390 5596 5131 13391 5598 5134 13392 5612 5135 13393 5597 5132 13394 5592 5124 13395 5593 5125 13396 5618 5136 13397 5602 5137 13398 5603 5138 13399 5608 5139 13400 5607 5140 13401 5604 5141 13402 5605 5142 13403 5605 5142 13404 5572 5143 13405 5573 5144 13406 5600 5145 13407 5601 5146 13408 5610 5147 13409 5600 5145 13410 5611 5148 13411 5599 5149 13412 5603 5138 13413 5604 5141 13414 5607 5140 13415 5602 5137 13416 5609 5150 13417 5601 5146 13418 5616 5128 13419 5595 5129 13420 5615 5151 13421 5614 5130 13422 5615 5151 13423 5595 5129 13424 5614 5130 13425 5596 5131 13426 5613 5133 13427 5613 5133 13428 5597 5132 13429 5612 5135 13430 5593 5125 13431 5617 5127 13432 5618 5136 13433 5619 5122 13434 5592 5124 13435 5618 5136 13436 5616 5128 13437 5617 5127 13438 5594 5126 13439 5608 5139 13440 5609 5150 13441 5602 5137 13442 5610 5147 13443 5601 5146 13444 5609 5150 13445 5603 5138 13446 5607 5140 13447 5608 5139 13448 5607 5140 13449 5605 5142 13450 5606 5152 13451 5573 5144 13452 5606 5152 13453 5605 5142 13454 5611 5148 13455 5612 5135 13456 5599 5149 13457 5599 5149 13458 5612 5135 13459 5598 5134 13460 5600 5145 13461 5610 5147 13462 5611 5148 13463 5636 5153 13464 5635 5154 13465 5639 5155 13466 5639 5155 13467 5637 5156 13468 5636 5153 13469 5637 5156 13470 5634 5157 13471 5636 5153 13472 5634 5157 13473 5633 5158 13474 5636 5153 13475 5686 5159 13476 5663 5160 13477 5640 5161 13478 5688 5162 13479 5661 5163 13480 5662 5164 13481 5693 5165 13482 5695 5166 13483 5696 5167 13484 5696 5167 13485 5697 5168 13486 5692 5169 13487 5687 5170 13488 5662 5164 13489 5663 5160 13490 5689 5171 13491 5660 5172 13492 5661 5163 13493 5697 5168 13494 5660 5172 13495 5691 5173 13496 5641 5174 13497 5685 5175 13498 5640 5161 13499 5641 5174 13500 5642 5176 13501 5685 5175 13502 5642 5176 13503 5643 5177 13504 5683 5178 13505 5679 5179 13506 5646 5180 13507 5647 5181 13508 5644 5182 13509 5682 5183 13510 5643 5177 13511 5680 5184 13512 5645 5185 13513 5646 5180 13514 5645 5185 13515 5681 5186 13516 5644 5182 13517 5697 5168 13518 5691 5173 13519 5692 5169 13520 5661 5163 13521 5688 5162 13522 5689 5171 13523 5662 5164 13524 5687 5170 13525 5688 5162 13526 5696 5167 13527 5692 5169 13528 5693 5165 13529 5695 5166 13530 5693 5165 13531 5694 5187 13532 5660 5172 13533 5689 5171 13534 5690 5188 13535 5691 5173 13536 5660 5172 13537 5690 5188 13538 5686 5159 13539 5687 5170 13540 5663 5160 13541 5685 5175 13542 5686 5159 13543 5640 5161 13544 5642 5176 13545 5683 5178 13546 5684 5189 13547 5685 5175 13548 5642 5176 13549 5684 5189 13550 5683 5178 13551 5643 5177 13552 5682 5183 13553 5644 5182 13554 5681 5186 13555 5682 5183 13556 5681 5186 13557 5645 5185 13558 5680 5184 13559 5679 5179 13560 5680 5184 13561 5646 5180 13562 5647 5181 13563 5648 5190 13564 5678 5191 13565 5652 5192 13566 5653 5193 13567 5671 5194 13568 5674 5195 13569 5650 5196 13570 5651 5197 13571 5652 5192 13572 5672 5198 13573 5651 5197 13574 5649 5199 13575 5677 5200 13576 5648 5190 13577 5671 5194 13578 5672 5198 13579 5652 5192 13580 5649 5199 13581 5650 5196 13582 5675 5201 13583 5669 5202 13584 5653 5193 13585 5654 5203 13586 5654 5203 13587 5655 5204 13588 5669 5202 13589 5655 5204 13590 5656 5205 13591 5668 5206 13592 5656 5205 13593 5698 5207 13594 5666 5208 13595 5698 5207 13596 5657 5209 13597 5665 5210 13598 5658 5211 13599 5664 5212 13600 5657 5209 13601 5671 5194 13602 5653 5193 13603 5670 5213 13604 5650 5196 13605 5674 5195 13606 5675 5201 13607 5651 5197 13608 5672 5198 13609 5673 5214 13610 5651 5197 13611 5673 5214 13612 5674 5195 13613 5678 5191 13614 5648 5190 13615 5677 5200 13616 5676 5215 13617 5677 5200 13618 5649 5199 13619 5649 5199 13620 5675 5201 13621 5676 5215 13622 5669 5202 13623 5670 5213 13624 5653 5193 13625 5668 5206 13626 5669 5202 13627 5655 5204 13628 5656 5205 13629 5667 5216 13630 5668 5206 13631 5665 5210 13632 5666 5208 13633 5698 5207 13634 5656 5205 13635 5666 5208 13636 5667 5216 13637 5665 5210 13638 5657 5209 13639 5664 5212 13640 5659 5217 13641 5664 5212 13642 5658 5211 13643 5679 5179 13644 5647 5181 13645 5678 5191 13646 5707 5218 13647 5704 5219 13648 5703 5220 13649 5707 5218 13650 5706 5221 13651 5704 5219 13652 5705 5222 13653 5704 5219 13654 5706 5221 13655 5711 5223 13656 5709 5223 13657 5708 5224 13658 5715 5225 13659 5713 5226 13660 5712 5227 13661 5714 5228 13662 5713 5226 13663 5715 5225 13664 5777 5229 13665 5718 5230 13666 5719 5231 13667 5719 5231 13668 5720 5232 13669 5775 5233 13670 5721 5234 13671 5722 5235 13672 5773 5236 13673 5721 5234 13674 5774 5237 13675 5720 5232 13676 5772 5238 13677 5723 5239 13678 5724 5240 13679 5724 5240 13680 5725 5241 13681 5771 5242 13682 5773 5236 13683 5722 5235 13684 5723 5239 13685 5730 5243 13686 5731 5244 13687 5765 5245 13688 5731 5244 13689 5732 5246 13690 5764 5247 13691 5732 5246 13692 5733 5248 13693 5763 5249 13694 5730 5243 13695 5766 5250 13696 5729 5251 13697 5728 5252 13698 5768 5253 13699 5727 5254 13700 5729 5251 13701 5767 5255 13702 5728 5252 13703 5734 5256 13704 5762 5257 13705 5733 5248 13706 5777 5229 13707 5719 5231 13708 5776 5258 13709 5726 5259 13710 5770 5260 13711 5725 5241 13712 5726 5259 13713 5769 5261 13714 5770 5260 13715 5726 5259 13716 5727 5254 13717 5769 5261 13718 5775 5233 13719 5720 5232 13720 5774 5237 13721 5775 5233 13722 5776 5258 13723 5719 5231 13724 5772 5238 13725 5773 5236 13726 5723 5239 13727 5772 5238 13728 5724 5240 13729 5771 5242 13730 5771 5242 13731 5725 5241 13732 5770 5260 13733 5774 5237 13734 5721 5234 13735 5773 5236 13736 5768 5253 13737 5728 5252 13738 5767 5255 13739 5767 5255 13740 5729 5251 13741 5766 5250 13742 5766 5250 13743 5730 5243 13744 5765 5245 13745 5765 5245 13746 5731 5244 13747 5764 5247 13748 5732 5246 13749 5763 5249 13750 5764 5247 13751 5727 5254 13752 5768 5253 13753 5769 5261 13754 5733 5248 13755 5762 5257 13756 5763 5249 13757 5761 5262 13758 5734 5256 13759 5735 5263 13760 5736 5264 13761 5760 5265 13762 5735 5263 13763 5759 5266 13764 5736 5264 13765 5737 5267 13766 5737 5267 13767 5738 5268 13768 5759 5266 13769 5739 5269 13770 5758 5270 13771 5738 5268 13772 5756 5271 13773 5740 5272 13774 5741 5273 13775 5739 5269 13776 5740 5272 13777 5757 5274 13778 5754 5275 13779 5743 5276 13780 5744 5277 13781 5751 5278 13782 5746 5279 13783 5747 5280 13784 5745 5281 13785 5753 5282 13786 5744 5277 13787 5754 5275 13788 5742 5283 13789 5743 5276 13790 5741 5273 13791 5742 5283 13792 5755 5284 13793 5752 5285 13794 5745 5281 13795 5746 5279 13796 5747 5280 13797 5716 5286 13798 5750 5287 13799 5746 5279 13800 5751 5278 13801 5752 5285 13802 5735 5263 13803 5760 5265 13804 5761 5262 13805 5762 5257 13806 5734 5256 13807 5761 5262 13808 5759 5266 13809 5760 5265 13810 5736 5264 13811 5739 5269 13812 5757 5274 13813 5758 5270 13814 5758 5270 13815 5759 5266 13816 5738 5268 13817 5757 5274 13818 5740 5272 13819 5756 5271 13820 5750 5287 13821 5751 5278 13822 5747 5280 13823 5753 5282 13824 5745 5281 13825 5752 5285 13826 5755 5284 13827 5756 5271 13828 5741 5273 13829 5742 5283 13830 5754 5275 13831 5755 5284 13832 5748 5288 13833 5716 5286 13834 5717 5289 13835 5748 5288 13836 5750 5287 13837 5716 5286 13838 5753 5282 13839 5754 5275 13840 5744 5277 13841 5785 5290 13842 5784 5291 13843 5786 5292 13844 5787 5293 13845 5786 5292 13846 5784 5291 13847 5783 5294 13848 5788 5295 13849 5787 5293 13850 5787 5293 13851 5784 5291 13852 5783 5294 13853 5782 5296 13854 5788 5295 13855 5783 5294 13856 5793 5297 13857 5792 5298 13858 5794 5299 13859 5791 5300 13860 5794 5299 13861 5792 5298 13862 5796 5301 13863 5795 5302 13864 5798 5303 13865 5797 5304 13866 5796 5301 13867 5798 5303 13868 5800 5305 13869 5799 5306 13870 5802 5307 13871 5801 5308 13872 5800 5305 13873 5802 5307 13874 5807 5309 13875 5804 5310 13876 5803 5311 13877 5805 5312 13878 5804 5310 13879 5806 5313 13880 5806 5313 13881 5804 5310 13882 5807 5309 13883 5809 5314 13884 5811 5315 13885 5810 5315 13886 5815 5316 13887 5813 5317 13888 5812 5318 13889 5814 5319 13890 5813 5317 13891 5815 5316 13892 5817 5320 13893 5818 5321 13894 5816 5322 13895 5826 5323 13896 5878 5324 13897 5825 5325 13898 5827 5326 13899 5877 5327 13900 5826 5323 13901 5876 5328 13902 5827 5326 13903 5828 5329 13904 5875 5330 13905 5828 5329 13906 5829 5331 13907 5830 5332 13908 5874 5333 13909 5829 5331 13910 5880 5334 13911 5881 5335 13912 5883 5336 13913 5881 5335 13914 5882 5337 13915 5883 5336 13916 5883 5336 13917 5825 5325 13918 5880 5334 13919 5879 5338 13920 5825 5325 13921 5878 5324 13922 5827 5326 13923 5876 5328 13924 5877 5327 13925 5875 5330 13926 5829 5331 13927 5874 5333 13928 5830 5332 13929 5831 5339 13930 5873 5340 13931 5871 5341 13932 5831 5339 13933 5832 5342 13934 5866 5343 13935 5835 5344 13936 5836 5345 13937 5834 5346 13938 5835 5344 13939 5867 5347 13940 5874 5333 13941 5830 5332 13942 5873 5340 13943 5872 5348 13944 5873 5340 13945 5831 5339 13946 5837 5349 13947 5866 5343 13948 5836 5345 13949 5870 5350 13950 5832 5342 13951 5833 5351 13952 5868 5352 13953 5833 5351 13954 5834 5346 13955 5880 5334 13956 5825 5325 13957 5879 5338 13958 5876 5328 13959 5828 5329 13960 5875 5330 13961 5872 5348 13962 5831 5339 13963 5871 5341 13964 5878 5324 13965 5826 5323 13966 5877 5327 13967 5832 5342 13968 5870 5350 13969 5871 5341 13970 5833 5351 13971 5869 5353 13972 5870 5350 13973 5868 5352 13974 5869 5353 13975 5833 5351 13976 5837 5349 13977 5865 5354 13978 5866 5343 13979 5868 5352 13980 5834 5346 13981 5867 5347 13982 5835 5344 13983 5866 5343 13984 5867 5347 13985 5840 5355 13986 5862 5356 13987 5839 5357 13988 5860 5358 13989 5840 5355 13990 5841 5359 13991 5864 5360 13992 5865 5354 13993 5837 5349 13994 5864 5360 13995 5837 5349 13996 5838 5361 13997 5863 5362 13998 5838 5361 13999 5839 5357 14000 5864 5360 14001 5838 5361 14002 5863 5362 14003 5862 5356 14004 5863 5362 14005 5839 5357 14006 5860 5358 14007 5861 5363 14008 5840 5355 14009 5860 5358 14010 5841 5359 14011 5842 5364 14012 5852 5365 14013 5848 5366 14014 5849 5367 14015 5856 5368 14016 5845 5369 14017 5846 5370 14018 5859 5371 14019 5843 5372 14020 5844 5373 14021 5857 5374 14022 5858 5375 14023 5844 5373 14024 5856 5368 14025 5857 5374 14026 5845 5369 14027 5857 5374 14028 5844 5373 14029 5845 5369 14030 5853 5376 14031 5847 5377 14032 5848 5366 14033 5824 5378 14034 5850 5379 14035 5823 5380 14036 5842 5364 14037 5843 5372 14038 5859 5371 14039 5861 5363 14040 5862 5356 14041 5840 5355 14042 5844 5373 14043 5858 5375 14044 5859 5371 14045 5860 5358 14046 5842 5364 14047 5859 5371 14048 5846 5370 14049 5855 5381 14050 5856 5368 14051 5846 5370 14052 5854 5382 14053 5855 5381 14054 5847 5377 14055 5854 5382 14056 5846 5370 14057 5848 5366 14058 5852 5365 14059 5853 5376 14060 5823 5380 14061 5851 5383 14062 5849 5367 14063 5853 5376 14064 5854 5382 14065 5847 5377 14066 5852 5365 14067 5849 5367 14068 5851 5383 14069 5851 5383 14070 5823 5380 14071 5850 5379 14072 5891 5384 14073 5892 5385 14074 5890 5386 14075 5892 5385 14076 5891 5384 14077 5886 5387 14078 5887 5388 14079 5890 5386 14080 5892 5385 14081 5887 5388 14082 5888 5389 14083 5890 5386 14084 5904 5390 14085 5955 5391 14086 5903 5392 14087 5955 5391 14088 5904 5390 14089 5905 5393 14090 5958 5394 14091 5901 5395 14092 5902 5396 14093 5958 5394 14094 5900 5397 14095 5901 5395 14096 5902 5396 14097 5903 5392 14098 5956 5398 14099 5954 5399 14100 5905 5393 14101 5906 5400 14102 5953 5401 14103 5906 5400 14104 5907 5402 14105 5948 5403 14106 5912 5404 14107 5913 5405 14108 5946 5406 14109 5914 5407 14110 5915 5408 14111 5913 5405 14112 5914 5407 14113 5947 5409 14114 5910 5410 14115 5911 5411 14116 5950 5412 14117 5911 5411 14118 5912 5404 14119 5950 5412 14120 5899 5413 14121 5900 5397 14122 5958 5394 14123 5902 5396 14124 5957 5414 14125 5958 5394 14126 5908 5415 14127 5952 5416 14128 5907 5402 14129 5903 5392 14130 5955 5391 14131 5956 5398 14132 5902 5396 14133 5956 5398 14134 5957 5414 14135 5954 5399 14136 5955 5391 14137 5905 5393 14138 5906 5400 14139 5953 5401 14140 5954 5399 14141 5952 5416 14142 5953 5401 14143 5907 5402 14144 5908 5415 14145 5909 5417 14146 5952 5416 14147 5950 5412 14148 5951 5418 14149 5910 5410 14150 5952 5416 14151 5909 5417 14152 5951 5418 14153 5950 5412 14154 5912 5404 14155 5949 5419 14156 5948 5403 14157 5949 5419 14158 5912 5404 14159 5948 5403 14160 5913 5405 14161 5947 5409 14162 5947 5409 14163 5914 5407 14164 5946 5406 14165 5910 5410 14166 5951 5418 14167 5909 5417 14168 5916 5420 14169 5945 5421 14170 5915 5408 14171 5917 5422 14172 5945 5421 14173 5916 5420 14174 5918 5423 14175 5919 5424 14176 5943 5425 14177 5942 5426 14178 5919 5424 14179 5920 5427 14180 5921 5428 14181 5941 5429 14182 5920 5427 14183 5921 5428 14184 5922 5430 14185 5941 5429 14186 5940 5431 14187 5922 5430 14188 5923 5432 14189 5944 5433 14190 5917 5422 14191 5918 5423 14192 5935 5434 14193 5928 5435 14194 5929 5436 14195 5931 5437 14196 5933 5438 14197 5930 5439 14198 5931 5437 14199 5897 5440 14200 5932 5441 14201 5925 5442 14202 5926 5443 14203 5938 5444 14204 5937 5445 14205 5926 5443 14206 5927 5446 14207 5928 5435 14208 5937 5445 14209 5927 5446 14210 5930 5439 14211 5934 5447 14212 5929 5436 14213 5943 5425 14214 5944 5433 14215 5918 5423 14216 5943 5425 14217 5919 5424 14218 5942 5426 14219 5924 5448 14220 5939 5449 14221 5923 5432 14222 5920 5427 14223 5941 5429 14224 5942 5426 14225 5946 5406 14226 5915 5408 14227 5945 5421 14228 5917 5422 14229 5944 5433 14230 5945 5421 14231 5940 5431 14232 5923 5432 14233 5939 5449 14234 5922 5430 14235 5940 5431 14236 5941 5429 14237 5939 5449 14238 5924 5448 14239 5938 5444 14240 5924 5448 14241 5925 5442 14242 5938 5444 14243 5937 5445 14244 5928 5435 14245 5936 5450 14246 5928 5435 14247 5935 5434 14248 5936 5450 14249 5935 5434 14250 5929 5436 14251 5934 5447 14252 5934 5447 14253 5930 5439 14254 5933 5438 14255 5926 5443 14256 5937 5445 14257 5938 5444 14258 5933 5438 14259 5931 5437 14260 5932 5441 14261 5932 5441 14262 5897 5440 14263 5898 5451 14264 5962 5452 14265 5961 5453 14266 5960 5454 14267 5986 5455 14268 5987 5456 14269 6020 5457 14270 5990 5458 14271 6016 5459 14272 5989 5460 14273 5990 5458 14274 5991 5461 14275 6015 5462 14276 5991 5461 14277 5963 5463 14278 6014 5464 14279 6019 5465 14280 5987 5456 14281 5988 5466 14282 6018 5467 14283 6019 5465 14284 5988 5466 14285 5989 5460 14286 6018 5467 14287 5988 5466 14288 5989 5460 14289 6017 5468 14290 6018 5467 14291 6016 5459 14292 6017 5468 14293 5989 5460 14294 6014 5464 14295 6015 5462 14296 5991 5461 14297 5964 5469 14298 5965 5470 14299 6012 5471 14300 6014 5464 14301 5963 5463 14302 6013 5472 14303 5964 5469 14304 6013 5472 14305 5963 5463 14306 6012 5471 14307 5965 5470 14308 5966 5473 14309 5967 5474 14310 5968 5475 14311 6009 5476 14312 5969 5477 14313 5970 5478 14314 6006 5479 14315 6015 5462 14316 6016 5459 14317 5990 5458 14318 6013 5472 14319 5964 5469 14320 6012 5471 14321 6020 5457 14322 5987 5456 14323 6019 5465 14324 5966 5473 14325 6011 5480 14326 6012 5471 14327 5966 5473 14328 5967 5474 14329 6011 5480 14330 6010 5481 14331 6011 5480 14332 5967 5474 14333 6009 5476 14334 6010 5481 14335 5967 5474 14336 5968 5475 14337 5969 5477 14338 6008 5482 14339 6008 5482 14340 6009 5476 14341 5968 5475 14342 6006 5479 14343 6007 5483 14344 5969 5477 14345 5969 5477 14346 6007 5483 14347 6008 5482 14348 5973 5484 14349 5974 5485 14350 6002 5486 14351 6005 5487 14352 5970 5478 14353 5971 5488 14354 6003 5489 14355 6004 5490 14356 5972 5491 14357 5972 5491 14358 6005 5487 14359 5971 5488 14360 6003 5489 14361 5972 5491 14362 5973 5484 14363 6003 5489 14364 5973 5484 14365 6002 5486 14366 6002 5486 14367 5974 5485 14368 5975 5492 14369 6000 5493 14370 5975 5492 14371 5976 5494 14372 5999 5495 14373 5976 5494 14374 5977 5496 14375 5992 5497 14376 5982 5498 14377 5983 5499 14378 5985 5500 14379 5983 5499 14380 5984 5501 14381 5978 5502 14382 5998 5503 14383 5977 5496 14384 5997 5504 14385 5978 5502 14386 5979 5505 14387 5981 5506 14388 5994 5507 14389 5980 5508 14390 5982 5498 14391 5993 5509 14392 5981 5506 14393 6000 5493 14394 5976 5494 14395 5999 5495 14396 5975 5492 14397 6001 5510 14398 6002 5486 14399 6000 5493 14400 6001 5510 14401 5975 5492 14402 5998 5503 14403 5999 5495 14404 5977 5496 14405 5997 5504 14406 5998 5503 14407 5978 5502 14408 6006 5479 14409 5970 5478 14410 6005 5487 14411 6005 5487 14412 5972 5491 14413 6004 5490 14414 5979 5505 14415 5996 5511 14416 5997 5504 14417 5979 5505 14418 5980 5508 14419 5996 5511 14420 5980 5508 14421 5994 5507 14422 5995 5512 14423 5980 5508 14424 5995 5512 14425 5996 5511 14426 5993 5509 14427 5994 5507 14428 5981 5506 14429 5992 5497 14430 5993 5509 14431 5982 5498 14432 5983 5499 14433 5985 5500 14434 5992 5497 14435 6022 5513 14436 6021 5514 14437 6024 5515 14438 6023 5516 14439 6022 5513 14440 6024 5515 14441 6028 5517 14442 6027 5518 14443 6026 5519 14444 6028 5517 14445 6025 5520 14446 6027 5518 14447 6029 5521 14448 6033 5522 14449 6030 5523 14450 6033 5522 14451 6031 5524 14452 6030 5523 14453 6032 5525 14454 6031 5524 14455 6033 5522 14456 6038 5526 14457 6036 5527 14458 6035 5528 14459 6034 5529 14460 6036 5527 14461 6038 5526 14462 6037 5530 14463 6036 5527 14464 6034 5529 14465 6045 5531 14466 6095 5532 14467 6044 5533 14468 6097 5534 14469 6042 5535 14470 6043 5536 14471 6096 5537 14472 6043 5536 14473 6044 5533 14474 6096 5537 14475 6044 5533 14476 6095 5532 14477 6097 5534 14478 6041 5538 14479 6042 5535 14480 6094 5539 14481 6046 5540 14482 6047 5541 14483 6093 5542 14484 6047 5541 14485 6048 5543 14486 6094 5539 14487 6045 5531 14488 6046 5540 14489 6055 5544 14490 6085 5545 14491 6054 5546 14492 6056 5547 14493 6057 5548 14494 6084 5549 14495 6052 5550 14496 6053 5551 14497 6087 5552 14498 6045 5531 14499 6094 5539 14500 6095 5532 14501 6094 5539 14502 6047 5541 14503 6093 5542 14504 6049 5553 14505 6091 5554 14506 6048 5543 14507 6090 5555 14508 6049 5553 14509 6050 5556 14510 6049 5553 14511 6090 5555 14512 6091 5554 14513 6097 5534 14514 6043 5536 14515 6096 5537 14516 6041 5538 14517 6097 5534 14518 6098 5557 14519 6048 5543 14520 6091 5554 14521 6092 5558 14522 6093 5542 14523 6048 5543 14524 6092 5558 14525 6051 5559 14526 6089 5560 14527 6050 5556 14528 6052 5550 14529 6088 5561 14530 6051 5559 14531 6054 5546 14532 6085 5545 14533 6086 5562 14534 6054 5546 14535 6086 5562 14536 6053 5551 14537 6056 5547 14538 6085 5545 14539 6055 5544 14540 6085 5545 14541 6056 5547 14542 6084 5549 14543 6052 5550 14544 6087 5552 14545 6088 5561 14546 6050 5556 14547 6089 5560 14548 6090 5555 14549 6089 5560 14550 6051 5559 14551 6088 5561 14552 6087 5552 14553 6053 5551 14554 6086 5562 14555 6058 5563 14556 6083 5564 14557 6057 5548 14558 6060 5565 14559 6061 5566 14560 6081 5567 14561 6082 5568 14562 6083 5564 14563 6059 5569 14564 6059 5569 14565 6083 5564 14566 6058 5563 14567 6081 5567 14568 6059 5569 14569 6060 5565 14570 6080 5570 14571 6061 5566 14572 6062 5571 14573 6079 5572 14574 6062 5571 14575 6063 5573 14576 6066 5574 14577 6067 5575 14578 6076 5576 14579 6069 5577 14580 6074 5578 14581 6068 5579 14582 6078 5580 14583 6064 5581 14584 6065 5582 14585 6079 5572 14586 6063 5573 14587 6064 5581 14588 6072 5583 14589 6071 5584 14590 6039 5585 14591 6057 5548 14592 6083 5564 14593 6084 5549 14594 6079 5572 14595 6080 5570 14596 6062 5571 14597 6078 5580 14598 6065 5582 14599 6077 5586 14600 6077 5586 14601 6065 5582 14602 6066 5574 14603 6077 5586 14604 6066 5574 14605 6076 5576 14606 6080 5570 14607 6081 5567 14608 6061 5566 14609 6059 5569 14610 6081 5567 14611 6082 5568 14612 6079 5572 14613 6064 5581 14614 6078 5580 14615 6068 5579 14616 6075 5587 14617 6067 5575 14618 6074 5578 14619 6075 5587 14620 6068 5579 14621 6074 5578 14622 6069 5577 14623 6070 5588 14624 6071 5584 14625 6072 5583 14626 6070 5588 14627 6070 5588 14628 6073 5589 14629 6074 5578 14630 6040 5590 14631 6072 5583 14632 6039 5585 14633 6076 5576 14634 6067 5575 14635 6075 5587 14636 6073 5589 14637 6070 5588 14638 6072 5583 14639 6103 5591 14640 6106 5592 14641 6101 5593 14642 6102 5594 14643 6101 5593 14644 6106 5592 14645 6104 5595 14646 6102 5594 14647 6106 5592 14648 6105 5596 14649 6104 5595 14650 6106 5592 14651 6112 5597 14652 6111 5598 14653 6110 5599 14654 6110 5599 14655 6113 5600 14656 6112 5597 14657 6113 5600 14658 6110 5599 14659 6109 5601 14660 6117 5602 14661 6115 5603 14662 6114 5604 14663 6121 5605 14664 6118 5606 14665 6119 5607 14666 6120 5608 14667 6119 5607 14668 6118 5606 14669 6123 5609 14670 6122 5610 14671 6126 5611 14672 6126 5611 14673 6124 5612 14674 6123 5609 14675 6130 5613 14676 6127 5614 14677 6131 5615 14678 6128 5616 14679 6127 5614 14680 6130 5613 14681 6129 5617 14682 6128 5616 14683 6130 5613 14684 6132 5618 14685 6135 5619 14686 6133 5620 14687 6133 5620 14688 6135 5619 14689 6134 5621 14690 6138 5622 14691 6136 5623 14692 6139 5624 14693 6137 5625 14694 6136 5623 14695 6138 5622 14696 6141 5626 14697 6143 5627 14698 6142 5628 14699 6144 5629 14700 6143 5627 14701 6141 5626 14702 6144 5629 14703 6141 5626 14704 6140 5630 14705 6148 5631 14706 6204 5632 14707 6147 5633 14708 6148 5631 14709 6149 5634 14710 6203 5635 14711 6202 5636 14712 6149 5634 14713 6150 5637 14714 6151 5638 14715 6200 5639 14716 6150 5637 14717 6152 5640 14718 6199 5641 14719 6151 5638 14720 6198 5642 14721 6153 5643 14722 6197 5644 14723 6152 5640 14724 6153 5643 14725 6198 5642 14726 6155 5645 14727 6195 5646 14728 6154 5647 14729 6194 5648 14730 6155 5645 14731 6156 5649 14732 6156 5649 14733 6157 5650 14734 6193 5651 14735 6158 5652 14736 6192 5653 14737 6157 5650 14738 6190 5654 14739 6159 5655 14740 6160 5656 14741 6197 5644 14742 6154 5647 14743 6196 5657 14744 6153 5643 14745 6154 5647 14746 6197 5644 14747 6159 5655 14748 6191 5658 14749 6158 5652 14750 6204 5632 14751 6205 5659 14752 6147 5633 14753 6151 5638 14754 6199 5641 14755 6200 5639 14756 6152 5640 14757 6198 5642 14758 6199 5641 14759 6200 5639 14760 6201 5660 14761 6150 5637 14762 6149 5634 14763 6202 5636 14764 6203 5635 14765 6148 5631 14766 6203 5635 14767 6204 5632 14768 6201 5660 14769 6202 5636 14770 6150 5637 14771 6155 5645 14772 6194 5648 14773 6195 5646 14774 6195 5646 14775 6196 5657 14776 6154 5647 14777 6193 5651 14778 6194 5648 14779 6156 5649 14780 6158 5652 14781 6191 5658 14782 6192 5653 14783 6193 5651 14784 6157 5650 14785 6192 5653 14786 6189 5661 14787 6190 5654 14788 6160 5656 14789 6159 5655 14790 6190 5654 14791 6191 5658 14792 6168 5662 14793 6182 5663 14794 6167 5664 14795 6188 5665 14796 6161 5666 14797 6162 5667 14798 6187 5668 14799 6162 5667 14800 6163 5669 14801 6164 5670 14802 6186 5671 14803 6163 5669 14804 6164 5670 14805 6165 5672 14806 6185 5673 14807 6183 5674 14808 6166 5675 14809 6167 5664 14810 6166 5675 14811 6184 5676 14812 6165 5672 14813 6167 5664 14814 6182 5663 14815 6183 5674 14816 6170 5677 14817 6180 5678 14818 6169 5679 14819 6168 5662 14820 6169 5679 14821 6181 5680 14822 6171 5681 14823 6179 5682 14824 6170 5677 14825 6168 5662 14826 6181 5680 14827 6182 5663 14828 6178 5683 14829 6171 5681 14830 6172 5684 14831 6145 5685 14832 6175 5686 14833 6173 5687 14834 6174 5688 14835 6145 5685 14836 6146 5689 14837 6173 5687 14838 6177 5690 14839 6172 5684 14840 6185 5673 14841 6186 5671 14842 6164 5670 14843 6165 5672 14844 6184 5676 14845 6185 5673 14846 6184 5676 14847 6166 5675 14848 6183 5674 14849 6188 5665 14850 6162 5667 14851 6187 5668 14852 6188 5665 14853 6189 5661 14854 6161 5666 14855 6186 5671 14856 6187 5668 14857 6163 5669 14858 6181 5680 14859 6169 5679 14860 6180 5678 14861 6180 5678 14862 6170 5677 14863 6179 5682 14864 6179 5682 14865 6171 5681 14866 6178 5683 14867 6178 5683 14868 6172 5684 14869 6177 5690 14870 6173 5687 14871 6176 5691 14872 6177 5690 14873 6175 5686 14874 6176 5691 14875 6173 5687 14876 6175 5686 14877 6145 5685 14878 6174 5688 14879 6160 5656 14880 6161 5666 14881 6189 5661 14882 6218 5692 14883 6215 5693 14884 6217 5694 14885 6215 5693 14886 6216 5695 14887 6217 5694 14888 6214 5696 14889 6215 5693 14890 6219 5697 14891 6214 5696 14892 6219 5697 14893 6209 5698 14894 6218 5692 14895 6219 5697 14896 6215 5693 14897 6210 5699 14898 6213 5700 14899 6209 5698 14900 6213 5700 14901 6214 5696 14902 6209 5698 14903 6213 5700 14904 6210 5699 14905 6211 5701 14906 6220 5702 14907 6221 5703 14908 6223 5704 14909 6283 5705 14910 6230 5706 14911 6231 5707 14912 6228 5708 14913 6229 5709 14914 6284 5710 14915 6226 5711 14916 6227 5712 14917 6228 5708 14918 6284 5710 14919 6226 5711 14920 6228 5708 14921 6283 5705 14922 6229 5709 14923 6230 5706 14924 6282 5713 14925 6231 5707 14926 6232 5714 14927 6282 5713 14928 6232 5714 14929 6281 5715 14930 6280 5716 14931 6281 5715 14932 6233 5717 14933 6280 5716 14934 6233 5717 14935 6234 5718 14936 6281 5715 14937 6232 5714 14938 6233 5717 14939 6280 5716 14940 6234 5718 14941 6279 5719 14942 6235 5720 14943 6279 5719 14944 6234 5718 14945 6279 5719 14946 6235 5720 14947 6236 5721 14948 6277 5722 14949 6237 5723 14950 6238 5724 14951 6229 5709 14952 6283 5705 14953 6284 5710 14954 6283 5705 14955 6231 5707 14956 6282 5713 14957 6278 5725 14958 6279 5719 14959 6236 5721 14960 6277 5722 14961 6278 5725 14962 6237 5723 14963 6277 5722 14964 6238 5724 14965 6276 5726 14966 6238 5724 14967 6239 5727 14968 6276 5726 14969 6240 5728 14970 6275 5729 14971 6239 5727 14972 6240 5728 14973 6274 5730 14974 6275 5729 14975 6241 5731 14976 6274 5730 14977 6240 5728 14978 6273 5732 14979 6274 5730 14980 6242 5733 14981 6243 5734 14982 6273 5732 14983 6242 5733 14984 6241 5731 14985 6242 5733 14986 6274 5730 14987 6275 5729 14988 6276 5726 14989 6239 5727 14990 6272 5735 14991 6273 5732 14992 6243 5734 14993 6236 5721 14994 6237 5723 14995 6278 5725 14996 6272 5735 14997 6243 5734 14998 6244 5736 14999 6269 5737 15000 6244 5736 15001 6245 5738 15002 6268 5739 15003 6269 5737 15004 6245 5738 15005 6268 5739 15006 6245 5738 15007 6246 5740 15008 6267 5741 15009 6246 5740 15010 6247 5742 15011 6247 5742 15012 6248 5743 15013 6266 5744 15014 6265 5745 15015 6248 5743 15016 6249 5746 15017 6258 5747 15018 6257 5748 15019 6224 5749 15020 6265 5745 15021 6249 5746 15022 6250 5750 15023 6250 5750 15024 6251 5751 15025 6264 5752 15026 6261 5753 15027 6253 5754 15028 6254 5755 15029 6270 5756 15030 6244 5736 15031 6269 5737 15032 6270 5756 15033 6272 5735 15034 6244 5736 15035 6266 5744 15036 6267 5741 15037 6247 5742 15038 6246 5740 15039 6267 5741 15040 6268 5739 15041 6265 5745 15042 6266 5744 15043 6248 5743 15044 6263 5757 15045 6264 5752 15046 6251 5751 15047 6264 5752 15048 6265 5745 15049 6250 5750 15050 6263 5757 15051 6251 5751 15052 6252 5758 15053 6253 5754 15054 6262 5759 15055 6252 5758 15056 6261 5753 15057 6262 5759 15058 6253 5754 15059 6260 5760 15060 6261 5753 15061 6254 5755 15062 6255 5761 15063 6260 5760 15064 6254 5755 15065 6256 5762 15066 6260 5760 15067 6255 5761 15068 6256 5762 15069 6259 5763 15070 6260 5760 15071 6257 5748 15072 6259 5763 15073 6256 5762 15074 6258 5747 15075 6259 5763 15076 6257 5748 15077 6252 5758 15078 6262 5759 15079 6263 5757 15080 6225 5764 15081 6258 5747 15082 6224 5749 15083 6288 5765 15084 6287 5766 15085 6286 5767 15086 6285 5768 15087 6287 5766 15088 6288 5765 15089 6312 5769 15090 6313 5770 15091 6351 5771 15092 6349 5772 15093 6313 5770 15094 6314 5773 15095 6290 5774 15096 6345 5775 15097 6289 5776 15098 6346 5777 15099 6316 5778 15100 6289 5776 15101 6351 5771 15102 6313 5770 15103 6350 5779 15104 6313 5770 15105 6349 5772 15106 6350 5779 15107 6348 5780 15108 6349 5772 15109 6314 5773 15110 6314 5773 15111 6315 5781 15112 6348 5780 15113 6316 5778 15114 6346 5777 15115 6347 5782 15116 6344 5783 15117 6345 5775 15118 6290 5774 15119 6344 5783 15120 6290 5774 15121 6343 5784 15122 6316 5778 15123 6347 5782 15124 6315 5781 15125 6293 5785 15126 6341 5786 15127 6292 5787 15128 6295 5788 15129 6296 5789 15130 6336 5790 15131 6342 5791 15132 6291 5792 15133 6292 5787 15134 6341 5786 15135 6293 5785 15136 6340 5793 15137 6341 5786 15138 6342 5791 15139 6292 5787 15140 6335 5794 15141 6296 5789 15142 6297 5795 15143 6334 5796 15144 6297 5795 15145 6298 5797 15146 6339 5798 15147 6293 5785 15148 6294 5799 15149 6290 5774 15150 6291 5792 15151 6343 5784 15152 6342 5791 15153 6343 5784 15154 6291 5792 15155 6345 5775 15156 6346 5777 15157 6289 5776 15158 6315 5781 15159 6347 5782 15160 6348 5780 15161 6293 5785 15162 6339 5798 15163 6340 5793 15164 6294 5799 15165 6338 5800 15166 6339 5798 15167 6295 5788 15168 6338 5800 15169 6294 5799 15170 6295 5788 15171 6337 5801 15172 6338 5800 15173 6295 5788 15174 6336 5790 15175 6337 5801 15176 6297 5795 15177 6334 5796 15178 6335 5794 15179 6335 5794 15180 6336 5790 15181 6296 5789 15182 6333 5802 15183 6334 5796 15184 6298 5797 15185 6299 5803 15186 6333 5802 15187 6298 5797 15188 6332 5804 15189 6299 5803 15190 6300 5805 15191 6301 5806 15192 6331 5807 15193 6300 5805 15194 6328 5808 15195 6303 5809 15196 6304 5810 15197 6301 5806 15198 6330 5811 15199 6331 5807 15200 6299 5803 15201 6332 5804 15202 6333 5802 15203 6332 5804 15204 6300 5805 15205 6331 5807 15206 6330 5811 15207 6301 5806 15208 6302 5812 15209 6307 5813 15210 6321 5814 15211 6318 5815 15212 6325 5816 15213 6305 5817 15214 6306 5818 15215 6317 5819 15216 6318 5815 15217 6323 5820 15218 6320 5821 15219 6308 5822 15220 6309 5823 15221 6319 5824 15222 6309 5823 15223 6310 5825 15224 6308 5822 15225 6321 5814 15226 6307 5813 15227 6317 5819 15228 6324 5826 15229 6306 5818 15230 6303 5809 15231 6328 5808 15232 6329 5827 15233 6329 5827 15234 6302 5812 15235 6303 5809 15236 6327 5828 15237 6328 5808 15238 6304 5810 15239 6305 5817 15240 6327 5828 15241 6304 5810 15242 6305 5817 15243 6325 5816 15244 6326 5829 15245 6305 5817 15246 6326 5829 15247 6327 5828 15248 6302 5812 15249 6329 5827 15250 6330 5811 15251 6324 5826 15252 6325 5816 15253 6306 5818 15254 6322 5830 15255 6323 5820 15256 6318 5815 15257 6323 5820 15258 6324 5826 15259 6317 5819 15260 6309 5823 15261 6319 5824 15262 6320 5821 15263 6311 5831 15264 6319 5824 15265 6310 5825 15266 6321 5814 15267 6322 5830 15268 6318 5815 15269 6308 5822 15270 6320 5821 15271 6321 5814 15272 6353 5832 15273 6352 5833 15274 6355 5834 15275 6354 5835 15276 6353 5832 15277 6355 5834 15278 6357 5836 15279 6356 5837 15280 6359 5838 15281 6356 5837 15282 6360 5839 15283 6359 5838 15284 6359 5838 15285 6358 5840 15286 6357 5836 15287 6364 5841 15288 6363 5842 15289 6362 5843 15290 6367 5844 15291 6366 5845 15292 6369 5846 15293 6368 5847 15294 6367 5844 15295 6369 5846 15296 6365 5848 15297 6368 5847 15298 6369 5846 15299 6428 5849 15300 6372 5850 15301 6373 5851 15302 6428 5849 15303 6373 5851 15304 6427 5852 15305 6427 5852 15306 6373 5851 15307 6374 5853 15308 6374 5853 15309 6375 5854 15310 6426 5855 15311 6376 5856 15312 6425 5857 15313 6375 5854 15314 6424 5858 15315 6377 5859 15316 6423 5860 15317 6424 5858 15318 6376 5856 15319 6377 5859 15320 6422 5861 15321 6378 5862 15322 6379 5863 15323 6382 5864 15324 6420 5865 15325 6381 5866 15326 6385 5867 15327 6417 5868 15328 6384 5869 15329 6429 5870 15330 6372 5850 15331 6428 5849 15332 6427 5852 15333 6374 5853 15334 6426 5855 15335 6380 5871 15336 6421 5872 15337 6379 5863 15338 6379 5863 15339 6421 5872 15340 6422 5861 15341 6377 5859 15342 6378 5862 15343 6423 5860 15344 6375 5854 15345 6425 5857 15346 6426 5855 15347 6423 5860 15348 6378 5862 15349 6422 5861 15350 6376 5856 15351 6424 5858 15352 6425 5857 15353 6381 5866 15354 6420 5865 15355 6380 5871 15356 6383 5873 15357 6419 5874 15358 6382 5864 15359 6382 5864 15360 6419 5874 15361 6420 5865 15362 6384 5869 15363 6418 5875 15364 6383 5873 15365 6419 5874 15366 6383 5873 15367 6418 5875 15368 6386 5876 15369 6416 5877 15370 6385 5867 15371 6387 5878 15372 6415 5879 15373 6386 5876 15374 6385 5867 15375 6416 5877 15376 6417 5868 15377 6417 5868 15378 6418 5875 15379 6384 5869 15380 6386 5876 15381 6415 5879 15382 6416 5877 15383 6414 5880 15384 6415 5879 15385 6387 5878 15386 6421 5872 15387 6380 5871 15388 6420 5865 15389 6388 5881 15390 6414 5880 15391 6387 5878 15392 6413 5882 15393 6388 5881 15394 6389 5883 15395 6390 5884 15396 6413 5882 15397 6389 5883 15398 6391 5885 15399 6392 5886 15400 6411 5887 15401 6412 5888 15402 6390 5884 15403 6391 5885 15404 6411 5887 15405 6412 5888 15406 6391 5885 15407 6410 5889 15408 6392 5886 15409 6393 5890 15410 6409 5891 15411 6393 5890 15412 6394 5892 15413 6399 5893 15414 6404 5894 15415 6398 5895 15416 6394 5892 15417 6395 5896 15418 6408 5897 15419 6407 5898 15420 6395 5896 15421 6396 5899 15422 6401 5900 15423 6370 5901 15424 6371 5902 15425 6414 5880 15426 6388 5881 15427 6413 5882 15428 6413 5882 15429 6390 5884 15430 6412 5888 15431 6406 5903 15432 6407 5898 15433 6396 5899 15434 6408 5897 15435 6395 5896 15436 6407 5898 15437 6392 5886 15438 6410 5889 15439 6411 5887 15440 6410 5889 15441 6393 5890 15442 6409 5891 15443 6408 5897 15444 6409 5891 15445 6394 5892 15446 6406 5903 15447 6397 5904 15448 6405 5905 15449 6398 5895 15450 6405 5905 15451 6397 5904 15452 6398 5895 15453 6404 5894 15454 6405 5905 15455 6400 5906 15456 6403 5907 15457 6404 5894 15458 6399 5893 15459 6400 5906 15460 6404 5894 15461 6400 5906 15462 6401 5900 15463 6403 5907 15464 6371 5902 15465 6402 5908 15466 6401 5900 15467 6403 5907 15468 6401 5900 15469 6402 5908 15470 6406 5903 15471 6396 5899 15472 6397 5904 15473 6435 5909 15474 6433 5910 15475 6436 5911 15476 6437 5912 15477 6436 5911 15478 6433 5910 15479 6445 5913 15480 6444 5914 15481 6442 5915 15482 6443 5916 15483 6442 5915 15484 6444 5914 15485 6442 5915 15486 6441 5917 15487 6445 5913 15488 6441 5917 15489 6440 5918 15490 6445 5913 15491 6447 5919 15492 6446 5920 15493 6450 5921 15494 6450 5921 15495 6448 5922 15496 6447 5919 15497 6448 5922 15498 6450 5921 15499 6449 5923 15500 6454 5924 15501 6452 5925 15502 6451 5926 15503 6453 5927 15504 6452 5925 15505 6454 5924 15506 6456 5928 15507 6455 5929 15508 6458 5930 15509 6457 5931 15510 6456 5928 15511 6458 5930 15512 6460 5932 15513 6459 5933 15514 6462 5934 15515 6460 5932 15516 6462 5934 15517 6461 5935 15518 6464 5936 15519 6463 5937 15520 6466 5938 15521 6463 5937 15522 6467 5939 15523 6466 5938 15524 6466 5938 15525 6465 5940 15526 6464 5936 15527 6472 5941 15528 6471 5941 15529 6473 5942 15530 6476 5943 15531 6475 5944 15532 6474 5945 15533 6476 5943 15534 6474 5945 15535 6477 5946 15536 3563 3198 15900 3570 3197 15901 3564 6026 15902 3569 3199 15903 3570 3197 15904 3568 3196 15905 3567 3201 15906 3569 3199 15907 3565 3200 15908 3573 3206 15909 3577 3209 15910 3574 3207 15911 3579 3208 15912 3576 3211 15913 3577 3209 15914 3605 6027 15915 3611 3232 15916 3604 3234 15917 3606 3237 15918 3610 3235 15919 3607 6028 15920 3613 6029 15921 3619 3238 15922 3612 3240 15923 3616 3239 15924 3619 3238 15925 3618 3241 15926 3618 3241 15927 3615 3243 15928 3617 3242 15929 3719 3334 15930 3723 6030 15931 3714 3335 15932 3719 3334 15933 3716 3338 15934 3723 6030 15935 3720 3339 15936 3717 6031 15937 3721 3341 15938 3718 6032 15939 3721 3341 15940 3717 6031 15941 3722 3340 15942 3716 3338 15943 3715 3337 15944 3731 3342 15945 3730 3344 15946 3725 6033 15947 3724 6034 15948 3731 3342 15949 3725 6033 15950 3732 3345 15951 3729 3347 15952 3726 3343 15953 3728 6035 15954 3729 3347 15955 3727 3348 15956 5778 6036 15957 5780 6037 15958 5779 6037 15959</p>
        </triangles>
      </mesh>
    </geometry>
  </library_geometries>
  <library_visual_scenes>
    <visual_scene id="场景" name="场景">
      <node id="tmp_export_转换实体1_003" name="tmp_export_转换实体1.003" type="NODE">
        <matrix sid="transform">1 0 0 0 0 1 0 0 0 0 1 0 0 0 0 1</matrix>
        <instance_geometry url="#转换实体1_003-mesh" name="tmp_export_转换实体1.003">
          <bind_material>
            <technique_common>
              <instance_material symbol="金属_005-material" target="#金属_005-material">
                <bind_vertex_input semantic="RhinoUVMap" input_semantic="TEXCOORD" input_set="0"/>
              </instance_material>
              <instance_material symbol="法兰盘_009-material" target="#法兰盘_009-material">
                <bind_vertex_input semantic="RhinoUVMap" input_semantic="TEXCOORD" input_set="0"/>
              </instance_material>
              <instance_material symbol="法兰盘_008-material" target="#法兰盘_008-material">
                <bind_vertex_input semantic="RhinoUVMap" input_semantic="TEXCOORD" input_set="0"/>
              </instance_material>
            </technique_common>
          </bind_material>
        </instance_geometry>
      </node>
    </visual_scene>
  </library_visual_scenes>
  <scene>
    <instance_visual_scene url="#场景"/>
  </scene>
</COLLADA>